occupation_code,skill_code,source_id,source_record_id,requirement_type,required_level,minimum_level,importance_weight,evidence_required,verification_status,review_status,reviewed_by,reviewed_at,review_notes,taxonomy_version
CPX-OCC-PPM-007,CPX-SKL-AUTO-0F91113D,esco,http://data.europa.eu/esco/occupation/03b2f112-a891-461d-a8d4-effb9dcf2df6:http://data.europa.eu/esco/skill/1007aa13-9f18-4bcf-96f3-e108c40baf69:optional,desirable,3,,0.5,true,source_mapped,not_reviewed,,,,2026.1
CPX-OCC-PPM-007,CPX-SKL-AUTO-3A91AE7D,esco,http://data.europa.eu/esco/occupation/03b2f112-a891-461d-a8d4-effb9dcf2df6:http://data.europa.eu/esco/skill/233be639-bdb5-4099-ab40-96d537d6c1f3:essential,essential,3,,0.5,true,source_mapped,not_reviewed,,,,2026.1
CPX-OCC-PPM-007,CPX-SKL-AUTO-BC270433,esco,http://data.europa.eu/esco/occupation/03b2f112-a891-461d-a8d4-effb9dcf2df6:http://data.europa.eu/esco/skill/334e3e49-fb02-4051-809a-f06adfdc1c40:optional,desirable,3,,0.5,true,source_mapped,not_reviewed,,,,2026.1
CPX-OCC-PPM-007,CPX-SKL-AUTO-7A776DDF,esco,http://data.europa.eu/esco/occupation/03b2f112-a891-461d-a8d4-effb9dcf2df6:http://data.europa.eu/esco/skill/351e3f8f-4631-412d-963f-25b5fd4efe48:essential,essential,3,,0.5,true,source_mapped,not_reviewed,,,,2026.1
CPX-OCC-PPM-007,CPX-SKL-AUTO-129F0440,esco,http://data.europa.eu/esco/occupation/03b2f112-a891-461d-a8d4-effb9dcf2df6:http://data.europa.eu/esco/skill/35bca3d6-c1ae-48ff-9ae3-a11cea578c2c:essential,essential,3,,0.5,true,source_mapped,not_reviewed,,,,2026.1
CPX-OCC-PPM-007,CPX-SKL-AUTO-67BD8C74,esco,http://data.europa.eu/esco/occupation/03b2f112-a891-461d-a8d4-effb9dcf2df6:http://data.europa.eu/esco/skill/3c333552-8d89-43f5-90bd-856e15bec433:optional,desirable,3,,0.5,true,source_mapped,not_reviewed,,,,2026.1
CPX-OCC-PPM-007,CPX-SKL-AUTO-02BEABBF,esco,http://data.europa.eu/esco/occupation/03b2f112-a891-461d-a8d4-effb9dcf2df6:http://data.europa.eu/esco/skill/4064716d-6714-48ea-95a0-ef81c2b31672:essential,essential,3,,0.5,true,source_mapped,not_reviewed,,,,2026.1
CPX-OCC-PPM-007,CPX-SKL-AUTO-3951517D,esco,http://data.europa.eu/esco/occupation/03b2f112-a891-461d-a8d4-effb9dcf2df6:http://data.europa.eu/esco/skill/4339176e-3acd-4f7f-a5d9-445bee3d23f2:optional,desirable,3,,0.5,true,source_mapped,not_reviewed,,,,2026.1
CPX-OCC-PPM-007,CPX-SKL-AUTO-102FFBEC,esco,http://data.europa.eu/esco/occupation/03b2f112-a891-461d-a8d4-effb9dcf2df6:http://data.europa.eu/esco/skill/445b65c5-5b16-4f66-94ce-f2a7f49f9ee7:optional,desirable,3,,0.5,true,source_mapped,not_reviewed,,,,2026.1
CPX-OCC-PPM-007,CPX-SKL-AUTO-6A63FF77,esco,http://data.europa.eu/esco/occupation/03b2f112-a891-461d-a8d4-effb9dcf2df6:http://data.europa.eu/esco/skill/5eeac647-dc4b-496d-b109-c90b58006021:essential,essential,3,,0.5,true,source_mapped,not_reviewed,,,,2026.1
CPX-OCC-PPM-007,CPX-SKL-AUTO-40628FD9,esco,http://data.europa.eu/esco/occupation/03b2f112-a891-461d-a8d4-effb9dcf2df6:http://data.europa.eu/esco/skill/72a74f69-5cf1-43c5-99b9-62a444578919:optional,desirable,3,,0.5,true,source_mapped,not_reviewed,,,,2026.1
CPX-OCC-PPM-007,CPX-SKL-AUTO-DA579DE3,esco,http://data.europa.eu/esco/occupation/03b2f112-a891-461d-a8d4-effb9dcf2df6:http://data.europa.eu/esco/skill/8bdd25f8-4b6e-40fe-a2cf-c1badc594114:essential,essential,3,,0.5,true,source_mapped,not_reviewed,,,,2026.1
CPX-OCC-PPM-007,CPX-SKL-AUTO-80041166,esco,http://data.europa.eu/esco/occupation/03b2f112-a891-461d-a8d4-effb9dcf2df6:http://data.europa.eu/esco/skill/941364b9-1375-4add-9889-d67bae99bc8c:essential,essential,3,,0.5,true,source_mapped,not_reviewed,,,,2026.1
CPX-OCC-PPM-007,CPX-SKL-AUTO-247ADC43,esco,http://data.europa.eu/esco/occupation/03b2f112-a891-461d-a8d4-effb9dcf2df6:http://data.europa.eu/esco/skill/99fc129e-360c-4174-9553-5c666a64a395:essential,essential,3,,0.5,true,source_mapped,not_reviewed,,,,2026.1
CPX-OCC-PPM-007,CPX-SKL-AUTO-D5CBD41C,esco,http://data.europa.eu/esco/occupation/03b2f112-a891-461d-a8d4-effb9dcf2df6:http://data.europa.eu/esco/skill/9c071f1d-eac3-449d-b004-c14775b5a3b9:essential,essential,3,,0.5,true,source_mapped,not_reviewed,,,,2026.1
CPX-OCC-PPM-007,CPX-SKL-AUTO-0BB8877C,esco,http://data.europa.eu/esco/occupation/03b2f112-a891-461d-a8d4-effb9dcf2df6:http://data.europa.eu/esco/skill/9ebae336-b0dc-4711-9aef-0aeb3504ba63:optional,desirable,3,,0.5,true,source_mapped,not_reviewed,,,,2026.1
CPX-OCC-PPM-007,CPX-SKL-AUTO-54DD00B8,esco,http://data.europa.eu/esco/occupation/03b2f112-a891-461d-a8d4-effb9dcf2df6:http://data.europa.eu/esco/skill/b9f16465-56a9-426b-a047-0f9f1f95ec92:optional,desirable,3,,0.5,true,source_mapped,not_reviewed,,,,2026.1
CPX-OCC-PPM-007,CPX-SKL-AUTO-B96852D1,esco,http://data.europa.eu/esco/occupation/03b2f112-a891-461d-a8d4-effb9dcf2df6:http://data.europa.eu/esco/skill/c8ac1986-38fa-43b2-89dc-50a4beeb420e:optional,desirable,3,,0.5,true,source_mapped,not_reviewed,,,,2026.1
CPX-OCC-PPM-007,CPX-SKL-AUTO-60BCDAD0,esco,http://data.europa.eu/esco/occupation/03b2f112-a891-461d-a8d4-effb9dcf2df6:http://data.europa.eu/esco/skill/cfbde1b6-8e47-4b83-b430-3d5f7f38d69a:optional,desirable,3,,0.5,true,source_mapped,not_reviewed,,,,2026.1
CPX-OCC-PPM-007,CPX-SKL-AUTO-B6796883,esco,http://data.europa.eu/esco/occupation/03b2f112-a891-461d-a8d4-effb9dcf2df6:http://data.europa.eu/esco/skill/d0f2f8a7-d935-4a6d-8e54-dcc3e5e2cbeb:optional,desirable,3,,0.5,true,source_mapped,not_reviewed,,,,2026.1
CPX-OCC-PPM-007,CPX-SKL-AUTO-32E86F8F,esco,http://data.europa.eu/esco/occupation/03b2f112-a891-461d-a8d4-effb9dcf2df6:http://data.europa.eu/esco/skill/d4acc9e9-5302-4c55-8869-7c1882887690:optional,desirable,3,,0.5,true,source_mapped,not_reviewed,,,,2026.1
CPX-OCC-PPM-007,CPX-SKL-AUTO-6DD71513,esco,http://data.europa.eu/esco/occupation/03b2f112-a891-461d-a8d4-effb9dcf2df6:http://data.europa.eu/esco/skill/ed1d2fed-92c4-47d6-9d6d-34d501c55572:essential,essential,3,,0.5,true,source_mapped,not_reviewed,,,,2026.1
CPX-OCC-PPM-007,CPX-SKL-AUTO-E7948D2D,esco,http://data.europa.eu/esco/occupation/03b2f112-a891-461d-a8d4-effb9dcf2df6:http://data.europa.eu/esco/skill/efa141df-f382-418f-9121-bd88fd735669:essential,essential,3,,0.5,true,source_mapped,not_reviewed,,,,2026.1
CPX-OCC-ENG-018,CPX-SKL-AUTO-1F9A12CD,esco,http://data.europa.eu/esco/occupation/0552ff45-b282-455c-b431-fb05a0e00801:http://data.europa.eu/esco/skill/089ee650-297e-4716-87d1-440743b70a0d:essential,essential,3,,0.5,true,source_mapped,not_reviewed,,,,2026.1
CPX-OCC-ENG-018,CPX-SKL-AUTO-D515D9E5,esco,http://data.europa.eu/esco/occupation/0552ff45-b282-455c-b431-fb05a0e00801:http://data.europa.eu/esco/skill/2239694b-771a-4586-8b54-2794e361a9ae:optional,desirable,3,,0.5,true,source_mapped,not_reviewed,,,,2026.1
CPX-OCC-ENG-018,CPX-SKL-AUTO-6EB75794,esco,http://data.europa.eu/esco/occupation/0552ff45-b282-455c-b431-fb05a0e00801:http://data.europa.eu/esco/skill/339ac029-066a-4985-9f9d-b3d7c8fea0bb:optional,desirable,3,,0.5,true,source_mapped,not_reviewed,,,,2026.1
CPX-OCC-ENG-018,CPX-SKL-AUTO-67BD8C74,esco,http://data.europa.eu/esco/occupation/0552ff45-b282-455c-b431-fb05a0e00801:http://data.europa.eu/esco/skill/3c333552-8d89-43f5-90bd-856e15bec433:optional,desirable,3,,0.5,true,source_mapped,not_reviewed,,,,2026.1
CPX-OCC-ENG-018,CPX-SKL-AUTO-AAB80125,esco,http://data.europa.eu/esco/occupation/0552ff45-b282-455c-b431-fb05a0e00801:http://data.europa.eu/esco/skill/496932f1-0b6b-4f73-9432-d95c7ddcd43b:optional,desirable,3,,0.5,true,source_mapped,not_reviewed,,,,2026.1
CPX-OCC-ENG-018,CPX-SKL-AUTO-237DB4BB,esco,http://data.europa.eu/esco/occupation/0552ff45-b282-455c-b431-fb05a0e00801:http://data.europa.eu/esco/skill/692ace70-7f97-4214-92bd-88f7637d8a44:optional,desirable,3,,0.5,true,source_mapped,not_reviewed,,,,2026.1
CPX-OCC-ENG-018,CPX-SKL-AUTO-40628FD9,esco,http://data.europa.eu/esco/occupation/0552ff45-b282-455c-b431-fb05a0e00801:http://data.europa.eu/esco/skill/72a74f69-5cf1-43c5-99b9-62a444578919:essential,essential,3,,0.5,true,source_mapped,not_reviewed,,,,2026.1
CPX-OCC-ENG-018,CPX-SKL-AUTO-CDF01952,esco,http://data.europa.eu/esco/occupation/0552ff45-b282-455c-b431-fb05a0e00801:http://data.europa.eu/esco/skill/7d35602d-bc94-4975-aa7c-f4e8e05ce8e0:essential,essential,3,,0.5,true,source_mapped,not_reviewed,,,,2026.1
CPX-OCC-ENG-018,CPX-SKL-AUTO-8695F01D,esco,http://data.europa.eu/esco/occupation/0552ff45-b282-455c-b431-fb05a0e00801:http://data.europa.eu/esco/skill/8d4271ca-c9fd-40b3-875f-15f78332a49e:optional,desirable,3,,0.5,true,source_mapped,not_reviewed,,,,2026.1
CPX-OCC-ENG-018,CPX-SKL-AUTO-94114C07,esco,http://data.europa.eu/esco/occupation/0552ff45-b282-455c-b431-fb05a0e00801:http://data.europa.eu/esco/skill/f5f5b244-6cea-4fbc-8a50-8f712791bc09:essential,essential,3,,0.5,true,source_mapped,not_reviewed,,,,2026.1
CPX-OCC-BOP-001,CPX-SKL-AUTO-1F9A12CD,esco,http://data.europa.eu/esco/occupation/0633ec3f-91f1-4038-bc29-e0ec4cd7f1e9:http://data.europa.eu/esco/skill/089ee650-297e-4716-87d1-440743b70a0d:essential,essential,3,,0.5,true,source_mapped,not_reviewed,,,,2026.1
CPX-OCC-BOP-001,CPX-SKL-AUTO-0F91113D,esco,http://data.europa.eu/esco/occupation/0633ec3f-91f1-4038-bc29-e0ec4cd7f1e9:http://data.europa.eu/esco/skill/1007aa13-9f18-4bcf-96f3-e108c40baf69:essential,essential,3,,0.5,true,source_mapped,not_reviewed,,,,2026.1
CPX-OCC-BOP-001,CPX-SKL-AUTO-3A91AE7D,esco,http://data.europa.eu/esco/occupation/0633ec3f-91f1-4038-bc29-e0ec4cd7f1e9:http://data.europa.eu/esco/skill/233be639-bdb5-4099-ab40-96d537d6c1f3:essential,essential,3,,0.5,true,source_mapped,not_reviewed,,,,2026.1
CPX-OCC-BOP-001,CPX-SKL-AUTO-6EB75794,esco,http://data.europa.eu/esco/occupation/0633ec3f-91f1-4038-bc29-e0ec4cd7f1e9:http://data.europa.eu/esco/skill/339ac029-066a-4985-9f9d-b3d7c8fea0bb:essential,essential,3,,0.5,true,source_mapped,not_reviewed,,,,2026.1
CPX-OCC-BOP-001,CPX-SKL-AUTO-1D4E2E34,esco,http://data.europa.eu/esco/occupation/0633ec3f-91f1-4038-bc29-e0ec4cd7f1e9:http://data.europa.eu/esco/skill/3e40c7d0-0e36-4b33-bc33-0aa87eda0561:optional,desirable,3,,0.5,true,source_mapped,not_reviewed,,,,2026.1
CPX-OCC-BOP-001,CPX-SKL-AUTO-102FFBEC,esco,http://data.europa.eu/esco/occupation/0633ec3f-91f1-4038-bc29-e0ec4cd7f1e9:http://data.europa.eu/esco/skill/445b65c5-5b16-4f66-94ce-f2a7f49f9ee7:essential,essential,3,,0.5,true,source_mapped,not_reviewed,,,,2026.1
CPX-OCC-BOP-001,CPX-SKL-AUTO-DA579DE3,esco,http://data.europa.eu/esco/occupation/0633ec3f-91f1-4038-bc29-e0ec4cd7f1e9:http://data.europa.eu/esco/skill/8bdd25f8-4b6e-40fe-a2cf-c1badc594114:optional,desirable,3,,0.5,true,source_mapped,not_reviewed,,,,2026.1
CPX-OCC-BOP-001,CPX-SKL-AUTO-87CE8557,esco,http://data.europa.eu/esco/occupation/0633ec3f-91f1-4038-bc29-e0ec4cd7f1e9:http://data.europa.eu/esco/skill/9601b2a8-68e4-4906-9306-a23679b8f0b0:optional,desirable,3,,0.5,true,source_mapped,not_reviewed,,,,2026.1
CPX-OCC-BOP-001,CPX-SKL-AUTO-247ADC43,esco,http://data.europa.eu/esco/occupation/0633ec3f-91f1-4038-bc29-e0ec4cd7f1e9:http://data.europa.eu/esco/skill/99fc129e-360c-4174-9553-5c666a64a395:essential,essential,3,,0.5,true,source_mapped,not_reviewed,,,,2026.1
CPX-OCC-BOP-001,CPX-SKL-AUTO-D5CBD41C,esco,http://data.europa.eu/esco/occupation/0633ec3f-91f1-4038-bc29-e0ec4cd7f1e9:http://data.europa.eu/esco/skill/9c071f1d-eac3-449d-b004-c14775b5a3b9:optional,desirable,3,,0.5,true,source_mapped,not_reviewed,,,,2026.1
CPX-OCC-BOP-001,CPX-SKL-AUTO-54DD00B8,esco,http://data.europa.eu/esco/occupation/0633ec3f-91f1-4038-bc29-e0ec4cd7f1e9:http://data.europa.eu/esco/skill/b9f16465-56a9-426b-a047-0f9f1f95ec92:essential,essential,3,,0.5,true,source_mapped,not_reviewed,,,,2026.1
CPX-OCC-BOP-001,CPX-SKL-AUTO-B6796883,esco,http://data.europa.eu/esco/occupation/0633ec3f-91f1-4038-bc29-e0ec4cd7f1e9:http://data.europa.eu/esco/skill/d0f2f8a7-d935-4a6d-8e54-dcc3e5e2cbeb:essential,essential,3,,0.5,true,source_mapped,not_reviewed,,,,2026.1
CPX-OCC-BOP-001,CPX-SKL-AUTO-533A5BCA,esco,http://data.europa.eu/esco/occupation/0633ec3f-91f1-4038-bc29-e0ec4cd7f1e9:http://data.europa.eu/esco/skill/d73cb129-b385-4776-8303-f3f926b2e481:essential,essential,3,,0.5,true,source_mapped,not_reviewed,,,,2026.1
CPX-OCC-BOP-001,CPX-SKL-AUTO-E7948D2D,esco,http://data.europa.eu/esco/occupation/0633ec3f-91f1-4038-bc29-e0ec4cd7f1e9:http://data.europa.eu/esco/skill/efa141df-f382-418f-9121-bd88fd735669:optional,desirable,3,,0.5,true,source_mapped,not_reviewed,,,,2026.1
CPX-OCC-CBE-001,CPX-SKL-AUTO-8A8352EA,esco,http://data.europa.eu/esco/occupation/0dd7e6cd-2e5a-4fae-9ce0-6a3622d4019f:http://data.europa.eu/esco/skill/01c03003-516d-43c6-8477-45c472413521:optional,desirable,3,,0.5,true,source_mapped,not_reviewed,,,,2026.1
CPX-OCC-CBE-001,CPX-SKL-AUTO-8C38C854,esco,http://data.europa.eu/esco/occupation/0dd7e6cd-2e5a-4fae-9ce0-6a3622d4019f:http://data.europa.eu/esco/skill/2839f191-cd94-49a9-ac16-46018066b8b2:optional,desirable,3,,0.5,true,source_mapped,not_reviewed,,,,2026.1
CPX-OCC-CBE-001,CPX-SKL-AUTO-3DE722C1,esco,http://data.europa.eu/esco/occupation/0dd7e6cd-2e5a-4fae-9ce0-6a3622d4019f:http://data.europa.eu/esco/skill/3892f2ff-714e-4201-823d-5d6fc5bab621:essential,essential,3,,0.5,true,source_mapped,not_reviewed,,,,2026.1
CPX-OCC-CBE-001,CPX-SKL-AUTO-772726C6,esco,http://data.europa.eu/esco/occupation/0dd7e6cd-2e5a-4fae-9ce0-6a3622d4019f:http://data.europa.eu/esco/skill/44e2c4c4-9fd2-42d4-a133-d81360ded4bc:essential,essential,3,,0.5,true,source_mapped,not_reviewed,,,,2026.1
CPX-OCC-CBE-001,CPX-SKL-AUTO-AAB80125,esco,http://data.europa.eu/esco/occupation/0dd7e6cd-2e5a-4fae-9ce0-6a3622d4019f:http://data.europa.eu/esco/skill/496932f1-0b6b-4f73-9432-d95c7ddcd43b:optional,desirable,3,,0.5,true,source_mapped,not_reviewed,,,,2026.1
CPX-OCC-CBE-001,CPX-SKL-AUTO-7D48A604,esco,http://data.europa.eu/esco/occupation/0dd7e6cd-2e5a-4fae-9ce0-6a3622d4019f:http://data.europa.eu/esco/skill/4e09e2d2-e317-47d2-bf5e-1d6c66be3efc:optional,desirable,3,,0.5,true,source_mapped,not_reviewed,,,,2026.1
CPX-OCC-CBE-001,CPX-SKL-AUTO-09B61CE4,esco,http://data.europa.eu/esco/occupation/0dd7e6cd-2e5a-4fae-9ce0-6a3622d4019f:http://data.europa.eu/esco/skill/4fa2d6ba-4fff-4f21-bddd-4a54ae840955:essential,essential,3,,0.5,true,source_mapped,not_reviewed,,,,2026.1
CPX-OCC-CBE-001,CPX-SKL-AUTO-AFC6ADF5,esco,http://data.europa.eu/esco/occupation/0dd7e6cd-2e5a-4fae-9ce0-6a3622d4019f:http://data.europa.eu/esco/skill/50f2d23c-b3fb-48a5-967b-14fd0a6dd205:essential,essential,3,,0.5,true,source_mapped,not_reviewed,,,,2026.1
CPX-OCC-CBE-001,CPX-SKL-AUTO-114ACB44,esco,http://data.europa.eu/esco/occupation/0dd7e6cd-2e5a-4fae-9ce0-6a3622d4019f:http://data.europa.eu/esco/skill/5518db9d-4a2f-4b53-9068-4d0d61465bf4:optional,desirable,3,,0.5,true,source_mapped,not_reviewed,,,,2026.1
CPX-OCC-CBE-001,CPX-SKL-AUTO-3F2E058C,esco,http://data.europa.eu/esco/occupation/0dd7e6cd-2e5a-4fae-9ce0-6a3622d4019f:http://data.europa.eu/esco/skill/6181f475-110c-497c-a46d-ed2e14e7bc90:essential,essential,3,,0.5,true,source_mapped,not_reviewed,,,,2026.1
CPX-OCC-CBE-001,CPX-SKL-AUTO-CDF01952,esco,http://data.europa.eu/esco/occupation/0dd7e6cd-2e5a-4fae-9ce0-6a3622d4019f:http://data.europa.eu/esco/skill/7d35602d-bc94-4975-aa7c-f4e8e05ce8e0:optional,desirable,3,,0.5,true,source_mapped,not_reviewed,,,,2026.1
CPX-OCC-CBE-001,CPX-SKL-AUTO-352E7A5E,esco,http://data.europa.eu/esco/occupation/0dd7e6cd-2e5a-4fae-9ce0-6a3622d4019f:http://data.europa.eu/esco/skill/81d274bc-6dbf-4003-bcba-f76478d5d930:optional,desirable,3,,0.5,true,source_mapped,not_reviewed,,,,2026.1
CPX-OCC-CBE-001,CPX-SKL-AUTO-8C73E38B,esco,http://data.europa.eu/esco/occupation/0dd7e6cd-2e5a-4fae-9ce0-6a3622d4019f:http://data.europa.eu/esco/skill/86df7af2-f9f3-4c06-a500-7f1fba9e78fe:essential,essential,3,,0.5,true,source_mapped,not_reviewed,,,,2026.1
CPX-OCC-CBE-001,CPX-SKL-AUTO-87CE8557,esco,http://data.europa.eu/esco/occupation/0dd7e6cd-2e5a-4fae-9ce0-6a3622d4019f:http://data.europa.eu/esco/skill/9601b2a8-68e4-4906-9306-a23679b8f0b0:essential,essential,3,,0.5,true,source_mapped,not_reviewed,,,,2026.1
CPX-OCC-CBE-001,CPX-SKL-AUTO-056270FE,esco,http://data.europa.eu/esco/occupation/0dd7e6cd-2e5a-4fae-9ce0-6a3622d4019f:http://data.europa.eu/esco/skill/a3e0224a-c952-4b4e-b664-d7186f62715b:essential,essential,3,,0.5,true,source_mapped,not_reviewed,,,,2026.1
CPX-OCC-CBE-001,CPX-SKL-AUTO-6FF47E3E,esco,http://data.europa.eu/esco/occupation/0dd7e6cd-2e5a-4fae-9ce0-6a3622d4019f:http://data.europa.eu/esco/skill/be7c80ee-0b7a-455c-8928-055cfa65076c:essential,essential,3,,0.5,true,source_mapped,not_reviewed,,,,2026.1
CPX-OCC-CBE-001,CPX-SKL-AUTO-F2885F17,esco,http://data.europa.eu/esco/occupation/0dd7e6cd-2e5a-4fae-9ce0-6a3622d4019f:http://data.europa.eu/esco/skill/c643e59b-d74c-4f44-b76e-6e1d96c05ec4:essential,essential,3,,0.5,true,source_mapped,not_reviewed,,,,2026.1
CPX-OCC-CBE-001,CPX-SKL-AUTO-F85A3FDE,esco,http://data.europa.eu/esco/occupation/0dd7e6cd-2e5a-4fae-9ce0-6a3622d4019f:http://data.europa.eu/esco/skill/c842be42-81b3-40f2-904c-ea8790ac88bd:optional,desirable,3,,0.5,true,source_mapped,not_reviewed,,,,2026.1
CPX-OCC-CBE-001,CPX-SKL-AUTO-FF41219D,esco,http://data.europa.eu/esco/occupation/0dd7e6cd-2e5a-4fae-9ce0-6a3622d4019f:http://data.europa.eu/esco/skill/ccfbdaad-b91d-4bfe-bd0e-d30b33587f19:essential,essential,3,,0.5,true,source_mapped,not_reviewed,,,,2026.1
CPX-OCC-CBE-001,CPX-SKL-AUTO-DA0A87CC,esco,http://data.europa.eu/esco/occupation/0dd7e6cd-2e5a-4fae-9ce0-6a3622d4019f:http://data.europa.eu/esco/skill/d74df140-eb69-43e2-bac9-1cafc824d702:essential,essential,3,,0.5,true,source_mapped,not_reviewed,,,,2026.1
CPX-OCC-CBE-001,CPX-SKL-AUTO-183D026F,esco,http://data.europa.eu/esco/occupation/0dd7e6cd-2e5a-4fae-9ce0-6a3622d4019f:http://data.europa.eu/esco/skill/e54ff029-1ce9-447d-a5b2-eb7283a23e6e:optional,desirable,3,,0.5,true,source_mapped,not_reviewed,,,,2026.1
CPX-OCC-CBE-001,CPX-SKL-AUTO-65B537DC,esco,http://data.europa.eu/esco/occupation/0dd7e6cd-2e5a-4fae-9ce0-6a3622d4019f:http://data.europa.eu/esco/skill/f14ff4b7-be1e-4b55-b39b-520005f8a97e:essential,essential,3,,0.5,true,source_mapped,not_reviewed,,,,2026.1
CPX-OCC-ENE-002,CPX-SKL-AUTO-E13154B7,esco,http://data.europa.eu/esco/occupation/0e99c929-364f-4b0a-8a64-2aab42420f00:http://data.europa.eu/esco/skill/05e5e14f-ffa6-4106-b311-c6335ccc2bd2:essential,essential,3,,0.5,true,source_mapped,not_reviewed,,,,2026.1
CPX-OCC-ENE-002,CPX-SKL-AUTO-F7DA1A32,esco,http://data.europa.eu/esco/occupation/0e99c929-364f-4b0a-8a64-2aab42420f00:http://data.europa.eu/esco/skill/071c7f1d-f659-4b96-a222-b21012297f3b:optional,desirable,3,,0.5,true,source_mapped,not_reviewed,,,,2026.1
CPX-OCC-ENE-002,CPX-SKL-AUTO-63D33878,esco,http://data.europa.eu/esco/occupation/0e99c929-364f-4b0a-8a64-2aab42420f00:http://data.europa.eu/esco/skill/1a6c7e0d-fc13-41d7-a5c0-8ca00606de89:essential,essential,3,,0.5,true,source_mapped,not_reviewed,,,,2026.1
CPX-OCC-ENE-002,CPX-SKL-AUTO-0279C024,esco,http://data.europa.eu/esco/occupation/0e99c929-364f-4b0a-8a64-2aab42420f00:http://data.europa.eu/esco/skill/209a5498-3449-4689-8ed9-bd08cab4fd78:optional,desirable,3,,0.5,true,source_mapped,not_reviewed,,,,2026.1
CPX-OCC-ENE-002,CPX-SKL-AUTO-3A91AE7D,esco,http://data.europa.eu/esco/occupation/0e99c929-364f-4b0a-8a64-2aab42420f00:http://data.europa.eu/esco/skill/233be639-bdb5-4099-ab40-96d537d6c1f3:essential,essential,3,,0.5,true,source_mapped,not_reviewed,,,,2026.1
CPX-OCC-ENE-002,CPX-SKL-AUTO-A176B1E7,esco,http://data.europa.eu/esco/occupation/0e99c929-364f-4b0a-8a64-2aab42420f00:http://data.europa.eu/esco/skill/29bfe2cd-f011-4f94-a3aa-f77768e60460:optional,desirable,3,,0.5,true,source_mapped,not_reviewed,,,,2026.1
CPX-OCC-ENE-002,CPX-SKL-AUTO-BC270433,esco,http://data.europa.eu/esco/occupation/0e99c929-364f-4b0a-8a64-2aab42420f00:http://data.europa.eu/esco/skill/334e3e49-fb02-4051-809a-f06adfdc1c40:optional,desirable,3,,0.5,true,source_mapped,not_reviewed,,,,2026.1
CPX-OCC-ENE-002,CPX-SKL-AUTO-1D4E2E34,esco,http://data.europa.eu/esco/occupation/0e99c929-364f-4b0a-8a64-2aab42420f00:http://data.europa.eu/esco/skill/3e40c7d0-0e36-4b33-bc33-0aa87eda0561:essential,essential,3,,0.5,true,source_mapped,not_reviewed,,,,2026.1
CPX-OCC-ENE-002,CPX-SKL-AUTO-6F647F1B,esco,http://data.europa.eu/esco/occupation/0e99c929-364f-4b0a-8a64-2aab42420f00:http://data.europa.eu/esco/skill/42b23922-1c40-4dbe-9e0c-7a568dfdf06b:essential,essential,3,,0.5,true,source_mapped,not_reviewed,,,,2026.1
CPX-OCC-ENE-002,CPX-SKL-AUTO-1A411F9F,esco,http://data.europa.eu/esco/occupation/0e99c929-364f-4b0a-8a64-2aab42420f00:http://data.europa.eu/esco/skill/4cecff40-8e5c-4320-a87d-be8687008dbf:optional,desirable,3,,0.5,true,source_mapped,not_reviewed,,,,2026.1
CPX-OCC-ENE-002,CPX-SKL-AUTO-7D48A604,esco,http://data.europa.eu/esco/occupation/0e99c929-364f-4b0a-8a64-2aab42420f00:http://data.europa.eu/esco/skill/4e09e2d2-e317-47d2-bf5e-1d6c66be3efc:optional,desirable,3,,0.5,true,source_mapped,not_reviewed,,,,2026.1
CPX-OCC-ENE-002,CPX-SKL-AUTO-B7A8AF32,esco,http://data.europa.eu/esco/occupation/0e99c929-364f-4b0a-8a64-2aab42420f00:http://data.europa.eu/esco/skill/4fabca9a-7435-4f33-b1da-3cdb00340fdc:essential,essential,3,,0.5,true,source_mapped,not_reviewed,,,,2026.1
CPX-OCC-ENE-002,CPX-SKL-AUTO-0FBF48C0,esco,http://data.europa.eu/esco/occupation/0e99c929-364f-4b0a-8a64-2aab42420f00:http://data.europa.eu/esco/skill/541561bc-510c-4a99-881c-2d8bf5a85462:essential,essential,3,,0.5,true,source_mapped,not_reviewed,,,,2026.1
CPX-OCC-ENE-002,CPX-SKL-AUTO-47B76213,esco,http://data.europa.eu/esco/occupation/0e99c929-364f-4b0a-8a64-2aab42420f00:http://data.europa.eu/esco/skill/561c2525-5bd8-4d86-8f45-820f4be7db93:optional,desirable,3,,0.5,true,source_mapped,not_reviewed,,,,2026.1
CPX-OCC-ENE-002,CPX-SKL-AUTO-E470E871,esco,http://data.europa.eu/esco/occupation/0e99c929-364f-4b0a-8a64-2aab42420f00:http://data.europa.eu/esco/skill/59ea80e1-463a-4dba-82c6-d0b6d577d532:essential,essential,3,,0.5,true,source_mapped,not_reviewed,,,,2026.1
CPX-OCC-ENE-002,CPX-SKL-AUTO-BAE16BC2,esco,http://data.europa.eu/esco/occupation/0e99c929-364f-4b0a-8a64-2aab42420f00:http://data.europa.eu/esco/skill/5d34adde-0b78-42b4-9d3d-69e9388d8398:optional,desirable,3,,0.5,true,source_mapped,not_reviewed,,,,2026.1
CPX-OCC-ENE-002,CPX-SKL-AUTO-AD5134A1,esco,http://data.europa.eu/esco/occupation/0e99c929-364f-4b0a-8a64-2aab42420f00:http://data.europa.eu/esco/skill/6360d655-3494-45f6-bfc6-d5f63afc355b:optional,desirable,3,,0.5,true,source_mapped,not_reviewed,,,,2026.1
CPX-OCC-ENE-002,CPX-SKL-AUTO-AA73F5E5,esco,http://data.europa.eu/esco/occupation/0e99c929-364f-4b0a-8a64-2aab42420f00:http://data.europa.eu/esco/skill/658b6ea0-79f5-451d-a037-7593a4416c85:optional,desirable,3,,0.5,true,source_mapped,not_reviewed,,,,2026.1
CPX-OCC-ENE-002,CPX-SKL-AUTO-FB03F0F4,esco,http://data.europa.eu/esco/occupation/0e99c929-364f-4b0a-8a64-2aab42420f00:http://data.europa.eu/esco/skill/6a899482-8bcf-40ca-ae67-579a1cc467ab:essential,essential,3,,0.5,true,source_mapped,not_reviewed,,,,2026.1
CPX-OCC-ENE-002,CPX-SKL-AUTO-40628FD9,esco,http://data.europa.eu/esco/occupation/0e99c929-364f-4b0a-8a64-2aab42420f00:http://data.europa.eu/esco/skill/72a74f69-5cf1-43c5-99b9-62a444578919:essential,essential,3,,0.5,true,source_mapped,not_reviewed,,,,2026.1
CPX-OCC-ENE-002,CPX-SKL-AUTO-22EDA541,esco,http://data.europa.eu/esco/occupation/0e99c929-364f-4b0a-8a64-2aab42420f00:http://data.europa.eu/esco/skill/76415d7f-0fde-4364-b45f-5c044580d2aa:optional,desirable,3,,0.5,true,source_mapped,not_reviewed,,,,2026.1
CPX-OCC-ENE-002,CPX-SKL-AUTO-546EEF69,esco,http://data.europa.eu/esco/occupation/0e99c929-364f-4b0a-8a64-2aab42420f00:http://data.europa.eu/esco/skill/7ff9cce1-6518-48db-8f59-2beb81508fb2:essential,essential,3,,0.5,true,source_mapped,not_reviewed,,,,2026.1
CPX-OCC-ENE-002,CPX-SKL-AUTO-FDD48A42,esco,http://data.europa.eu/esco/occupation/0e99c929-364f-4b0a-8a64-2aab42420f00:http://data.europa.eu/esco/skill/82887396-e5bf-4306-af51-3fe8d82790b2:essential,essential,3,,0.5,true,source_mapped,not_reviewed,,,,2026.1
CPX-OCC-ENE-002,CPX-SKL-AUTO-AC35A950,esco,http://data.europa.eu/esco/occupation/0e99c929-364f-4b0a-8a64-2aab42420f00:http://data.europa.eu/esco/skill/86ff9a65-66eb-4c8f-93d8-22e0a467fc08:optional,desirable,3,,0.5,true,source_mapped,not_reviewed,,,,2026.1
CPX-OCC-ENE-002,CPX-SKL-AUTO-1E0AAC08,esco,http://data.europa.eu/esco/occupation/0e99c929-364f-4b0a-8a64-2aab42420f00:http://data.europa.eu/esco/skill/87b1c959-236d-4761-b3be-b1c729497f75:essential,essential,3,,0.5,true,source_mapped,not_reviewed,,,,2026.1
CPX-OCC-ENE-002,CPX-SKL-AUTO-79886E47,esco,http://data.europa.eu/esco/occupation/0e99c929-364f-4b0a-8a64-2aab42420f00:http://data.europa.eu/esco/skill/885808f7-f42b-406e-95f2-28efcd45ddda:essential,essential,3,,0.5,true,source_mapped,not_reviewed,,,,2026.1
CPX-OCC-ENE-002,CPX-SKL-AUTO-F6FC5E79,esco,http://data.europa.eu/esco/occupation/0e99c929-364f-4b0a-8a64-2aab42420f00:http://data.europa.eu/esco/skill/8bc1c7da-c832-4896-a441-30d087c46aad:optional,desirable,3,,0.5,true,source_mapped,not_reviewed,,,,2026.1
CPX-OCC-ENE-002,CPX-SKL-AUTO-3E5ACE59,esco,http://data.europa.eu/esco/occupation/0e99c929-364f-4b0a-8a64-2aab42420f00:http://data.europa.eu/esco/skill/96d901a6-c931-4e8d-b685-a47e1deaaa1b:optional,desirable,3,,0.5,true,source_mapped,not_reviewed,,,,2026.1
CPX-OCC-ENE-002,CPX-SKL-AUTO-247ADC43,esco,http://data.europa.eu/esco/occupation/0e99c929-364f-4b0a-8a64-2aab42420f00:http://data.europa.eu/esco/skill/99fc129e-360c-4174-9553-5c666a64a395:optional,desirable,3,,0.5,true,source_mapped,not_reviewed,,,,2026.1
CPX-OCC-ENE-002,CPX-SKL-AUTO-D5CBD41C,esco,http://data.europa.eu/esco/occupation/0e99c929-364f-4b0a-8a64-2aab42420f00:http://data.europa.eu/esco/skill/9c071f1d-eac3-449d-b004-c14775b5a3b9:essential,essential,3,,0.5,true,source_mapped,not_reviewed,,,,2026.1
CPX-OCC-ENE-002,CPX-SKL-AUTO-9751A58B,esco,http://data.europa.eu/esco/occupation/0e99c929-364f-4b0a-8a64-2aab42420f00:http://data.europa.eu/esco/skill/b1b118c4-3291-484e-b64d-6d51fd5da8b3:essential,essential,3,,0.5,true,source_mapped,not_reviewed,,,,2026.1
CPX-OCC-ENE-002,CPX-SKL-AUTO-FC24CEEA,esco,http://data.europa.eu/esco/occupation/0e99c929-364f-4b0a-8a64-2aab42420f00:http://data.europa.eu/esco/skill/b2235ce8-d0f0-4954-9b60-e2c1aeeadab5:optional,desirable,3,,0.5,true,source_mapped,not_reviewed,,,,2026.1
CPX-OCC-ENE-002,CPX-SKL-AUTO-052B962E,esco,http://data.europa.eu/esco/occupation/0e99c929-364f-4b0a-8a64-2aab42420f00:http://data.europa.eu/esco/skill/b34e2ba1-9080-48c9-9b42-ee9192a4d3f1:essential,essential,3,,0.5,true,source_mapped,not_reviewed,,,,2026.1
CPX-OCC-ENE-002,CPX-SKL-AUTO-7E23F03D,esco,http://data.europa.eu/esco/occupation/0e99c929-364f-4b0a-8a64-2aab42420f00:http://data.europa.eu/esco/skill/c49eb4a4-7b5f-44e6-b346-7153879ac86b:essential,essential,3,,0.5,true,source_mapped,not_reviewed,,,,2026.1
CPX-OCC-ENE-002,CPX-SKL-AUTO-68F157A3,esco,http://data.europa.eu/esco/occupation/0e99c929-364f-4b0a-8a64-2aab42420f00:http://data.europa.eu/esco/skill/c8c18b8d-a813-49f8-a702-689564dcf8b2:optional,desirable,3,,0.5,true,source_mapped,not_reviewed,,,,2026.1
CPX-OCC-ENE-002,CPX-SKL-AUTO-8C767E60,esco,http://data.europa.eu/esco/occupation/0e99c929-364f-4b0a-8a64-2aab42420f00:http://data.europa.eu/esco/skill/cd5efa8c-e44d-4cbc-91c6-796018dbed68:essential,essential,3,,0.5,true,source_mapped,not_reviewed,,,,2026.1
CPX-OCC-ENE-002,CPX-SKL-AUTO-AEBD6FC6,esco,http://data.europa.eu/esco/occupation/0e99c929-364f-4b0a-8a64-2aab42420f00:http://data.europa.eu/esco/skill/ce4990a4-bf69-4f5f-becb-e4fd96da3a74:essential,essential,3,,0.5,true,source_mapped,not_reviewed,,,,2026.1
CPX-OCC-ENE-002,CPX-SKL-AUTO-253B51AB,esco,http://data.europa.eu/esco/occupation/0e99c929-364f-4b0a-8a64-2aab42420f00:http://data.europa.eu/esco/skill/dd6e5939-d19b-4e2f-a025-2014f0a2ec88:essential,essential,3,,0.5,true,source_mapped,not_reviewed,,,,2026.1
CPX-OCC-ENE-002,CPX-SKL-AUTO-0E1D5981,esco,http://data.europa.eu/esco/occupation/0e99c929-364f-4b0a-8a64-2aab42420f00:http://data.europa.eu/esco/skill/f191c306-f0eb-4cb8-82fb-3331adbbc6f1:essential,essential,3,,0.5,true,source_mapped,not_reviewed,,,,2026.1
CPX-OCC-ENE-002,CPX-SKL-AUTO-D82A5A70,esco,http://data.europa.eu/esco/occupation/0e99c929-364f-4b0a-8a64-2aab42420f00:http://data.europa.eu/esco/skill/f54c10e4-630d-4e50-95e9-4e9e268e8f12:essential,essential,3,,0.5,true,source_mapped,not_reviewed,,,,2026.1
CPX-OCC-ENE-002,CPX-SKL-AUTO-9A57A331,esco,http://data.europa.eu/esco/occupation/0e99c929-364f-4b0a-8a64-2aab42420f00:http://data.europa.eu/esco/skill/f8413360-6114-40de-a276-c59b764b9913:essential,essential,3,,0.5,true,source_mapped,not_reviewed,,,,2026.1
CPX-OCC-PPM-004,CPX-SKL-AUTO-8D0D91A2,esco,http://data.europa.eu/esco/occupation/0ecedad1-1144-45ff-83db-a3c4db393036:http://data.europa.eu/esco/skill/2a2fa8e8-aaf3-4abf-a60b-af6415f1c6d4:essential,essential,3,,0.5,true,source_mapped,not_reviewed,,,,2026.1
CPX-OCC-PPM-004,CPX-SKL-AUTO-9E5100F6,esco,http://data.europa.eu/esco/occupation/0ecedad1-1144-45ff-83db-a3c4db393036:http://data.europa.eu/esco/skill/bb663409-5c88-4e3a-bc16-01aa1c8ce171:essential,essential,3,,0.5,true,source_mapped,not_reviewed,,,,2026.1
CPX-OCC-PPM-004,CPX-SKL-AUTO-AF950849,esco,http://data.europa.eu/esco/occupation/0ecedad1-1144-45ff-83db-a3c4db393036:http://data.europa.eu/esco/skill/c32ad607-0c4d-4e34-b73f-668298f7bf13:optional,desirable,3,,0.5,true,source_mapped,not_reviewed,,,,2026.1
CPX-OCC-PPM-004,CPX-SKL-AUTO-E66D8FAF,esco,http://data.europa.eu/esco/occupation/0ecedad1-1144-45ff-83db-a3c4db393036:http://data.europa.eu/esco/skill/e95058a6-e139-42e7-a470-72038a606649:essential,essential,3,,0.5,true,source_mapped,not_reviewed,,,,2026.1
CPX-OCC-PPM-004,CPX-SKL-AUTO-65B537DC,esco,http://data.europa.eu/esco/occupation/0ecedad1-1144-45ff-83db-a3c4db393036:http://data.europa.eu/esco/skill/f14ff4b7-be1e-4b55-b39b-520005f8a97e:essential,essential,3,,0.5,true,source_mapped,not_reviewed,,,,2026.1
CPX-OCC-PPM-004,CPX-SKL-AUTO-94114C07,esco,http://data.europa.eu/esco/occupation/0ecedad1-1144-45ff-83db-a3c4db393036:http://data.europa.eu/esco/skill/f5f5b244-6cea-4fbc-8a50-8f712791bc09:essential,essential,3,,0.5,true,source_mapped,not_reviewed,,,,2026.1
CPX-OCC-ENG-004,CPX-SKL-AUTO-8A8352EA,esco,http://data.europa.eu/esco/occupation/1bdb7d70-1769-4338-aa90-d25a90fe8a6d:http://data.europa.eu/esco/skill/01c03003-516d-43c6-8477-45c472413521:optional,desirable,3,,0.5,true,source_mapped,not_reviewed,,,,2026.1
CPX-OCC-ENG-004,CPX-SKL-AUTO-95187A22,esco,http://data.europa.eu/esco/occupation/1bdb7d70-1769-4338-aa90-d25a90fe8a6d:http://data.europa.eu/esco/skill/0562cd60-cd92-47c3-bc63-30a55c5ca4fe:optional,desirable,3,,0.5,true,source_mapped,not_reviewed,,,,2026.1
CPX-OCC-ENG-004,CPX-SKL-AUTO-4F463D91,esco,http://data.europa.eu/esco/occupation/1bdb7d70-1769-4338-aa90-d25a90fe8a6d:http://data.europa.eu/esco/skill/16a3d876-e330-4648-b03f-5f8d7e18ee17:optional,desirable,3,,0.5,true,source_mapped,not_reviewed,,,,2026.1
CPX-OCC-ENG-004,CPX-SKL-AUTO-30BB5DE6,esco,http://data.europa.eu/esco/occupation/1bdb7d70-1769-4338-aa90-d25a90fe8a6d:http://data.europa.eu/esco/skill/1de548e0-9535-4d2e-9d20-d4474c1ea813:optional,desirable,3,,0.5,true,source_mapped,not_reviewed,,,,2026.1
CPX-OCC-ENG-004,CPX-SKL-AUTO-0279C024,esco,http://data.europa.eu/esco/occupation/1bdb7d70-1769-4338-aa90-d25a90fe8a6d:http://data.europa.eu/esco/skill/209a5498-3449-4689-8ed9-bd08cab4fd78:essential,essential,3,,0.5,true,source_mapped,not_reviewed,,,,2026.1
CPX-OCC-ENG-004,CPX-SKL-AUTO-3A91AE7D,esco,http://data.europa.eu/esco/occupation/1bdb7d70-1769-4338-aa90-d25a90fe8a6d:http://data.europa.eu/esco/skill/233be639-bdb5-4099-ab40-96d537d6c1f3:essential,essential,3,,0.5,true,source_mapped,not_reviewed,,,,2026.1
CPX-OCC-ENG-004,CPX-SKL-AUTO-129F0440,esco,http://data.europa.eu/esco/occupation/1bdb7d70-1769-4338-aa90-d25a90fe8a6d:http://data.europa.eu/esco/skill/35bca3d6-c1ae-48ff-9ae3-a11cea578c2c:optional,desirable,3,,0.5,true,source_mapped,not_reviewed,,,,2026.1
CPX-OCC-ENG-004,CPX-SKL-AUTO-085F11EF,esco,http://data.europa.eu/esco/occupation/1bdb7d70-1769-4338-aa90-d25a90fe8a6d:http://data.europa.eu/esco/skill/377861af-f966-4c87-a2db-7e99904312b9:essential,essential,3,,0.5,true,source_mapped,not_reviewed,,,,2026.1
CPX-OCC-ENG-004,CPX-SKL-AUTO-C74C4BF1,esco,http://data.europa.eu/esco/occupation/1bdb7d70-1769-4338-aa90-d25a90fe8a6d:http://data.europa.eu/esco/skill/39e71107-3aa9-41a0-809c-edea477c968f:optional,desirable,3,,0.5,true,source_mapped,not_reviewed,,,,2026.1
CPX-OCC-ENG-004,CPX-SKL-AUTO-3303E435,esco,http://data.europa.eu/esco/occupation/1bdb7d70-1769-4338-aa90-d25a90fe8a6d:http://data.europa.eu/esco/skill/3b64ab47-a874-403a-b781-7b23c2fc3c6c:essential,essential,3,,0.5,true,source_mapped,not_reviewed,,,,2026.1
CPX-OCC-ENG-004,CPX-SKL-AUTO-6F647F1B,esco,http://data.europa.eu/esco/occupation/1bdb7d70-1769-4338-aa90-d25a90fe8a6d:http://data.europa.eu/esco/skill/42b23922-1c40-4dbe-9e0c-7a568dfdf06b:essential,essential,3,,0.5,true,source_mapped,not_reviewed,,,,2026.1
CPX-OCC-ENG-004,CPX-SKL-AUTO-7FEEC36F,esco,http://data.europa.eu/esco/occupation/1bdb7d70-1769-4338-aa90-d25a90fe8a6d:http://data.europa.eu/esco/skill/440f64e5-e66c-45ee-bc29-53c14a2ad720:optional,desirable,3,,0.5,true,source_mapped,not_reviewed,,,,2026.1
CPX-OCC-ENG-004,CPX-SKL-AUTO-35D32999,esco,http://data.europa.eu/esco/occupation/1bdb7d70-1769-4338-aa90-d25a90fe8a6d:http://data.europa.eu/esco/skill/4bbb309f-9162-49b9-93da-fb2c371e5c5f:optional,desirable,3,,0.5,true,source_mapped,not_reviewed,,,,2026.1
CPX-OCC-ENG-004,CPX-SKL-AUTO-B7A8AF32,esco,http://data.europa.eu/esco/occupation/1bdb7d70-1769-4338-aa90-d25a90fe8a6d:http://data.europa.eu/esco/skill/4fabca9a-7435-4f33-b1da-3cdb00340fdc:essential,essential,3,,0.5,true,source_mapped,not_reviewed,,,,2026.1
CPX-OCC-ENG-004,CPX-SKL-AUTO-0FBF48C0,esco,http://data.europa.eu/esco/occupation/1bdb7d70-1769-4338-aa90-d25a90fe8a6d:http://data.europa.eu/esco/skill/541561bc-510c-4a99-881c-2d8bf5a85462:essential,essential,3,,0.5,true,source_mapped,not_reviewed,,,,2026.1
CPX-OCC-ENG-004,CPX-SKL-AUTO-E470E871,esco,http://data.europa.eu/esco/occupation/1bdb7d70-1769-4338-aa90-d25a90fe8a6d:http://data.europa.eu/esco/skill/59ea80e1-463a-4dba-82c6-d0b6d577d532:essential,essential,3,,0.5,true,source_mapped,not_reviewed,,,,2026.1
CPX-OCC-ENG-004,CPX-SKL-AUTO-FE58BCFF,esco,http://data.europa.eu/esco/occupation/1bdb7d70-1769-4338-aa90-d25a90fe8a6d:http://data.europa.eu/esco/skill/5b776f2d-cac1-437e-badd-9871876209a5:optional,desirable,3,,0.5,true,source_mapped,not_reviewed,,,,2026.1
CPX-OCC-ENG-004,CPX-SKL-AUTO-FAA6CE4C,esco,http://data.europa.eu/esco/occupation/1bdb7d70-1769-4338-aa90-d25a90fe8a6d:http://data.europa.eu/esco/skill/6f5850ea-5785-4e2c-b062-743066fd5bdb:essential,essential,3,,0.5,true,source_mapped,not_reviewed,,,,2026.1
CPX-OCC-ENG-004,CPX-SKL-AUTO-40628FD9,esco,http://data.europa.eu/esco/occupation/1bdb7d70-1769-4338-aa90-d25a90fe8a6d:http://data.europa.eu/esco/skill/72a74f69-5cf1-43c5-99b9-62a444578919:essential,essential,3,,0.5,true,source_mapped,not_reviewed,,,,2026.1
CPX-OCC-ENG-004,CPX-SKL-AUTO-F0F40460,esco,http://data.europa.eu/esco/occupation/1bdb7d70-1769-4338-aa90-d25a90fe8a6d:http://data.europa.eu/esco/skill/73777be0-65f2-48b6-a9a7-50066ee521bd:optional,desirable,3,,0.5,true,source_mapped,not_reviewed,,,,2026.1
CPX-OCC-ENG-004,CPX-SKL-AUTO-CD2BF6FC,esco,http://data.europa.eu/esco/occupation/1bdb7d70-1769-4338-aa90-d25a90fe8a6d:http://data.europa.eu/esco/skill/75ffb6d4-0b48-4471-b3c9-731b01ee1b47:essential,essential,3,,0.5,true,source_mapped,not_reviewed,,,,2026.1
CPX-OCC-ENG-004,CPX-SKL-AUTO-4E97DFD7,esco,http://data.europa.eu/esco/occupation/1bdb7d70-1769-4338-aa90-d25a90fe8a6d:http://data.europa.eu/esco/skill/7c3a172a-4c14-4a32-b4d7-bfc9913f9e25:optional,desirable,3,,0.5,true,source_mapped,not_reviewed,,,,2026.1
CPX-OCC-ENG-004,CPX-SKL-AUTO-352E7A5E,esco,http://data.europa.eu/esco/occupation/1bdb7d70-1769-4338-aa90-d25a90fe8a6d:http://data.europa.eu/esco/skill/81d274bc-6dbf-4003-bcba-f76478d5d930:optional,desirable,3,,0.5,true,source_mapped,not_reviewed,,,,2026.1
CPX-OCC-ENG-004,CPX-SKL-AUTO-FDD48A42,esco,http://data.europa.eu/esco/occupation/1bdb7d70-1769-4338-aa90-d25a90fe8a6d:http://data.europa.eu/esco/skill/82887396-e5bf-4306-af51-3fe8d82790b2:essential,essential,3,,0.5,true,source_mapped,not_reviewed,,,,2026.1
CPX-OCC-ENG-004,CPX-SKL-AUTO-13E424E6,esco,http://data.europa.eu/esco/occupation/1bdb7d70-1769-4338-aa90-d25a90fe8a6d:http://data.europa.eu/esco/skill/82fc3feb-752b-4d49-803d-c08a717917aa:optional,desirable,3,,0.5,true,source_mapped,not_reviewed,,,,2026.1
CPX-OCC-ENG-004,CPX-SKL-AUTO-DA579DE3,esco,http://data.europa.eu/esco/occupation/1bdb7d70-1769-4338-aa90-d25a90fe8a6d:http://data.europa.eu/esco/skill/8bdd25f8-4b6e-40fe-a2cf-c1badc594114:essential,essential,3,,0.5,true,source_mapped,not_reviewed,,,,2026.1
CPX-OCC-ENG-004,CPX-SKL-AUTO-DC815371,esco,http://data.europa.eu/esco/occupation/1bdb7d70-1769-4338-aa90-d25a90fe8a6d:http://data.europa.eu/esco/skill/91a6da8d-24dc-4453-9821-de305864677c:optional,desirable,3,,0.5,true,source_mapped,not_reviewed,,,,2026.1
CPX-OCC-ENG-004,CPX-SKL-AUTO-526A2907,esco,http://data.europa.eu/esco/occupation/1bdb7d70-1769-4338-aa90-d25a90fe8a6d:http://data.europa.eu/esco/skill/9295d1c5-8d7d-423e-a6ce-dfbc1d991f88:optional,desirable,3,,0.5,true,source_mapped,not_reviewed,,,,2026.1
CPX-OCC-ENG-004,CPX-SKL-AUTO-052B962E,esco,http://data.europa.eu/esco/occupation/1bdb7d70-1769-4338-aa90-d25a90fe8a6d:http://data.europa.eu/esco/skill/b34e2ba1-9080-48c9-9b42-ee9192a4d3f1:optional,desirable,3,,0.5,true,source_mapped,not_reviewed,,,,2026.1
CPX-OCC-ENG-004,CPX-SKL-AUTO-2A9D11E5,esco,http://data.europa.eu/esco/occupation/1bdb7d70-1769-4338-aa90-d25a90fe8a6d:http://data.europa.eu/esco/skill/b5a1fc87-c9f2-41f4-a1ae-28e023715592:essential,essential,3,,0.5,true,source_mapped,not_reviewed,,,,2026.1
CPX-OCC-ENG-004,CPX-SKL-AUTO-9B041FBA,esco,http://data.europa.eu/esco/occupation/1bdb7d70-1769-4338-aa90-d25a90fe8a6d:http://data.europa.eu/esco/skill/b64b9863-5ed3-49c7-8fd3-5324fabeda5d:optional,desirable,3,,0.5,true,source_mapped,not_reviewed,,,,2026.1
CPX-OCC-ENG-004,CPX-SKL-AUTO-9FA443C7,esco,http://data.europa.eu/esco/occupation/1bdb7d70-1769-4338-aa90-d25a90fe8a6d:http://data.europa.eu/esco/skill/bc54eee1-a858-4f80-afdc-0442a617ef50:optional,desirable,3,,0.5,true,source_mapped,not_reviewed,,,,2026.1
CPX-OCC-ENG-004,CPX-SKL-AUTO-AEBD6FC6,esco,http://data.europa.eu/esco/occupation/1bdb7d70-1769-4338-aa90-d25a90fe8a6d:http://data.europa.eu/esco/skill/ce4990a4-bf69-4f5f-becb-e4fd96da3a74:essential,essential,3,,0.5,true,source_mapped,not_reviewed,,,,2026.1
CPX-OCC-ENG-004,CPX-SKL-AUTO-DA0A87CC,esco,http://data.europa.eu/esco/occupation/1bdb7d70-1769-4338-aa90-d25a90fe8a6d:http://data.europa.eu/esco/skill/d74df140-eb69-43e2-bac9-1cafc824d702:essential,essential,3,,0.5,true,source_mapped,not_reviewed,,,,2026.1
CPX-OCC-ENG-004,CPX-SKL-AUTO-553DFEE6,esco,http://data.europa.eu/esco/occupation/1bdb7d70-1769-4338-aa90-d25a90fe8a6d:http://data.europa.eu/esco/skill/e02faa7a-9277-4340-aeda-e35bf138320e:optional,desirable,3,,0.5,true,source_mapped,not_reviewed,,,,2026.1
CPX-OCC-ENG-004,CPX-SKL-AUTO-E5A934CA,esco,http://data.europa.eu/esco/occupation/1bdb7d70-1769-4338-aa90-d25a90fe8a6d:http://data.europa.eu/esco/skill/e541c69c-ea80-4b17-87cb-4001d0b9d303:essential,essential,3,,0.5,true,source_mapped,not_reviewed,,,,2026.1
CPX-OCC-ENG-004,CPX-SKL-AUTO-E66D8FAF,esco,http://data.europa.eu/esco/occupation/1bdb7d70-1769-4338-aa90-d25a90fe8a6d:http://data.europa.eu/esco/skill/e95058a6-e139-42e7-a470-72038a606649:optional,desirable,3,,0.5,true,source_mapped,not_reviewed,,,,2026.1
CPX-OCC-ENG-004,CPX-SKL-AUTO-6DD71513,esco,http://data.europa.eu/esco/occupation/1bdb7d70-1769-4338-aa90-d25a90fe8a6d:http://data.europa.eu/esco/skill/ed1d2fed-92c4-47d6-9d6d-34d501c55572:optional,desirable,3,,0.5,true,source_mapped,not_reviewed,,,,2026.1
CPX-OCC-ENG-004,CPX-SKL-AUTO-D82A5A70,esco,http://data.europa.eu/esco/occupation/1bdb7d70-1769-4338-aa90-d25a90fe8a6d:http://data.europa.eu/esco/skill/f54c10e4-630d-4e50-95e9-4e9e268e8f12:essential,essential,3,,0.5,true,source_mapped,not_reviewed,,,,2026.1
CPX-OCC-ENG-004,CPX-SKL-AUTO-38CDFCC2,esco,http://data.europa.eu/esco/occupation/1bdb7d70-1769-4338-aa90-d25a90fe8a6d:http://data.europa.eu/esco/skill/f82b05a7-128b-4a72-a815-044ff6062f62:optional,desirable,3,,0.5,true,source_mapped,not_reviewed,,,,2026.1
CPX-OCC-ENG-004,CPX-SKL-AUTO-FC872E3D,esco,http://data.europa.eu/esco/occupation/1bdb7d70-1769-4338-aa90-d25a90fe8a6d:http://data.europa.eu/esco/skill/faa8e4f3-40fd-4fb7-bf3e-fb8eb639fb33:optional,desirable,3,,0.5,true,source_mapped,not_reviewed,,,,2026.1
CPX-OCC-ENG-012,CPX-SKL-AUTO-E13154B7,esco,http://data.europa.eu/esco/occupation/1ff61522-8947-4c95-b589-cb0e0539a62b:http://data.europa.eu/esco/skill/05e5e14f-ffa6-4106-b311-c6335ccc2bd2:essential,essential,3,,0.5,true,source_mapped,not_reviewed,,,,2026.1
CPX-OCC-ENG-012,CPX-SKL-AUTO-F7DA1A32,esco,http://data.europa.eu/esco/occupation/1ff61522-8947-4c95-b589-cb0e0539a62b:http://data.europa.eu/esco/skill/071c7f1d-f659-4b96-a222-b21012297f3b:essential,essential,3,,0.5,true,source_mapped,not_reviewed,,,,2026.1
CPX-OCC-ENG-012,CPX-SKL-AUTO-D9D89D38,esco,http://data.europa.eu/esco/occupation/1ff61522-8947-4c95-b589-cb0e0539a62b:http://data.europa.eu/esco/skill/09473fea-69ea-40dc-9ff4-bbaaff10840e:optional,desirable,3,,0.5,true,source_mapped,not_reviewed,,,,2026.1
CPX-OCC-ENG-012,CPX-SKL-AUTO-63D33878,esco,http://data.europa.eu/esco/occupation/1ff61522-8947-4c95-b589-cb0e0539a62b:http://data.europa.eu/esco/skill/1a6c7e0d-fc13-41d7-a5c0-8ca00606de89:essential,essential,3,,0.5,true,source_mapped,not_reviewed,,,,2026.1
CPX-OCC-ENG-012,CPX-SKL-AUTO-D78AC5BE,esco,http://data.europa.eu/esco/occupation/1ff61522-8947-4c95-b589-cb0e0539a62b:http://data.europa.eu/esco/skill/1dd23dba-dd00-45ab-abf4-642902538317:essential,essential,3,,0.5,true,source_mapped,not_reviewed,,,,2026.1
CPX-OCC-ENG-012,CPX-SKL-AUTO-0B37E863,esco,http://data.europa.eu/esco/occupation/1ff61522-8947-4c95-b589-cb0e0539a62b:http://data.europa.eu/esco/skill/1e38f5be-bb7d-42c5-8301-c16cf400f8ee:essential,essential,3,,0.5,true,source_mapped,not_reviewed,,,,2026.1
CPX-OCC-ENG-012,CPX-SKL-AUTO-0279C024,esco,http://data.europa.eu/esco/occupation/1ff61522-8947-4c95-b589-cb0e0539a62b:http://data.europa.eu/esco/skill/209a5498-3449-4689-8ed9-bd08cab4fd78:essential,essential,3,,0.5,true,source_mapped,not_reviewed,,,,2026.1
CPX-OCC-ENG-012,CPX-SKL-AUTO-EE13CF61,esco,http://data.europa.eu/esco/occupation/1ff61522-8947-4c95-b589-cb0e0539a62b:http://data.europa.eu/esco/skill/21c27eba-bd1f-42f5-a1d5-c250227030f7:essential,essential,3,,0.5,true,source_mapped,not_reviewed,,,,2026.1
CPX-OCC-ENG-012,CPX-SKL-AUTO-A176B1E7,esco,http://data.europa.eu/esco/occupation/1ff61522-8947-4c95-b589-cb0e0539a62b:http://data.europa.eu/esco/skill/29bfe2cd-f011-4f94-a3aa-f77768e60460:optional,desirable,3,,0.5,true,source_mapped,not_reviewed,,,,2026.1
CPX-OCC-ENG-012,CPX-SKL-AUTO-BC270433,esco,http://data.europa.eu/esco/occupation/1ff61522-8947-4c95-b589-cb0e0539a62b:http://data.europa.eu/esco/skill/334e3e49-fb02-4051-809a-f06adfdc1c40:essential,essential,3,,0.5,true,source_mapped,not_reviewed,,,,2026.1
CPX-OCC-ENG-012,CPX-SKL-AUTO-6F647F1B,esco,http://data.europa.eu/esco/occupation/1ff61522-8947-4c95-b589-cb0e0539a62b:http://data.europa.eu/esco/skill/42b23922-1c40-4dbe-9e0c-7a568dfdf06b:essential,essential,3,,0.5,true,source_mapped,not_reviewed,,,,2026.1
CPX-OCC-ENG-012,CPX-SKL-AUTO-1A411F9F,esco,http://data.europa.eu/esco/occupation/1ff61522-8947-4c95-b589-cb0e0539a62b:http://data.europa.eu/esco/skill/4cecff40-8e5c-4320-a87d-be8687008dbf:optional,desirable,3,,0.5,true,source_mapped,not_reviewed,,,,2026.1
CPX-OCC-ENG-012,CPX-SKL-AUTO-7D48A604,esco,http://data.europa.eu/esco/occupation/1ff61522-8947-4c95-b589-cb0e0539a62b:http://data.europa.eu/esco/skill/4e09e2d2-e317-47d2-bf5e-1d6c66be3efc:essential,essential,3,,0.5,true,source_mapped,not_reviewed,,,,2026.1
CPX-OCC-ENG-012,CPX-SKL-AUTO-B7A8AF32,esco,http://data.europa.eu/esco/occupation/1ff61522-8947-4c95-b589-cb0e0539a62b:http://data.europa.eu/esco/skill/4fabca9a-7435-4f33-b1da-3cdb00340fdc:essential,essential,3,,0.5,true,source_mapped,not_reviewed,,,,2026.1
CPX-OCC-ENG-012,CPX-SKL-AUTO-FB54B8DC,esco,http://data.europa.eu/esco/occupation/1ff61522-8947-4c95-b589-cb0e0539a62b:http://data.europa.eu/esco/skill/50ac5186-bb18-4ffb-9f29-00636853c8ea:optional,desirable,3,,0.5,true,source_mapped,not_reviewed,,,,2026.1
CPX-OCC-ENG-012,CPX-SKL-AUTO-0FBF48C0,esco,http://data.europa.eu/esco/occupation/1ff61522-8947-4c95-b589-cb0e0539a62b:http://data.europa.eu/esco/skill/541561bc-510c-4a99-881c-2d8bf5a85462:essential,essential,3,,0.5,true,source_mapped,not_reviewed,,,,2026.1
CPX-OCC-ENG-012,CPX-SKL-AUTO-E470E871,esco,http://data.europa.eu/esco/occupation/1ff61522-8947-4c95-b589-cb0e0539a62b:http://data.europa.eu/esco/skill/59ea80e1-463a-4dba-82c6-d0b6d577d532:essential,essential,3,,0.5,true,source_mapped,not_reviewed,,,,2026.1
CPX-OCC-ENG-012,CPX-SKL-AUTO-BAE16BC2,esco,http://data.europa.eu/esco/occupation/1ff61522-8947-4c95-b589-cb0e0539a62b:http://data.europa.eu/esco/skill/5d34adde-0b78-42b4-9d3d-69e9388d8398:optional,desirable,3,,0.5,true,source_mapped,not_reviewed,,,,2026.1
CPX-OCC-ENG-012,CPX-SKL-AUTO-F2A5DD0B,esco,http://data.europa.eu/esco/occupation/1ff61522-8947-4c95-b589-cb0e0539a62b:http://data.europa.eu/esco/skill/6122d586-5978-431f-8e7a-96e61fc1f3fc:optional,desirable,3,,0.5,true,source_mapped,not_reviewed,,,,2026.1
CPX-OCC-ENG-012,CPX-SKL-AUTO-AD5134A1,esco,http://data.europa.eu/esco/occupation/1ff61522-8947-4c95-b589-cb0e0539a62b:http://data.europa.eu/esco/skill/6360d655-3494-45f6-bfc6-d5f63afc355b:essential,essential,3,,0.5,true,source_mapped,not_reviewed,,,,2026.1
CPX-OCC-ENG-012,CPX-SKL-AUTO-867C2031,esco,http://data.europa.eu/esco/occupation/1ff61522-8947-4c95-b589-cb0e0539a62b:http://data.europa.eu/esco/skill/6853886b-ebc5-4b91-98af-9a4ecca803bd:optional,desirable,3,,0.5,true,source_mapped,not_reviewed,,,,2026.1
CPX-OCC-ENG-012,CPX-SKL-AUTO-FB03F0F4,esco,http://data.europa.eu/esco/occupation/1ff61522-8947-4c95-b589-cb0e0539a62b:http://data.europa.eu/esco/skill/6a899482-8bcf-40ca-ae67-579a1cc467ab:essential,essential,3,,0.5,true,source_mapped,not_reviewed,,,,2026.1
CPX-OCC-ENG-012,CPX-SKL-AUTO-E83CC35C,esco,http://data.europa.eu/esco/occupation/1ff61522-8947-4c95-b589-cb0e0539a62b:http://data.europa.eu/esco/skill/6c4b5031-2eaf-449e-af88-8304a66e4eb5:optional,desirable,3,,0.5,true,source_mapped,not_reviewed,,,,2026.1
CPX-OCC-ENG-012,CPX-SKL-AUTO-40628FD9,esco,http://data.europa.eu/esco/occupation/1ff61522-8947-4c95-b589-cb0e0539a62b:http://data.europa.eu/esco/skill/72a74f69-5cf1-43c5-99b9-62a444578919:essential,essential,3,,0.5,true,source_mapped,not_reviewed,,,,2026.1
CPX-OCC-ENG-012,CPX-SKL-AUTO-22EDA541,esco,http://data.europa.eu/esco/occupation/1ff61522-8947-4c95-b589-cb0e0539a62b:http://data.europa.eu/esco/skill/76415d7f-0fde-4364-b45f-5c044580d2aa:optional,desirable,3,,0.5,true,source_mapped,not_reviewed,,,,2026.1
CPX-OCC-ENG-012,CPX-SKL-AUTO-546EEF69,esco,http://data.europa.eu/esco/occupation/1ff61522-8947-4c95-b589-cb0e0539a62b:http://data.europa.eu/esco/skill/7ff9cce1-6518-48db-8f59-2beb81508fb2:optional,desirable,3,,0.5,true,source_mapped,not_reviewed,,,,2026.1
CPX-OCC-ENG-012,CPX-SKL-AUTO-D5750072,esco,http://data.europa.eu/esco/occupation/1ff61522-8947-4c95-b589-cb0e0539a62b:http://data.europa.eu/esco/skill/857e8624-4db0-4725-a758-5914bd8cc350:optional,desirable,3,,0.5,true,source_mapped,not_reviewed,,,,2026.1
CPX-OCC-ENG-012,CPX-SKL-AUTO-C5376691,esco,http://data.europa.eu/esco/occupation/1ff61522-8947-4c95-b589-cb0e0539a62b:http://data.europa.eu/esco/skill/8614b988-b907-473e-a701-47b525959dc8:essential,essential,3,,0.5,true,source_mapped,not_reviewed,,,,2026.1
CPX-OCC-ENG-012,CPX-SKL-AUTO-79886E47,esco,http://data.europa.eu/esco/occupation/1ff61522-8947-4c95-b589-cb0e0539a62b:http://data.europa.eu/esco/skill/885808f7-f42b-406e-95f2-28efcd45ddda:essential,essential,3,,0.5,true,source_mapped,not_reviewed,,,,2026.1
CPX-OCC-ENG-012,CPX-SKL-AUTO-AD78C101,esco,http://data.europa.eu/esco/occupation/1ff61522-8947-4c95-b589-cb0e0539a62b:http://data.europa.eu/esco/skill/887a5c70-5524-4c7d-96cc-6cdcf1c5309f:essential,essential,3,,0.5,true,source_mapped,not_reviewed,,,,2026.1
CPX-OCC-ENG-012,CPX-SKL-AUTO-021C61CC,esco,http://data.europa.eu/esco/occupation/1ff61522-8947-4c95-b589-cb0e0539a62b:http://data.europa.eu/esco/skill/8abdc43c-2bfd-417c-97c2-27fcdaf53171:optional,desirable,3,,0.5,true,source_mapped,not_reviewed,,,,2026.1
CPX-OCC-ENG-012,CPX-SKL-AUTO-F6FC5E79,esco,http://data.europa.eu/esco/occupation/1ff61522-8947-4c95-b589-cb0e0539a62b:http://data.europa.eu/esco/skill/8bc1c7da-c832-4896-a441-30d087c46aad:essential,essential,3,,0.5,true,source_mapped,not_reviewed,,,,2026.1
CPX-OCC-ENG-012,CPX-SKL-AUTO-3E5ACE59,esco,http://data.europa.eu/esco/occupation/1ff61522-8947-4c95-b589-cb0e0539a62b:http://data.europa.eu/esco/skill/96d901a6-c931-4e8d-b685-a47e1deaaa1b:essential,essential,3,,0.5,true,source_mapped,not_reviewed,,,,2026.1
CPX-OCC-ENG-012,CPX-SKL-AUTO-408380BB,esco,http://data.europa.eu/esco/occupation/1ff61522-8947-4c95-b589-cb0e0539a62b:http://data.europa.eu/esco/skill/9bcff7ef-1f9e-4054-b8fa-3c640e491a11:essential,essential,3,,0.5,true,source_mapped,not_reviewed,,,,2026.1
CPX-OCC-ENG-012,CPX-SKL-AUTO-D5CBD41C,esco,http://data.europa.eu/esco/occupation/1ff61522-8947-4c95-b589-cb0e0539a62b:http://data.europa.eu/esco/skill/9c071f1d-eac3-449d-b004-c14775b5a3b9:optional,desirable,3,,0.5,true,source_mapped,not_reviewed,,,,2026.1
CPX-OCC-ENG-012,CPX-SKL-AUTO-6D5479C0,esco,http://data.europa.eu/esco/occupation/1ff61522-8947-4c95-b589-cb0e0539a62b:http://data.europa.eu/esco/skill/aba2e61d-ef78-45bd-a9bc-392a718d4877:optional,desirable,3,,0.5,true,source_mapped,not_reviewed,,,,2026.1
CPX-OCC-ENG-012,CPX-SKL-AUTO-9751A58B,esco,http://data.europa.eu/esco/occupation/1ff61522-8947-4c95-b589-cb0e0539a62b:http://data.europa.eu/esco/skill/b1b118c4-3291-484e-b64d-6d51fd5da8b3:essential,essential,3,,0.5,true,source_mapped,not_reviewed,,,,2026.1
CPX-OCC-ENG-012,CPX-SKL-AUTO-6FDB5F63,esco,http://data.europa.eu/esco/occupation/1ff61522-8947-4c95-b589-cb0e0539a62b:http://data.europa.eu/esco/skill/b251544f-7b92-46d5-8e14-97f59ce1c7dc:essential,essential,3,,0.5,true,source_mapped,not_reviewed,,,,2026.1
CPX-OCC-ENG-012,CPX-SKL-AUTO-DB34AB73,esco,http://data.europa.eu/esco/occupation/1ff61522-8947-4c95-b589-cb0e0539a62b:http://data.europa.eu/esco/skill/bf59255e-782a-4e83-a93c-6055cfdd8e7f:essential,essential,3,,0.5,true,source_mapped,not_reviewed,,,,2026.1
CPX-OCC-ENG-012,CPX-SKL-AUTO-7E23F03D,esco,http://data.europa.eu/esco/occupation/1ff61522-8947-4c95-b589-cb0e0539a62b:http://data.europa.eu/esco/skill/c49eb4a4-7b5f-44e6-b346-7153879ac86b:optional,desirable,3,,0.5,true,source_mapped,not_reviewed,,,,2026.1
CPX-OCC-ENG-012,CPX-SKL-AUTO-8C767E60,esco,http://data.europa.eu/esco/occupation/1ff61522-8947-4c95-b589-cb0e0539a62b:http://data.europa.eu/esco/skill/cd5efa8c-e44d-4cbc-91c6-796018dbed68:optional,desirable,3,,0.5,true,source_mapped,not_reviewed,,,,2026.1
CPX-OCC-ENG-012,CPX-SKL-AUTO-CDC234AF,esco,http://data.europa.eu/esco/occupation/1ff61522-8947-4c95-b589-cb0e0539a62b:http://data.europa.eu/esco/skill/cf9a4613-ff8a-40a7-931f-c6fba2cc3d50:optional,desirable,3,,0.5,true,source_mapped,not_reviewed,,,,2026.1
CPX-OCC-ENG-012,CPX-SKL-AUTO-253B51AB,esco,http://data.europa.eu/esco/occupation/1ff61522-8947-4c95-b589-cb0e0539a62b:http://data.europa.eu/esco/skill/dd6e5939-d19b-4e2f-a025-2014f0a2ec88:optional,desirable,3,,0.5,true,source_mapped,not_reviewed,,,,2026.1
CPX-OCC-ENG-012,CPX-SKL-AUTO-E66D8FAF,esco,http://data.europa.eu/esco/occupation/1ff61522-8947-4c95-b589-cb0e0539a62b:http://data.europa.eu/esco/skill/e95058a6-e139-42e7-a470-72038a606649:optional,desirable,3,,0.5,true,source_mapped,not_reviewed,,,,2026.1
CPX-OCC-ENG-012,CPX-SKL-AUTO-0E1D5981,esco,http://data.europa.eu/esco/occupation/1ff61522-8947-4c95-b589-cb0e0539a62b:http://data.europa.eu/esco/skill/f191c306-f0eb-4cb8-82fb-3331adbbc6f1:essential,essential,3,,0.5,true,source_mapped,not_reviewed,,,,2026.1
CPX-OCC-ENG-012,CPX-SKL-AUTO-D82A5A70,esco,http://data.europa.eu/esco/occupation/1ff61522-8947-4c95-b589-cb0e0539a62b:http://data.europa.eu/esco/skill/f54c10e4-630d-4e50-95e9-4e9e268e8f12:essential,essential,3,,0.5,true,source_mapped,not_reviewed,,,,2026.1
CPX-OCC-ENG-012,CPX-SKL-AUTO-9A57A331,esco,http://data.europa.eu/esco/occupation/1ff61522-8947-4c95-b589-cb0e0539a62b:http://data.europa.eu/esco/skill/f8413360-6114-40de-a276-c59b764b9913:essential,essential,3,,0.5,true,source_mapped,not_reviewed,,,,2026.1
CPX-OCC-ENG-014,CPX-SKL-AUTO-189AD04A,esco,http://data.europa.eu/esco/occupation/2026adb2-62d7-4b92-9ccb-105abdebe37d:http://data.europa.eu/esco/skill/04dfd9fb-e0cf-40f6-96c6-9d2280c4347e:optional,desirable,3,,0.5,true,source_mapped,not_reviewed,,,,2026.1
CPX-OCC-ENG-014,CPX-SKL-AUTO-69338A4B,esco,http://data.europa.eu/esco/occupation/2026adb2-62d7-4b92-9ccb-105abdebe37d:http://data.europa.eu/esco/skill/0d282d6e-8cb9-4339-8e7d-cfafed96b5ed:essential,essential,3,,0.5,true,source_mapped,not_reviewed,,,,2026.1
CPX-OCC-ENG-014,CPX-SKL-AUTO-D734993E,esco,http://data.europa.eu/esco/occupation/2026adb2-62d7-4b92-9ccb-105abdebe37d:http://data.europa.eu/esco/skill/0d6c9508-1cd6-4cea-98d2-d5fe2f5c6a73:essential,essential,3,,0.5,true,source_mapped,not_reviewed,,,,2026.1
CPX-OCC-ENG-014,CPX-SKL-AUTO-335B2ED6,esco,http://data.europa.eu/esco/occupation/2026adb2-62d7-4b92-9ccb-105abdebe37d:http://data.europa.eu/esco/skill/0da516ee-e70e-4384-be13-f5ff80be8127:optional,desirable,3,,0.5,true,source_mapped,not_reviewed,,,,2026.1
CPX-OCC-ENG-014,CPX-SKL-AUTO-02EE932D,esco,http://data.europa.eu/esco/occupation/2026adb2-62d7-4b92-9ccb-105abdebe37d:http://data.europa.eu/esco/skill/136596a4-00b5-4ed3-bb6e-717198c1ccbe:optional,desirable,3,,0.5,true,source_mapped,not_reviewed,,,,2026.1
CPX-OCC-ENG-014,CPX-SKL-AUTO-371E7D5A,esco,http://data.europa.eu/esco/occupation/2026adb2-62d7-4b92-9ccb-105abdebe37d:http://data.europa.eu/esco/skill/1ca140f8-d8aa-4e02-8ddc-31cbf75dd7ae:essential,essential,3,,0.5,true,source_mapped,not_reviewed,,,,2026.1
CPX-OCC-ENG-014,CPX-SKL-AUTO-C25F13D2,esco,http://data.europa.eu/esco/occupation/2026adb2-62d7-4b92-9ccb-105abdebe37d:http://data.europa.eu/esco/skill/1fea0bc2-a6fa-4fe8-b36f-7a3194f8ed1c:essential,essential,3,,0.5,true,source_mapped,not_reviewed,,,,2026.1
CPX-OCC-ENG-014,CPX-SKL-AUTO-0279C024,esco,http://data.europa.eu/esco/occupation/2026adb2-62d7-4b92-9ccb-105abdebe37d:http://data.europa.eu/esco/skill/209a5498-3449-4689-8ed9-bd08cab4fd78:essential,essential,3,,0.5,true,source_mapped,not_reviewed,,,,2026.1
CPX-OCC-ENG-014,CPX-SKL-AUTO-174310DB,esco,http://data.europa.eu/esco/occupation/2026adb2-62d7-4b92-9ccb-105abdebe37d:http://data.europa.eu/esco/skill/26879b10-1df9-4071-a4c5-cb8e32eddb99:optional,desirable,3,,0.5,true,source_mapped,not_reviewed,,,,2026.1
CPX-OCC-ENG-014,CPX-SKL-AUTO-E7E96E1F,esco,http://data.europa.eu/esco/occupation/2026adb2-62d7-4b92-9ccb-105abdebe37d:http://data.europa.eu/esco/skill/286d0e0d-48e9-4210-b110-b1fbf04c35f1:optional,desirable,3,,0.5,true,source_mapped,not_reviewed,,,,2026.1
CPX-OCC-ENG-014,CPX-SKL-AUTO-3E770F62,esco,http://data.europa.eu/esco/occupation/2026adb2-62d7-4b92-9ccb-105abdebe37d:http://data.europa.eu/esco/skill/2aff3316-15b8-4ca1-8ae2-270bd5fd22e1:essential,essential,3,,0.5,true,source_mapped,not_reviewed,,,,2026.1
CPX-OCC-ENG-014,CPX-SKL-AUTO-2E8E16D6,esco,http://data.europa.eu/esco/occupation/2026adb2-62d7-4b92-9ccb-105abdebe37d:http://data.europa.eu/esco/skill/2b92a5b2-6758-4ee3-9fb4-b6387a55cc8f:essential,essential,3,,0.5,true,source_mapped,not_reviewed,,,,2026.1
CPX-OCC-ENG-014,CPX-SKL-AUTO-959DB502,esco,http://data.europa.eu/esco/occupation/2026adb2-62d7-4b92-9ccb-105abdebe37d:http://data.europa.eu/esco/skill/328733a7-6d84-420d-a65c-2a8014fadc60:essential,essential,3,,0.5,true,source_mapped,not_reviewed,,,,2026.1
CPX-OCC-ENG-014,CPX-SKL-AUTO-67BD8C74,esco,http://data.europa.eu/esco/occupation/2026adb2-62d7-4b92-9ccb-105abdebe37d:http://data.europa.eu/esco/skill/3c333552-8d89-43f5-90bd-856e15bec433:essential,essential,3,,0.5,true,source_mapped,not_reviewed,,,,2026.1
CPX-OCC-ENG-014,CPX-SKL-AUTO-1D4E2E34,esco,http://data.europa.eu/esco/occupation/2026adb2-62d7-4b92-9ccb-105abdebe37d:http://data.europa.eu/esco/skill/3e40c7d0-0e36-4b33-bc33-0aa87eda0561:essential,essential,3,,0.5,true,source_mapped,not_reviewed,,,,2026.1
CPX-OCC-ENG-014,CPX-SKL-AUTO-479F8458,esco,http://data.europa.eu/esco/occupation/2026adb2-62d7-4b92-9ccb-105abdebe37d:http://data.europa.eu/esco/skill/3edd4853-a8d2-4791-a5f0-af3a92f18245:essential,essential,3,,0.5,true,source_mapped,not_reviewed,,,,2026.1
CPX-OCC-ENG-014,CPX-SKL-AUTO-8AE6A31F,esco,http://data.europa.eu/esco/occupation/2026adb2-62d7-4b92-9ccb-105abdebe37d:http://data.europa.eu/esco/skill/41a3240f-58ba-44e2-a688-edeb21ea5c16:essential,essential,3,,0.5,true,source_mapped,not_reviewed,,,,2026.1
CPX-OCC-ENG-014,CPX-SKL-AUTO-6F647F1B,esco,http://data.europa.eu/esco/occupation/2026adb2-62d7-4b92-9ccb-105abdebe37d:http://data.europa.eu/esco/skill/42b23922-1c40-4dbe-9e0c-7a568dfdf06b:essential,essential,3,,0.5,true,source_mapped,not_reviewed,,,,2026.1
CPX-OCC-ENG-014,CPX-SKL-AUTO-3951517D,esco,http://data.europa.eu/esco/occupation/2026adb2-62d7-4b92-9ccb-105abdebe37d:http://data.europa.eu/esco/skill/4339176e-3acd-4f7f-a5d9-445bee3d23f2:essential,essential,3,,0.5,true,source_mapped,not_reviewed,,,,2026.1
CPX-OCC-ENG-014,CPX-SKL-AUTO-4E8960AB,esco,http://data.europa.eu/esco/occupation/2026adb2-62d7-4b92-9ccb-105abdebe37d:http://data.europa.eu/esco/skill/465ff64a-1271-4064-8ed1-e969cb68d8b4:optional,desirable,3,,0.5,true,source_mapped,not_reviewed,,,,2026.1
CPX-OCC-ENG-014,CPX-SKL-AUTO-33359F29,esco,http://data.europa.eu/esco/occupation/2026adb2-62d7-4b92-9ccb-105abdebe37d:http://data.europa.eu/esco/skill/46e1b714-94f4-462d-88e6-31f442708812:optional,desirable,3,,0.5,true,source_mapped,not_reviewed,,,,2026.1
CPX-OCC-ENG-014,CPX-SKL-AUTO-B7A8AF32,esco,http://data.europa.eu/esco/occupation/2026adb2-62d7-4b92-9ccb-105abdebe37d:http://data.europa.eu/esco/skill/4fabca9a-7435-4f33-b1da-3cdb00340fdc:essential,essential,3,,0.5,true,source_mapped,not_reviewed,,,,2026.1
CPX-OCC-ENG-014,CPX-SKL-AUTO-9B234D72,esco,http://data.europa.eu/esco/occupation/2026adb2-62d7-4b92-9ccb-105abdebe37d:http://data.europa.eu/esco/skill/52739347-5eaa-4c9e-8cde-af7d2ba83320:essential,essential,3,,0.5,true,source_mapped,not_reviewed,,,,2026.1
CPX-OCC-ENG-014,CPX-SKL-AUTO-0FBF48C0,esco,http://data.europa.eu/esco/occupation/2026adb2-62d7-4b92-9ccb-105abdebe37d:http://data.europa.eu/esco/skill/541561bc-510c-4a99-881c-2d8bf5a85462:essential,essential,3,,0.5,true,source_mapped,not_reviewed,,,,2026.1
CPX-OCC-ENG-014,CPX-SKL-AUTO-D0001062,esco,http://data.europa.eu/esco/occupation/2026adb2-62d7-4b92-9ccb-105abdebe37d:http://data.europa.eu/esco/skill/5c98825f-146d-4d35-97cf-207b2afd9ae2:optional,desirable,3,,0.5,true,source_mapped,not_reviewed,,,,2026.1
CPX-OCC-ENG-014,CPX-SKL-AUTO-237DB4BB,esco,http://data.europa.eu/esco/occupation/2026adb2-62d7-4b92-9ccb-105abdebe37d:http://data.europa.eu/esco/skill/692ace70-7f97-4214-92bd-88f7637d8a44:essential,essential,3,,0.5,true,source_mapped,not_reviewed,,,,2026.1
CPX-OCC-ENG-014,CPX-SKL-AUTO-FAA6CE4C,esco,http://data.europa.eu/esco/occupation/2026adb2-62d7-4b92-9ccb-105abdebe37d:http://data.europa.eu/esco/skill/6f5850ea-5785-4e2c-b062-743066fd5bdb:essential,essential,3,,0.5,true,source_mapped,not_reviewed,,,,2026.1
CPX-OCC-ENG-014,CPX-SKL-AUTO-0ACD7FB4,esco,http://data.europa.eu/esco/occupation/2026adb2-62d7-4b92-9ccb-105abdebe37d:http://data.europa.eu/esco/skill/71f81e1a-e2ca-48d6-b7b8-7a34c56c51f8:optional,desirable,3,,0.5,true,source_mapped,not_reviewed,,,,2026.1
CPX-OCC-ENG-014,CPX-SKL-AUTO-A3003D10,esco,http://data.europa.eu/esco/occupation/2026adb2-62d7-4b92-9ccb-105abdebe37d:http://data.europa.eu/esco/skill/7ae62140-fe02-4ee3-a0c5-fb5668a2870d:essential,essential,3,,0.5,true,source_mapped,not_reviewed,,,,2026.1
CPX-OCC-ENG-014,CPX-SKL-AUTO-CFC81E0F,esco,http://data.europa.eu/esco/occupation/2026adb2-62d7-4b92-9ccb-105abdebe37d:http://data.europa.eu/esco/skill/7af6e9e8-1e11-4c0b-b7c6-ac96bbbbc674:optional,desirable,3,,0.5,true,source_mapped,not_reviewed,,,,2026.1
CPX-OCC-ENG-014,CPX-SKL-AUTO-550464DF,esco,http://data.europa.eu/esco/occupation/2026adb2-62d7-4b92-9ccb-105abdebe37d:http://data.europa.eu/esco/skill/81a2db2c-7e55-44d0-9cd9-74c25147d7cd:essential,essential,3,,0.5,true,source_mapped,not_reviewed,,,,2026.1
CPX-OCC-ENG-014,CPX-SKL-AUTO-E85FC060,esco,http://data.europa.eu/esco/occupation/2026adb2-62d7-4b92-9ccb-105abdebe37d:http://data.europa.eu/esco/skill/81af8698-9873-4b3d-b6d2-8eb275bf170b:essential,essential,3,,0.5,true,source_mapped,not_reviewed,,,,2026.1
CPX-OCC-ENG-014,CPX-SKL-AUTO-33D28B04,esco,http://data.europa.eu/esco/occupation/2026adb2-62d7-4b92-9ccb-105abdebe37d:http://data.europa.eu/esco/skill/82313e12-9d39-47d1-b7c9-78bbd6bb50e2:optional,desirable,3,,0.5,true,source_mapped,not_reviewed,,,,2026.1
CPX-OCC-ENG-014,CPX-SKL-AUTO-07F149B8,esco,http://data.europa.eu/esco/occupation/2026adb2-62d7-4b92-9ccb-105abdebe37d:http://data.europa.eu/esco/skill/8c30f212-806e-49f6-ba1d-77ec0f0df524:essential,essential,3,,0.5,true,source_mapped,not_reviewed,,,,2026.1
CPX-OCC-ENG-014,CPX-SKL-AUTO-1324BECE,esco,http://data.europa.eu/esco/occupation/2026adb2-62d7-4b92-9ccb-105abdebe37d:http://data.europa.eu/esco/skill/a99c6783-50c0-4f7a-99df-bf93429ef6dc:optional,desirable,3,,0.5,true,source_mapped,not_reviewed,,,,2026.1
CPX-OCC-ENG-014,CPX-SKL-AUTO-D2F19421,esco,http://data.europa.eu/esco/occupation/2026adb2-62d7-4b92-9ccb-105abdebe37d:http://data.europa.eu/esco/skill/ad903700-6511-4804-afc6-f9a2e9344a59:optional,desirable,3,,0.5,true,source_mapped,not_reviewed,,,,2026.1
CPX-OCC-ENG-014,CPX-SKL-AUTO-45BD37E4,esco,http://data.europa.eu/esco/occupation/2026adb2-62d7-4b92-9ccb-105abdebe37d:http://data.europa.eu/esco/skill/b07daddc-8625-4360-946e-ad2b0e56ebf6:essential,essential,3,,0.5,true,source_mapped,not_reviewed,,,,2026.1
CPX-OCC-ENG-014,CPX-SKL-AUTO-052B962E,esco,http://data.europa.eu/esco/occupation/2026adb2-62d7-4b92-9ccb-105abdebe37d:http://data.europa.eu/esco/skill/b34e2ba1-9080-48c9-9b42-ee9192a4d3f1:optional,desirable,3,,0.5,true,source_mapped,not_reviewed,,,,2026.1
CPX-OCC-ENG-014,CPX-SKL-AUTO-D7F587B8,esco,http://data.europa.eu/esco/occupation/2026adb2-62d7-4b92-9ccb-105abdebe37d:http://data.europa.eu/esco/skill/bacbfc27-4b5d-47de-8bfd-af5fa27562a2:essential,essential,3,,0.5,true,source_mapped,not_reviewed,,,,2026.1
CPX-OCC-ENG-014,CPX-SKL-AUTO-D58496D9,esco,http://data.europa.eu/esco/occupation/2026adb2-62d7-4b92-9ccb-105abdebe37d:http://data.europa.eu/esco/skill/c0ccbd15-36f3-4515-ae0b-b4062d225ee2:essential,essential,3,,0.5,true,source_mapped,not_reviewed,,,,2026.1
CPX-OCC-ENG-014,CPX-SKL-AUTO-AF950849,esco,http://data.europa.eu/esco/occupation/2026adb2-62d7-4b92-9ccb-105abdebe37d:http://data.europa.eu/esco/skill/c32ad607-0c4d-4e34-b73f-668298f7bf13:optional,desirable,3,,0.5,true,source_mapped,not_reviewed,,,,2026.1
CPX-OCC-ENG-014,CPX-SKL-AUTO-884F43ED,esco,http://data.europa.eu/esco/occupation/2026adb2-62d7-4b92-9ccb-105abdebe37d:http://data.europa.eu/esco/skill/c3cad273-2cd4-4e4c-9d0a-4d7ed638fc36:essential,essential,3,,0.5,true,source_mapped,not_reviewed,,,,2026.1
CPX-OCC-ENG-014,CPX-SKL-AUTO-DD9D7F4C,esco,http://data.europa.eu/esco/occupation/2026adb2-62d7-4b92-9ccb-105abdebe37d:http://data.europa.eu/esco/skill/c500f5d0-42d4-4341-904e-cd4ef2ff3181:essential,essential,3,,0.5,true,source_mapped,not_reviewed,,,,2026.1
CPX-OCC-ENG-014,CPX-SKL-AUTO-6FB1597E,esco,http://data.europa.eu/esco/occupation/2026adb2-62d7-4b92-9ccb-105abdebe37d:http://data.europa.eu/esco/skill/c544a9f3-5945-4b54-afed-de0697852817:essential,essential,3,,0.5,true,source_mapped,not_reviewed,,,,2026.1
CPX-OCC-ENG-014,CPX-SKL-AUTO-B96852D1,esco,http://data.europa.eu/esco/occupation/2026adb2-62d7-4b92-9ccb-105abdebe37d:http://data.europa.eu/esco/skill/c8ac1986-38fa-43b2-89dc-50a4beeb420e:essential,essential,3,,0.5,true,source_mapped,not_reviewed,,,,2026.1
CPX-OCC-ENG-014,CPX-SKL-AUTO-45AD02AB,esco,http://data.europa.eu/esco/occupation/2026adb2-62d7-4b92-9ccb-105abdebe37d:http://data.europa.eu/esco/skill/cb1a2fbf-242d-4a4e-a466-588378f124c1:essential,essential,3,,0.5,true,source_mapped,not_reviewed,,,,2026.1
CPX-OCC-ENG-014,CPX-SKL-AUTO-8C767E60,esco,http://data.europa.eu/esco/occupation/2026adb2-62d7-4b92-9ccb-105abdebe37d:http://data.europa.eu/esco/skill/cd5efa8c-e44d-4cbc-91c6-796018dbed68:optional,desirable,3,,0.5,true,source_mapped,not_reviewed,,,,2026.1
CPX-OCC-ENG-014,CPX-SKL-AUTO-A3A7AAD2,esco,http://data.europa.eu/esco/occupation/2026adb2-62d7-4b92-9ccb-105abdebe37d:http://data.europa.eu/esco/skill/d9b6af48-e906-4a2a-94d9-557023740180:optional,desirable,3,,0.5,true,source_mapped,not_reviewed,,,,2026.1
CPX-OCC-ENG-014,CPX-SKL-AUTO-83CB120A,esco,http://data.europa.eu/esco/occupation/2026adb2-62d7-4b92-9ccb-105abdebe37d:http://data.europa.eu/esco/skill/dc72ad0a-c5dc-4abd-bc0d-ca43e82162e1:optional,desirable,3,,0.5,true,source_mapped,not_reviewed,,,,2026.1
CPX-OCC-ENG-014,CPX-SKL-AUTO-53198C86,esco,http://data.europa.eu/esco/occupation/2026adb2-62d7-4b92-9ccb-105abdebe37d:http://data.europa.eu/esco/skill/dc72d646-4e40-405a-8fa9-a410c60e490b:optional,desirable,3,,0.5,true,source_mapped,not_reviewed,,,,2026.1
CPX-OCC-ENG-014,CPX-SKL-AUTO-4A664C7B,esco,http://data.europa.eu/esco/occupation/2026adb2-62d7-4b92-9ccb-105abdebe37d:http://data.europa.eu/esco/skill/df08a4ae-4024-4460-8c92-eab78da1c94b:essential,essential,3,,0.5,true,source_mapped,not_reviewed,,,,2026.1
CPX-OCC-ENG-014,CPX-SKL-AUTO-183D026F,esco,http://data.europa.eu/esco/occupation/2026adb2-62d7-4b92-9ccb-105abdebe37d:http://data.europa.eu/esco/skill/e54ff029-1ce9-447d-a5b2-eb7283a23e6e:optional,desirable,3,,0.5,true,source_mapped,not_reviewed,,,,2026.1
CPX-OCC-ENG-014,CPX-SKL-AUTO-27ED98BB,esco,http://data.europa.eu/esco/occupation/2026adb2-62d7-4b92-9ccb-105abdebe37d:http://data.europa.eu/esco/skill/e921279a-1a7e-4900-9720-bde93ae3e70e:essential,essential,3,,0.5,true,source_mapped,not_reviewed,,,,2026.1
CPX-OCC-ENG-014,CPX-SKL-AUTO-8018132A,esco,http://data.europa.eu/esco/occupation/2026adb2-62d7-4b92-9ccb-105abdebe37d:http://data.europa.eu/esco/skill/f10142ce-d522-49c3-9fd1-054fb63529d4:essential,essential,3,,0.5,true,source_mapped,not_reviewed,,,,2026.1
CPX-OCC-ENG-014,CPX-SKL-AUTO-B710833B,esco,http://data.europa.eu/esco/occupation/2026adb2-62d7-4b92-9ccb-105abdebe37d:http://data.europa.eu/esco/skill/f19f2c6d-3f1d-4231-9fd9-ece77ed359d7:optional,desirable,3,,0.5,true,source_mapped,not_reviewed,,,,2026.1
CPX-OCC-ENG-014,CPX-SKL-AUTO-D82A5A70,esco,http://data.europa.eu/esco/occupation/2026adb2-62d7-4b92-9ccb-105abdebe37d:http://data.europa.eu/esco/skill/f54c10e4-630d-4e50-95e9-4e9e268e8f12:essential,essential,3,,0.5,true,source_mapped,not_reviewed,,,,2026.1
CPX-OCC-ENG-014,CPX-SKL-AUTO-6B3BE3A8,esco,http://data.europa.eu/esco/occupation/2026adb2-62d7-4b92-9ccb-105abdebe37d:http://data.europa.eu/esco/skill/f5dd06b8-5d17-4932-9d03-957d0c4f5051:optional,desirable,3,,0.5,true,source_mapped,not_reviewed,,,,2026.1
CPX-OCC-ENG-014,CPX-SKL-AUTO-A331B015,esco,http://data.europa.eu/esco/occupation/2026adb2-62d7-4b92-9ccb-105abdebe37d:http://data.europa.eu/esco/skill/fd4386c5-96f0-4c6e-970c-c08729ae0cc6:optional,desirable,3,,0.5,true,source_mapped,not_reviewed,,,,2026.1
CPX-OCC-ENG-016,CPX-SKL-AUTO-189AD04A,esco,http://data.europa.eu/esco/occupation/269c47e7-9017-4aa6-bce8-49e89a696a64:http://data.europa.eu/esco/skill/04dfd9fb-e0cf-40f6-96c6-9d2280c4347e:optional,desirable,3,,0.5,true,source_mapped,not_reviewed,,,,2026.1
CPX-OCC-ENG-016,CPX-SKL-AUTO-959DB502,esco,http://data.europa.eu/esco/occupation/269c47e7-9017-4aa6-bce8-49e89a696a64:http://data.europa.eu/esco/skill/328733a7-6d84-420d-a65c-2a8014fadc60:optional,desirable,3,,0.5,true,source_mapped,not_reviewed,,,,2026.1
CPX-OCC-ENG-016,CPX-SKL-AUTO-BC270433,esco,http://data.europa.eu/esco/occupation/269c47e7-9017-4aa6-bce8-49e89a696a64:http://data.europa.eu/esco/skill/334e3e49-fb02-4051-809a-f06adfdc1c40:essential,essential,3,,0.5,true,source_mapped,not_reviewed,,,,2026.1
CPX-OCC-ENG-016,CPX-SKL-AUTO-4E8960AB,esco,http://data.europa.eu/esco/occupation/269c47e7-9017-4aa6-bce8-49e89a696a64:http://data.europa.eu/esco/skill/465ff64a-1271-4064-8ed1-e969cb68d8b4:essential,essential,3,,0.5,true,source_mapped,not_reviewed,,,,2026.1
CPX-OCC-ENG-016,CPX-SKL-AUTO-CD7D1479,esco,http://data.europa.eu/esco/occupation/269c47e7-9017-4aa6-bce8-49e89a696a64:http://data.europa.eu/esco/skill/52797dce-911c-4e6d-b0cb-491f6469014f:optional,desirable,3,,0.5,true,source_mapped,not_reviewed,,,,2026.1
CPX-OCC-ENG-016,CPX-SKL-AUTO-D4C5566D,esco,http://data.europa.eu/esco/occupation/269c47e7-9017-4aa6-bce8-49e89a696a64:http://data.europa.eu/esco/skill/68e66ed6-a171-4350-8ec1-2cfc4cae50e4:essential,essential,3,,0.5,true,source_mapped,not_reviewed,,,,2026.1
CPX-OCC-ENG-016,CPX-SKL-AUTO-CFC4C6AB,esco,http://data.europa.eu/esco/occupation/269c47e7-9017-4aa6-bce8-49e89a696a64:http://data.europa.eu/esco/skill/74374d09-7a54-4a05-ae78-d5940423de7c:essential,essential,3,,0.5,true,source_mapped,not_reviewed,,,,2026.1
CPX-OCC-ENG-016,CPX-SKL-AUTO-AF950849,esco,http://data.europa.eu/esco/occupation/269c47e7-9017-4aa6-bce8-49e89a696a64:http://data.europa.eu/esco/skill/c32ad607-0c4d-4e34-b73f-668298f7bf13:optional,desirable,3,,0.5,true,source_mapped,not_reviewed,,,,2026.1
CPX-OCC-ENG-016,CPX-SKL-AUTO-B96852D1,esco,http://data.europa.eu/esco/occupation/269c47e7-9017-4aa6-bce8-49e89a696a64:http://data.europa.eu/esco/skill/c8ac1986-38fa-43b2-89dc-50a4beeb420e:essential,essential,3,,0.5,true,source_mapped,not_reviewed,,,,2026.1
CPX-OCC-ENG-016,CPX-SKL-AUTO-BAD2D617,esco,http://data.europa.eu/esco/occupation/269c47e7-9017-4aa6-bce8-49e89a696a64:http://data.europa.eu/esco/skill/d15e92c4-c8dc-48cd-a1f6-94fe13347f87:essential,essential,3,,0.5,true,source_mapped,not_reviewed,,,,2026.1
CPX-OCC-ENG-016,CPX-SKL-AUTO-E7948D2D,esco,http://data.europa.eu/esco/occupation/269c47e7-9017-4aa6-bce8-49e89a696a64:http://data.europa.eu/esco/skill/efa141df-f382-418f-9121-bd88fd735669:essential,essential,3,,0.5,true,source_mapped,not_reviewed,,,,2026.1
CPX-OCC-ENG-016,CPX-SKL-AUTO-69DCCE78,esco,http://data.europa.eu/esco/occupation/269c47e7-9017-4aa6-bce8-49e89a696a64:http://data.europa.eu/esco/skill/f30a7ea4-77dd-452c-8a2d-b06c12606a7f:optional,desirable,3,,0.5,true,source_mapped,not_reviewed,,,,2026.1
CPX-OCC-ENG-015,CPX-SKL-AUTO-528283E3,esco,http://data.europa.eu/esco/occupation/27811419-407f-4868-a388-2f7df7aafd91:http://data.europa.eu/esco/skill/02c71cde-f513-43da-8952-0974763c7568:essential,essential,3,,0.5,true,source_mapped,not_reviewed,,,,2026.1
CPX-OCC-ENG-015,CPX-SKL-AUTO-B03D6270,esco,http://data.europa.eu/esco/occupation/27811419-407f-4868-a388-2f7df7aafd91:http://data.europa.eu/esco/skill/0e9e3a56-3b26-4fa5-91df-6d9bfbea4259:essential,essential,3,,0.5,true,source_mapped,not_reviewed,,,,2026.1
CPX-OCC-ENG-015,CPX-SKL-AUTO-02EE932D,esco,http://data.europa.eu/esco/occupation/27811419-407f-4868-a388-2f7df7aafd91:http://data.europa.eu/esco/skill/136596a4-00b5-4ed3-bb6e-717198c1ccbe:essential,essential,3,,0.5,true,source_mapped,not_reviewed,,,,2026.1
CPX-OCC-ENG-015,CPX-SKL-AUTO-4AF447CA,esco,http://data.europa.eu/esco/occupation/27811419-407f-4868-a388-2f7df7aafd91:http://data.europa.eu/esco/skill/188048ff-18bf-43c4-a1a0-7adb6e68f421:optional,desirable,3,,0.5,true,source_mapped,not_reviewed,,,,2026.1
CPX-OCC-ENG-015,CPX-SKL-AUTO-3A4298F8,esco,http://data.europa.eu/esco/occupation/27811419-407f-4868-a388-2f7df7aafd91:http://data.europa.eu/esco/skill/19ec88aa-c0b1-4515-ba10-56b6cf27369e:essential,essential,3,,0.5,true,source_mapped,not_reviewed,,,,2026.1
CPX-OCC-ENG-015,CPX-SKL-AUTO-0319B6D4,esco,http://data.europa.eu/esco/occupation/27811419-407f-4868-a388-2f7df7aafd91:http://data.europa.eu/esco/skill/1a3660c2-011c-4e96-9b1d-529afc305428:essential,essential,3,,0.5,true,source_mapped,not_reviewed,,,,2026.1
CPX-OCC-ENG-015,CPX-SKL-AUTO-5D643581,esco,http://data.europa.eu/esco/occupation/27811419-407f-4868-a388-2f7df7aafd91:http://data.europa.eu/esco/skill/26ed52cf-30ca-451e-9699-a6c04a30649f:essential,essential,3,,0.5,true,source_mapped,not_reviewed,,,,2026.1
CPX-OCC-ENG-015,CPX-SKL-AUTO-C96112D6,esco,http://data.europa.eu/esco/occupation/27811419-407f-4868-a388-2f7df7aafd91:http://data.europa.eu/esco/skill/2b9f4584-da2e-44e2-a2fb-4dd4fc64c1a2:essential,essential,3,,0.5,true,source_mapped,not_reviewed,,,,2026.1
CPX-OCC-ENG-015,CPX-SKL-AUTO-959DB502,esco,http://data.europa.eu/esco/occupation/27811419-407f-4868-a388-2f7df7aafd91:http://data.europa.eu/esco/skill/328733a7-6d84-420d-a65c-2a8014fadc60:essential,essential,3,,0.5,true,source_mapped,not_reviewed,,,,2026.1
CPX-OCC-ENG-015,CPX-SKL-AUTO-67BD8C74,esco,http://data.europa.eu/esco/occupation/27811419-407f-4868-a388-2f7df7aafd91:http://data.europa.eu/esco/skill/3c333552-8d89-43f5-90bd-856e15bec433:essential,essential,3,,0.5,true,source_mapped,not_reviewed,,,,2026.1
CPX-OCC-ENG-015,CPX-SKL-AUTO-1D4E2E34,esco,http://data.europa.eu/esco/occupation/27811419-407f-4868-a388-2f7df7aafd91:http://data.europa.eu/esco/skill/3e40c7d0-0e36-4b33-bc33-0aa87eda0561:optional,desirable,3,,0.5,true,source_mapped,not_reviewed,,,,2026.1
CPX-OCC-ENG-015,CPX-SKL-AUTO-6F647F1B,esco,http://data.europa.eu/esco/occupation/27811419-407f-4868-a388-2f7df7aafd91:http://data.europa.eu/esco/skill/42b23922-1c40-4dbe-9e0c-7a568dfdf06b:essential,essential,3,,0.5,true,source_mapped,not_reviewed,,,,2026.1
CPX-OCC-ENG-015,CPX-SKL-AUTO-4E8960AB,esco,http://data.europa.eu/esco/occupation/27811419-407f-4868-a388-2f7df7aafd91:http://data.europa.eu/esco/skill/465ff64a-1271-4064-8ed1-e969cb68d8b4:optional,desirable,3,,0.5,true,source_mapped,not_reviewed,,,,2026.1
CPX-OCC-ENG-015,CPX-SKL-AUTO-F80022F4,esco,http://data.europa.eu/esco/occupation/27811419-407f-4868-a388-2f7df7aafd91:http://data.europa.eu/esco/skill/4b164a27-849f-4be2-ae79-d26a4969b677:optional,desirable,3,,0.5,true,source_mapped,not_reviewed,,,,2026.1
CPX-OCC-ENG-015,CPX-SKL-AUTO-39D19D17,esco,http://data.europa.eu/esco/occupation/27811419-407f-4868-a388-2f7df7aafd91:http://data.europa.eu/esco/skill/4f7fa632-15a6-4739-930b-abbac8055a80:optional,desirable,3,,0.5,true,source_mapped,not_reviewed,,,,2026.1
CPX-OCC-ENG-015,CPX-SKL-AUTO-CD7D1479,esco,http://data.europa.eu/esco/occupation/27811419-407f-4868-a388-2f7df7aafd91:http://data.europa.eu/esco/skill/52797dce-911c-4e6d-b0cb-491f6469014f:optional,desirable,3,,0.5,true,source_mapped,not_reviewed,,,,2026.1
CPX-OCC-ENG-015,CPX-SKL-AUTO-0408DD49,esco,http://data.europa.eu/esco/occupation/27811419-407f-4868-a388-2f7df7aafd91:http://data.europa.eu/esco/skill/52838a25-11f5-4cb1-b4ab-c5c7d59041e8:essential,essential,3,,0.5,true,source_mapped,not_reviewed,,,,2026.1
CPX-OCC-ENG-015,CPX-SKL-AUTO-EF6C8C81,esco,http://data.europa.eu/esco/occupation/27811419-407f-4868-a388-2f7df7aafd91:http://data.europa.eu/esco/skill/6a2bc03b-e30d-429b-9549-5784cb92ae2f:essential,essential,3,,0.5,true,source_mapped,not_reviewed,,,,2026.1
CPX-OCC-ENG-015,CPX-SKL-AUTO-FC1FD883,esco,http://data.europa.eu/esco/occupation/27811419-407f-4868-a388-2f7df7aafd91:http://data.europa.eu/esco/skill/6c153605-d62c-4970-81a9-49646ab32032:optional,desirable,3,,0.5,true,source_mapped,not_reviewed,,,,2026.1
CPX-OCC-ENG-015,CPX-SKL-AUTO-63FA6956,esco,http://data.europa.eu/esco/occupation/27811419-407f-4868-a388-2f7df7aafd91:http://data.europa.eu/esco/skill/70a7b3b3-31ef-4b29-a30f-bb7299dff39b:optional,desirable,3,,0.5,true,source_mapped,not_reviewed,,,,2026.1
CPX-OCC-ENG-015,CPX-SKL-AUTO-0ACD7FB4,esco,http://data.europa.eu/esco/occupation/27811419-407f-4868-a388-2f7df7aafd91:http://data.europa.eu/esco/skill/71f81e1a-e2ca-48d6-b7b8-7a34c56c51f8:optional,desirable,3,,0.5,true,source_mapped,not_reviewed,,,,2026.1
CPX-OCC-ENG-015,CPX-SKL-AUTO-CFC4C6AB,esco,http://data.europa.eu/esco/occupation/27811419-407f-4868-a388-2f7df7aafd91:http://data.europa.eu/esco/skill/74374d09-7a54-4a05-ae78-d5940423de7c:essential,essential,3,,0.5,true,source_mapped,not_reviewed,,,,2026.1
CPX-OCC-ENG-015,CPX-SKL-AUTO-B83CDA08,esco,http://data.europa.eu/esco/occupation/27811419-407f-4868-a388-2f7df7aafd91:http://data.europa.eu/esco/skill/7a757fa5-9a6f-43ab-9e66-f8f4dba1ffcb:optional,desirable,3,,0.5,true,source_mapped,not_reviewed,,,,2026.1
CPX-OCC-ENG-015,CPX-SKL-AUTO-33D28B04,esco,http://data.europa.eu/esco/occupation/27811419-407f-4868-a388-2f7df7aafd91:http://data.europa.eu/esco/skill/82313e12-9d39-47d1-b7c9-78bbd6bb50e2:optional,desirable,3,,0.5,true,source_mapped,not_reviewed,,,,2026.1
CPX-OCC-ENG-015,CPX-SKL-AUTO-AC35A950,esco,http://data.europa.eu/esco/occupation/27811419-407f-4868-a388-2f7df7aafd91:http://data.europa.eu/esco/skill/86ff9a65-66eb-4c8f-93d8-22e0a467fc08:optional,desirable,3,,0.5,true,source_mapped,not_reviewed,,,,2026.1
CPX-OCC-ENG-015,CPX-SKL-AUTO-56E30735,esco,http://data.europa.eu/esco/occupation/27811419-407f-4868-a388-2f7df7aafd91:http://data.europa.eu/esco/skill/91abe492-18be-4cce-93c7-0dca07072363:essential,essential,3,,0.5,true,source_mapped,not_reviewed,,,,2026.1
CPX-OCC-ENG-015,CPX-SKL-AUTO-80041166,esco,http://data.europa.eu/esco/occupation/27811419-407f-4868-a388-2f7df7aafd91:http://data.europa.eu/esco/skill/941364b9-1375-4add-9889-d67bae99bc8c:optional,desirable,3,,0.5,true,source_mapped,not_reviewed,,,,2026.1
CPX-OCC-ENG-015,CPX-SKL-AUTO-CFD967E8,esco,http://data.europa.eu/esco/occupation/27811419-407f-4868-a388-2f7df7aafd91:http://data.europa.eu/esco/skill/95c35c3a-035f-47c2-90cf-7e934d20fc08:essential,essential,3,,0.5,true,source_mapped,not_reviewed,,,,2026.1
CPX-OCC-ENG-015,CPX-SKL-AUTO-D5CBD41C,esco,http://data.europa.eu/esco/occupation/27811419-407f-4868-a388-2f7df7aafd91:http://data.europa.eu/esco/skill/9c071f1d-eac3-449d-b004-c14775b5a3b9:optional,desirable,3,,0.5,true,source_mapped,not_reviewed,,,,2026.1
CPX-OCC-ENG-015,CPX-SKL-AUTO-872A612F,esco,http://data.europa.eu/esco/occupation/27811419-407f-4868-a388-2f7df7aafd91:http://data.europa.eu/esco/skill/a2b5dcf3-5b6a-453d-876c-cff540c0faf1:optional,desirable,3,,0.5,true,source_mapped,not_reviewed,,,,2026.1
CPX-OCC-ENG-015,CPX-SKL-AUTO-1324BECE,esco,http://data.europa.eu/esco/occupation/27811419-407f-4868-a388-2f7df7aafd91:http://data.europa.eu/esco/skill/a99c6783-50c0-4f7a-99df-bf93429ef6dc:optional,desirable,3,,0.5,true,source_mapped,not_reviewed,,,,2026.1
CPX-OCC-ENG-015,CPX-SKL-AUTO-45BD37E4,esco,http://data.europa.eu/esco/occupation/27811419-407f-4868-a388-2f7df7aafd91:http://data.europa.eu/esco/skill/b07daddc-8625-4360-946e-ad2b0e56ebf6:essential,essential,3,,0.5,true,source_mapped,not_reviewed,,,,2026.1
CPX-OCC-ENG-015,CPX-SKL-AUTO-6597191C,esco,http://data.europa.eu/esco/occupation/27811419-407f-4868-a388-2f7df7aafd91:http://data.europa.eu/esco/skill/baf501a8-f0fe-4ad7-9b69-8e920fa1a87b:essential,essential,3,,0.5,true,source_mapped,not_reviewed,,,,2026.1
CPX-OCC-ENG-015,CPX-SKL-AUTO-7E351D62,esco,http://data.europa.eu/esco/occupation/27811419-407f-4868-a388-2f7df7aafd91:http://data.europa.eu/esco/skill/bbd57056-80e0-45bb-a2c1-658ed99a1251:essential,essential,3,,0.5,true,source_mapped,not_reviewed,,,,2026.1
CPX-OCC-ENG-015,CPX-SKL-AUTO-E7427129,esco,http://data.europa.eu/esco/occupation/27811419-407f-4868-a388-2f7df7aafd91:http://data.europa.eu/esco/skill/bf1f763e-c505-46e7-8af3-e48f13ec5f44:optional,desirable,3,,0.5,true,source_mapped,not_reviewed,,,,2026.1
CPX-OCC-ENG-015,CPX-SKL-AUTO-AF950849,esco,http://data.europa.eu/esco/occupation/27811419-407f-4868-a388-2f7df7aafd91:http://data.europa.eu/esco/skill/c32ad607-0c4d-4e34-b73f-668298f7bf13:optional,desirable,3,,0.5,true,source_mapped,not_reviewed,,,,2026.1
CPX-OCC-ENG-015,CPX-SKL-AUTO-AA405638,esco,http://data.europa.eu/esco/occupation/27811419-407f-4868-a388-2f7df7aafd91:http://data.europa.eu/esco/skill/c5c51528-ccfc-4c53-b409-c200aaa44222:essential,essential,3,,0.5,true,source_mapped,not_reviewed,,,,2026.1
CPX-OCC-ENG-015,CPX-SKL-AUTO-FF41219D,esco,http://data.europa.eu/esco/occupation/27811419-407f-4868-a388-2f7df7aafd91:http://data.europa.eu/esco/skill/ccfbdaad-b91d-4bfe-bd0e-d30b33587f19:optional,desirable,3,,0.5,true,source_mapped,not_reviewed,,,,2026.1
CPX-OCC-ENG-015,CPX-SKL-AUTO-1D5BBC3F,esco,http://data.europa.eu/esco/occupation/27811419-407f-4868-a388-2f7df7aafd91:http://data.europa.eu/esco/skill/cf200547-25b5-47c8-9eda-bca4aedc13fb:optional,desirable,3,,0.5,true,source_mapped,not_reviewed,,,,2026.1
CPX-OCC-ENG-015,CPX-SKL-AUTO-24CB2568,esco,http://data.europa.eu/esco/occupation/27811419-407f-4868-a388-2f7df7aafd91:http://data.europa.eu/esco/skill/d6179c4b-ff5a-4bbb-a3c8-e0acf0de1f56:essential,essential,3,,0.5,true,source_mapped,not_reviewed,,,,2026.1
CPX-OCC-ENG-015,CPX-SKL-AUTO-EF0BCFF3,esco,http://data.europa.eu/esco/occupation/27811419-407f-4868-a388-2f7df7aafd91:http://data.europa.eu/esco/skill/d8045ecd-22f3-4711-bb51-58969d9f28c7:optional,desirable,3,,0.5,true,source_mapped,not_reviewed,,,,2026.1
CPX-OCC-ENG-015,CPX-SKL-AUTO-27ED98BB,esco,http://data.europa.eu/esco/occupation/27811419-407f-4868-a388-2f7df7aafd91:http://data.europa.eu/esco/skill/e921279a-1a7e-4900-9720-bde93ae3e70e:essential,essential,3,,0.5,true,source_mapped,not_reviewed,,,,2026.1
CPX-OCC-CBE-007,CPX-SKL-AUTO-30BB5DE6,esco,http://data.europa.eu/esco/occupation/2a914d26-42aa-46b5-acf3-097d51ba4617:http://data.europa.eu/esco/skill/1de548e0-9535-4d2e-9d20-d4474c1ea813:essential,essential,3,,0.5,true,source_mapped,not_reviewed,,,,2026.1
CPX-OCC-CBE-007,CPX-SKL-AUTO-0279C024,esco,http://data.europa.eu/esco/occupation/2a914d26-42aa-46b5-acf3-097d51ba4617:http://data.europa.eu/esco/skill/209a5498-3449-4689-8ed9-bd08cab4fd78:essential,essential,3,,0.5,true,source_mapped,not_reviewed,,,,2026.1
CPX-OCC-CBE-007,CPX-SKL-AUTO-3303E435,esco,http://data.europa.eu/esco/occupation/2a914d26-42aa-46b5-acf3-097d51ba4617:http://data.europa.eu/esco/skill/3b64ab47-a874-403a-b781-7b23c2fc3c6c:essential,essential,3,,0.5,true,source_mapped,not_reviewed,,,,2026.1
CPX-OCC-CBE-007,CPX-SKL-AUTO-6F647F1B,esco,http://data.europa.eu/esco/occupation/2a914d26-42aa-46b5-acf3-097d51ba4617:http://data.europa.eu/esco/skill/42b23922-1c40-4dbe-9e0c-7a568dfdf06b:optional,desirable,3,,0.5,true,source_mapped,not_reviewed,,,,2026.1
CPX-OCC-CBE-007,CPX-SKL-AUTO-E470E871,esco,http://data.europa.eu/esco/occupation/2a914d26-42aa-46b5-acf3-097d51ba4617:http://data.europa.eu/esco/skill/59ea80e1-463a-4dba-82c6-d0b6d577d532:essential,essential,3,,0.5,true,source_mapped,not_reviewed,,,,2026.1
CPX-OCC-CBE-007,CPX-SKL-AUTO-5C33599D,esco,http://data.europa.eu/esco/occupation/2a914d26-42aa-46b5-acf3-097d51ba4617:http://data.europa.eu/esco/skill/615cfc39-797f-4229-8e92-159fcf8f3030:essential,essential,3,,0.5,true,source_mapped,not_reviewed,,,,2026.1
CPX-OCC-CBE-007,CPX-SKL-AUTO-3F2E058C,esco,http://data.europa.eu/esco/occupation/2a914d26-42aa-46b5-acf3-097d51ba4617:http://data.europa.eu/esco/skill/6181f475-110c-497c-a46d-ed2e14e7bc90:optional,desirable,3,,0.5,true,source_mapped,not_reviewed,,,,2026.1
CPX-OCC-CBE-007,CPX-SKL-AUTO-FDD48A42,esco,http://data.europa.eu/esco/occupation/2a914d26-42aa-46b5-acf3-097d51ba4617:http://data.europa.eu/esco/skill/82887396-e5bf-4306-af51-3fe8d82790b2:optional,desirable,3,,0.5,true,source_mapped,not_reviewed,,,,2026.1
CPX-OCC-CBE-007,CPX-SKL-AUTO-B40B55C3,esco,http://data.europa.eu/esco/occupation/2a914d26-42aa-46b5-acf3-097d51ba4617:http://data.europa.eu/esco/skill/cc173f61-3386-44c5-a048-3889e1ec9114:essential,essential,3,,0.5,true,source_mapped,not_reviewed,,,,2026.1
CPX-OCC-CBE-007,CPX-SKL-AUTO-DA0A87CC,esco,http://data.europa.eu/esco/occupation/2a914d26-42aa-46b5-acf3-097d51ba4617:http://data.europa.eu/esco/skill/d74df140-eb69-43e2-bac9-1cafc824d702:essential,essential,3,,0.5,true,source_mapped,not_reviewed,,,,2026.1
CPX-OCC-CBE-007,CPX-SKL-AUTO-A16A9B91,esco,http://data.europa.eu/esco/occupation/2a914d26-42aa-46b5-acf3-097d51ba4617:http://data.europa.eu/esco/skill/d9e5349e-8791-49c2-8ba4-839fdd1606c2:essential,essential,3,,0.5,true,source_mapped,not_reviewed,,,,2026.1
CPX-OCC-CBE-007,CPX-SKL-AUTO-CDD70154,esco,http://data.europa.eu/esco/occupation/2a914d26-42aa-46b5-acf3-097d51ba4617:http://data.europa.eu/esco/skill/f0f93b8b-0ee4-4452-945e-4a2272c0d8dd:essential,essential,3,,0.5,true,source_mapped,not_reviewed,,,,2026.1
CPX-OCC-ENG-015,CPX-SKL-AUTO-02EE932D,esco,http://data.europa.eu/esco/occupation/2bb8adee-2b84-4d7b-84f9-0620bc09ada8:http://data.europa.eu/esco/skill/136596a4-00b5-4ed3-bb6e-717198c1ccbe:optional,desirable,3,,0.5,true,source_mapped,not_reviewed,,,,2026.1
CPX-OCC-ENG-015,CPX-SKL-AUTO-4DF13081,esco,http://data.europa.eu/esco/occupation/2bb8adee-2b84-4d7b-84f9-0620bc09ada8:http://data.europa.eu/esco/skill/16c8eade-5c2b-4c9c-a60d-6799dbc758a3:essential,essential,3,,0.5,true,source_mapped,not_reviewed,,,,2026.1
CPX-OCC-ENG-015,CPX-SKL-AUTO-3A4298F8,esco,http://data.europa.eu/esco/occupation/2bb8adee-2b84-4d7b-84f9-0620bc09ada8:http://data.europa.eu/esco/skill/19ec88aa-c0b1-4515-ba10-56b6cf27369e:optional,desirable,3,,0.5,true,source_mapped,not_reviewed,,,,2026.1
CPX-OCC-ENG-015,CPX-SKL-AUTO-3E770F62,esco,http://data.europa.eu/esco/occupation/2bb8adee-2b84-4d7b-84f9-0620bc09ada8:http://data.europa.eu/esco/skill/2aff3316-15b8-4ca1-8ae2-270bd5fd22e1:optional,desirable,3,,0.5,true,source_mapped,not_reviewed,,,,2026.1
CPX-OCC-ENG-015,CPX-SKL-AUTO-081400C1,esco,http://data.europa.eu/esco/occupation/2bb8adee-2b84-4d7b-84f9-0620bc09ada8:http://data.europa.eu/esco/skill/2bbdea06-a265-42b5-bb4f-7241b661f069:essential,essential,3,,0.5,true,source_mapped,not_reviewed,,,,2026.1
CPX-OCC-ENG-015,CPX-SKL-AUTO-4E8960AB,esco,http://data.europa.eu/esco/occupation/2bb8adee-2b84-4d7b-84f9-0620bc09ada8:http://data.europa.eu/esco/skill/465ff64a-1271-4064-8ed1-e969cb68d8b4:essential,essential,3,,0.5,true,source_mapped,not_reviewed,,,,2026.1
CPX-OCC-ENG-015,CPX-SKL-AUTO-CB01B914,esco,http://data.europa.eu/esco/occupation/2bb8adee-2b84-4d7b-84f9-0620bc09ada8:http://data.europa.eu/esco/skill/5bf7f85a-b080-4b27-8ddc-9f62af4643f5:essential,essential,3,,0.5,true,source_mapped,not_reviewed,,,,2026.1
CPX-OCC-ENG-015,CPX-SKL-AUTO-1CA2A377,esco,http://data.europa.eu/esco/occupation/2bb8adee-2b84-4d7b-84f9-0620bc09ada8:http://data.europa.eu/esco/skill/5d71a91f-cc72-4b66-b6e3-d75ecc05e235:essential,essential,3,,0.5,true,source_mapped,not_reviewed,,,,2026.1
CPX-OCC-ENG-015,CPX-SKL-AUTO-F2A5DD0B,esco,http://data.europa.eu/esco/occupation/2bb8adee-2b84-4d7b-84f9-0620bc09ada8:http://data.europa.eu/esco/skill/6122d586-5978-431f-8e7a-96e61fc1f3fc:essential,essential,3,,0.5,true,source_mapped,not_reviewed,,,,2026.1
CPX-OCC-ENG-015,CPX-SKL-AUTO-B257C61C,esco,http://data.europa.eu/esco/occupation/2bb8adee-2b84-4d7b-84f9-0620bc09ada8:http://data.europa.eu/esco/skill/68b6ef08-d823-489d-a95c-752ae6f6e6a7:essential,essential,3,,0.5,true,source_mapped,not_reviewed,,,,2026.1
CPX-OCC-ENG-015,CPX-SKL-AUTO-D4C5566D,esco,http://data.europa.eu/esco/occupation/2bb8adee-2b84-4d7b-84f9-0620bc09ada8:http://data.europa.eu/esco/skill/68e66ed6-a171-4350-8ec1-2cfc4cae50e4:optional,desirable,3,,0.5,true,source_mapped,not_reviewed,,,,2026.1
CPX-OCC-ENG-015,CPX-SKL-AUTO-6109699C,esco,http://data.europa.eu/esco/occupation/2bb8adee-2b84-4d7b-84f9-0620bc09ada8:http://data.europa.eu/esco/skill/81665015-4963-472c-9b5a-f2cf13ae9de0:optional,desirable,3,,0.5,true,source_mapped,not_reviewed,,,,2026.1
CPX-OCC-ENG-015,CPX-SKL-AUTO-352E7A5E,esco,http://data.europa.eu/esco/occupation/2bb8adee-2b84-4d7b-84f9-0620bc09ada8:http://data.europa.eu/esco/skill/81d274bc-6dbf-4003-bcba-f76478d5d930:optional,desirable,3,,0.5,true,source_mapped,not_reviewed,,,,2026.1
CPX-OCC-ENG-015,CPX-SKL-AUTO-8695F01D,esco,http://data.europa.eu/esco/occupation/2bb8adee-2b84-4d7b-84f9-0620bc09ada8:http://data.europa.eu/esco/skill/8d4271ca-c9fd-40b3-875f-15f78332a49e:optional,desirable,3,,0.5,true,source_mapped,not_reviewed,,,,2026.1
CPX-OCC-ENG-015,CPX-SKL-AUTO-ED29323F,esco,http://data.europa.eu/esco/occupation/2bb8adee-2b84-4d7b-84f9-0620bc09ada8:http://data.europa.eu/esco/skill/af0b1937-7538-434f-871b-7e8f72e04117:essential,essential,3,,0.5,true,source_mapped,not_reviewed,,,,2026.1
CPX-OCC-ENG-015,CPX-SKL-AUTO-C5355881,esco,http://data.europa.eu/esco/occupation/2bb8adee-2b84-4d7b-84f9-0620bc09ada8:http://data.europa.eu/esco/skill/b7b381f5-7de2-4f91-9a8f-524041cb47d9:essential,essential,3,,0.5,true,source_mapped,not_reviewed,,,,2026.1
CPX-OCC-ENG-015,CPX-SKL-AUTO-E7427129,esco,http://data.europa.eu/esco/occupation/2bb8adee-2b84-4d7b-84f9-0620bc09ada8:http://data.europa.eu/esco/skill/bf1f763e-c505-46e7-8af3-e48f13ec5f44:essential,essential,3,,0.5,true,source_mapped,not_reviewed,,,,2026.1
CPX-OCC-ENG-015,CPX-SKL-AUTO-BB6690B7,esco,http://data.europa.eu/esco/occupation/2bb8adee-2b84-4d7b-84f9-0620bc09ada8:http://data.europa.eu/esco/skill/d8c19849-f4cf-458d-90cd-abe735a729bf:essential,essential,3,,0.5,true,source_mapped,not_reviewed,,,,2026.1
CPX-OCC-ENG-015,CPX-SKL-AUTO-69DCCE78,esco,http://data.europa.eu/esco/occupation/2bb8adee-2b84-4d7b-84f9-0620bc09ada8:http://data.europa.eu/esco/skill/f30a7ea4-77dd-452c-8a2d-b06c12606a7f:essential,essential,3,,0.5,true,source_mapped,not_reviewed,,,,2026.1
CPX-OCC-ENG-015,CPX-SKL-AUTO-E22DCBD2,esco,http://data.europa.eu/esco/occupation/2bb8adee-2b84-4d7b-84f9-0620bc09ada8:http://data.europa.eu/esco/skill/f4a6e9f7-5cff-46c0-894c-59c20bb78694:optional,desirable,3,,0.5,true,source_mapped,not_reviewed,,,,2026.1
CPX-OCC-PPM-003,CPX-SKL-AUTO-E833ED69,esco,http://data.europa.eu/esco/occupation/2c8a4b72-21f4-4ab1-9dbd-1cae779211b7:http://data.europa.eu/esco/skill/d15ce60f-ddab-41ce-ba56-398451b77b60:optional,desirable,3,,0.5,true,source_mapped,not_reviewed,,,,2026.1
CPX-OCC-PPM-003,CPX-SKL-AUTO-183D026F,esco,http://data.europa.eu/esco/occupation/2c8a4b72-21f4-4ab1-9dbd-1cae779211b7:http://data.europa.eu/esco/skill/e54ff029-1ce9-447d-a5b2-eb7283a23e6e:essential,essential,3,,0.5,true,source_mapped,not_reviewed,,,,2026.1
CPX-OCC-ENG-020,CPX-SKL-AUTO-189AD04A,esco,http://data.europa.eu/esco/occupation/2ef000b1-8058-4e5a-9646-c5d4e7dbfdae:http://data.europa.eu/esco/skill/04dfd9fb-e0cf-40f6-96c6-9d2280c4347e:essential,essential,3,,0.5,true,source_mapped,not_reviewed,,,,2026.1
CPX-OCC-ENG-006,CPX-SKL-AUTO-F4DBDF24,esco,http://data.europa.eu/esco/occupation/3f3748a7-4bb3-40b4-9ae3-1c5040c70f52:http://data.europa.eu/esco/skill/016cee6c-9e95-466c-bd51-d63327751aa2:essential,essential,3,,0.5,true,source_mapped,not_reviewed,,,,2026.1
CPX-OCC-ENG-006,CPX-SKL-AUTO-D2071E24,esco,http://data.europa.eu/esco/occupation/3f3748a7-4bb3-40b4-9ae3-1c5040c70f52:http://data.europa.eu/esco/skill/0520d8ba-3c24-4f75-a8b0-f883ddeed82d:essential,essential,3,,0.5,true,source_mapped,not_reviewed,,,,2026.1
CPX-OCC-ENG-006,CPX-SKL-AUTO-1F9A12CD,esco,http://data.europa.eu/esco/occupation/3f3748a7-4bb3-40b4-9ae3-1c5040c70f52:http://data.europa.eu/esco/skill/089ee650-297e-4716-87d1-440743b70a0d:essential,essential,3,,0.5,true,source_mapped,not_reviewed,,,,2026.1
CPX-OCC-ENG-006,CPX-SKL-AUTO-EEFF1DED,esco,http://data.europa.eu/esco/occupation/3f3748a7-4bb3-40b4-9ae3-1c5040c70f52:http://data.europa.eu/esco/skill/09276365-d4a2-45d0-a5c6-3b25e306f6d9:essential,essential,3,,0.5,true,source_mapped,not_reviewed,,,,2026.1
CPX-OCC-ENG-006,CPX-SKL-AUTO-95C21AA3,esco,http://data.europa.eu/esco/occupation/3f3748a7-4bb3-40b4-9ae3-1c5040c70f52:http://data.europa.eu/esco/skill/0f040ee7-075c-4986-9a6c-d20f846d69d6:essential,essential,3,,0.5,true,source_mapped,not_reviewed,,,,2026.1
CPX-OCC-ENG-006,CPX-SKL-AUTO-B6A6E95A,esco,http://data.europa.eu/esco/occupation/3f3748a7-4bb3-40b4-9ae3-1c5040c70f52:http://data.europa.eu/esco/skill/16010de9-b33f-4766-93d3-8ea0c6458a68:essential,essential,3,,0.5,true,source_mapped,not_reviewed,,,,2026.1
CPX-OCC-ENG-006,CPX-SKL-AUTO-D78AC5BE,esco,http://data.europa.eu/esco/occupation/3f3748a7-4bb3-40b4-9ae3-1c5040c70f52:http://data.europa.eu/esco/skill/1dd23dba-dd00-45ab-abf4-642902538317:essential,essential,3,,0.5,true,source_mapped,not_reviewed,,,,2026.1
CPX-OCC-ENG-006,CPX-SKL-AUTO-A86AACE0,esco,http://data.europa.eu/esco/occupation/3f3748a7-4bb3-40b4-9ae3-1c5040c70f52:http://data.europa.eu/esco/skill/1dea2f3a-857c-4fc3-b1f8-d5f2015c46a9:essential,essential,3,,0.5,true,source_mapped,not_reviewed,,,,2026.1
CPX-OCC-ENG-006,CPX-SKL-AUTO-6E906103,esco,http://data.europa.eu/esco/occupation/3f3748a7-4bb3-40b4-9ae3-1c5040c70f52:http://data.europa.eu/esco/skill/1fdbb8ac-0f77-4261-b28c-6ff6a46ad096:essential,essential,3,,0.5,true,source_mapped,not_reviewed,,,,2026.1
CPX-OCC-ENG-006,CPX-SKL-AUTO-AF38D05B,esco,http://data.europa.eu/esco/occupation/3f3748a7-4bb3-40b4-9ae3-1c5040c70f52:http://data.europa.eu/esco/skill/21c5790c-0930-4d74-b3b0-84caf5af12ea:essential,essential,3,,0.5,true,source_mapped,not_reviewed,,,,2026.1
CPX-OCC-ENG-006,CPX-SKL-AUTO-D515D9E5,esco,http://data.europa.eu/esco/occupation/3f3748a7-4bb3-40b4-9ae3-1c5040c70f52:http://data.europa.eu/esco/skill/2239694b-771a-4586-8b54-2794e361a9ae:essential,essential,3,,0.5,true,source_mapped,not_reviewed,,,,2026.1
CPX-OCC-ENG-006,CPX-SKL-AUTO-91DC5F0A,esco,http://data.europa.eu/esco/occupation/3f3748a7-4bb3-40b4-9ae3-1c5040c70f52:http://data.europa.eu/esco/skill/25a713ba-cbc0-4388-80ca-dad1b7629533:essential,essential,3,,0.5,true,source_mapped,not_reviewed,,,,2026.1
CPX-OCC-ENG-006,CPX-SKL-AUTO-5F426C84,esco,http://data.europa.eu/esco/occupation/3f3748a7-4bb3-40b4-9ae3-1c5040c70f52:http://data.europa.eu/esco/skill/284e28fc-7218-4ebc-a4bc-406f95f26d8e:optional,desirable,3,,0.5,true,source_mapped,not_reviewed,,,,2026.1
CPX-OCC-ENG-006,CPX-SKL-AUTO-1698F006,esco,http://data.europa.eu/esco/occupation/3f3748a7-4bb3-40b4-9ae3-1c5040c70f52:http://data.europa.eu/esco/skill/378b4cd5-ced1-4133-82e6-6d12bee2553b:essential,essential,3,,0.5,true,source_mapped,not_reviewed,,,,2026.1
CPX-OCC-ENG-006,CPX-SKL-AUTO-DCAAA5C3,esco,http://data.europa.eu/esco/occupation/3f3748a7-4bb3-40b4-9ae3-1c5040c70f52:http://data.europa.eu/esco/skill/37ab8cef-8abf-43be-a71f-1e45aef610b8:essential,essential,3,,0.5,true,source_mapped,not_reviewed,,,,2026.1
CPX-OCC-ENG-006,CPX-SKL-AUTO-16A15640,esco,http://data.europa.eu/esco/occupation/3f3748a7-4bb3-40b4-9ae3-1c5040c70f52:http://data.europa.eu/esco/skill/3cd35f5d-ce6d-4f14-9a09-53d7a28d834c:essential,essential,3,,0.5,true,source_mapped,not_reviewed,,,,2026.1
CPX-OCC-ENG-006,CPX-SKL-AUTO-4C98B987,esco,http://data.europa.eu/esco/occupation/3f3748a7-4bb3-40b4-9ae3-1c5040c70f52:http://data.europa.eu/esco/skill/3d3ee5c3-4286-457f-9f76-1704011f7e11:essential,essential,3,,0.5,true,source_mapped,not_reviewed,,,,2026.1
CPX-OCC-ENG-006,CPX-SKL-AUTO-BE0AACB6,esco,http://data.europa.eu/esco/occupation/3f3748a7-4bb3-40b4-9ae3-1c5040c70f52:http://data.europa.eu/esco/skill/415abd43-e8e5-4643-b5da-5f11307af57a:essential,essential,3,,0.5,true,source_mapped,not_reviewed,,,,2026.1
CPX-OCC-ENG-006,CPX-SKL-AUTO-B8700F8E,esco,http://data.europa.eu/esco/occupation/3f3748a7-4bb3-40b4-9ae3-1c5040c70f52:http://data.europa.eu/esco/skill/4b2c4de9-43d7-4905-9d58-bc2e7d84b2e1:essential,essential,3,,0.5,true,source_mapped,not_reviewed,,,,2026.1
CPX-OCC-ENG-006,CPX-SKL-AUTO-383BFE3F,esco,http://data.europa.eu/esco/occupation/3f3748a7-4bb3-40b4-9ae3-1c5040c70f52:http://data.europa.eu/esco/skill/4be5ce29-9ecb-47c6-b38d-a2552230dd3f:essential,essential,3,,0.5,true,source_mapped,not_reviewed,,,,2026.1
CPX-OCC-ENG-006,CPX-SKL-AUTO-8070B6BC,esco,http://data.europa.eu/esco/occupation/3f3748a7-4bb3-40b4-9ae3-1c5040c70f52:http://data.europa.eu/esco/skill/6172948e-5d52-4f94-a617-278a9013a8ae:essential,essential,3,,0.5,true,source_mapped,not_reviewed,,,,2026.1
CPX-OCC-ENG-006,CPX-SKL-AUTO-A21B8983,esco,http://data.europa.eu/esco/occupation/3f3748a7-4bb3-40b4-9ae3-1c5040c70f52:http://data.europa.eu/esco/skill/7ee4c2ea-b349-4bd2-81a3-ec31475d4833:essential,essential,3,,0.5,true,source_mapped,not_reviewed,,,,2026.1
CPX-OCC-ENG-006,CPX-SKL-AUTO-62B47F83,esco,http://data.europa.eu/esco/occupation/3f3748a7-4bb3-40b4-9ae3-1c5040c70f52:http://data.europa.eu/esco/skill/81db5616-3c98-4317-a728-5dae08d44bd4:essential,essential,3,,0.5,true,source_mapped,not_reviewed,,,,2026.1
CPX-OCC-ENG-006,CPX-SKL-AUTO-021C61CC,esco,http://data.europa.eu/esco/occupation/3f3748a7-4bb3-40b4-9ae3-1c5040c70f52:http://data.europa.eu/esco/skill/8abdc43c-2bfd-417c-97c2-27fcdaf53171:essential,essential,3,,0.5,true,source_mapped,not_reviewed,,,,2026.1
CPX-OCC-ENG-006,CPX-SKL-AUTO-80041166,esco,http://data.europa.eu/esco/occupation/3f3748a7-4bb3-40b4-9ae3-1c5040c70f52:http://data.europa.eu/esco/skill/941364b9-1375-4add-9889-d67bae99bc8c:essential,essential,3,,0.5,true,source_mapped,not_reviewed,,,,2026.1
CPX-OCC-ENG-006,CPX-SKL-AUTO-DBB58236,esco,http://data.europa.eu/esco/occupation/3f3748a7-4bb3-40b4-9ae3-1c5040c70f52:http://data.europa.eu/esco/skill/aaee0ebe-d6f5-4355-8fed-460963306445:essential,essential,3,,0.5,true,source_mapped,not_reviewed,,,,2026.1
CPX-OCC-ENG-006,CPX-SKL-AUTO-6FDB5F63,esco,http://data.europa.eu/esco/occupation/3f3748a7-4bb3-40b4-9ae3-1c5040c70f52:http://data.europa.eu/esco/skill/b251544f-7b92-46d5-8e14-97f59ce1c7dc:essential,essential,3,,0.5,true,source_mapped,not_reviewed,,,,2026.1
CPX-OCC-ENG-006,CPX-SKL-AUTO-AF950849,esco,http://data.europa.eu/esco/occupation/3f3748a7-4bb3-40b4-9ae3-1c5040c70f52:http://data.europa.eu/esco/skill/c32ad607-0c4d-4e34-b73f-668298f7bf13:essential,essential,3,,0.5,true,source_mapped,not_reviewed,,,,2026.1
CPX-OCC-ENG-006,CPX-SKL-AUTO-E833ED69,esco,http://data.europa.eu/esco/occupation/3f3748a7-4bb3-40b4-9ae3-1c5040c70f52:http://data.europa.eu/esco/skill/d15ce60f-ddab-41ce-ba56-398451b77b60:essential,essential,3,,0.5,true,source_mapped,not_reviewed,,,,2026.1
CPX-OCC-ENG-006,CPX-SKL-AUTO-CDD70154,esco,http://data.europa.eu/esco/occupation/3f3748a7-4bb3-40b4-9ae3-1c5040c70f52:http://data.europa.eu/esco/skill/f0f93b8b-0ee4-4452-945e-4a2272c0d8dd:essential,essential,3,,0.5,true,source_mapped,not_reviewed,,,,2026.1
CPX-OCC-ENG-006,CPX-SKL-AUTO-22C84677,esco,http://data.europa.eu/esco/occupation/3f3748a7-4bb3-40b4-9ae3-1c5040c70f52:http://data.europa.eu/esco/skill/faf8943c-72ff-4736-a587-25508695d6f0:essential,essential,3,,0.5,true,source_mapped,not_reviewed,,,,2026.1
CPX-OCC-ENG-011,CPX-SKL-AUTO-217B3D30,esco,http://data.europa.eu/esco/occupation/42381741-f3a7-4b26-b35c-da6fad9f1cfd:http://data.europa.eu/esco/skill/03b9b491-fc9b-4868-914a-bf7cd47b5041:essential,essential,3,,0.5,true,source_mapped,not_reviewed,,,,2026.1
CPX-OCC-ENG-011,CPX-SKL-AUTO-0CE30C7C,esco,http://data.europa.eu/esco/occupation/42381741-f3a7-4b26-b35c-da6fad9f1cfd:http://data.europa.eu/esco/skill/12c7b323-d870-4f5b-9d7d-d9f525206d77:optional,desirable,3,,0.5,true,source_mapped,not_reviewed,,,,2026.1
CPX-OCC-ENG-011,CPX-SKL-AUTO-0319B6D4,esco,http://data.europa.eu/esco/occupation/42381741-f3a7-4b26-b35c-da6fad9f1cfd:http://data.europa.eu/esco/skill/1a3660c2-011c-4e96-9b1d-529afc305428:essential,essential,3,,0.5,true,source_mapped,not_reviewed,,,,2026.1
CPX-OCC-ENG-011,CPX-SKL-AUTO-0279C024,esco,http://data.europa.eu/esco/occupation/42381741-f3a7-4b26-b35c-da6fad9f1cfd:http://data.europa.eu/esco/skill/209a5498-3449-4689-8ed9-bd08cab4fd78:essential,essential,3,,0.5,true,source_mapped,not_reviewed,,,,2026.1
CPX-OCC-ENG-011,CPX-SKL-AUTO-5836997E,esco,http://data.europa.eu/esco/occupation/42381741-f3a7-4b26-b35c-da6fad9f1cfd:http://data.europa.eu/esco/skill/2964011e-f828-4c6c-b98b-51e984d66365:essential,essential,3,,0.5,true,source_mapped,not_reviewed,,,,2026.1
CPX-OCC-ENG-011,CPX-SKL-AUTO-959DB502,esco,http://data.europa.eu/esco/occupation/42381741-f3a7-4b26-b35c-da6fad9f1cfd:http://data.europa.eu/esco/skill/328733a7-6d84-420d-a65c-2a8014fadc60:optional,desirable,3,,0.5,true,source_mapped,not_reviewed,,,,2026.1
CPX-OCC-ENG-011,CPX-SKL-AUTO-BC270433,esco,http://data.europa.eu/esco/occupation/42381741-f3a7-4b26-b35c-da6fad9f1cfd:http://data.europa.eu/esco/skill/334e3e49-fb02-4051-809a-f06adfdc1c40:essential,essential,3,,0.5,true,source_mapped,not_reviewed,,,,2026.1
CPX-OCC-ENG-011,CPX-SKL-AUTO-F260B394,esco,http://data.europa.eu/esco/occupation/42381741-f3a7-4b26-b35c-da6fad9f1cfd:http://data.europa.eu/esco/skill/3786b61f-f22e-48d1-af8d-ad4c354534db:optional,desirable,3,,0.5,true,source_mapped,not_reviewed,,,,2026.1
CPX-OCC-ENG-011,CPX-SKL-AUTO-9918DFB6,esco,http://data.europa.eu/esco/occupation/42381741-f3a7-4b26-b35c-da6fad9f1cfd:http://data.europa.eu/esco/skill/3c6fe585-7d12-4315-b579-e30c042088ce:optional,desirable,3,,0.5,true,source_mapped,not_reviewed,,,,2026.1
CPX-OCC-ENG-011,CPX-SKL-AUTO-6F647F1B,esco,http://data.europa.eu/esco/occupation/42381741-f3a7-4b26-b35c-da6fad9f1cfd:http://data.europa.eu/esco/skill/42b23922-1c40-4dbe-9e0c-7a568dfdf06b:essential,essential,3,,0.5,true,source_mapped,not_reviewed,,,,2026.1
CPX-OCC-ENG-011,CPX-SKL-AUTO-4E8960AB,esco,http://data.europa.eu/esco/occupation/42381741-f3a7-4b26-b35c-da6fad9f1cfd:http://data.europa.eu/esco/skill/465ff64a-1271-4064-8ed1-e969cb68d8b4:optional,desirable,3,,0.5,true,source_mapped,not_reviewed,,,,2026.1
CPX-OCC-ENG-011,CPX-SKL-AUTO-CD7335A8,esco,http://data.europa.eu/esco/occupation/42381741-f3a7-4b26-b35c-da6fad9f1cfd:http://data.europa.eu/esco/skill/632843be-2872-47b4-a92e-352629f9bd88:optional,desirable,3,,0.5,true,source_mapped,not_reviewed,,,,2026.1
CPX-OCC-ENG-011,CPX-SKL-AUTO-B257C61C,esco,http://data.europa.eu/esco/occupation/42381741-f3a7-4b26-b35c-da6fad9f1cfd:http://data.europa.eu/esco/skill/68b6ef08-d823-489d-a95c-752ae6f6e6a7:optional,desirable,3,,0.5,true,source_mapped,not_reviewed,,,,2026.1
CPX-OCC-ENG-011,CPX-SKL-AUTO-A166F55A,esco,http://data.europa.eu/esco/occupation/42381741-f3a7-4b26-b35c-da6fad9f1cfd:http://data.europa.eu/esco/skill/69f23426-9279-4fe6-a283-24c2aa4c855d:optional,desirable,3,,0.5,true,source_mapped,not_reviewed,,,,2026.1
CPX-OCC-ENG-011,CPX-SKL-AUTO-40628FD9,esco,http://data.europa.eu/esco/occupation/42381741-f3a7-4b26-b35c-da6fad9f1cfd:http://data.europa.eu/esco/skill/72a74f69-5cf1-43c5-99b9-62a444578919:essential,essential,3,,0.5,true,source_mapped,not_reviewed,,,,2026.1
CPX-OCC-ENG-011,CPX-SKL-AUTO-CFC4C6AB,esco,http://data.europa.eu/esco/occupation/42381741-f3a7-4b26-b35c-da6fad9f1cfd:http://data.europa.eu/esco/skill/74374d09-7a54-4a05-ae78-d5940423de7c:optional,desirable,3,,0.5,true,source_mapped,not_reviewed,,,,2026.1
CPX-OCC-ENG-011,CPX-SKL-AUTO-86C67F1C,esco,http://data.europa.eu/esco/occupation/42381741-f3a7-4b26-b35c-da6fad9f1cfd:http://data.europa.eu/esco/skill/7d0f33ea-e724-4d77-8b75-ee4fe66bb9ba:optional,desirable,3,,0.5,true,source_mapped,not_reviewed,,,,2026.1
CPX-OCC-ENG-011,CPX-SKL-AUTO-550464DF,esco,http://data.europa.eu/esco/occupation/42381741-f3a7-4b26-b35c-da6fad9f1cfd:http://data.europa.eu/esco/skill/81a2db2c-7e55-44d0-9cd9-74c25147d7cd:essential,essential,3,,0.5,true,source_mapped,not_reviewed,,,,2026.1
CPX-OCC-ENG-011,CPX-SKL-AUTO-44F08C05,esco,http://data.europa.eu/esco/occupation/42381741-f3a7-4b26-b35c-da6fad9f1cfd:http://data.europa.eu/esco/skill/8c474534-707f-46f3-b356-810bbfe8b693:essential,essential,3,,0.5,true,source_mapped,not_reviewed,,,,2026.1
CPX-OCC-ENG-011,CPX-SKL-AUTO-41EE425A,esco,http://data.europa.eu/esco/occupation/42381741-f3a7-4b26-b35c-da6fad9f1cfd:http://data.europa.eu/esco/skill/94b2c46e-6338-4a1d-950a-d44eef018c53:essential,essential,3,,0.5,true,source_mapped,not_reviewed,,,,2026.1
CPX-OCC-ENG-011,CPX-SKL-AUTO-872A612F,esco,http://data.europa.eu/esco/occupation/42381741-f3a7-4b26-b35c-da6fad9f1cfd:http://data.europa.eu/esco/skill/a2b5dcf3-5b6a-453d-876c-cff540c0faf1:essential,essential,3,,0.5,true,source_mapped,not_reviewed,,,,2026.1
CPX-OCC-ENG-011,CPX-SKL-AUTO-871E6AB9,esco,http://data.europa.eu/esco/occupation/42381741-f3a7-4b26-b35c-da6fad9f1cfd:http://data.europa.eu/esco/skill/a933a46f-d4d8-4e96-a7f7-345725111bfa:optional,desirable,3,,0.5,true,source_mapped,not_reviewed,,,,2026.1
CPX-OCC-ENG-011,CPX-SKL-AUTO-518B0746,esco,http://data.europa.eu/esco/occupation/42381741-f3a7-4b26-b35c-da6fad9f1cfd:http://data.europa.eu/esco/skill/a9d2af37-f208-4ce8-8cc2-24de0b02b555:optional,desirable,3,,0.5,true,source_mapped,not_reviewed,,,,2026.1
CPX-OCC-ENG-011,CPX-SKL-AUTO-052B962E,esco,http://data.europa.eu/esco/occupation/42381741-f3a7-4b26-b35c-da6fad9f1cfd:http://data.europa.eu/esco/skill/b34e2ba1-9080-48c9-9b42-ee9192a4d3f1:essential,essential,3,,0.5,true,source_mapped,not_reviewed,,,,2026.1
CPX-OCC-ENG-011,CPX-SKL-AUTO-FA2D4962,esco,http://data.europa.eu/esco/occupation/42381741-f3a7-4b26-b35c-da6fad9f1cfd:http://data.europa.eu/esco/skill/cdd2b6cc-b4a9-42a0-824b-766f52176fd3:optional,desirable,3,,0.5,true,source_mapped,not_reviewed,,,,2026.1
CPX-OCC-ENG-011,CPX-SKL-AUTO-60BCDAD0,esco,http://data.europa.eu/esco/occupation/42381741-f3a7-4b26-b35c-da6fad9f1cfd:http://data.europa.eu/esco/skill/cfbde1b6-8e47-4b83-b430-3d5f7f38d69a:optional,desirable,3,,0.5,true,source_mapped,not_reviewed,,,,2026.1
CPX-OCC-ENG-011,CPX-SKL-AUTO-4A18059D,esco,http://data.europa.eu/esco/occupation/42381741-f3a7-4b26-b35c-da6fad9f1cfd:http://data.europa.eu/esco/skill/d1072655-88ce-4445-8803-e6273da273e7:optional,desirable,3,,0.5,true,source_mapped,not_reviewed,,,,2026.1
CPX-OCC-ENG-011,CPX-SKL-AUTO-F8C25EF2,esco,http://data.europa.eu/esco/occupation/42381741-f3a7-4b26-b35c-da6fad9f1cfd:http://data.europa.eu/esco/skill/d52382fe-f236-421f-95fe-34fe69d48dbd:optional,desirable,3,,0.5,true,source_mapped,not_reviewed,,,,2026.1
CPX-OCC-ENG-011,CPX-SKL-AUTO-E7948D2D,esco,http://data.europa.eu/esco/occupation/42381741-f3a7-4b26-b35c-da6fad9f1cfd:http://data.europa.eu/esco/skill/efa141df-f382-418f-9121-bd88fd735669:essential,essential,3,,0.5,true,source_mapped,not_reviewed,,,,2026.1
CPX-OCC-ENG-011,CPX-SKL-AUTO-4D910082,esco,http://data.europa.eu/esco/occupation/42381741-f3a7-4b26-b35c-da6fad9f1cfd:http://data.europa.eu/esco/skill/f1b5800e-b763-4740-9586-3fef30568e81:optional,desirable,3,,0.5,true,source_mapped,not_reviewed,,,,2026.1
CPX-OCC-ENG-011,CPX-SKL-AUTO-A331B015,esco,http://data.europa.eu/esco/occupation/42381741-f3a7-4b26-b35c-da6fad9f1cfd:http://data.europa.eu/esco/skill/fd4386c5-96f0-4c6e-970c-c08729ae0cc6:essential,essential,3,,0.5,true,source_mapped,not_reviewed,,,,2026.1
CPX-OCC-ENG-001,CPX-SKL-AUTO-68005987,esco,http://data.europa.eu/esco/occupation/44508e7b-f56b-4bfb-9cd6-879838aecd94:http://data.europa.eu/esco/skill/0435fe96-523f-4888-a76f-22df1e92d9c4:optional,desirable,3,,0.5,true,source_mapped,not_reviewed,,,,2026.1
CPX-OCC-ENG-001,CPX-SKL-AUTO-A9093D61,esco,http://data.europa.eu/esco/occupation/44508e7b-f56b-4bfb-9cd6-879838aecd94:http://data.europa.eu/esco/skill/081d7679-5070-4777-bece-a28c49f15636:essential,essential,3,,0.5,true,source_mapped,not_reviewed,,,,2026.1
CPX-OCC-ENG-001,CPX-SKL-AUTO-33027CCE,esco,http://data.europa.eu/esco/occupation/44508e7b-f56b-4bfb-9cd6-879838aecd94:http://data.europa.eu/esco/skill/120b9b87-3aad-4a42-b5e7-1b146a672038:optional,desirable,3,,0.5,true,source_mapped,not_reviewed,,,,2026.1
CPX-OCC-ENG-001,CPX-SKL-AUTO-4ABD26E9,esco,http://data.europa.eu/esco/occupation/44508e7b-f56b-4bfb-9cd6-879838aecd94:http://data.europa.eu/esco/skill/1cca610d-2afc-44a7-97fc-f2262fb5fc75:essential,essential,3,,0.5,true,source_mapped,not_reviewed,,,,2026.1
CPX-OCC-ENG-001,CPX-SKL-AUTO-9BF7F092,esco,http://data.europa.eu/esco/occupation/44508e7b-f56b-4bfb-9cd6-879838aecd94:http://data.europa.eu/esco/skill/1f632076-fd9b-4b18-a9a2-b59a59181d3e:essential,essential,3,,0.5,true,source_mapped,not_reviewed,,,,2026.1
CPX-OCC-ENG-001,CPX-SKL-AUTO-0279C024,esco,http://data.europa.eu/esco/occupation/44508e7b-f56b-4bfb-9cd6-879838aecd94:http://data.europa.eu/esco/skill/209a5498-3449-4689-8ed9-bd08cab4fd78:essential,essential,3,,0.5,true,source_mapped,not_reviewed,,,,2026.1
CPX-OCC-ENG-001,CPX-SKL-AUTO-8C38C854,esco,http://data.europa.eu/esco/occupation/44508e7b-f56b-4bfb-9cd6-879838aecd94:http://data.europa.eu/esco/skill/2839f191-cd94-49a9-ac16-46018066b8b2:optional,desirable,3,,0.5,true,source_mapped,not_reviewed,,,,2026.1
CPX-OCC-ENG-001,CPX-SKL-AUTO-085F11EF,esco,http://data.europa.eu/esco/occupation/44508e7b-f56b-4bfb-9cd6-879838aecd94:http://data.europa.eu/esco/skill/377861af-f966-4c87-a2db-7e99904312b9:essential,essential,3,,0.5,true,source_mapped,not_reviewed,,,,2026.1
CPX-OCC-ENG-001,CPX-SKL-AUTO-C74C4BF1,esco,http://data.europa.eu/esco/occupation/44508e7b-f56b-4bfb-9cd6-879838aecd94:http://data.europa.eu/esco/skill/39e71107-3aa9-41a0-809c-edea477c968f:optional,desirable,3,,0.5,true,source_mapped,not_reviewed,,,,2026.1
CPX-OCC-ENG-001,CPX-SKL-AUTO-3303E435,esco,http://data.europa.eu/esco/occupation/44508e7b-f56b-4bfb-9cd6-879838aecd94:http://data.europa.eu/esco/skill/3b64ab47-a874-403a-b781-7b23c2fc3c6c:optional,desirable,3,,0.5,true,source_mapped,not_reviewed,,,,2026.1
CPX-OCC-ENG-001,CPX-SKL-AUTO-427CACBC,esco,http://data.europa.eu/esco/occupation/44508e7b-f56b-4bfb-9cd6-879838aecd94:http://data.europa.eu/esco/skill/469e19ed-a0bd-445a-ae2d-4ba9430e296b:optional,desirable,3,,0.5,true,source_mapped,not_reviewed,,,,2026.1
CPX-OCC-ENG-001,CPX-SKL-AUTO-6D72BBD3,esco,http://data.europa.eu/esco/occupation/44508e7b-f56b-4bfb-9cd6-879838aecd94:http://data.europa.eu/esco/skill/49320ec7-65f9-4f90-bed2-2d41784f1836:optional,desirable,3,,0.5,true,source_mapped,not_reviewed,,,,2026.1
CPX-OCC-ENG-001,CPX-SKL-AUTO-E470E871,esco,http://data.europa.eu/esco/occupation/44508e7b-f56b-4bfb-9cd6-879838aecd94:http://data.europa.eu/esco/skill/59ea80e1-463a-4dba-82c6-d0b6d577d532:essential,essential,3,,0.5,true,source_mapped,not_reviewed,,,,2026.1
CPX-OCC-ENG-001,CPX-SKL-AUTO-5C33599D,esco,http://data.europa.eu/esco/occupation/44508e7b-f56b-4bfb-9cd6-879838aecd94:http://data.europa.eu/esco/skill/615cfc39-797f-4229-8e92-159fcf8f3030:optional,desirable,3,,0.5,true,source_mapped,not_reviewed,,,,2026.1
CPX-OCC-ENG-001,CPX-SKL-AUTO-0A83E75B,esco,http://data.europa.eu/esco/occupation/44508e7b-f56b-4bfb-9cd6-879838aecd94:http://data.europa.eu/esco/skill/65f375e1-6724-4539-8f8d-b35f4ba11af0:optional,desirable,3,,0.5,true,source_mapped,not_reviewed,,,,2026.1
CPX-OCC-ENG-001,CPX-SKL-AUTO-86244057,esco,http://data.europa.eu/esco/occupation/44508e7b-f56b-4bfb-9cd6-879838aecd94:http://data.europa.eu/esco/skill/67785eab-0818-41f9-9756-a8e0a215b95b:essential,essential,3,,0.5,true,source_mapped,not_reviewed,,,,2026.1
CPX-OCC-ENG-001,CPX-SKL-AUTO-B4EC5AB6,esco,http://data.europa.eu/esco/occupation/44508e7b-f56b-4bfb-9cd6-879838aecd94:http://data.europa.eu/esco/skill/6b30644d-bdc5-4bca-b1af-edbf5c6b15ee:essential,essential,3,,0.5,true,source_mapped,not_reviewed,,,,2026.1
CPX-OCC-ENG-001,CPX-SKL-AUTO-599DD157,esco,http://data.europa.eu/esco/occupation/44508e7b-f56b-4bfb-9cd6-879838aecd94:http://data.europa.eu/esco/skill/76654176-5cc8-4cb3-b307-4ef1b6c2543c:essential,essential,3,,0.5,true,source_mapped,not_reviewed,,,,2026.1
CPX-OCC-ENG-001,CPX-SKL-AUTO-183F3A28,esco,http://data.europa.eu/esco/occupation/44508e7b-f56b-4bfb-9cd6-879838aecd94:http://data.europa.eu/esco/skill/790a335b-2005-4b8a-b6fe-47ff7701ebb7:essential,essential,3,,0.5,true,source_mapped,not_reviewed,,,,2026.1
CPX-OCC-ENG-001,CPX-SKL-AUTO-01B92F1B,esco,http://data.europa.eu/esco/occupation/44508e7b-f56b-4bfb-9cd6-879838aecd94:http://data.europa.eu/esco/skill/7d4e4636-f136-46f6-ae23-2a7639d6b861:optional,desirable,3,,0.5,true,source_mapped,not_reviewed,,,,2026.1
CPX-OCC-ENG-001,CPX-SKL-AUTO-E2348734,esco,http://data.europa.eu/esco/occupation/44508e7b-f56b-4bfb-9cd6-879838aecd94:http://data.europa.eu/esco/skill/7f18039d-dfae-471b-9daa-507f6b2d2842:essential,essential,3,,0.5,true,source_mapped,not_reviewed,,,,2026.1
CPX-OCC-ENG-001,CPX-SKL-AUTO-FDD48A42,esco,http://data.europa.eu/esco/occupation/44508e7b-f56b-4bfb-9cd6-879838aecd94:http://data.europa.eu/esco/skill/82887396-e5bf-4306-af51-3fe8d82790b2:essential,essential,3,,0.5,true,source_mapped,not_reviewed,,,,2026.1
CPX-OCC-ENG-001,CPX-SKL-AUTO-02174F4C,esco,http://data.europa.eu/esco/occupation/44508e7b-f56b-4bfb-9cd6-879838aecd94:http://data.europa.eu/esco/skill/86945516-619a-456e-b0d0-2fb31d927992:optional,desirable,3,,0.5,true,source_mapped,not_reviewed,,,,2026.1
CPX-OCC-ENG-001,CPX-SKL-AUTO-7AFBA776,esco,http://data.europa.eu/esco/occupation/44508e7b-f56b-4bfb-9cd6-879838aecd94:http://data.europa.eu/esco/skill/88680a21-57f9-46b6-8268-7d8e42aef849:optional,desirable,3,,0.5,true,source_mapped,not_reviewed,,,,2026.1
CPX-OCC-ENG-001,CPX-SKL-AUTO-B1EF8FE9,esco,http://data.europa.eu/esco/occupation/44508e7b-f56b-4bfb-9cd6-879838aecd94:http://data.europa.eu/esco/skill/8b46636e-e201-4086-a8d5-049b65eaf40e:essential,essential,3,,0.5,true,source_mapped,not_reviewed,,,,2026.1
CPX-OCC-ENG-001,CPX-SKL-AUTO-DA579DE3,esco,http://data.europa.eu/esco/occupation/44508e7b-f56b-4bfb-9cd6-879838aecd94:http://data.europa.eu/esco/skill/8bdd25f8-4b6e-40fe-a2cf-c1badc594114:optional,desirable,3,,0.5,true,source_mapped,not_reviewed,,,,2026.1
CPX-OCC-ENG-001,CPX-SKL-AUTO-97CA9C90,esco,http://data.europa.eu/esco/occupation/44508e7b-f56b-4bfb-9cd6-879838aecd94:http://data.europa.eu/esco/skill/910b818b-bc24-4d17-844e-941a8bc997a9:essential,essential,3,,0.5,true,source_mapped,not_reviewed,,,,2026.1
CPX-OCC-ENG-001,CPX-SKL-AUTO-CEBC803D,esco,http://data.europa.eu/esco/occupation/44508e7b-f56b-4bfb-9cd6-879838aecd94:http://data.europa.eu/esco/skill/a550c4e9-5773-47a2-861d-e57ceb076eb6:optional,desirable,3,,0.5,true,source_mapped,not_reviewed,,,,2026.1
CPX-OCC-ENG-001,CPX-SKL-AUTO-24DBA435,esco,http://data.europa.eu/esco/occupation/44508e7b-f56b-4bfb-9cd6-879838aecd94:http://data.europa.eu/esco/skill/af1df253-5103-46d7-a757-b17bf5a4e581:optional,desirable,3,,0.5,true,source_mapped,not_reviewed,,,,2026.1
CPX-OCC-ENG-001,CPX-SKL-AUTO-0BD6497B,esco,http://data.europa.eu/esco/occupation/44508e7b-f56b-4bfb-9cd6-879838aecd94:http://data.europa.eu/esco/skill/c69587b4-05d3-45bb-b79b-9b85e6603fc2:essential,essential,3,,0.5,true,source_mapped,not_reviewed,,,,2026.1
CPX-OCC-ENG-001,CPX-SKL-AUTO-128B4945,esco,http://data.europa.eu/esco/occupation/44508e7b-f56b-4bfb-9cd6-879838aecd94:http://data.europa.eu/esco/skill/cf9c8e73-105d-419e-86dd-4304cc6cd718:essential,essential,3,,0.5,true,source_mapped,not_reviewed,,,,2026.1
CPX-OCC-ENG-001,CPX-SKL-AUTO-47BCBF08,esco,http://data.europa.eu/esco/occupation/44508e7b-f56b-4bfb-9cd6-879838aecd94:http://data.europa.eu/esco/skill/d329b1ed-6e7a-400e-bca2-7c1936fbfbcb:optional,desirable,3,,0.5,true,source_mapped,not_reviewed,,,,2026.1
CPX-OCC-ENG-001,CPX-SKL-AUTO-DA0A87CC,esco,http://data.europa.eu/esco/occupation/44508e7b-f56b-4bfb-9cd6-879838aecd94:http://data.europa.eu/esco/skill/d74df140-eb69-43e2-bac9-1cafc824d702:essential,essential,3,,0.5,true,source_mapped,not_reviewed,,,,2026.1
CPX-OCC-ENG-001,CPX-SKL-AUTO-E58DBE55,esco,http://data.europa.eu/esco/occupation/44508e7b-f56b-4bfb-9cd6-879838aecd94:http://data.europa.eu/esco/skill/d89b9a3f-19bf-4b9b-9664-ed35924eb399:optional,desirable,3,,0.5,true,source_mapped,not_reviewed,,,,2026.1
CPX-OCC-ENG-001,CPX-SKL-AUTO-91C43F3B,esco,http://data.europa.eu/esco/occupation/44508e7b-f56b-4bfb-9cd6-879838aecd94:http://data.europa.eu/esco/skill/e2b82b00-f07f-4fc8-a7bb-c8febf65efe5:essential,essential,3,,0.5,true,source_mapped,not_reviewed,,,,2026.1
CPX-OCC-ENG-014,CPX-SKL-AUTO-2B9C6998,esco,http://data.europa.eu/esco/occupation/4daee8bd-8400-4da6-ba52-30d4c193d1a9:http://data.europa.eu/esco/skill/172020d1-e151-445b-8173-e2a5fb16fe51:essential,essential,3,,0.5,true,source_mapped,not_reviewed,,,,2026.1
CPX-OCC-ENG-014,CPX-SKL-AUTO-83549F13,esco,http://data.europa.eu/esco/occupation/4daee8bd-8400-4da6-ba52-30d4c193d1a9:http://data.europa.eu/esco/skill/1f403e44-7a79-4b91-b86a-e406208be161:essential,essential,3,,0.5,true,source_mapped,not_reviewed,,,,2026.1
CPX-OCC-ENG-014,CPX-SKL-AUTO-8B2616BA,esco,http://data.europa.eu/esco/occupation/4daee8bd-8400-4da6-ba52-30d4c193d1a9:http://data.europa.eu/esco/skill/33841903-78d8-4273-950d-755248290c2d:essential,essential,3,,0.5,true,source_mapped,not_reviewed,,,,2026.1
CPX-OCC-ENG-014,CPX-SKL-AUTO-57B8D6DB,esco,http://data.europa.eu/esco/occupation/4daee8bd-8400-4da6-ba52-30d4c193d1a9:http://data.europa.eu/esco/skill/40802f0d-d400-404c-bc26-f9ba4eb6195a:essential,essential,3,,0.5,true,source_mapped,not_reviewed,,,,2026.1
CPX-OCC-ENG-014,CPX-SKL-AUTO-5ED566B6,esco,http://data.europa.eu/esco/occupation/4daee8bd-8400-4da6-ba52-30d4c193d1a9:http://data.europa.eu/esco/skill/524106a8-b343-45f6-b4ce-58e8d3cf1093:essential,essential,3,,0.5,true,source_mapped,not_reviewed,,,,2026.1
CPX-OCC-ENG-014,CPX-SKL-AUTO-BFDE851A,esco,http://data.europa.eu/esco/occupation/4daee8bd-8400-4da6-ba52-30d4c193d1a9:http://data.europa.eu/esco/skill/6e8fe5de-fe6d-482c-92fe-20e56ee57324:essential,essential,3,,0.5,true,source_mapped,not_reviewed,,,,2026.1
CPX-OCC-ENG-014,CPX-SKL-AUTO-44828BCE,esco,http://data.europa.eu/esco/occupation/4daee8bd-8400-4da6-ba52-30d4c193d1a9:http://data.europa.eu/esco/skill/768fe91b-ccde-4649-94f3-07be5d8b6be1:essential,essential,3,,0.5,true,source_mapped,not_reviewed,,,,2026.1
CPX-OCC-ENG-014,CPX-SKL-AUTO-5E22A328,esco,http://data.europa.eu/esco/occupation/4daee8bd-8400-4da6-ba52-30d4c193d1a9:http://data.europa.eu/esco/skill/85f46538-ae70-498a-bfbc-b8ddafe96c7d:essential,essential,3,,0.5,true,source_mapped,not_reviewed,,,,2026.1
CPX-OCC-ENG-014,CPX-SKL-AUTO-28630019,esco,http://data.europa.eu/esco/occupation/4daee8bd-8400-4da6-ba52-30d4c193d1a9:http://data.europa.eu/esco/skill/913e7e83-b8f8-4574-b1ca-1b38f3fd974a:essential,essential,3,,0.5,true,source_mapped,not_reviewed,,,,2026.1
CPX-OCC-ENG-014,CPX-SKL-AUTO-432C5A6A,esco,http://data.europa.eu/esco/occupation/4daee8bd-8400-4da6-ba52-30d4c193d1a9:http://data.europa.eu/esco/skill/9e06bac6-6b91-48ca-8b7d-c1f48cdecd7c:essential,essential,3,,0.5,true,source_mapped,not_reviewed,,,,2026.1
CPX-OCC-ENG-014,CPX-SKL-AUTO-729B70AB,esco,http://data.europa.eu/esco/occupation/4daee8bd-8400-4da6-ba52-30d4c193d1a9:http://data.europa.eu/esco/skill/a1b4aa8d-65c1-4bd6-b062-cdaa663b577c:essential,essential,3,,0.5,true,source_mapped,not_reviewed,,,,2026.1
CPX-OCC-ENG-014,CPX-SKL-AUTO-800B1348,esco,http://data.europa.eu/esco/occupation/4daee8bd-8400-4da6-ba52-30d4c193d1a9:http://data.europa.eu/esco/skill/be0ff6d8-5e61-4021-9c89-e40cf0b75cc6:essential,essential,3,,0.5,true,source_mapped,not_reviewed,,,,2026.1
CPX-OCC-ENG-014,CPX-SKL-AUTO-FDFD0728,esco,http://data.europa.eu/esco/occupation/4daee8bd-8400-4da6-ba52-30d4c193d1a9:http://data.europa.eu/esco/skill/d503a629-9ac7-475f-8fd9-4cdcc14711cd:essential,essential,3,,0.5,true,source_mapped,not_reviewed,,,,2026.1
CPX-OCC-ENG-014,CPX-SKL-AUTO-7B6DEC51,esco,http://data.europa.eu/esco/occupation/4daee8bd-8400-4da6-ba52-30d4c193d1a9:http://data.europa.eu/esco/skill/e043aeeb-78f5-4049-afbf-12bba52225bc:essential,essential,3,,0.5,true,source_mapped,not_reviewed,,,,2026.1
CPX-OCC-ENG-014,CPX-SKL-AUTO-1F130ADC,esco,http://data.europa.eu/esco/occupation/4daee8bd-8400-4da6-ba52-30d4c193d1a9:http://data.europa.eu/esco/skill/edef3251-fd5f-4a5a-bab6-88c17e36a001:essential,essential,3,,0.5,true,source_mapped,not_reviewed,,,,2026.1
CPX-OCC-ENG-014,CPX-SKL-AUTO-26E9D067,esco,http://data.europa.eu/esco/occupation/4daee8bd-8400-4da6-ba52-30d4c193d1a9:http://data.europa.eu/esco/skill/f28617ad-afdd-4041-814c-216153a38998:essential,essential,3,,0.5,true,source_mapped,not_reviewed,,,,2026.1
CPX-OCC-ENE-010,CPX-SKL-AUTO-FED6A33E,esco,http://data.europa.eu/esco/occupation/546ec458-e2a4-4cb1-ac17-553d314ac2e2:http://data.europa.eu/esco/skill/020b3c27-bae1-4b85-9d6f-eccee0f5ed99:essential,essential,3,,0.5,true,source_mapped,not_reviewed,,,,2026.1
CPX-OCC-ENE-010,CPX-SKL-AUTO-1F9A12CD,esco,http://data.europa.eu/esco/occupation/546ec458-e2a4-4cb1-ac17-553d314ac2e2:http://data.europa.eu/esco/skill/089ee650-297e-4716-87d1-440743b70a0d:optional,desirable,3,,0.5,true,source_mapped,not_reviewed,,,,2026.1
CPX-OCC-ENE-010,CPX-SKL-AUTO-35D4A014,esco,http://data.europa.eu/esco/occupation/546ec458-e2a4-4cb1-ac17-553d314ac2e2:http://data.europa.eu/esco/skill/1697d506-a82b-45aa-9a2f-2b71d71e1789:optional,desirable,3,,0.5,true,source_mapped,not_reviewed,,,,2026.1
CPX-OCC-ENE-010,CPX-SKL-AUTO-A304DE4D,esco,http://data.europa.eu/esco/occupation/546ec458-e2a4-4cb1-ac17-553d314ac2e2:http://data.europa.eu/esco/skill/1aae38c8-f75a-4009-8aa0-c5fa94b06e6b:essential,essential,3,,0.5,true,source_mapped,not_reviewed,,,,2026.1
CPX-OCC-ENE-010,CPX-SKL-AUTO-00CA60A1,esco,http://data.europa.eu/esco/occupation/546ec458-e2a4-4cb1-ac17-553d314ac2e2:http://data.europa.eu/esco/skill/200a8387-d67c-43e4-9cdc-44ab592c299e:optional,desirable,3,,0.5,true,source_mapped,not_reviewed,,,,2026.1
CPX-OCC-ENE-010,CPX-SKL-AUTO-AF38D05B,esco,http://data.europa.eu/esco/occupation/546ec458-e2a4-4cb1-ac17-553d314ac2e2:http://data.europa.eu/esco/skill/21c5790c-0930-4d74-b3b0-84caf5af12ea:essential,essential,3,,0.5,true,source_mapped,not_reviewed,,,,2026.1
CPX-OCC-ENE-010,CPX-SKL-AUTO-8C38C854,esco,http://data.europa.eu/esco/occupation/546ec458-e2a4-4cb1-ac17-553d314ac2e2:http://data.europa.eu/esco/skill/2839f191-cd94-49a9-ac16-46018066b8b2:optional,desirable,3,,0.5,true,source_mapped,not_reviewed,,,,2026.1
CPX-OCC-ENE-010,CPX-SKL-AUTO-CA0ABA50,esco,http://data.europa.eu/esco/occupation/546ec458-e2a4-4cb1-ac17-553d314ac2e2:http://data.europa.eu/esco/skill/2a2e85d7-75cc-40b4-8a34-82277d72eb84:optional,desirable,3,,0.5,true,source_mapped,not_reviewed,,,,2026.1
CPX-OCC-ENE-010,CPX-SKL-AUTO-8D0D91A2,esco,http://data.europa.eu/esco/occupation/546ec458-e2a4-4cb1-ac17-553d314ac2e2:http://data.europa.eu/esco/skill/2a2fa8e8-aaf3-4abf-a60b-af6415f1c6d4:essential,essential,3,,0.5,true,source_mapped,not_reviewed,,,,2026.1
CPX-OCC-ENE-010,CPX-SKL-AUTO-9FE874CA,esco,http://data.europa.eu/esco/occupation/546ec458-e2a4-4cb1-ac17-553d314ac2e2:http://data.europa.eu/esco/skill/2a45f2d1-8f1a-4c62-9332-cfd3535d9d35:optional,desirable,3,,0.5,true,source_mapped,not_reviewed,,,,2026.1
CPX-OCC-ENE-010,CPX-SKL-AUTO-77C8FC1F,esco,http://data.europa.eu/esco/occupation/546ec458-e2a4-4cb1-ac17-553d314ac2e2:http://data.europa.eu/esco/skill/2e6379be-59ad-414a-8d81-68102b6b77b1:optional,desirable,3,,0.5,true,source_mapped,not_reviewed,,,,2026.1
CPX-OCC-ENE-010,CPX-SKL-AUTO-0FF256A5,esco,http://data.europa.eu/esco/occupation/546ec458-e2a4-4cb1-ac17-553d314ac2e2:http://data.europa.eu/esco/skill/2f48c606-a936-46a4-9058-dd925973efd6:optional,desirable,3,,0.5,true,source_mapped,not_reviewed,,,,2026.1
CPX-OCC-ENE-010,CPX-SKL-AUTO-6EB75794,esco,http://data.europa.eu/esco/occupation/546ec458-e2a4-4cb1-ac17-553d314ac2e2:http://data.europa.eu/esco/skill/339ac029-066a-4985-9f9d-b3d7c8fea0bb:essential,essential,3,,0.5,true,source_mapped,not_reviewed,,,,2026.1
CPX-OCC-ENE-010,CPX-SKL-AUTO-BF04DD1D,esco,http://data.europa.eu/esco/occupation/546ec458-e2a4-4cb1-ac17-553d314ac2e2:http://data.europa.eu/esco/skill/37520413-563e-4d99-a14c-1c6dca3cf833:essential,essential,3,,0.5,true,source_mapped,not_reviewed,,,,2026.1
CPX-OCC-ENE-010,CPX-SKL-AUTO-F260B394,esco,http://data.europa.eu/esco/occupation/546ec458-e2a4-4cb1-ac17-553d314ac2e2:http://data.europa.eu/esco/skill/3786b61f-f22e-48d1-af8d-ad4c354534db:essential,essential,3,,0.5,true,source_mapped,not_reviewed,,,,2026.1
CPX-OCC-ENE-010,CPX-SKL-AUTO-33359F29,esco,http://data.europa.eu/esco/occupation/546ec458-e2a4-4cb1-ac17-553d314ac2e2:http://data.europa.eu/esco/skill/46e1b714-94f4-462d-88e6-31f442708812:essential,essential,3,,0.5,true,source_mapped,not_reviewed,,,,2026.1
CPX-OCC-ENE-010,CPX-SKL-AUTO-AAB80125,esco,http://data.europa.eu/esco/occupation/546ec458-e2a4-4cb1-ac17-553d314ac2e2:http://data.europa.eu/esco/skill/496932f1-0b6b-4f73-9432-d95c7ddcd43b:optional,desirable,3,,0.5,true,source_mapped,not_reviewed,,,,2026.1
CPX-OCC-ENE-010,CPX-SKL-AUTO-519712A0,esco,http://data.europa.eu/esco/occupation/546ec458-e2a4-4cb1-ac17-553d314ac2e2:http://data.europa.eu/esco/skill/4ee4ed1d-dc38-48e0-a9e6-a6b64f316ea6:essential,essential,3,,0.5,true,source_mapped,not_reviewed,,,,2026.1
CPX-OCC-ENE-010,CPX-SKL-AUTO-59549FFD,esco,http://data.europa.eu/esco/occupation/546ec458-e2a4-4cb1-ac17-553d314ac2e2:http://data.europa.eu/esco/skill/51754b8a-3e2c-4cc1-86e6-cf510d9c6fe4:optional,desirable,3,,0.5,true,source_mapped,not_reviewed,,,,2026.1
CPX-OCC-ENE-010,CPX-SKL-AUTO-DD84947A,esco,http://data.europa.eu/esco/occupation/546ec458-e2a4-4cb1-ac17-553d314ac2e2:http://data.europa.eu/esco/skill/5b06c369-10db-477d-a8df-987179324001:essential,essential,3,,0.5,true,source_mapped,not_reviewed,,,,2026.1
CPX-OCC-ENE-010,CPX-SKL-AUTO-B0843D34,esco,http://data.europa.eu/esco/occupation/546ec458-e2a4-4cb1-ac17-553d314ac2e2:http://data.europa.eu/esco/skill/6039fb0d-cf20-49e9-9fd4-5b561e85c77a:optional,desirable,3,,0.5,true,source_mapped,not_reviewed,,,,2026.1
CPX-OCC-ENE-010,CPX-SKL-AUTO-30D4A43E,esco,http://data.europa.eu/esco/occupation/546ec458-e2a4-4cb1-ac17-553d314ac2e2:http://data.europa.eu/esco/skill/65acff5a-8b3b-4385-a70b-713873657ba5:optional,desirable,3,,0.5,true,source_mapped,not_reviewed,,,,2026.1
CPX-OCC-ENE-010,CPX-SKL-AUTO-A166F55A,esco,http://data.europa.eu/esco/occupation/546ec458-e2a4-4cb1-ac17-553d314ac2e2:http://data.europa.eu/esco/skill/69f23426-9279-4fe6-a283-24c2aa4c855d:essential,essential,3,,0.5,true,source_mapped,not_reviewed,,,,2026.1
CPX-OCC-ENE-010,CPX-SKL-AUTO-E9272939,esco,http://data.europa.eu/esco/occupation/546ec458-e2a4-4cb1-ac17-553d314ac2e2:http://data.europa.eu/esco/skill/6af000e5-a451-4f78-9feb-723971f2ad05:optional,desirable,3,,0.5,true,source_mapped,not_reviewed,,,,2026.1
CPX-OCC-ENE-010,CPX-SKL-AUTO-FAA6CE4C,esco,http://data.europa.eu/esco/occupation/546ec458-e2a4-4cb1-ac17-553d314ac2e2:http://data.europa.eu/esco/skill/6f5850ea-5785-4e2c-b062-743066fd5bdb:optional,desirable,3,,0.5,true,source_mapped,not_reviewed,,,,2026.1
CPX-OCC-ENE-010,CPX-SKL-AUTO-759F200D,esco,http://data.europa.eu/esco/occupation/546ec458-e2a4-4cb1-ac17-553d314ac2e2:http://data.europa.eu/esco/skill/764db027-9063-4468-acb3-c73ecfc76f35:essential,essential,3,,0.5,true,source_mapped,not_reviewed,,,,2026.1
CPX-OCC-ENE-010,CPX-SKL-AUTO-963468E9,esco,http://data.europa.eu/esco/occupation/546ec458-e2a4-4cb1-ac17-553d314ac2e2:http://data.europa.eu/esco/skill/7aa52bdc-9c56-4341-be65-e8e30f64403f:optional,desirable,3,,0.5,true,source_mapped,not_reviewed,,,,2026.1
CPX-OCC-ENE-010,CPX-SKL-AUTO-073A34F6,esco,http://data.europa.eu/esco/occupation/546ec458-e2a4-4cb1-ac17-553d314ac2e2:http://data.europa.eu/esco/skill/88547698-700d-41dc-b0c1-515adf63f9bf:optional,desirable,3,,0.5,true,source_mapped,not_reviewed,,,,2026.1
CPX-OCC-ENE-010,CPX-SKL-AUTO-4B8771DE,esco,http://data.europa.eu/esco/occupation/546ec458-e2a4-4cb1-ac17-553d314ac2e2:http://data.europa.eu/esco/skill/8bdc520c-6293-4e99-bf6f-a44d5da3ebcb:optional,desirable,3,,0.5,true,source_mapped,not_reviewed,,,,2026.1
CPX-OCC-ENE-010,CPX-SKL-AUTO-56E30735,esco,http://data.europa.eu/esco/occupation/546ec458-e2a4-4cb1-ac17-553d314ac2e2:http://data.europa.eu/esco/skill/91abe492-18be-4cce-93c7-0dca07072363:essential,essential,3,,0.5,true,source_mapped,not_reviewed,,,,2026.1
CPX-OCC-ENE-010,CPX-SKL-AUTO-9A22D3CE,esco,http://data.europa.eu/esco/occupation/546ec458-e2a4-4cb1-ac17-553d314ac2e2:http://data.europa.eu/esco/skill/92f983d4-f7fc-412a-be4f-4b76ceb18505:optional,desirable,3,,0.5,true,source_mapped,not_reviewed,,,,2026.1
CPX-OCC-ENE-010,CPX-SKL-AUTO-94B7AE2E,esco,http://data.europa.eu/esco/occupation/546ec458-e2a4-4cb1-ac17-553d314ac2e2:http://data.europa.eu/esco/skill/93261e82-8ffe-4a8b-b8b0-02265edbf562:optional,desirable,3,,0.5,true,source_mapped,not_reviewed,,,,2026.1
CPX-OCC-ENE-010,CPX-SKL-AUTO-010E3D29,esco,http://data.europa.eu/esco/occupation/546ec458-e2a4-4cb1-ac17-553d314ac2e2:http://data.europa.eu/esco/skill/aa238394-8126-4ada-be2f-9dfe065cf314:essential,essential,3,,0.5,true,source_mapped,not_reviewed,,,,2026.1
CPX-OCC-ENE-010,CPX-SKL-AUTO-DB7134EA,esco,http://data.europa.eu/esco/occupation/546ec458-e2a4-4cb1-ac17-553d314ac2e2:http://data.europa.eu/esco/skill/b0265727-f43e-4078-bbdd-b3b09dcc55e2:essential,essential,3,,0.5,true,source_mapped,not_reviewed,,,,2026.1
CPX-OCC-ENE-010,CPX-SKL-AUTO-BD469EC3,esco,http://data.europa.eu/esco/occupation/546ec458-e2a4-4cb1-ac17-553d314ac2e2:http://data.europa.eu/esco/skill/b970e437-2f8b-42e3-ae49-6718a0cca44f:optional,desirable,3,,0.5,true,source_mapped,not_reviewed,,,,2026.1
CPX-OCC-ENE-010,CPX-SKL-AUTO-9E5100F6,esco,http://data.europa.eu/esco/occupation/546ec458-e2a4-4cb1-ac17-553d314ac2e2:http://data.europa.eu/esco/skill/bb663409-5c88-4e3a-bc16-01aa1c8ce171:essential,essential,3,,0.5,true,source_mapped,not_reviewed,,,,2026.1
CPX-OCC-ENE-010,CPX-SKL-AUTO-7FFE78CD,esco,http://data.europa.eu/esco/occupation/546ec458-e2a4-4cb1-ac17-553d314ac2e2:http://data.europa.eu/esco/skill/bd70f004-e1d6-43f0-96f1-59c014a4ea01:optional,desirable,3,,0.5,true,source_mapped,not_reviewed,,,,2026.1
CPX-OCC-ENE-010,CPX-SKL-AUTO-F85A3FDE,esco,http://data.europa.eu/esco/occupation/546ec458-e2a4-4cb1-ac17-553d314ac2e2:http://data.europa.eu/esco/skill/c842be42-81b3-40f2-904c-ea8790ac88bd:essential,essential,3,,0.5,true,source_mapped,not_reviewed,,,,2026.1
CPX-OCC-ENE-010,CPX-SKL-AUTO-3439D026,esco,http://data.europa.eu/esco/occupation/546ec458-e2a4-4cb1-ac17-553d314ac2e2:http://data.europa.eu/esco/skill/c927ec6e-9082-4b22-afd3-0c4e219eaf73:essential,essential,3,,0.5,true,source_mapped,not_reviewed,,,,2026.1
CPX-OCC-ENE-010,CPX-SKL-AUTO-533A5BCA,esco,http://data.europa.eu/esco/occupation/546ec458-e2a4-4cb1-ac17-553d314ac2e2:http://data.europa.eu/esco/skill/d73cb129-b385-4776-8303-f3f926b2e481:essential,essential,3,,0.5,true,source_mapped,not_reviewed,,,,2026.1
CPX-OCC-ENE-010,CPX-SKL-AUTO-9EA1A8D4,esco,http://data.europa.eu/esco/occupation/546ec458-e2a4-4cb1-ac17-553d314ac2e2:http://data.europa.eu/esco/skill/d96b6330-c73f-443f-9048-702b2226f62b:optional,desirable,3,,0.5,true,source_mapped,not_reviewed,,,,2026.1
CPX-OCC-ENE-010,CPX-SKL-AUTO-183D026F,esco,http://data.europa.eu/esco/occupation/546ec458-e2a4-4cb1-ac17-553d314ac2e2:http://data.europa.eu/esco/skill/e54ff029-1ce9-447d-a5b2-eb7283a23e6e:optional,desirable,3,,0.5,true,source_mapped,not_reviewed,,,,2026.1
CPX-OCC-ENE-010,CPX-SKL-AUTO-65B537DC,esco,http://data.europa.eu/esco/occupation/546ec458-e2a4-4cb1-ac17-553d314ac2e2:http://data.europa.eu/esco/skill/f14ff4b7-be1e-4b55-b39b-520005f8a97e:essential,essential,3,,0.5,true,source_mapped,not_reviewed,,,,2026.1
CPX-OCC-ENE-010,CPX-SKL-AUTO-94114C07,esco,http://data.europa.eu/esco/occupation/546ec458-e2a4-4cb1-ac17-553d314ac2e2:http://data.europa.eu/esco/skill/f5f5b244-6cea-4fbc-8a50-8f712791bc09:essential,essential,3,,0.5,true,source_mapped,not_reviewed,,,,2026.1
CPX-OCC-ENE-010,CPX-SKL-AUTO-6D8C4162,esco,http://data.europa.eu/esco/occupation/546ec458-e2a4-4cb1-ac17-553d314ac2e2:http://data.europa.eu/esco/skill/fcc29203-1f8d-4c54-90ee-78cb18467695:optional,desirable,3,,0.5,true,source_mapped,not_reviewed,,,,2026.1
CPX-OCC-BOP-006,CPX-SKL-AUTO-BE0AACB6,esco,http://data.europa.eu/esco/occupation/56fa783a-cca4-42ef-8862-1fb6e43f215c:http://data.europa.eu/esco/skill/415abd43-e8e5-4643-b5da-5f11307af57a:optional,desirable,3,,0.5,true,source_mapped,not_reviewed,,,,2026.1
CPX-OCC-BOP-006,CPX-SKL-AUTO-3688C02B,esco,http://data.europa.eu/esco/occupation/56fa783a-cca4-42ef-8862-1fb6e43f215c:http://data.europa.eu/esco/skill/78b1de70-0930-462f-9a7e-bf9b4135e1e2:essential,essential,3,,0.5,true,source_mapped,not_reviewed,,,,2026.1
CPX-OCC-BOP-006,CPX-SKL-AUTO-40AA1A5B,esco,http://data.europa.eu/esco/occupation/56fa783a-cca4-42ef-8862-1fb6e43f215c:http://data.europa.eu/esco/skill/918f5211-b99f-4b29-9a34-6e475583ef55:essential,essential,3,,0.5,true,source_mapped,not_reviewed,,,,2026.1
CPX-OCC-BOP-006,CPX-SKL-AUTO-E833ED69,esco,http://data.europa.eu/esco/occupation/56fa783a-cca4-42ef-8862-1fb6e43f215c:http://data.europa.eu/esco/skill/d15ce60f-ddab-41ce-ba56-398451b77b60:optional,desirable,3,,0.5,true,source_mapped,not_reviewed,,,,2026.1
CPX-OCC-ENG-013,CPX-SKL-AUTO-FED6A33E,esco,http://data.europa.eu/esco/occupation/579254cf-6d69-4889-9000-9c79dc568644:http://data.europa.eu/esco/skill/020b3c27-bae1-4b85-9d6f-eccee0f5ed99:optional,desirable,3,,0.5,true,source_mapped,not_reviewed,,,,2026.1
CPX-OCC-ENG-013,CPX-SKL-AUTO-217B3D30,esco,http://data.europa.eu/esco/occupation/579254cf-6d69-4889-9000-9c79dc568644:http://data.europa.eu/esco/skill/03b9b491-fc9b-4868-914a-bf7cd47b5041:optional,desirable,3,,0.5,true,source_mapped,not_reviewed,,,,2026.1
CPX-OCC-ENG-013,CPX-SKL-AUTO-189AD04A,esco,http://data.europa.eu/esco/occupation/579254cf-6d69-4889-9000-9c79dc568644:http://data.europa.eu/esco/skill/04dfd9fb-e0cf-40f6-96c6-9d2280c4347e:optional,desirable,3,,0.5,true,source_mapped,not_reviewed,,,,2026.1
CPX-OCC-ENG-013,CPX-SKL-AUTO-1F9A12CD,esco,http://data.europa.eu/esco/occupation/579254cf-6d69-4889-9000-9c79dc568644:http://data.europa.eu/esco/skill/089ee650-297e-4716-87d1-440743b70a0d:optional,desirable,3,,0.5,true,source_mapped,not_reviewed,,,,2026.1
CPX-OCC-ENG-013,CPX-SKL-AUTO-2A224924,esco,http://data.europa.eu/esco/occupation/579254cf-6d69-4889-9000-9c79dc568644:http://data.europa.eu/esco/skill/0b4f100c-813d-4eec-8aa5-4227bb98c635:optional,desirable,3,,0.5,true,source_mapped,not_reviewed,,,,2026.1
CPX-OCC-ENG-013,CPX-SKL-AUTO-D4D4A52D,esco,http://data.europa.eu/esco/occupation/579254cf-6d69-4889-9000-9c79dc568644:http://data.europa.eu/esco/skill/0b8da079-f587-403f-a6ad-cd18b8150044:optional,desirable,3,,0.5,true,source_mapped,not_reviewed,,,,2026.1
CPX-OCC-ENG-013,CPX-SKL-AUTO-69338A4B,esco,http://data.europa.eu/esco/occupation/579254cf-6d69-4889-9000-9c79dc568644:http://data.europa.eu/esco/skill/0d282d6e-8cb9-4339-8e7d-cfafed96b5ed:optional,desirable,3,,0.5,true,source_mapped,not_reviewed,,,,2026.1
CPX-OCC-ENG-013,CPX-SKL-AUTO-335B2ED6,esco,http://data.europa.eu/esco/occupation/579254cf-6d69-4889-9000-9c79dc568644:http://data.europa.eu/esco/skill/0da516ee-e70e-4384-be13-f5ff80be8127:optional,desirable,3,,0.5,true,source_mapped,not_reviewed,,,,2026.1
CPX-OCC-ENG-013,CPX-SKL-AUTO-DD66215C,esco,http://data.europa.eu/esco/occupation/579254cf-6d69-4889-9000-9c79dc568644:http://data.europa.eu/esco/skill/0de6bca4-f3aa-452a-8e10-d355b2c1bfc4:optional,desirable,3,,0.5,true,source_mapped,not_reviewed,,,,2026.1
CPX-OCC-ENG-013,CPX-SKL-AUTO-0F91113D,esco,http://data.europa.eu/esco/occupation/579254cf-6d69-4889-9000-9c79dc568644:http://data.europa.eu/esco/skill/1007aa13-9f18-4bcf-96f3-e108c40baf69:optional,desirable,3,,0.5,true,source_mapped,not_reviewed,,,,2026.1
CPX-OCC-ENG-013,CPX-SKL-AUTO-0CE30C7C,esco,http://data.europa.eu/esco/occupation/579254cf-6d69-4889-9000-9c79dc568644:http://data.europa.eu/esco/skill/12c7b323-d870-4f5b-9d7d-d9f525206d77:optional,desirable,3,,0.5,true,source_mapped,not_reviewed,,,,2026.1
CPX-OCC-ENG-013,CPX-SKL-AUTO-04FFB2F8,esco,http://data.europa.eu/esco/occupation/579254cf-6d69-4889-9000-9c79dc568644:http://data.europa.eu/esco/skill/146a1971-1ff0-4ed6-99f3-d6d0dbcc4c95:optional,desirable,3,,0.5,true,source_mapped,not_reviewed,,,,2026.1
CPX-OCC-ENG-013,CPX-SKL-AUTO-79A7D6ED,esco,http://data.europa.eu/esco/occupation/579254cf-6d69-4889-9000-9c79dc568644:http://data.europa.eu/esco/skill/1544dfaf-3059-479d-a7d9-6b4b2d902212:optional,desirable,3,,0.5,true,source_mapped,not_reviewed,,,,2026.1
CPX-OCC-ENG-013,CPX-SKL-AUTO-237E0688,esco,http://data.europa.eu/esco/occupation/579254cf-6d69-4889-9000-9c79dc568644:http://data.europa.eu/esco/skill/162c7407-14ec-43ef-a4c2-31ccd1267850:optional,desirable,3,,0.5,true,source_mapped,not_reviewed,,,,2026.1
CPX-OCC-ENG-013,CPX-SKL-AUTO-FBA7AB70,esco,http://data.europa.eu/esco/occupation/579254cf-6d69-4889-9000-9c79dc568644:http://data.europa.eu/esco/skill/1bc7c69b-4292-4592-b854-f48165a06082:optional,desirable,3,,0.5,true,source_mapped,not_reviewed,,,,2026.1
CPX-OCC-ENG-013,CPX-SKL-AUTO-BD92DC72,esco,http://data.europa.eu/esco/occupation/579254cf-6d69-4889-9000-9c79dc568644:http://data.europa.eu/esco/skill/1dc4c035-b605-41f2-b985-cd9364c3802e:optional,desirable,3,,0.5,true,source_mapped,not_reviewed,,,,2026.1
CPX-OCC-ENG-013,CPX-SKL-AUTO-30BB5DE6,esco,http://data.europa.eu/esco/occupation/579254cf-6d69-4889-9000-9c79dc568644:http://data.europa.eu/esco/skill/1de548e0-9535-4d2e-9d20-d4474c1ea813:optional,desirable,3,,0.5,true,source_mapped,not_reviewed,,,,2026.1
CPX-OCC-ENG-013,CPX-SKL-AUTO-C25F13D2,esco,http://data.europa.eu/esco/occupation/579254cf-6d69-4889-9000-9c79dc568644:http://data.europa.eu/esco/skill/1fea0bc2-a6fa-4fe8-b36f-7a3194f8ed1c:optional,desirable,3,,0.5,true,source_mapped,not_reviewed,,,,2026.1
CPX-OCC-ENG-013,CPX-SKL-AUTO-0279C024,esco,http://data.europa.eu/esco/occupation/579254cf-6d69-4889-9000-9c79dc568644:http://data.europa.eu/esco/skill/209a5498-3449-4689-8ed9-bd08cab4fd78:essential,essential,3,,0.5,true,source_mapped,not_reviewed,,,,2026.1
CPX-OCC-ENG-013,CPX-SKL-AUTO-EE13CF61,esco,http://data.europa.eu/esco/occupation/579254cf-6d69-4889-9000-9c79dc568644:http://data.europa.eu/esco/skill/21c27eba-bd1f-42f5-a1d5-c250227030f7:optional,desirable,3,,0.5,true,source_mapped,not_reviewed,,,,2026.1
CPX-OCC-ENG-013,CPX-SKL-AUTO-3A91AE7D,esco,http://data.europa.eu/esco/occupation/579254cf-6d69-4889-9000-9c79dc568644:http://data.europa.eu/esco/skill/233be639-bdb5-4099-ab40-96d537d6c1f3:optional,desirable,3,,0.5,true,source_mapped,not_reviewed,,,,2026.1
CPX-OCC-ENG-013,CPX-SKL-AUTO-2134CEF7,esco,http://data.europa.eu/esco/occupation/579254cf-6d69-4889-9000-9c79dc568644:http://data.europa.eu/esco/skill/25b973c6-68ea-4ff7-bd26-aa76bd08b62a:optional,desirable,3,,0.5,true,source_mapped,not_reviewed,,,,2026.1
CPX-OCC-ENG-013,CPX-SKL-AUTO-CD4124BE,esco,http://data.europa.eu/esco/occupation/579254cf-6d69-4889-9000-9c79dc568644:http://data.europa.eu/esco/skill/26c60178-5d93-4ded-93d7-c58e0ed92388:optional,desirable,3,,0.5,true,source_mapped,not_reviewed,,,,2026.1
CPX-OCC-ENG-013,CPX-SKL-AUTO-5D643581,esco,http://data.europa.eu/esco/occupation/579254cf-6d69-4889-9000-9c79dc568644:http://data.europa.eu/esco/skill/26ed52cf-30ca-451e-9699-a6c04a30649f:optional,desirable,3,,0.5,true,source_mapped,not_reviewed,,,,2026.1
CPX-OCC-ENG-013,CPX-SKL-AUTO-5836997E,esco,http://data.europa.eu/esco/occupation/579254cf-6d69-4889-9000-9c79dc568644:http://data.europa.eu/esco/skill/2964011e-f828-4c6c-b98b-51e984d66365:optional,desirable,3,,0.5,true,source_mapped,not_reviewed,,,,2026.1
CPX-OCC-ENG-013,CPX-SKL-AUTO-4C82933D,esco,http://data.europa.eu/esco/occupation/579254cf-6d69-4889-9000-9c79dc568644:http://data.europa.eu/esco/skill/2a422611-4172-421b-a5f1-6ec9eb8f9f28:optional,desirable,3,,0.5,true,source_mapped,not_reviewed,,,,2026.1
CPX-OCC-ENG-013,CPX-SKL-AUTO-FD725E3B,esco,http://data.europa.eu/esco/occupation/579254cf-6d69-4889-9000-9c79dc568644:http://data.europa.eu/esco/skill/2ac4b20b-bf0f-44e4-910e-090de3d4bbab:optional,desirable,3,,0.5,true,source_mapped,not_reviewed,,,,2026.1
CPX-OCC-ENG-013,CPX-SKL-AUTO-D6E69107,esco,http://data.europa.eu/esco/occupation/579254cf-6d69-4889-9000-9c79dc568644:http://data.europa.eu/esco/skill/2b57ba73-7fe3-4410-bda4-a3429e4ddab7:optional,desirable,3,,0.5,true,source_mapped,not_reviewed,,,,2026.1
CPX-OCC-ENG-013,CPX-SKL-AUTO-2E8E16D6,esco,http://data.europa.eu/esco/occupation/579254cf-6d69-4889-9000-9c79dc568644:http://data.europa.eu/esco/skill/2b92a5b2-6758-4ee3-9fb4-b6387a55cc8f:optional,desirable,3,,0.5,true,source_mapped,not_reviewed,,,,2026.1
CPX-OCC-ENG-013,CPX-SKL-AUTO-081400C1,esco,http://data.europa.eu/esco/occupation/579254cf-6d69-4889-9000-9c79dc568644:http://data.europa.eu/esco/skill/2bbdea06-a265-42b5-bb4f-7241b661f069:optional,desirable,3,,0.5,true,source_mapped,not_reviewed,,,,2026.1
CPX-OCC-ENG-013,CPX-SKL-AUTO-7D6C44B8,esco,http://data.europa.eu/esco/occupation/579254cf-6d69-4889-9000-9c79dc568644:http://data.europa.eu/esco/skill/2ee670aa-c687-4ff7-92eb-0abc9b57e5f2:optional,desirable,3,,0.5,true,source_mapped,not_reviewed,,,,2026.1
CPX-OCC-ENG-013,CPX-SKL-AUTO-AB97BB1F,esco,http://data.europa.eu/esco/occupation/579254cf-6d69-4889-9000-9c79dc568644:http://data.europa.eu/esco/skill/2f58fc20-4528-410b-877f-3dec775f1b4e:optional,desirable,3,,0.5,true,source_mapped,not_reviewed,,,,2026.1
CPX-OCC-ENG-013,CPX-SKL-AUTO-D9ADEFFB,esco,http://data.europa.eu/esco/occupation/579254cf-6d69-4889-9000-9c79dc568644:http://data.europa.eu/esco/skill/2fea2558-630e-480d-9e12-47a05bc19b55:optional,desirable,3,,0.5,true,source_mapped,not_reviewed,,,,2026.1
CPX-OCC-ENG-013,CPX-SKL-AUTO-E8CFE1E7,esco,http://data.europa.eu/esco/occupation/579254cf-6d69-4889-9000-9c79dc568644:http://data.europa.eu/esco/skill/31c69100-b612-4a61-8db5-fd314318854c:optional,desirable,3,,0.5,true,source_mapped,not_reviewed,,,,2026.1
CPX-OCC-ENG-013,CPX-SKL-AUTO-959DB502,esco,http://data.europa.eu/esco/occupation/579254cf-6d69-4889-9000-9c79dc568644:http://data.europa.eu/esco/skill/328733a7-6d84-420d-a65c-2a8014fadc60:optional,desirable,3,,0.5,true,source_mapped,not_reviewed,,,,2026.1
CPX-OCC-ENG-013,CPX-SKL-AUTO-BC270433,esco,http://data.europa.eu/esco/occupation/579254cf-6d69-4889-9000-9c79dc568644:http://data.europa.eu/esco/skill/334e3e49-fb02-4051-809a-f06adfdc1c40:optional,desirable,3,,0.5,true,source_mapped,not_reviewed,,,,2026.1
CPX-OCC-ENG-013,CPX-SKL-AUTO-F260B394,esco,http://data.europa.eu/esco/occupation/579254cf-6d69-4889-9000-9c79dc568644:http://data.europa.eu/esco/skill/3786b61f-f22e-48d1-af8d-ad4c354534db:optional,desirable,3,,0.5,true,source_mapped,not_reviewed,,,,2026.1
CPX-OCC-ENG-013,CPX-SKL-AUTO-6916E7CE,esco,http://data.europa.eu/esco/occupation/579254cf-6d69-4889-9000-9c79dc568644:http://data.europa.eu/esco/skill/3bddfd7c-ab6d-40c2-883d-5e97fb7640ba:optional,desirable,3,,0.5,true,source_mapped,not_reviewed,,,,2026.1
CPX-OCC-ENG-013,CPX-SKL-AUTO-67BD8C74,esco,http://data.europa.eu/esco/occupation/579254cf-6d69-4889-9000-9c79dc568644:http://data.europa.eu/esco/skill/3c333552-8d89-43f5-90bd-856e15bec433:optional,desirable,3,,0.5,true,source_mapped,not_reviewed,,,,2026.1
CPX-OCC-ENG-013,CPX-SKL-AUTO-9918DFB6,esco,http://data.europa.eu/esco/occupation/579254cf-6d69-4889-9000-9c79dc568644:http://data.europa.eu/esco/skill/3c6fe585-7d12-4315-b579-e30c042088ce:optional,desirable,3,,0.5,true,source_mapped,not_reviewed,,,,2026.1
CPX-OCC-ENG-013,CPX-SKL-AUTO-1D4E2E34,esco,http://data.europa.eu/esco/occupation/579254cf-6d69-4889-9000-9c79dc568644:http://data.europa.eu/esco/skill/3e40c7d0-0e36-4b33-bc33-0aa87eda0561:optional,desirable,3,,0.5,true,source_mapped,not_reviewed,,,,2026.1
CPX-OCC-ENG-013,CPX-SKL-AUTO-384488DD,esco,http://data.europa.eu/esco/occupation/579254cf-6d69-4889-9000-9c79dc568644:http://data.europa.eu/esco/skill/3edfcb2b-2d0e-4673-87ce-f55c37eb5fca:optional,desirable,3,,0.5,true,source_mapped,not_reviewed,,,,2026.1
CPX-OCC-ENG-013,CPX-SKL-AUTO-8AE6A31F,esco,http://data.europa.eu/esco/occupation/579254cf-6d69-4889-9000-9c79dc568644:http://data.europa.eu/esco/skill/41a3240f-58ba-44e2-a688-edeb21ea5c16:optional,desirable,3,,0.5,true,source_mapped,not_reviewed,,,,2026.1
CPX-OCC-ENG-013,CPX-SKL-AUTO-6F647F1B,esco,http://data.europa.eu/esco/occupation/579254cf-6d69-4889-9000-9c79dc568644:http://data.europa.eu/esco/skill/42b23922-1c40-4dbe-9e0c-7a568dfdf06b:essential,essential,3,,0.5,true,source_mapped,not_reviewed,,,,2026.1
CPX-OCC-ENG-013,CPX-SKL-AUTO-3951517D,esco,http://data.europa.eu/esco/occupation/579254cf-6d69-4889-9000-9c79dc568644:http://data.europa.eu/esco/skill/4339176e-3acd-4f7f-a5d9-445bee3d23f2:optional,desirable,3,,0.5,true,source_mapped,not_reviewed,,,,2026.1
CPX-OCC-ENG-013,CPX-SKL-AUTO-4E8960AB,esco,http://data.europa.eu/esco/occupation/579254cf-6d69-4889-9000-9c79dc568644:http://data.europa.eu/esco/skill/465ff64a-1271-4064-8ed1-e969cb68d8b4:optional,desirable,3,,0.5,true,source_mapped,not_reviewed,,,,2026.1
CPX-OCC-ENG-013,CPX-SKL-AUTO-33359F29,esco,http://data.europa.eu/esco/occupation/579254cf-6d69-4889-9000-9c79dc568644:http://data.europa.eu/esco/skill/46e1b714-94f4-462d-88e6-31f442708812:optional,desirable,3,,0.5,true,source_mapped,not_reviewed,,,,2026.1
CPX-OCC-ENG-013,CPX-SKL-AUTO-E900B26A,esco,http://data.europa.eu/esco/occupation/579254cf-6d69-4889-9000-9c79dc568644:http://data.europa.eu/esco/skill/4c58528e-bdaa-43ad-8f5a-8ad0b8cd4bbb:optional,desirable,3,,0.5,true,source_mapped,not_reviewed,,,,2026.1
CPX-OCC-ENG-013,CPX-SKL-AUTO-1A411F9F,esco,http://data.europa.eu/esco/occupation/579254cf-6d69-4889-9000-9c79dc568644:http://data.europa.eu/esco/skill/4cecff40-8e5c-4320-a87d-be8687008dbf:optional,desirable,3,,0.5,true,source_mapped,not_reviewed,,,,2026.1
CPX-OCC-ENG-013,CPX-SKL-AUTO-925BE284,esco,http://data.europa.eu/esco/occupation/579254cf-6d69-4889-9000-9c79dc568644:http://data.europa.eu/esco/skill/4d032f82-6279-48e6-9892-116440a071e3:optional,desirable,3,,0.5,true,source_mapped,not_reviewed,,,,2026.1
CPX-OCC-ENG-013,CPX-SKL-AUTO-C999ABAC,esco,http://data.europa.eu/esco/occupation/579254cf-6d69-4889-9000-9c79dc568644:http://data.europa.eu/esco/skill/4f0e579d-ca7b-427c-ace6-9e2de3eb19c7:optional,desirable,3,,0.5,true,source_mapped,not_reviewed,,,,2026.1
CPX-OCC-ENG-013,CPX-SKL-AUTO-39D19D17,esco,http://data.europa.eu/esco/occupation/579254cf-6d69-4889-9000-9c79dc568644:http://data.europa.eu/esco/skill/4f7fa632-15a6-4739-930b-abbac8055a80:optional,desirable,3,,0.5,true,source_mapped,not_reviewed,,,,2026.1
CPX-OCC-ENG-013,CPX-SKL-AUTO-B7A8AF32,esco,http://data.europa.eu/esco/occupation/579254cf-6d69-4889-9000-9c79dc568644:http://data.europa.eu/esco/skill/4fabca9a-7435-4f33-b1da-3cdb00340fdc:essential,essential,3,,0.5,true,source_mapped,not_reviewed,,,,2026.1
CPX-OCC-ENG-013,CPX-SKL-AUTO-3F931A3E,esco,http://data.europa.eu/esco/occupation/579254cf-6d69-4889-9000-9c79dc568644:http://data.europa.eu/esco/skill/532bcdca-a889-4dea-8f7f-4e03d8cfd0d2:optional,desirable,3,,0.5,true,source_mapped,not_reviewed,,,,2026.1
CPX-OCC-ENG-013,CPX-SKL-AUTO-8308E008,esco,http://data.europa.eu/esco/occupation/579254cf-6d69-4889-9000-9c79dc568644:http://data.europa.eu/esco/skill/53403f06-6c51-4a24-9491-d8a6200526ce:optional,desirable,3,,0.5,true,source_mapped,not_reviewed,,,,2026.1
CPX-OCC-ENG-013,CPX-SKL-AUTO-3104202D,esco,http://data.europa.eu/esco/occupation/579254cf-6d69-4889-9000-9c79dc568644:http://data.europa.eu/esco/skill/539edd73-5c9b-4498-96f2-68a9cd2e6073:optional,desirable,3,,0.5,true,source_mapped,not_reviewed,,,,2026.1
CPX-OCC-ENG-013,CPX-SKL-AUTO-1508EE9B,esco,http://data.europa.eu/esco/occupation/579254cf-6d69-4889-9000-9c79dc568644:http://data.europa.eu/esco/skill/53b1dcbc-7c51-43cd-9e3a-9ca78afd2895:optional,desirable,3,,0.5,true,source_mapped,not_reviewed,,,,2026.1
CPX-OCC-ENG-013,CPX-SKL-AUTO-0FBF48C0,esco,http://data.europa.eu/esco/occupation/579254cf-6d69-4889-9000-9c79dc568644:http://data.europa.eu/esco/skill/541561bc-510c-4a99-881c-2d8bf5a85462:essential,essential,3,,0.5,true,source_mapped,not_reviewed,,,,2026.1
CPX-OCC-ENG-013,CPX-SKL-AUTO-454C1FEF,esco,http://data.europa.eu/esco/occupation/579254cf-6d69-4889-9000-9c79dc568644:http://data.europa.eu/esco/skill/54804209-6aac-4ca4-bf3c-aef4fbe18f8c:optional,desirable,3,,0.5,true,source_mapped,not_reviewed,,,,2026.1
CPX-OCC-ENG-013,CPX-SKL-AUTO-47B76213,esco,http://data.europa.eu/esco/occupation/579254cf-6d69-4889-9000-9c79dc568644:http://data.europa.eu/esco/skill/561c2525-5bd8-4d86-8f45-820f4be7db93:optional,desirable,3,,0.5,true,source_mapped,not_reviewed,,,,2026.1
CPX-OCC-ENG-013,CPX-SKL-AUTO-E470E871,esco,http://data.europa.eu/esco/occupation/579254cf-6d69-4889-9000-9c79dc568644:http://data.europa.eu/esco/skill/59ea80e1-463a-4dba-82c6-d0b6d577d532:essential,essential,3,,0.5,true,source_mapped,not_reviewed,,,,2026.1
CPX-OCC-ENG-013,CPX-SKL-AUTO-5F843E05,esco,http://data.europa.eu/esco/occupation/579254cf-6d69-4889-9000-9c79dc568644:http://data.europa.eu/esco/skill/5b8d63ff-a58b-4331-a53b-b1925acae4dc:optional,desirable,3,,0.5,true,source_mapped,not_reviewed,,,,2026.1
CPX-OCC-ENG-013,CPX-SKL-AUTO-D0001062,esco,http://data.europa.eu/esco/occupation/579254cf-6d69-4889-9000-9c79dc568644:http://data.europa.eu/esco/skill/5c98825f-146d-4d35-97cf-207b2afd9ae2:optional,desirable,3,,0.5,true,source_mapped,not_reviewed,,,,2026.1
CPX-OCC-ENG-013,CPX-SKL-AUTO-DBE44076,esco,http://data.europa.eu/esco/occupation/579254cf-6d69-4889-9000-9c79dc568644:http://data.europa.eu/esco/skill/5cf70b66-f1b4-4c50-94fb-15ec74fad028:optional,desirable,3,,0.5,true,source_mapped,not_reviewed,,,,2026.1
CPX-OCC-ENG-013,CPX-SKL-AUTO-BAE16BC2,esco,http://data.europa.eu/esco/occupation/579254cf-6d69-4889-9000-9c79dc568644:http://data.europa.eu/esco/skill/5d34adde-0b78-42b4-9d3d-69e9388d8398:optional,desirable,3,,0.5,true,source_mapped,not_reviewed,,,,2026.1
CPX-OCC-ENG-013,CPX-SKL-AUTO-F2A5DD0B,esco,http://data.europa.eu/esco/occupation/579254cf-6d69-4889-9000-9c79dc568644:http://data.europa.eu/esco/skill/6122d586-5978-431f-8e7a-96e61fc1f3fc:optional,desirable,3,,0.5,true,source_mapped,not_reviewed,,,,2026.1
CPX-OCC-ENG-013,CPX-SKL-AUTO-54A2C268,esco,http://data.europa.eu/esco/occupation/579254cf-6d69-4889-9000-9c79dc568644:http://data.europa.eu/esco/skill/61bef658-d7f9-4759-b1b0-0f9cb3bc581a:optional,desirable,3,,0.5,true,source_mapped,not_reviewed,,,,2026.1
CPX-OCC-ENG-013,CPX-SKL-AUTO-CD7335A8,esco,http://data.europa.eu/esco/occupation/579254cf-6d69-4889-9000-9c79dc568644:http://data.europa.eu/esco/skill/632843be-2872-47b4-a92e-352629f9bd88:optional,desirable,3,,0.5,true,source_mapped,not_reviewed,,,,2026.1
CPX-OCC-ENG-013,CPX-SKL-AUTO-AD5134A1,esco,http://data.europa.eu/esco/occupation/579254cf-6d69-4889-9000-9c79dc568644:http://data.europa.eu/esco/skill/6360d655-3494-45f6-bfc6-d5f63afc355b:optional,desirable,3,,0.5,true,source_mapped,not_reviewed,,,,2026.1
CPX-OCC-ENG-013,CPX-SKL-AUTO-B257C61C,esco,http://data.europa.eu/esco/occupation/579254cf-6d69-4889-9000-9c79dc568644:http://data.europa.eu/esco/skill/68b6ef08-d823-489d-a95c-752ae6f6e6a7:optional,desirable,3,,0.5,true,source_mapped,not_reviewed,,,,2026.1
CPX-OCC-ENG-013,CPX-SKL-AUTO-D4C5566D,esco,http://data.europa.eu/esco/occupation/579254cf-6d69-4889-9000-9c79dc568644:http://data.europa.eu/esco/skill/68e66ed6-a171-4350-8ec1-2cfc4cae50e4:optional,desirable,3,,0.5,true,source_mapped,not_reviewed,,,,2026.1
CPX-OCC-ENG-013,CPX-SKL-AUTO-237DB4BB,esco,http://data.europa.eu/esco/occupation/579254cf-6d69-4889-9000-9c79dc568644:http://data.europa.eu/esco/skill/692ace70-7f97-4214-92bd-88f7637d8a44:optional,desirable,3,,0.5,true,source_mapped,not_reviewed,,,,2026.1
CPX-OCC-ENG-013,CPX-SKL-AUTO-97EC1A18,esco,http://data.europa.eu/esco/occupation/579254cf-6d69-4889-9000-9c79dc568644:http://data.europa.eu/esco/skill/69b393eb-0695-4e49-956a-b8b953338674:optional,desirable,3,,0.5,true,source_mapped,not_reviewed,,,,2026.1
CPX-OCC-ENG-013,CPX-SKL-AUTO-FB03F0F4,esco,http://data.europa.eu/esco/occupation/579254cf-6d69-4889-9000-9c79dc568644:http://data.europa.eu/esco/skill/6a899482-8bcf-40ca-ae67-579a1cc467ab:optional,desirable,3,,0.5,true,source_mapped,not_reviewed,,,,2026.1
CPX-OCC-ENG-013,CPX-SKL-AUTO-FAA6CE4C,esco,http://data.europa.eu/esco/occupation/579254cf-6d69-4889-9000-9c79dc568644:http://data.europa.eu/esco/skill/6f5850ea-5785-4e2c-b062-743066fd5bdb:optional,desirable,3,,0.5,true,source_mapped,not_reviewed,,,,2026.1
CPX-OCC-ENG-013,CPX-SKL-AUTO-E6E2C0DD,esco,http://data.europa.eu/esco/occupation/579254cf-6d69-4889-9000-9c79dc568644:http://data.europa.eu/esco/skill/700ea222-8139-4c48-95cf-014855565530:optional,desirable,3,,0.5,true,source_mapped,not_reviewed,,,,2026.1
CPX-OCC-ENG-013,CPX-SKL-AUTO-AA25BFD8,esco,http://data.europa.eu/esco/occupation/579254cf-6d69-4889-9000-9c79dc568644:http://data.europa.eu/esco/skill/7111b95d-0ce3-441a-9d92-4c75d05c4388:optional,desirable,3,,0.5,true,source_mapped,not_reviewed,,,,2026.1
CPX-OCC-ENG-013,CPX-SKL-AUTO-40628FD9,esco,http://data.europa.eu/esco/occupation/579254cf-6d69-4889-9000-9c79dc568644:http://data.europa.eu/esco/skill/72a74f69-5cf1-43c5-99b9-62a444578919:essential,essential,3,,0.5,true,source_mapped,not_reviewed,,,,2026.1
CPX-OCC-ENG-013,CPX-SKL-AUTO-CFC4C6AB,esco,http://data.europa.eu/esco/occupation/579254cf-6d69-4889-9000-9c79dc568644:http://data.europa.eu/esco/skill/74374d09-7a54-4a05-ae78-d5940423de7c:optional,desirable,3,,0.5,true,source_mapped,not_reviewed,,,,2026.1
CPX-OCC-ENG-013,CPX-SKL-AUTO-A0CC4688,esco,http://data.europa.eu/esco/occupation/579254cf-6d69-4889-9000-9c79dc568644:http://data.europa.eu/esco/skill/7566f0b4-7f6e-455c-abb5-ec58e57f7e17:optional,desirable,3,,0.5,true,source_mapped,not_reviewed,,,,2026.1
CPX-OCC-ENG-013,CPX-SKL-AUTO-67703997,esco,http://data.europa.eu/esco/occupation/579254cf-6d69-4889-9000-9c79dc568644:http://data.europa.eu/esco/skill/75d2ac62-700a-41d1-b920-5cd7aaa78553:optional,desirable,3,,0.5,true,source_mapped,not_reviewed,,,,2026.1
CPX-OCC-ENG-013,CPX-SKL-AUTO-13772A32,esco,http://data.europa.eu/esco/occupation/579254cf-6d69-4889-9000-9c79dc568644:http://data.europa.eu/esco/skill/75f312e1-622b-4751-8d93-815b32feaf8d:optional,desirable,3,,0.5,true,source_mapped,not_reviewed,,,,2026.1
CPX-OCC-ENG-013,CPX-SKL-AUTO-22EDA541,esco,http://data.europa.eu/esco/occupation/579254cf-6d69-4889-9000-9c79dc568644:http://data.europa.eu/esco/skill/76415d7f-0fde-4364-b45f-5c044580d2aa:optional,desirable,3,,0.5,true,source_mapped,not_reviewed,,,,2026.1
CPX-OCC-ENG-013,CPX-SKL-AUTO-088F39E3,esco,http://data.europa.eu/esco/occupation/579254cf-6d69-4889-9000-9c79dc568644:http://data.europa.eu/esco/skill/767606b1-9c54-4dbd-8a69-80cc3ab923c1:optional,desirable,3,,0.5,true,source_mapped,not_reviewed,,,,2026.1
CPX-OCC-ENG-013,CPX-SKL-AUTO-3688C02B,esco,http://data.europa.eu/esco/occupation/579254cf-6d69-4889-9000-9c79dc568644:http://data.europa.eu/esco/skill/78b1de70-0930-462f-9a7e-bf9b4135e1e2:optional,desirable,3,,0.5,true,source_mapped,not_reviewed,,,,2026.1
CPX-OCC-ENG-013,CPX-SKL-AUTO-B83CDA08,esco,http://data.europa.eu/esco/occupation/579254cf-6d69-4889-9000-9c79dc568644:http://data.europa.eu/esco/skill/7a757fa5-9a6f-43ab-9e66-f8f4dba1ffcb:optional,desirable,3,,0.5,true,source_mapped,not_reviewed,,,,2026.1
CPX-OCC-ENG-013,CPX-SKL-AUTO-6A5DD82E,esco,http://data.europa.eu/esco/occupation/579254cf-6d69-4889-9000-9c79dc568644:http://data.europa.eu/esco/skill/7a950986-27fe-4b6c-adf3-88f211e77019:optional,desirable,3,,0.5,true,source_mapped,not_reviewed,,,,2026.1
CPX-OCC-ENG-013,CPX-SKL-AUTO-963468E9,esco,http://data.europa.eu/esco/occupation/579254cf-6d69-4889-9000-9c79dc568644:http://data.europa.eu/esco/skill/7aa52bdc-9c56-4341-be65-e8e30f64403f:optional,desirable,3,,0.5,true,source_mapped,not_reviewed,,,,2026.1
CPX-OCC-ENG-013,CPX-SKL-AUTO-CFC81E0F,esco,http://data.europa.eu/esco/occupation/579254cf-6d69-4889-9000-9c79dc568644:http://data.europa.eu/esco/skill/7af6e9e8-1e11-4c0b-b7c6-ac96bbbbc674:optional,desirable,3,,0.5,true,source_mapped,not_reviewed,,,,2026.1
CPX-OCC-ENG-013,CPX-SKL-AUTO-86C67F1C,esco,http://data.europa.eu/esco/occupation/579254cf-6d69-4889-9000-9c79dc568644:http://data.europa.eu/esco/skill/7d0f33ea-e724-4d77-8b75-ee4fe66bb9ba:optional,desirable,3,,0.5,true,source_mapped,not_reviewed,,,,2026.1
CPX-OCC-ENG-013,CPX-SKL-AUTO-BA240AE5,esco,http://data.europa.eu/esco/occupation/579254cf-6d69-4889-9000-9c79dc568644:http://data.europa.eu/esco/skill/7f27f1ff-2e17-4b69-990e-c23334478313:optional,desirable,3,,0.5,true,source_mapped,not_reviewed,,,,2026.1
CPX-OCC-ENG-013,CPX-SKL-AUTO-550464DF,esco,http://data.europa.eu/esco/occupation/579254cf-6d69-4889-9000-9c79dc568644:http://data.europa.eu/esco/skill/81a2db2c-7e55-44d0-9cd9-74c25147d7cd:optional,desirable,3,,0.5,true,source_mapped,not_reviewed,,,,2026.1
CPX-OCC-ENG-013,CPX-SKL-AUTO-33D28B04,esco,http://data.europa.eu/esco/occupation/579254cf-6d69-4889-9000-9c79dc568644:http://data.europa.eu/esco/skill/82313e12-9d39-47d1-b7c9-78bbd6bb50e2:optional,desirable,3,,0.5,true,source_mapped,not_reviewed,,,,2026.1
CPX-OCC-ENG-013,CPX-SKL-AUTO-FDD48A42,esco,http://data.europa.eu/esco/occupation/579254cf-6d69-4889-9000-9c79dc568644:http://data.europa.eu/esco/skill/82887396-e5bf-4306-af51-3fe8d82790b2:optional,desirable,3,,0.5,true,source_mapped,not_reviewed,,,,2026.1
CPX-OCC-ENG-013,CPX-SKL-AUTO-D5750072,esco,http://data.europa.eu/esco/occupation/579254cf-6d69-4889-9000-9c79dc568644:http://data.europa.eu/esco/skill/857e8624-4db0-4725-a758-5914bd8cc350:optional,desirable,3,,0.5,true,source_mapped,not_reviewed,,,,2026.1
CPX-OCC-ENG-013,CPX-SKL-AUTO-1E0AAC08,esco,http://data.europa.eu/esco/occupation/579254cf-6d69-4889-9000-9c79dc568644:http://data.europa.eu/esco/skill/87b1c959-236d-4761-b3be-b1c729497f75:optional,desirable,3,,0.5,true,source_mapped,not_reviewed,,,,2026.1
CPX-OCC-ENG-013,CPX-SKL-AUTO-95A8C5DC,esco,http://data.europa.eu/esco/occupation/579254cf-6d69-4889-9000-9c79dc568644:http://data.europa.eu/esco/skill/89f6560b-2194-45c9-9ece-d33049a73eef:optional,desirable,3,,0.5,true,source_mapped,not_reviewed,,,,2026.1
CPX-OCC-ENG-013,CPX-SKL-AUTO-FBEA047F,esco,http://data.europa.eu/esco/occupation/579254cf-6d69-4889-9000-9c79dc568644:http://data.europa.eu/esco/skill/8a211052-4bec-49c2-9b4e-7914c37d21b4:optional,desirable,3,,0.5,true,source_mapped,not_reviewed,,,,2026.1
CPX-OCC-ENG-013,CPX-SKL-AUTO-F6FC5E79,esco,http://data.europa.eu/esco/occupation/579254cf-6d69-4889-9000-9c79dc568644:http://data.europa.eu/esco/skill/8bc1c7da-c832-4896-a441-30d087c46aad:optional,desirable,3,,0.5,true,source_mapped,not_reviewed,,,,2026.1
CPX-OCC-ENG-013,CPX-SKL-AUTO-44F08C05,esco,http://data.europa.eu/esco/occupation/579254cf-6d69-4889-9000-9c79dc568644:http://data.europa.eu/esco/skill/8c474534-707f-46f3-b356-810bbfe8b693:optional,desirable,3,,0.5,true,source_mapped,not_reviewed,,,,2026.1
CPX-OCC-ENG-013,CPX-SKL-AUTO-8695F01D,esco,http://data.europa.eu/esco/occupation/579254cf-6d69-4889-9000-9c79dc568644:http://data.europa.eu/esco/skill/8d4271ca-c9fd-40b3-875f-15f78332a49e:optional,desirable,3,,0.5,true,source_mapped,not_reviewed,,,,2026.1
CPX-OCC-ENG-013,CPX-SKL-AUTO-10A93E87,esco,http://data.europa.eu/esco/occupation/579254cf-6d69-4889-9000-9c79dc568644:http://data.europa.eu/esco/skill/95013213-ee67-493b-86d0-e383e0f72482:optional,desirable,3,,0.5,true,source_mapped,not_reviewed,,,,2026.1
CPX-OCC-ENG-013,CPX-SKL-AUTO-CFD967E8,esco,http://data.europa.eu/esco/occupation/579254cf-6d69-4889-9000-9c79dc568644:http://data.europa.eu/esco/skill/95c35c3a-035f-47c2-90cf-7e934d20fc08:optional,desirable,3,,0.5,true,source_mapped,not_reviewed,,,,2026.1
CPX-OCC-ENG-013,CPX-SKL-AUTO-29111B5F,esco,http://data.europa.eu/esco/occupation/579254cf-6d69-4889-9000-9c79dc568644:http://data.europa.eu/esco/skill/97965983-0da4-4902-9daf-d5cd2693ef73:optional,desirable,3,,0.5,true,source_mapped,not_reviewed,,,,2026.1
CPX-OCC-ENG-013,CPX-SKL-AUTO-DBED925D,esco,http://data.europa.eu/esco/occupation/579254cf-6d69-4889-9000-9c79dc568644:http://data.europa.eu/esco/skill/9926889a-7074-4e37-acce-1271fe6c5a6f:optional,desirable,3,,0.5,true,source_mapped,not_reviewed,,,,2026.1
CPX-OCC-ENG-013,CPX-SKL-AUTO-5044BB24,esco,http://data.europa.eu/esco/occupation/579254cf-6d69-4889-9000-9c79dc568644:http://data.europa.eu/esco/skill/9a26b8b7-ec0f-46f8-a698-1f07cef1c5e3:optional,desirable,3,,0.5,true,source_mapped,not_reviewed,,,,2026.1
CPX-OCC-ENG-013,CPX-SKL-AUTO-408380BB,esco,http://data.europa.eu/esco/occupation/579254cf-6d69-4889-9000-9c79dc568644:http://data.europa.eu/esco/skill/9bcff7ef-1f9e-4054-b8fa-3c640e491a11:optional,desirable,3,,0.5,true,source_mapped,not_reviewed,,,,2026.1
CPX-OCC-ENG-013,CPX-SKL-AUTO-D5CBD41C,esco,http://data.europa.eu/esco/occupation/579254cf-6d69-4889-9000-9c79dc568644:http://data.europa.eu/esco/skill/9c071f1d-eac3-449d-b004-c14775b5a3b9:essential,essential,3,,0.5,true,source_mapped,not_reviewed,,,,2026.1
CPX-OCC-ENG-013,CPX-SKL-AUTO-F7762CDA,esco,http://data.europa.eu/esco/occupation/579254cf-6d69-4889-9000-9c79dc568644:http://data.europa.eu/esco/skill/9ce670ec-318c-4a91-9179-03437db728dc:optional,desirable,3,,0.5,true,source_mapped,not_reviewed,,,,2026.1
CPX-OCC-ENG-013,CPX-SKL-AUTO-54FB3524,esco,http://data.europa.eu/esco/occupation/579254cf-6d69-4889-9000-9c79dc568644:http://data.europa.eu/esco/skill/a1816dfd-dbdc-4499-bef3-ff81dd895b33:optional,desirable,3,,0.5,true,source_mapped,not_reviewed,,,,2026.1
CPX-OCC-ENG-013,CPX-SKL-AUTO-872A612F,esco,http://data.europa.eu/esco/occupation/579254cf-6d69-4889-9000-9c79dc568644:http://data.europa.eu/esco/skill/a2b5dcf3-5b6a-453d-876c-cff540c0faf1:optional,desirable,3,,0.5,true,source_mapped,not_reviewed,,,,2026.1
CPX-OCC-ENG-013,CPX-SKL-AUTO-1B65795E,esco,http://data.europa.eu/esco/occupation/579254cf-6d69-4889-9000-9c79dc568644:http://data.europa.eu/esco/skill/a59708e3-e654-4e37-8b8a-741c3b756eee:optional,desirable,3,,0.5,true,source_mapped,not_reviewed,,,,2026.1
CPX-OCC-ENG-013,CPX-SKL-AUTO-EBE5DD16,esco,http://data.europa.eu/esco/occupation/579254cf-6d69-4889-9000-9c79dc568644:http://data.europa.eu/esco/skill/a8d41cca-3bc9-4d2a-ae09-436dabe86e21:optional,desirable,3,,0.5,true,source_mapped,not_reviewed,,,,2026.1
CPX-OCC-ENG-013,CPX-SKL-AUTO-1324BECE,esco,http://data.europa.eu/esco/occupation/579254cf-6d69-4889-9000-9c79dc568644:http://data.europa.eu/esco/skill/a99c6783-50c0-4f7a-99df-bf93429ef6dc:optional,desirable,3,,0.5,true,source_mapped,not_reviewed,,,,2026.1
CPX-OCC-ENG-013,CPX-SKL-AUTO-6D5479C0,esco,http://data.europa.eu/esco/occupation/579254cf-6d69-4889-9000-9c79dc568644:http://data.europa.eu/esco/skill/aba2e61d-ef78-45bd-a9bc-392a718d4877:optional,desirable,3,,0.5,true,source_mapped,not_reviewed,,,,2026.1
CPX-OCC-ENG-013,CPX-SKL-AUTO-D2F19421,esco,http://data.europa.eu/esco/occupation/579254cf-6d69-4889-9000-9c79dc568644:http://data.europa.eu/esco/skill/ad903700-6511-4804-afc6-f9a2e9344a59:optional,desirable,3,,0.5,true,source_mapped,not_reviewed,,,,2026.1
CPX-OCC-ENG-013,CPX-SKL-AUTO-5644E61F,esco,http://data.europa.eu/esco/occupation/579254cf-6d69-4889-9000-9c79dc568644:http://data.europa.eu/esco/skill/adc76417-47f8-4f3d-8037-3c5c5ce9d9b2:optional,desirable,3,,0.5,true,source_mapped,not_reviewed,,,,2026.1
CPX-OCC-ENG-013,CPX-SKL-AUTO-1083AFD4,esco,http://data.europa.eu/esco/occupation/579254cf-6d69-4889-9000-9c79dc568644:http://data.europa.eu/esco/skill/af0bbc31-b54d-4e8d-82b1-2e91a1115523:optional,desirable,3,,0.5,true,source_mapped,not_reviewed,,,,2026.1
CPX-OCC-ENG-013,CPX-SKL-AUTO-45BD37E4,esco,http://data.europa.eu/esco/occupation/579254cf-6d69-4889-9000-9c79dc568644:http://data.europa.eu/esco/skill/b07daddc-8625-4360-946e-ad2b0e56ebf6:optional,desirable,3,,0.5,true,source_mapped,not_reviewed,,,,2026.1
CPX-OCC-ENG-013,CPX-SKL-AUTO-091726A7,esco,http://data.europa.eu/esco/occupation/579254cf-6d69-4889-9000-9c79dc568644:http://data.europa.eu/esco/skill/b112ead8-6245-49bb-879f-07b1388a1c9b:optional,desirable,3,,0.5,true,source_mapped,not_reviewed,,,,2026.1
CPX-OCC-ENG-013,CPX-SKL-AUTO-052B962E,esco,http://data.europa.eu/esco/occupation/579254cf-6d69-4889-9000-9c79dc568644:http://data.europa.eu/esco/skill/b34e2ba1-9080-48c9-9b42-ee9192a4d3f1:optional,desirable,3,,0.5,true,source_mapped,not_reviewed,,,,2026.1
CPX-OCC-ENG-013,CPX-SKL-AUTO-23934660,esco,http://data.europa.eu/esco/occupation/579254cf-6d69-4889-9000-9c79dc568644:http://data.europa.eu/esco/skill/b8b2a035-38f0-4c0e-94ee-edefc266c643:optional,desirable,3,,0.5,true,source_mapped,not_reviewed,,,,2026.1
CPX-OCC-ENG-013,CPX-SKL-AUTO-3F9941F6,esco,http://data.europa.eu/esco/occupation/579254cf-6d69-4889-9000-9c79dc568644:http://data.europa.eu/esco/skill/ba45db8f-34e8-4f29-af0b-e6645e1d693f:optional,desirable,3,,0.5,true,source_mapped,not_reviewed,,,,2026.1
CPX-OCC-ENG-013,CPX-SKL-AUTO-D7F587B8,esco,http://data.europa.eu/esco/occupation/579254cf-6d69-4889-9000-9c79dc568644:http://data.europa.eu/esco/skill/bacbfc27-4b5d-47de-8bfd-af5fa27562a2:optional,desirable,3,,0.5,true,source_mapped,not_reviewed,,,,2026.1
CPX-OCC-ENG-013,CPX-SKL-AUTO-7E351D62,esco,http://data.europa.eu/esco/occupation/579254cf-6d69-4889-9000-9c79dc568644:http://data.europa.eu/esco/skill/bbd57056-80e0-45bb-a2c1-658ed99a1251:optional,desirable,3,,0.5,true,source_mapped,not_reviewed,,,,2026.1
CPX-OCC-ENG-013,CPX-SKL-AUTO-E7427129,esco,http://data.europa.eu/esco/occupation/579254cf-6d69-4889-9000-9c79dc568644:http://data.europa.eu/esco/skill/bf1f763e-c505-46e7-8af3-e48f13ec5f44:optional,desirable,3,,0.5,true,source_mapped,not_reviewed,,,,2026.1
CPX-OCC-ENG-013,CPX-SKL-AUTO-AF950849,esco,http://data.europa.eu/esco/occupation/579254cf-6d69-4889-9000-9c79dc568644:http://data.europa.eu/esco/skill/c32ad607-0c4d-4e34-b73f-668298f7bf13:optional,desirable,3,,0.5,true,source_mapped,not_reviewed,,,,2026.1
CPX-OCC-ENG-013,CPX-SKL-AUTO-7E23F03D,esco,http://data.europa.eu/esco/occupation/579254cf-6d69-4889-9000-9c79dc568644:http://data.europa.eu/esco/skill/c49eb4a4-7b5f-44e6-b346-7153879ac86b:optional,desirable,3,,0.5,true,source_mapped,not_reviewed,,,,2026.1
CPX-OCC-ENG-013,CPX-SKL-AUTO-6FB1597E,esco,http://data.europa.eu/esco/occupation/579254cf-6d69-4889-9000-9c79dc568644:http://data.europa.eu/esco/skill/c544a9f3-5945-4b54-afed-de0697852817:optional,desirable,3,,0.5,true,source_mapped,not_reviewed,,,,2026.1
CPX-OCC-ENG-013,CPX-SKL-AUTO-AA405638,esco,http://data.europa.eu/esco/occupation/579254cf-6d69-4889-9000-9c79dc568644:http://data.europa.eu/esco/skill/c5c51528-ccfc-4c53-b409-c200aaa44222:optional,desirable,3,,0.5,true,source_mapped,not_reviewed,,,,2026.1
CPX-OCC-ENG-013,CPX-SKL-AUTO-68F157A3,esco,http://data.europa.eu/esco/occupation/579254cf-6d69-4889-9000-9c79dc568644:http://data.europa.eu/esco/skill/c8c18b8d-a813-49f8-a702-689564dcf8b2:optional,desirable,3,,0.5,true,source_mapped,not_reviewed,,,,2026.1
CPX-OCC-ENG-013,CPX-SKL-AUTO-45AD02AB,esco,http://data.europa.eu/esco/occupation/579254cf-6d69-4889-9000-9c79dc568644:http://data.europa.eu/esco/skill/cb1a2fbf-242d-4a4e-a466-588378f124c1:optional,desirable,3,,0.5,true,source_mapped,not_reviewed,,,,2026.1
CPX-OCC-ENG-013,CPX-SKL-AUTO-22A7BF61,esco,http://data.europa.eu/esco/occupation/579254cf-6d69-4889-9000-9c79dc568644:http://data.europa.eu/esco/skill/cbc24ea1-8f53-4211-96d4-2c682d018b8a:optional,desirable,3,,0.5,true,source_mapped,not_reviewed,,,,2026.1
CPX-OCC-ENG-013,CPX-SKL-AUTO-7EA174F6,esco,http://data.europa.eu/esco/occupation/579254cf-6d69-4889-9000-9c79dc568644:http://data.europa.eu/esco/skill/ccde26f3-e822-4b6a-94a1-39af4ae41fed:optional,desirable,3,,0.5,true,source_mapped,not_reviewed,,,,2026.1
CPX-OCC-ENG-013,CPX-SKL-AUTO-8C767E60,esco,http://data.europa.eu/esco/occupation/579254cf-6d69-4889-9000-9c79dc568644:http://data.europa.eu/esco/skill/cd5efa8c-e44d-4cbc-91c6-796018dbed68:optional,desirable,3,,0.5,true,source_mapped,not_reviewed,,,,2026.1
CPX-OCC-ENG-013,CPX-SKL-AUTO-2D1CDD00,esco,http://data.europa.eu/esco/occupation/579254cf-6d69-4889-9000-9c79dc568644:http://data.europa.eu/esco/skill/cea76131-1049-467d-bd00-bd155f5d65da:optional,desirable,3,,0.5,true,source_mapped,not_reviewed,,,,2026.1
CPX-OCC-ENG-013,CPX-SKL-AUTO-1D5BBC3F,esco,http://data.europa.eu/esco/occupation/579254cf-6d69-4889-9000-9c79dc568644:http://data.europa.eu/esco/skill/cf200547-25b5-47c8-9eda-bca4aedc13fb:optional,desirable,3,,0.5,true,source_mapped,not_reviewed,,,,2026.1
CPX-OCC-ENG-013,CPX-SKL-AUTO-CDC234AF,esco,http://data.europa.eu/esco/occupation/579254cf-6d69-4889-9000-9c79dc568644:http://data.europa.eu/esco/skill/cf9a4613-ff8a-40a7-931f-c6fba2cc3d50:optional,desirable,3,,0.5,true,source_mapped,not_reviewed,,,,2026.1
CPX-OCC-ENG-013,CPX-SKL-AUTO-87617883,esco,http://data.europa.eu/esco/occupation/579254cf-6d69-4889-9000-9c79dc568644:http://data.europa.eu/esco/skill/cffc3e97-e942-4b13-a2f3-0bf4910c06d3:optional,desirable,3,,0.5,true,source_mapped,not_reviewed,,,,2026.1
CPX-OCC-ENG-013,CPX-SKL-AUTO-4A18059D,esco,http://data.europa.eu/esco/occupation/579254cf-6d69-4889-9000-9c79dc568644:http://data.europa.eu/esco/skill/d1072655-88ce-4445-8803-e6273da273e7:optional,desirable,3,,0.5,true,source_mapped,not_reviewed,,,,2026.1
CPX-OCC-ENG-013,CPX-SKL-AUTO-47BCBF08,esco,http://data.europa.eu/esco/occupation/579254cf-6d69-4889-9000-9c79dc568644:http://data.europa.eu/esco/skill/d329b1ed-6e7a-400e-bca2-7c1936fbfbcb:optional,desirable,3,,0.5,true,source_mapped,not_reviewed,,,,2026.1
CPX-OCC-ENG-013,CPX-SKL-AUTO-DA0A87CC,esco,http://data.europa.eu/esco/occupation/579254cf-6d69-4889-9000-9c79dc568644:http://data.europa.eu/esco/skill/d74df140-eb69-43e2-bac9-1cafc824d702:optional,desirable,3,,0.5,true,source_mapped,not_reviewed,,,,2026.1
CPX-OCC-ENG-013,CPX-SKL-AUTO-EF0BCFF3,esco,http://data.europa.eu/esco/occupation/579254cf-6d69-4889-9000-9c79dc568644:http://data.europa.eu/esco/skill/d8045ecd-22f3-4711-bb51-58969d9f28c7:optional,desirable,3,,0.5,true,source_mapped,not_reviewed,,,,2026.1
CPX-OCC-ENG-013,CPX-SKL-AUTO-C2AFEA82,esco,http://data.europa.eu/esco/occupation/579254cf-6d69-4889-9000-9c79dc568644:http://data.europa.eu/esco/skill/d88cb3f1-8e02-4618-bf32-4b0488066934:optional,desirable,3,,0.5,true,source_mapped,not_reviewed,,,,2026.1
CPX-OCC-ENG-013,CPX-SKL-AUTO-A3A7AAD2,esco,http://data.europa.eu/esco/occupation/579254cf-6d69-4889-9000-9c79dc568644:http://data.europa.eu/esco/skill/d9b6af48-e906-4a2a-94d9-557023740180:optional,desirable,3,,0.5,true,source_mapped,not_reviewed,,,,2026.1
CPX-OCC-ENG-013,CPX-SKL-AUTO-A16A9B91,esco,http://data.europa.eu/esco/occupation/579254cf-6d69-4889-9000-9c79dc568644:http://data.europa.eu/esco/skill/d9e5349e-8791-49c2-8ba4-839fdd1606c2:optional,desirable,3,,0.5,true,source_mapped,not_reviewed,,,,2026.1
CPX-OCC-ENG-013,CPX-SKL-AUTO-50B4998D,esco,http://data.europa.eu/esco/occupation/579254cf-6d69-4889-9000-9c79dc568644:http://data.europa.eu/esco/skill/db3c8181-31b4-4950-bf0b-de01f93c372b:optional,desirable,3,,0.5,true,source_mapped,not_reviewed,,,,2026.1
CPX-OCC-ENG-013,CPX-SKL-AUTO-83CB120A,esco,http://data.europa.eu/esco/occupation/579254cf-6d69-4889-9000-9c79dc568644:http://data.europa.eu/esco/skill/dc72ad0a-c5dc-4abd-bc0d-ca43e82162e1:optional,desirable,3,,0.5,true,source_mapped,not_reviewed,,,,2026.1
CPX-OCC-ENG-013,CPX-SKL-AUTO-53198C86,esco,http://data.europa.eu/esco/occupation/579254cf-6d69-4889-9000-9c79dc568644:http://data.europa.eu/esco/skill/dc72d646-4e40-405a-8fa9-a410c60e490b:optional,desirable,3,,0.5,true,source_mapped,not_reviewed,,,,2026.1
CPX-OCC-ENG-013,CPX-SKL-AUTO-253B51AB,esco,http://data.europa.eu/esco/occupation/579254cf-6d69-4889-9000-9c79dc568644:http://data.europa.eu/esco/skill/dd6e5939-d19b-4e2f-a025-2014f0a2ec88:optional,desirable,3,,0.5,true,source_mapped,not_reviewed,,,,2026.1
CPX-OCC-ENG-013,CPX-SKL-AUTO-0940A444,esco,http://data.europa.eu/esco/occupation/579254cf-6d69-4889-9000-9c79dc568644:http://data.europa.eu/esco/skill/e2d0daae-2aa1-40cc-99e2-b340b02f97d3:optional,desirable,3,,0.5,true,source_mapped,not_reviewed,,,,2026.1
CPX-OCC-ENG-013,CPX-SKL-AUTO-E5A934CA,esco,http://data.europa.eu/esco/occupation/579254cf-6d69-4889-9000-9c79dc568644:http://data.europa.eu/esco/skill/e541c69c-ea80-4b17-87cb-4001d0b9d303:optional,desirable,3,,0.5,true,source_mapped,not_reviewed,,,,2026.1
CPX-OCC-ENG-013,CPX-SKL-AUTO-183D026F,esco,http://data.europa.eu/esco/occupation/579254cf-6d69-4889-9000-9c79dc568644:http://data.europa.eu/esco/skill/e54ff029-1ce9-447d-a5b2-eb7283a23e6e:optional,desirable,3,,0.5,true,source_mapped,not_reviewed,,,,2026.1
CPX-OCC-ENG-013,CPX-SKL-AUTO-43906F91,esco,http://data.europa.eu/esco/occupation/579254cf-6d69-4889-9000-9c79dc568644:http://data.europa.eu/esco/skill/e66cd71d-371c-4f82-8bce-b220b8c2d6ea:optional,desirable,3,,0.5,true,source_mapped,not_reviewed,,,,2026.1
CPX-OCC-ENG-013,CPX-SKL-AUTO-FD7A082E,esco,http://data.europa.eu/esco/occupation/579254cf-6d69-4889-9000-9c79dc568644:http://data.europa.eu/esco/skill/e7329772-d1bc-4a73-837b-d729290d7af2:optional,desirable,3,,0.5,true,source_mapped,not_reviewed,,,,2026.1
CPX-OCC-ENG-013,CPX-SKL-AUTO-0969BBF7,esco,http://data.europa.eu/esco/occupation/579254cf-6d69-4889-9000-9c79dc568644:http://data.europa.eu/esco/skill/e87ec79a-c9ff-46f5-84fa-7a0f394cdf40:optional,desirable,3,,0.5,true,source_mapped,not_reviewed,,,,2026.1
CPX-OCC-ENG-013,CPX-SKL-AUTO-90B25506,esco,http://data.europa.eu/esco/occupation/579254cf-6d69-4889-9000-9c79dc568644:http://data.europa.eu/esco/skill/e8d7608d-0d95-461d-b8b1-7be4757087df:optional,desirable,3,,0.5,true,source_mapped,not_reviewed,,,,2026.1
CPX-OCC-ENG-013,CPX-SKL-AUTO-27ED98BB,esco,http://data.europa.eu/esco/occupation/579254cf-6d69-4889-9000-9c79dc568644:http://data.europa.eu/esco/skill/e921279a-1a7e-4900-9720-bde93ae3e70e:optional,desirable,3,,0.5,true,source_mapped,not_reviewed,,,,2026.1
CPX-OCC-ENG-013,CPX-SKL-AUTO-79D5A7D6,esco,http://data.europa.eu/esco/occupation/579254cf-6d69-4889-9000-9c79dc568644:http://data.europa.eu/esco/skill/e93acbe5-535a-4927-9e7c-3b2e06ddfee8:optional,desirable,3,,0.5,true,source_mapped,not_reviewed,,,,2026.1
CPX-OCC-ENG-013,CPX-SKL-AUTO-E66D8FAF,esco,http://data.europa.eu/esco/occupation/579254cf-6d69-4889-9000-9c79dc568644:http://data.europa.eu/esco/skill/e95058a6-e139-42e7-a470-72038a606649:optional,desirable,3,,0.5,true,source_mapped,not_reviewed,,,,2026.1
CPX-OCC-ENG-013,CPX-SKL-AUTO-0FE93BD2,esco,http://data.europa.eu/esco/occupation/579254cf-6d69-4889-9000-9c79dc568644:http://data.europa.eu/esco/skill/ed3f3dba-3a35-4ed5-b113-67f4d10ef4c8:optional,desirable,3,,0.5,true,source_mapped,not_reviewed,,,,2026.1
CPX-OCC-ENG-013,CPX-SKL-AUTO-0AE4E961,esco,http://data.europa.eu/esco/occupation/579254cf-6d69-4889-9000-9c79dc568644:http://data.europa.eu/esco/skill/ed938748-60ae-4964-a657-ff2685ecc0d0:optional,desirable,3,,0.5,true,source_mapped,not_reviewed,,,,2026.1
CPX-OCC-ENG-013,CPX-SKL-AUTO-E7948D2D,esco,http://data.europa.eu/esco/occupation/579254cf-6d69-4889-9000-9c79dc568644:http://data.europa.eu/esco/skill/efa141df-f382-418f-9121-bd88fd735669:essential,essential,3,,0.5,true,source_mapped,not_reviewed,,,,2026.1
CPX-OCC-ENG-013,CPX-SKL-AUTO-B710833B,esco,http://data.europa.eu/esco/occupation/579254cf-6d69-4889-9000-9c79dc568644:http://data.europa.eu/esco/skill/f19f2c6d-3f1d-4231-9fd9-ece77ed359d7:optional,desirable,3,,0.5,true,source_mapped,not_reviewed,,,,2026.1
CPX-OCC-ENG-013,CPX-SKL-AUTO-4D910082,esco,http://data.europa.eu/esco/occupation/579254cf-6d69-4889-9000-9c79dc568644:http://data.europa.eu/esco/skill/f1b5800e-b763-4740-9586-3fef30568e81:optional,desirable,3,,0.5,true,source_mapped,not_reviewed,,,,2026.1
CPX-OCC-ENG-013,CPX-SKL-AUTO-4B1DA3C3,esco,http://data.europa.eu/esco/occupation/579254cf-6d69-4889-9000-9c79dc568644:http://data.europa.eu/esco/skill/f2d9677b-ba41-4b02-9db9-b2e05a462830:optional,desirable,3,,0.5,true,source_mapped,not_reviewed,,,,2026.1
CPX-OCC-ENG-013,CPX-SKL-AUTO-E22DCBD2,esco,http://data.europa.eu/esco/occupation/579254cf-6d69-4889-9000-9c79dc568644:http://data.europa.eu/esco/skill/f4a6e9f7-5cff-46c0-894c-59c20bb78694:optional,desirable,3,,0.5,true,source_mapped,not_reviewed,,,,2026.1
CPX-OCC-ENG-013,CPX-SKL-AUTO-D82A5A70,esco,http://data.europa.eu/esco/occupation/579254cf-6d69-4889-9000-9c79dc568644:http://data.europa.eu/esco/skill/f54c10e4-630d-4e50-95e9-4e9e268e8f12:essential,essential,3,,0.5,true,source_mapped,not_reviewed,,,,2026.1
CPX-OCC-ENG-013,CPX-SKL-AUTO-6B3BE3A8,esco,http://data.europa.eu/esco/occupation/579254cf-6d69-4889-9000-9c79dc568644:http://data.europa.eu/esco/skill/f5dd06b8-5d17-4932-9d03-957d0c4f5051:optional,desirable,3,,0.5,true,source_mapped,not_reviewed,,,,2026.1
CPX-OCC-ENG-013,CPX-SKL-AUTO-94114C07,esco,http://data.europa.eu/esco/occupation/579254cf-6d69-4889-9000-9c79dc568644:http://data.europa.eu/esco/skill/f5f5b244-6cea-4fbc-8a50-8f712791bc09:optional,desirable,3,,0.5,true,source_mapped,not_reviewed,,,,2026.1
CPX-OCC-ENG-013,CPX-SKL-AUTO-6ED6A9CC,esco,http://data.europa.eu/esco/occupation/579254cf-6d69-4889-9000-9c79dc568644:http://data.europa.eu/esco/skill/f5fa2654-52cc-45d2-ac92-ac979dee5d12:optional,desirable,3,,0.5,true,source_mapped,not_reviewed,,,,2026.1
CPX-OCC-ENG-013,CPX-SKL-AUTO-283EBEE1,esco,http://data.europa.eu/esco/occupation/579254cf-6d69-4889-9000-9c79dc568644:http://data.europa.eu/esco/skill/f774cc69-f0cf-4767-bf13-9b16dc7f7c07:optional,desirable,3,,0.5,true,source_mapped,not_reviewed,,,,2026.1
CPX-OCC-ENG-013,CPX-SKL-AUTO-A331B015,esco,http://data.europa.eu/esco/occupation/579254cf-6d69-4889-9000-9c79dc568644:http://data.europa.eu/esco/skill/fd4386c5-96f0-4c6e-970c-c08729ae0cc6:optional,desirable,3,,0.5,true,source_mapped,not_reviewed,,,,2026.1
CPX-OCC-ENG-013,CPX-SKL-AUTO-B25A8613,esco,http://data.europa.eu/esco/occupation/579254cf-6d69-4889-9000-9c79dc568644:http://data.europa.eu/esco/skill/feceacee-d425-4e73-821a-02dfb85084db:optional,desirable,3,,0.5,true,source_mapped,not_reviewed,,,,2026.1
CPX-OCC-ENG-003,CPX-SKL-AUTO-846BD406,esco,http://data.europa.eu/esco/occupation/58c30193-d29f-4d22-8bf0-fd87346b91dd:http://data.europa.eu/esco/skill/0550431f-9c8b-4204-9c45-59bc5feacf06:optional,desirable,3,,0.5,true,source_mapped,not_reviewed,,,,2026.1
CPX-OCC-ENG-003,CPX-SKL-AUTO-0F91113D,esco,http://data.europa.eu/esco/occupation/58c30193-d29f-4d22-8bf0-fd87346b91dd:http://data.europa.eu/esco/skill/1007aa13-9f18-4bcf-96f3-e108c40baf69:optional,desirable,3,,0.5,true,source_mapped,not_reviewed,,,,2026.1
CPX-OCC-ENG-003,CPX-SKL-AUTO-49884F2D,esco,http://data.europa.eu/esco/occupation/58c30193-d29f-4d22-8bf0-fd87346b91dd:http://data.europa.eu/esco/skill/15d76317-c71a-4fa2-aadc-2ecc34e627b7:optional,desirable,3,,0.5,true,source_mapped,not_reviewed,,,,2026.1
CPX-OCC-ENG-003,CPX-SKL-AUTO-D78AC5BE,esco,http://data.europa.eu/esco/occupation/58c30193-d29f-4d22-8bf0-fd87346b91dd:http://data.europa.eu/esco/skill/1dd23dba-dd00-45ab-abf4-642902538317:essential,essential,3,,0.5,true,source_mapped,not_reviewed,,,,2026.1
CPX-OCC-ENG-003,CPX-SKL-AUTO-30BB5DE6,esco,http://data.europa.eu/esco/occupation/58c30193-d29f-4d22-8bf0-fd87346b91dd:http://data.europa.eu/esco/skill/1de548e0-9535-4d2e-9d20-d4474c1ea813:essential,essential,3,,0.5,true,source_mapped,not_reviewed,,,,2026.1
CPX-OCC-ENG-003,CPX-SKL-AUTO-0279C024,esco,http://data.europa.eu/esco/occupation/58c30193-d29f-4d22-8bf0-fd87346b91dd:http://data.europa.eu/esco/skill/209a5498-3449-4689-8ed9-bd08cab4fd78:essential,essential,3,,0.5,true,source_mapped,not_reviewed,,,,2026.1
CPX-OCC-ENG-003,CPX-SKL-AUTO-AF38D05B,esco,http://data.europa.eu/esco/occupation/58c30193-d29f-4d22-8bf0-fd87346b91dd:http://data.europa.eu/esco/skill/21c5790c-0930-4d74-b3b0-84caf5af12ea:optional,desirable,3,,0.5,true,source_mapped,not_reviewed,,,,2026.1
CPX-OCC-ENG-003,CPX-SKL-AUTO-50E60467,esco,http://data.europa.eu/esco/occupation/58c30193-d29f-4d22-8bf0-fd87346b91dd:http://data.europa.eu/esco/skill/237db40b-4600-47c0-837f-4a2c4f3014ab:essential,essential,3,,0.5,true,source_mapped,not_reviewed,,,,2026.1
CPX-OCC-ENG-003,CPX-SKL-AUTO-DD77166F,esco,http://data.europa.eu/esco/occupation/58c30193-d29f-4d22-8bf0-fd87346b91dd:http://data.europa.eu/esco/skill/2c28fc20-8a60-4311-8899-5ef8729c05b3:optional,desirable,3,,0.5,true,source_mapped,not_reviewed,,,,2026.1
CPX-OCC-ENG-003,CPX-SKL-AUTO-959DB502,esco,http://data.europa.eu/esco/occupation/58c30193-d29f-4d22-8bf0-fd87346b91dd:http://data.europa.eu/esco/skill/328733a7-6d84-420d-a65c-2a8014fadc60:essential,essential,3,,0.5,true,source_mapped,not_reviewed,,,,2026.1
CPX-OCC-ENG-003,CPX-SKL-AUTO-BC270433,esco,http://data.europa.eu/esco/occupation/58c30193-d29f-4d22-8bf0-fd87346b91dd:http://data.europa.eu/esco/skill/334e3e49-fb02-4051-809a-f06adfdc1c40:essential,essential,3,,0.5,true,source_mapped,not_reviewed,,,,2026.1
CPX-OCC-ENG-003,CPX-SKL-AUTO-772726C6,esco,http://data.europa.eu/esco/occupation/58c30193-d29f-4d22-8bf0-fd87346b91dd:http://data.europa.eu/esco/skill/44e2c4c4-9fd2-42d4-a133-d81360ded4bc:optional,desirable,3,,0.5,true,source_mapped,not_reviewed,,,,2026.1
CPX-OCC-ENG-003,CPX-SKL-AUTO-09B61CE4,esco,http://data.europa.eu/esco/occupation/58c30193-d29f-4d22-8bf0-fd87346b91dd:http://data.europa.eu/esco/skill/4fa2d6ba-4fff-4f21-bddd-4a54ae840955:essential,essential,3,,0.5,true,source_mapped,not_reviewed,,,,2026.1
CPX-OCC-ENG-003,CPX-SKL-AUTO-B7A8AF32,esco,http://data.europa.eu/esco/occupation/58c30193-d29f-4d22-8bf0-fd87346b91dd:http://data.europa.eu/esco/skill/4fabca9a-7435-4f33-b1da-3cdb00340fdc:essential,essential,3,,0.5,true,source_mapped,not_reviewed,,,,2026.1
CPX-OCC-ENG-003,CPX-SKL-AUTO-3104202D,esco,http://data.europa.eu/esco/occupation/58c30193-d29f-4d22-8bf0-fd87346b91dd:http://data.europa.eu/esco/skill/539edd73-5c9b-4498-96f2-68a9cd2e6073:optional,desirable,3,,0.5,true,source_mapped,not_reviewed,,,,2026.1
CPX-OCC-ENG-003,CPX-SKL-AUTO-0FBF48C0,esco,http://data.europa.eu/esco/occupation/58c30193-d29f-4d22-8bf0-fd87346b91dd:http://data.europa.eu/esco/skill/541561bc-510c-4a99-881c-2d8bf5a85462:optional,desirable,3,,0.5,true,source_mapped,not_reviewed,,,,2026.1
CPX-OCC-ENG-003,CPX-SKL-AUTO-114ACB44,esco,http://data.europa.eu/esco/occupation/58c30193-d29f-4d22-8bf0-fd87346b91dd:http://data.europa.eu/esco/skill/5518db9d-4a2f-4b53-9068-4d0d61465bf4:essential,essential,3,,0.5,true,source_mapped,not_reviewed,,,,2026.1
CPX-OCC-ENG-003,CPX-SKL-AUTO-47B76213,esco,http://data.europa.eu/esco/occupation/58c30193-d29f-4d22-8bf0-fd87346b91dd:http://data.europa.eu/esco/skill/561c2525-5bd8-4d86-8f45-820f4be7db93:optional,desirable,3,,0.5,true,source_mapped,not_reviewed,,,,2026.1
CPX-OCC-ENG-003,CPX-SKL-AUTO-E470E871,esco,http://data.europa.eu/esco/occupation/58c30193-d29f-4d22-8bf0-fd87346b91dd:http://data.europa.eu/esco/skill/59ea80e1-463a-4dba-82c6-d0b6d577d532:optional,desirable,3,,0.5,true,source_mapped,not_reviewed,,,,2026.1
CPX-OCC-ENG-003,CPX-SKL-AUTO-3F2E058C,esco,http://data.europa.eu/esco/occupation/58c30193-d29f-4d22-8bf0-fd87346b91dd:http://data.europa.eu/esco/skill/6181f475-110c-497c-a46d-ed2e14e7bc90:essential,essential,3,,0.5,true,source_mapped,not_reviewed,,,,2026.1
CPX-OCC-ENG-003,CPX-SKL-AUTO-AA25BFD8,esco,http://data.europa.eu/esco/occupation/58c30193-d29f-4d22-8bf0-fd87346b91dd:http://data.europa.eu/esco/skill/7111b95d-0ce3-441a-9d92-4c75d05c4388:essential,essential,3,,0.5,true,source_mapped,not_reviewed,,,,2026.1
CPX-OCC-ENG-003,CPX-SKL-AUTO-40628FD9,esco,http://data.europa.eu/esco/occupation/58c30193-d29f-4d22-8bf0-fd87346b91dd:http://data.europa.eu/esco/skill/72a74f69-5cf1-43c5-99b9-62a444578919:essential,essential,3,,0.5,true,source_mapped,not_reviewed,,,,2026.1
CPX-OCC-ENG-003,CPX-SKL-AUTO-CDF01952,esco,http://data.europa.eu/esco/occupation/58c30193-d29f-4d22-8bf0-fd87346b91dd:http://data.europa.eu/esco/skill/7d35602d-bc94-4975-aa7c-f4e8e05ce8e0:essential,essential,3,,0.5,true,source_mapped,not_reviewed,,,,2026.1
CPX-OCC-ENG-003,CPX-SKL-AUTO-8C73E38B,esco,http://data.europa.eu/esco/occupation/58c30193-d29f-4d22-8bf0-fd87346b91dd:http://data.europa.eu/esco/skill/86df7af2-f9f3-4c06-a500-7f1fba9e78fe:essential,essential,3,,0.5,true,source_mapped,not_reviewed,,,,2026.1
CPX-OCC-ENG-003,CPX-SKL-AUTO-8695F01D,esco,http://data.europa.eu/esco/occupation/58c30193-d29f-4d22-8bf0-fd87346b91dd:http://data.europa.eu/esco/skill/8d4271ca-c9fd-40b3-875f-15f78332a49e:essential,essential,3,,0.5,true,source_mapped,not_reviewed,,,,2026.1
CPX-OCC-ENG-003,CPX-SKL-AUTO-10A93E87,esco,http://data.europa.eu/esco/occupation/58c30193-d29f-4d22-8bf0-fd87346b91dd:http://data.europa.eu/esco/skill/95013213-ee67-493b-86d0-e383e0f72482:optional,desirable,3,,0.5,true,source_mapped,not_reviewed,,,,2026.1
CPX-OCC-ENG-003,CPX-SKL-AUTO-87CE8557,esco,http://data.europa.eu/esco/occupation/58c30193-d29f-4d22-8bf0-fd87346b91dd:http://data.europa.eu/esco/skill/9601b2a8-68e4-4906-9306-a23679b8f0b0:optional,desirable,3,,0.5,true,source_mapped,not_reviewed,,,,2026.1
CPX-OCC-ENG-003,CPX-SKL-AUTO-872A612F,esco,http://data.europa.eu/esco/occupation/58c30193-d29f-4d22-8bf0-fd87346b91dd:http://data.europa.eu/esco/skill/a2b5dcf3-5b6a-453d-876c-cff540c0faf1:optional,desirable,3,,0.5,true,source_mapped,not_reviewed,,,,2026.1
CPX-OCC-ENG-003,CPX-SKL-AUTO-6D5479C0,esco,http://data.europa.eu/esco/occupation/58c30193-d29f-4d22-8bf0-fd87346b91dd:http://data.europa.eu/esco/skill/aba2e61d-ef78-45bd-a9bc-392a718d4877:optional,desirable,3,,0.5,true,source_mapped,not_reviewed,,,,2026.1
CPX-OCC-ENG-003,CPX-SKL-AUTO-091726A7,esco,http://data.europa.eu/esco/occupation/58c30193-d29f-4d22-8bf0-fd87346b91dd:http://data.europa.eu/esco/skill/b112ead8-6245-49bb-879f-07b1388a1c9b:optional,desirable,3,,0.5,true,source_mapped,not_reviewed,,,,2026.1
CPX-OCC-ENG-003,CPX-SKL-AUTO-FC24CEEA,esco,http://data.europa.eu/esco/occupation/58c30193-d29f-4d22-8bf0-fd87346b91dd:http://data.europa.eu/esco/skill/b2235ce8-d0f0-4954-9b60-e2c1aeeadab5:optional,desirable,3,,0.5,true,source_mapped,not_reviewed,,,,2026.1
CPX-OCC-ENG-003,CPX-SKL-AUTO-052B962E,esco,http://data.europa.eu/esco/occupation/58c30193-d29f-4d22-8bf0-fd87346b91dd:http://data.europa.eu/esco/skill/b34e2ba1-9080-48c9-9b42-ee9192a4d3f1:optional,desirable,3,,0.5,true,source_mapped,not_reviewed,,,,2026.1
CPX-OCC-ENG-003,CPX-SKL-AUTO-7E351D62,esco,http://data.europa.eu/esco/occupation/58c30193-d29f-4d22-8bf0-fd87346b91dd:http://data.europa.eu/esco/skill/bbd57056-80e0-45bb-a2c1-658ed99a1251:optional,desirable,3,,0.5,true,source_mapped,not_reviewed,,,,2026.1
CPX-OCC-ENG-003,CPX-SKL-AUTO-6FF47E3E,esco,http://data.europa.eu/esco/occupation/58c30193-d29f-4d22-8bf0-fd87346b91dd:http://data.europa.eu/esco/skill/be7c80ee-0b7a-455c-8928-055cfa65076c:optional,desirable,3,,0.5,true,source_mapped,not_reviewed,,,,2026.1
CPX-OCC-ENG-003,CPX-SKL-AUTO-7E23F03D,esco,http://data.europa.eu/esco/occupation/58c30193-d29f-4d22-8bf0-fd87346b91dd:http://data.europa.eu/esco/skill/c49eb4a4-7b5f-44e6-b346-7153879ac86b:optional,desirable,3,,0.5,true,source_mapped,not_reviewed,,,,2026.1
CPX-OCC-ENG-003,CPX-SKL-AUTO-F2885F17,esco,http://data.europa.eu/esco/occupation/58c30193-d29f-4d22-8bf0-fd87346b91dd:http://data.europa.eu/esco/skill/c643e59b-d74c-4f44-b76e-6e1d96c05ec4:optional,desirable,3,,0.5,true,source_mapped,not_reviewed,,,,2026.1
CPX-OCC-ENG-003,CPX-SKL-AUTO-B40B55C3,esco,http://data.europa.eu/esco/occupation/58c30193-d29f-4d22-8bf0-fd87346b91dd:http://data.europa.eu/esco/skill/cc173f61-3386-44c5-a048-3889e1ec9114:essential,essential,3,,0.5,true,source_mapped,not_reviewed,,,,2026.1
CPX-OCC-ENG-003,CPX-SKL-AUTO-8C767E60,esco,http://data.europa.eu/esco/occupation/58c30193-d29f-4d22-8bf0-fd87346b91dd:http://data.europa.eu/esco/skill/cd5efa8c-e44d-4cbc-91c6-796018dbed68:essential,essential,3,,0.5,true,source_mapped,not_reviewed,,,,2026.1
CPX-OCC-ENG-003,CPX-SKL-AUTO-824246CF,esco,http://data.europa.eu/esco/occupation/58c30193-d29f-4d22-8bf0-fd87346b91dd:http://data.europa.eu/esco/skill/d4cc5022-7801-4885-bcff-166552788d35:optional,desirable,3,,0.5,true,source_mapped,not_reviewed,,,,2026.1
CPX-OCC-ENG-003,CPX-SKL-AUTO-4C268F11,esco,http://data.europa.eu/esco/occupation/58c30193-d29f-4d22-8bf0-fd87346b91dd:http://data.europa.eu/esco/skill/fe77f9ca-7bd2-4a68-98f4-8463a4fb8301:essential,essential,3,,0.5,true,source_mapped,not_reviewed,,,,2026.1
CPX-OCC-ENG-012,CPX-SKL-AUTO-F7DA1A32,esco,http://data.europa.eu/esco/occupation/58db3ac6-5217-4d46-8a4c-126598be1d13:http://data.europa.eu/esco/skill/071c7f1d-f659-4b96-a222-b21012297f3b:optional,desirable,3,,0.5,true,source_mapped,not_reviewed,,,,2026.1
CPX-OCC-ENG-012,CPX-SKL-AUTO-EE13CF61,esco,http://data.europa.eu/esco/occupation/58db3ac6-5217-4d46-8a4c-126598be1d13:http://data.europa.eu/esco/skill/21c27eba-bd1f-42f5-a1d5-c250227030f7:optional,desirable,3,,0.5,true,source_mapped,not_reviewed,,,,2026.1
CPX-OCC-ENG-012,CPX-SKL-AUTO-67BD8C74,esco,http://data.europa.eu/esco/occupation/58db3ac6-5217-4d46-8a4c-126598be1d13:http://data.europa.eu/esco/skill/3c333552-8d89-43f5-90bd-856e15bec433:optional,desirable,3,,0.5,true,source_mapped,not_reviewed,,,,2026.1
CPX-OCC-ENG-012,CPX-SKL-AUTO-1D4E2E34,esco,http://data.europa.eu/esco/occupation/58db3ac6-5217-4d46-8a4c-126598be1d13:http://data.europa.eu/esco/skill/3e40c7d0-0e36-4b33-bc33-0aa87eda0561:essential,essential,3,,0.5,true,source_mapped,not_reviewed,,,,2026.1
CPX-OCC-ENG-012,CPX-SKL-AUTO-E900B26A,esco,http://data.europa.eu/esco/occupation/58db3ac6-5217-4d46-8a4c-126598be1d13:http://data.europa.eu/esco/skill/4c58528e-bdaa-43ad-8f5a-8ad0b8cd4bbb:optional,desirable,3,,0.5,true,source_mapped,not_reviewed,,,,2026.1
CPX-OCC-ENG-012,CPX-SKL-AUTO-8695F01D,esco,http://data.europa.eu/esco/occupation/58db3ac6-5217-4d46-8a4c-126598be1d13:http://data.europa.eu/esco/skill/8d4271ca-c9fd-40b3-875f-15f78332a49e:optional,desirable,3,,0.5,true,source_mapped,not_reviewed,,,,2026.1
CPX-OCC-ENG-012,CPX-SKL-AUTO-872A612F,esco,http://data.europa.eu/esco/occupation/58db3ac6-5217-4d46-8a4c-126598be1d13:http://data.europa.eu/esco/skill/a2b5dcf3-5b6a-453d-876c-cff540c0faf1:optional,desirable,3,,0.5,true,source_mapped,not_reviewed,,,,2026.1
CPX-OCC-ENG-012,CPX-SKL-AUTO-B96852D1,esco,http://data.europa.eu/esco/occupation/58db3ac6-5217-4d46-8a4c-126598be1d13:http://data.europa.eu/esco/skill/c8ac1986-38fa-43b2-89dc-50a4beeb420e:essential,essential,3,,0.5,true,source_mapped,not_reviewed,,,,2026.1
CPX-OCC-ENG-012,CPX-SKL-AUTO-68F157A3,esco,http://data.europa.eu/esco/occupation/58db3ac6-5217-4d46-8a4c-126598be1d13:http://data.europa.eu/esco/skill/c8c18b8d-a813-49f8-a702-689564dcf8b2:essential,essential,3,,0.5,true,source_mapped,not_reviewed,,,,2026.1
CPX-OCC-ENG-012,CPX-SKL-AUTO-3439D026,esco,http://data.europa.eu/esco/occupation/58db3ac6-5217-4d46-8a4c-126598be1d13:http://data.europa.eu/esco/skill/c927ec6e-9082-4b22-afd3-0c4e219eaf73:optional,desirable,3,,0.5,true,source_mapped,not_reviewed,,,,2026.1
CPX-OCC-ENG-007,CPX-SKL-AUTO-50AA1896,esco,http://data.europa.eu/esco/occupation/5f68c4c3-9d25-48e2-8efc-5471a80fb155:http://data.europa.eu/esco/skill/059a7a6e-e65e-4127-a421-76817554f97c:optional,desirable,3,,0.5,true,source_mapped,not_reviewed,,,,2026.1
CPX-OCC-ENG-007,CPX-SKL-AUTO-4DF71AA5,esco,http://data.europa.eu/esco/occupation/5f68c4c3-9d25-48e2-8efc-5471a80fb155:http://data.europa.eu/esco/skill/0a0c89e8-6ddc-48db-89c4-774335309a22:essential,essential,3,,0.5,true,source_mapped,not_reviewed,,,,2026.1
CPX-OCC-ENG-007,CPX-SKL-AUTO-73468814,esco,http://data.europa.eu/esco/occupation/5f68c4c3-9d25-48e2-8efc-5471a80fb155:http://data.europa.eu/esco/skill/156f8c5b-894a-4ccc-a70e-37a2726f3f00:essential,essential,3,,0.5,true,source_mapped,not_reviewed,,,,2026.1
CPX-OCC-ENG-007,CPX-SKL-AUTO-58DC12FC,esco,http://data.europa.eu/esco/occupation/5f68c4c3-9d25-48e2-8efc-5471a80fb155:http://data.europa.eu/esco/skill/16801a68-549b-4eaf-9531-f2d516a9380c:optional,desirable,3,,0.5,true,source_mapped,not_reviewed,,,,2026.1
CPX-OCC-ENG-007,CPX-SKL-AUTO-91EA45D2,esco,http://data.europa.eu/esco/occupation/5f68c4c3-9d25-48e2-8efc-5471a80fb155:http://data.europa.eu/esco/skill/23b8dced-62a9-41f4-8b41-692e2d8e6d52:essential,essential,3,,0.5,true,source_mapped,not_reviewed,,,,2026.1
CPX-OCC-ENG-007,CPX-SKL-AUTO-52D184BE,esco,http://data.europa.eu/esco/occupation/5f68c4c3-9d25-48e2-8efc-5471a80fb155:http://data.europa.eu/esco/skill/3ba70459-7849-423f-a51e-e2290724b75b:optional,desirable,3,,0.5,true,source_mapped,not_reviewed,,,,2026.1
CPX-OCC-ENG-007,CPX-SKL-AUTO-4CDB9A90,esco,http://data.europa.eu/esco/occupation/5f68c4c3-9d25-48e2-8efc-5471a80fb155:http://data.europa.eu/esco/skill/44297bbb-306a-46fa-ab1b-fa3fb327ebda:optional,desirable,3,,0.5,true,source_mapped,not_reviewed,,,,2026.1
CPX-OCC-ENG-007,CPX-SKL-AUTO-AEE2A471,esco,http://data.europa.eu/esco/occupation/5f68c4c3-9d25-48e2-8efc-5471a80fb155:http://data.europa.eu/esco/skill/4853efe8-0cdd-42d1-bc5a-6ba5fa9a8b2c:optional,desirable,3,,0.5,true,source_mapped,not_reviewed,,,,2026.1
CPX-OCC-ENG-007,CPX-SKL-AUTO-6E20DB4D,esco,http://data.europa.eu/esco/occupation/5f68c4c3-9d25-48e2-8efc-5471a80fb155:http://data.europa.eu/esco/skill/4af56376-7b2f-4ced-ac58-0c3967bd1e83:essential,essential,3,,0.5,true,source_mapped,not_reviewed,,,,2026.1
CPX-OCC-ENG-007,CPX-SKL-AUTO-09B61CE4,esco,http://data.europa.eu/esco/occupation/5f68c4c3-9d25-48e2-8efc-5471a80fb155:http://data.europa.eu/esco/skill/4fa2d6ba-4fff-4f21-bddd-4a54ae840955:optional,desirable,3,,0.5,true,source_mapped,not_reviewed,,,,2026.1
CPX-OCC-ENG-007,CPX-SKL-AUTO-AFC6ADF5,esco,http://data.europa.eu/esco/occupation/5f68c4c3-9d25-48e2-8efc-5471a80fb155:http://data.europa.eu/esco/skill/50f2d23c-b3fb-48a5-967b-14fd0a6dd205:essential,essential,3,,0.5,true,source_mapped,not_reviewed,,,,2026.1
CPX-OCC-ENG-007,CPX-SKL-AUTO-038CEC42,esco,http://data.europa.eu/esco/occupation/5f68c4c3-9d25-48e2-8efc-5471a80fb155:http://data.europa.eu/esco/skill/5239e378-23c6-424d-9a9b-775653f22d04:optional,desirable,3,,0.5,true,source_mapped,not_reviewed,,,,2026.1
CPX-OCC-ENG-007,CPX-SKL-AUTO-1CD0852D,esco,http://data.europa.eu/esco/occupation/5f68c4c3-9d25-48e2-8efc-5471a80fb155:http://data.europa.eu/esco/skill/562a111f-40fc-424a-b1ca-784ff2e0488e:essential,essential,3,,0.5,true,source_mapped,not_reviewed,,,,2026.1
CPX-OCC-ENG-007,CPX-SKL-AUTO-27E447A3,esco,http://data.europa.eu/esco/occupation/5f68c4c3-9d25-48e2-8efc-5471a80fb155:http://data.europa.eu/esco/skill/597d6a3a-0283-4945-8001-4719d210433d:optional,desirable,3,,0.5,true,source_mapped,not_reviewed,,,,2026.1
CPX-OCC-ENG-007,CPX-SKL-AUTO-7944A78E,esco,http://data.europa.eu/esco/occupation/5f68c4c3-9d25-48e2-8efc-5471a80fb155:http://data.europa.eu/esco/skill/5b58e283-a359-4b55-b10d-b0047b2fb7db:essential,essential,3,,0.5,true,source_mapped,not_reviewed,,,,2026.1
CPX-OCC-ENG-007,CPX-SKL-AUTO-1ED9183B,esco,http://data.europa.eu/esco/occupation/5f68c4c3-9d25-48e2-8efc-5471a80fb155:http://data.europa.eu/esco/skill/62e109fe-b619-460a-9f77-4396a6118fcf:optional,desirable,3,,0.5,true,source_mapped,not_reviewed,,,,2026.1
CPX-OCC-ENG-007,CPX-SKL-AUTO-14F72D18,esco,http://data.europa.eu/esco/occupation/5f68c4c3-9d25-48e2-8efc-5471a80fb155:http://data.europa.eu/esco/skill/63395522-32f0-46c4-851d-69c2d3800a8a:essential,essential,3,,0.5,true,source_mapped,not_reviewed,,,,2026.1
CPX-OCC-ENG-007,CPX-SKL-AUTO-073DE116,esco,http://data.europa.eu/esco/occupation/5f68c4c3-9d25-48e2-8efc-5471a80fb155:http://data.europa.eu/esco/skill/8215bbba-2f6d-4530-bf41-904d871eaf72:optional,desirable,3,,0.5,true,source_mapped,not_reviewed,,,,2026.1
CPX-OCC-ENG-007,CPX-SKL-AUTO-8C73E38B,esco,http://data.europa.eu/esco/occupation/5f68c4c3-9d25-48e2-8efc-5471a80fb155:http://data.europa.eu/esco/skill/86df7af2-f9f3-4c06-a500-7f1fba9e78fe:essential,essential,3,,0.5,true,source_mapped,not_reviewed,,,,2026.1
CPX-OCC-ENG-007,CPX-SKL-AUTO-1B8DD252,esco,http://data.europa.eu/esco/occupation/5f68c4c3-9d25-48e2-8efc-5471a80fb155:http://data.europa.eu/esco/skill/89d2bb53-67fc-4b9e-80c7-07b6c587bc0d:essential,essential,3,,0.5,true,source_mapped,not_reviewed,,,,2026.1
CPX-OCC-ENG-007,CPX-SKL-AUTO-9AD964BB,esco,http://data.europa.eu/esco/occupation/5f68c4c3-9d25-48e2-8efc-5471a80fb155:http://data.europa.eu/esco/skill/978a76ca-0d14-43b5-a69d-1996dfeb22de:optional,desirable,3,,0.5,true,source_mapped,not_reviewed,,,,2026.1
CPX-OCC-ENG-007,CPX-SKL-AUTO-05B6A341,esco,http://data.europa.eu/esco/occupation/5f68c4c3-9d25-48e2-8efc-5471a80fb155:http://data.europa.eu/esco/skill/9df34bc3-25d4-4452-a896-4d19b94ef896:optional,desirable,3,,0.5,true,source_mapped,not_reviewed,,,,2026.1
CPX-OCC-ENG-007,CPX-SKL-AUTO-E3F6715B,esco,http://data.europa.eu/esco/occupation/5f68c4c3-9d25-48e2-8efc-5471a80fb155:http://data.europa.eu/esco/skill/9fe699e9-3490-4f3d-a50d-9f9d31c98698:optional,desirable,3,,0.5,true,source_mapped,not_reviewed,,,,2026.1
CPX-OCC-ENG-007,CPX-SKL-AUTO-056270FE,esco,http://data.europa.eu/esco/occupation/5f68c4c3-9d25-48e2-8efc-5471a80fb155:http://data.europa.eu/esco/skill/a3e0224a-c952-4b4e-b664-d7186f62715b:optional,desirable,3,,0.5,true,source_mapped,not_reviewed,,,,2026.1
CPX-OCC-ENG-007,CPX-SKL-AUTO-C1052C79,esco,http://data.europa.eu/esco/occupation/5f68c4c3-9d25-48e2-8efc-5471a80fb155:http://data.europa.eu/esco/skill/aba33944-7bc3-42ea-9b37-03d7482231c7:optional,desirable,3,,0.5,true,source_mapped,not_reviewed,,,,2026.1
CPX-OCC-ENG-007,CPX-SKL-AUTO-24C6BE13,esco,http://data.europa.eu/esco/occupation/5f68c4c3-9d25-48e2-8efc-5471a80fb155:http://data.europa.eu/esco/skill/b8c1e014-1f54-480a-bf0f-2ef3d2d275e8:optional,desirable,3,,0.5,true,source_mapped,not_reviewed,,,,2026.1
CPX-OCC-ENG-007,CPX-SKL-AUTO-27E454BB,esco,http://data.europa.eu/esco/occupation/5f68c4c3-9d25-48e2-8efc-5471a80fb155:http://data.europa.eu/esco/skill/bdc46a39-9da4-48bd-b1c1-172af29f045b:optional,desirable,3,,0.5,true,source_mapped,not_reviewed,,,,2026.1
CPX-OCC-ENG-007,CPX-SKL-AUTO-741D5840,esco,http://data.europa.eu/esco/occupation/5f68c4c3-9d25-48e2-8efc-5471a80fb155:http://data.europa.eu/esco/skill/c4973029-8a67-42c3-a7a0-09bff8920ce5:essential,essential,3,,0.5,true,source_mapped,not_reviewed,,,,2026.1
CPX-OCC-ENG-007,CPX-SKL-AUTO-F5C6D64A,esco,http://data.europa.eu/esco/occupation/5f68c4c3-9d25-48e2-8efc-5471a80fb155:http://data.europa.eu/esco/skill/c55eecdc-ccb0-468e-9029-ce9955375c8a:optional,desirable,3,,0.5,true,source_mapped,not_reviewed,,,,2026.1
CPX-OCC-ENG-007,CPX-SKL-AUTO-F2885F17,esco,http://data.europa.eu/esco/occupation/5f68c4c3-9d25-48e2-8efc-5471a80fb155:http://data.europa.eu/esco/skill/c643e59b-d74c-4f44-b76e-6e1d96c05ec4:essential,essential,3,,0.5,true,source_mapped,not_reviewed,,,,2026.1
CPX-OCC-ENG-007,CPX-SKL-AUTO-346AB174,esco,http://data.europa.eu/esco/occupation/5f68c4c3-9d25-48e2-8efc-5471a80fb155:http://data.europa.eu/esco/skill/ca3a023b-e604-4133-a620-3a587183d2c5:essential,essential,3,,0.5,true,source_mapped,not_reviewed,,,,2026.1
CPX-OCC-ENG-007,CPX-SKL-AUTO-FF41219D,esco,http://data.europa.eu/esco/occupation/5f68c4c3-9d25-48e2-8efc-5471a80fb155:http://data.europa.eu/esco/skill/ccfbdaad-b91d-4bfe-bd0e-d30b33587f19:optional,desirable,3,,0.5,true,source_mapped,not_reviewed,,,,2026.1
CPX-OCC-ENG-007,CPX-SKL-AUTO-088ADB45,esco,http://data.europa.eu/esco/occupation/5f68c4c3-9d25-48e2-8efc-5471a80fb155:http://data.europa.eu/esco/skill/d8903406-abc4-48be-9b2e-5d8ddf103bd9:optional,desirable,3,,0.5,true,source_mapped,not_reviewed,,,,2026.1
CPX-OCC-ENG-007,CPX-SKL-AUTO-8F428304,esco,http://data.europa.eu/esco/occupation/5f68c4c3-9d25-48e2-8efc-5471a80fb155:http://data.europa.eu/esco/skill/e7e19a59-a780-457b-a027-e901a5cf1ea3:essential,essential,3,,0.5,true,source_mapped,not_reviewed,,,,2026.1
CPX-OCC-ENG-007,CPX-SKL-AUTO-7DE32953,esco,http://data.europa.eu/esco/occupation/5f68c4c3-9d25-48e2-8efc-5471a80fb155:http://data.europa.eu/esco/skill/ef2adfe8-d7a5-465d-bbe6-8f9e913ae7ed:optional,desirable,3,,0.5,true,source_mapped,not_reviewed,,,,2026.1
CPX-OCC-ENG-007,CPX-SKL-AUTO-FFA7CD6D,esco,http://data.europa.eu/esco/occupation/5f68c4c3-9d25-48e2-8efc-5471a80fb155:http://data.europa.eu/esco/skill/f4aeba43-dab5-47fa-89ba-f957ecc86657:essential,essential,3,,0.5,true,source_mapped,not_reviewed,,,,2026.1
CPX-OCC-ENG-013,CPX-SKL-AUTO-217B3D30,esco,http://data.europa.eu/esco/occupation/615920c5-4f63-4eb3-8b60-afaaed3ab1ff:http://data.europa.eu/esco/skill/03b9b491-fc9b-4868-914a-bf7cd47b5041:essential,essential,3,,0.5,true,source_mapped,not_reviewed,,,,2026.1
CPX-OCC-ENG-013,CPX-SKL-AUTO-49884F2D,esco,http://data.europa.eu/esco/occupation/615920c5-4f63-4eb3-8b60-afaaed3ab1ff:http://data.europa.eu/esco/skill/15d76317-c71a-4fa2-aadc-2ecc34e627b7:optional,desirable,3,,0.5,true,source_mapped,not_reviewed,,,,2026.1
CPX-OCC-ENG-013,CPX-SKL-AUTO-D78AC5BE,esco,http://data.europa.eu/esco/occupation/615920c5-4f63-4eb3-8b60-afaaed3ab1ff:http://data.europa.eu/esco/skill/1dd23dba-dd00-45ab-abf4-642902538317:optional,desirable,3,,0.5,true,source_mapped,not_reviewed,,,,2026.1
CPX-OCC-ENG-013,CPX-SKL-AUTO-AF38D05B,esco,http://data.europa.eu/esco/occupation/615920c5-4f63-4eb3-8b60-afaaed3ab1ff:http://data.europa.eu/esco/skill/21c5790c-0930-4d74-b3b0-84caf5af12ea:essential,essential,3,,0.5,true,source_mapped,not_reviewed,,,,2026.1
CPX-OCC-ENG-013,CPX-SKL-AUTO-BC270433,esco,http://data.europa.eu/esco/occupation/615920c5-4f63-4eb3-8b60-afaaed3ab1ff:http://data.europa.eu/esco/skill/334e3e49-fb02-4051-809a-f06adfdc1c40:essential,essential,3,,0.5,true,source_mapped,not_reviewed,,,,2026.1
CPX-OCC-ENG-013,CPX-SKL-AUTO-8AE6A31F,esco,http://data.europa.eu/esco/occupation/615920c5-4f63-4eb3-8b60-afaaed3ab1ff:http://data.europa.eu/esco/skill/41a3240f-58ba-44e2-a688-edeb21ea5c16:essential,essential,3,,0.5,true,source_mapped,not_reviewed,,,,2026.1
CPX-OCC-ENG-013,CPX-SKL-AUTO-4E8960AB,esco,http://data.europa.eu/esco/occupation/615920c5-4f63-4eb3-8b60-afaaed3ab1ff:http://data.europa.eu/esco/skill/465ff64a-1271-4064-8ed1-e969cb68d8b4:essential,essential,3,,0.5,true,source_mapped,not_reviewed,,,,2026.1
CPX-OCC-ENG-013,CPX-SKL-AUTO-CFC4C6AB,esco,http://data.europa.eu/esco/occupation/615920c5-4f63-4eb3-8b60-afaaed3ab1ff:http://data.europa.eu/esco/skill/74374d09-7a54-4a05-ae78-d5940423de7c:essential,essential,3,,0.5,true,source_mapped,not_reviewed,,,,2026.1
CPX-OCC-ENG-013,CPX-SKL-AUTO-352E7A5E,esco,http://data.europa.eu/esco/occupation/615920c5-4f63-4eb3-8b60-afaaed3ab1ff:http://data.europa.eu/esco/skill/81d274bc-6dbf-4003-bcba-f76478d5d930:optional,desirable,3,,0.5,true,source_mapped,not_reviewed,,,,2026.1
CPX-OCC-ENG-013,CPX-SKL-AUTO-80041166,esco,http://data.europa.eu/esco/occupation/615920c5-4f63-4eb3-8b60-afaaed3ab1ff:http://data.europa.eu/esco/skill/941364b9-1375-4add-9889-d67bae99bc8c:essential,essential,3,,0.5,true,source_mapped,not_reviewed,,,,2026.1
CPX-OCC-ENG-013,CPX-SKL-AUTO-F5A252C7,esco,http://data.europa.eu/esco/occupation/615920c5-4f63-4eb3-8b60-afaaed3ab1ff:http://data.europa.eu/esco/skill/a28df07f-976c-4eb4-b29a-06161af39756:optional,desirable,3,,0.5,true,source_mapped,not_reviewed,,,,2026.1
CPX-OCC-ENG-013,CPX-SKL-AUTO-B96852D1,esco,http://data.europa.eu/esco/occupation/615920c5-4f63-4eb3-8b60-afaaed3ab1ff:http://data.europa.eu/esco/skill/c8ac1986-38fa-43b2-89dc-50a4beeb420e:optional,desirable,3,,0.5,true,source_mapped,not_reviewed,,,,2026.1
CPX-OCC-ENG-016,CPX-SKL-AUTO-CFD967E8,esco,http://data.europa.eu/esco/occupation/6188bf20-5cdb-4702-af72-2cb67ec39810:http://data.europa.eu/esco/skill/95c35c3a-035f-47c2-90cf-7e934d20fc08:essential,essential,3,,0.5,true,source_mapped,not_reviewed,,,,2026.1
CPX-OCC-CBE-003,CPX-SKL-AUTO-7E75E2E9,esco,http://data.europa.eu/esco/occupation/624986f9-21ef-4cdf-8cf6-8407a337ec2f:http://data.europa.eu/esco/skill/023f4870-b417-4bd2-b0ae-78e61587c79f:essential,essential,3,,0.5,true,source_mapped,not_reviewed,,,,2026.1
CPX-OCC-CBE-003,CPX-SKL-AUTO-33027CCE,esco,http://data.europa.eu/esco/occupation/624986f9-21ef-4cdf-8cf6-8407a337ec2f:http://data.europa.eu/esco/skill/120b9b87-3aad-4a42-b5e7-1b146a672038:essential,essential,3,,0.5,true,source_mapped,not_reviewed,,,,2026.1
CPX-OCC-CBE-003,CPX-SKL-AUTO-4F463D91,esco,http://data.europa.eu/esco/occupation/624986f9-21ef-4cdf-8cf6-8407a337ec2f:http://data.europa.eu/esco/skill/16a3d876-e330-4648-b03f-5f8d7e18ee17:optional,desirable,3,,0.5,true,source_mapped,not_reviewed,,,,2026.1
CPX-OCC-CBE-003,CPX-SKL-AUTO-4ABD26E9,esco,http://data.europa.eu/esco/occupation/624986f9-21ef-4cdf-8cf6-8407a337ec2f:http://data.europa.eu/esco/skill/1cca610d-2afc-44a7-97fc-f2262fb5fc75:essential,essential,3,,0.5,true,source_mapped,not_reviewed,,,,2026.1
CPX-OCC-CBE-003,CPX-SKL-AUTO-9BF7F092,esco,http://data.europa.eu/esco/occupation/624986f9-21ef-4cdf-8cf6-8407a337ec2f:http://data.europa.eu/esco/skill/1f632076-fd9b-4b18-a9a2-b59a59181d3e:optional,desirable,3,,0.5,true,source_mapped,not_reviewed,,,,2026.1
CPX-OCC-CBE-003,CPX-SKL-AUTO-0279C024,esco,http://data.europa.eu/esco/occupation/624986f9-21ef-4cdf-8cf6-8407a337ec2f:http://data.europa.eu/esco/skill/209a5498-3449-4689-8ed9-bd08cab4fd78:optional,desirable,3,,0.5,true,source_mapped,not_reviewed,,,,2026.1
CPX-OCC-CBE-003,CPX-SKL-AUTO-A39B3F68,esco,http://data.europa.eu/esco/occupation/624986f9-21ef-4cdf-8cf6-8407a337ec2f:http://data.europa.eu/esco/skill/222137dc-9021-4be8-bb7a-29833e02616a:essential,essential,3,,0.5,true,source_mapped,not_reviewed,,,,2026.1
CPX-OCC-CBE-003,CPX-SKL-AUTO-3A91AE7D,esco,http://data.europa.eu/esco/occupation/624986f9-21ef-4cdf-8cf6-8407a337ec2f:http://data.europa.eu/esco/skill/233be639-bdb5-4099-ab40-96d537d6c1f3:essential,essential,3,,0.5,true,source_mapped,not_reviewed,,,,2026.1
CPX-OCC-CBE-003,CPX-SKL-AUTO-71E260B7,esco,http://data.europa.eu/esco/occupation/624986f9-21ef-4cdf-8cf6-8407a337ec2f:http://data.europa.eu/esco/skill/2b834a98-14ff-47e1-8aef-cf8ffae912fa:optional,desirable,3,,0.5,true,source_mapped,not_reviewed,,,,2026.1
CPX-OCC-CBE-003,CPX-SKL-AUTO-7E61BF02,esco,http://data.europa.eu/esco/occupation/624986f9-21ef-4cdf-8cf6-8407a337ec2f:http://data.europa.eu/esco/skill/2dfa5bd5-c87c-461c-bce9-69b2c58732bd:essential,essential,3,,0.5,true,source_mapped,not_reviewed,,,,2026.1
CPX-OCC-CBE-003,CPX-SKL-AUTO-085F11EF,esco,http://data.europa.eu/esco/occupation/624986f9-21ef-4cdf-8cf6-8407a337ec2f:http://data.europa.eu/esco/skill/377861af-f966-4c87-a2db-7e99904312b9:essential,essential,3,,0.5,true,source_mapped,not_reviewed,,,,2026.1
CPX-OCC-CBE-003,CPX-SKL-AUTO-C74C4BF1,esco,http://data.europa.eu/esco/occupation/624986f9-21ef-4cdf-8cf6-8407a337ec2f:http://data.europa.eu/esco/skill/39e71107-3aa9-41a0-809c-edea477c968f:essential,essential,3,,0.5,true,source_mapped,not_reviewed,,,,2026.1
CPX-OCC-CBE-003,CPX-SKL-AUTO-6F647F1B,esco,http://data.europa.eu/esco/occupation/624986f9-21ef-4cdf-8cf6-8407a337ec2f:http://data.europa.eu/esco/skill/42b23922-1c40-4dbe-9e0c-7a568dfdf06b:optional,desirable,3,,0.5,true,source_mapped,not_reviewed,,,,2026.1
CPX-OCC-CBE-003,CPX-SKL-AUTO-3951517D,esco,http://data.europa.eu/esco/occupation/624986f9-21ef-4cdf-8cf6-8407a337ec2f:http://data.europa.eu/esco/skill/4339176e-3acd-4f7f-a5d9-445bee3d23f2:essential,essential,3,,0.5,true,source_mapped,not_reviewed,,,,2026.1
CPX-OCC-CBE-003,CPX-SKL-AUTO-7FEEC36F,esco,http://data.europa.eu/esco/occupation/624986f9-21ef-4cdf-8cf6-8407a337ec2f:http://data.europa.eu/esco/skill/440f64e5-e66c-45ee-bc29-53c14a2ad720:optional,desirable,3,,0.5,true,source_mapped,not_reviewed,,,,2026.1
CPX-OCC-CBE-003,CPX-SKL-AUTO-6D72BBD3,esco,http://data.europa.eu/esco/occupation/624986f9-21ef-4cdf-8cf6-8407a337ec2f:http://data.europa.eu/esco/skill/49320ec7-65f9-4f90-bed2-2d41784f1836:optional,desirable,3,,0.5,true,source_mapped,not_reviewed,,,,2026.1
CPX-OCC-CBE-003,CPX-SKL-AUTO-B7A8AF32,esco,http://data.europa.eu/esco/occupation/624986f9-21ef-4cdf-8cf6-8407a337ec2f:http://data.europa.eu/esco/skill/4fabca9a-7435-4f33-b1da-3cdb00340fdc:essential,essential,3,,0.5,true,source_mapped,not_reviewed,,,,2026.1
CPX-OCC-CBE-003,CPX-SKL-AUTO-0FBF48C0,esco,http://data.europa.eu/esco/occupation/624986f9-21ef-4cdf-8cf6-8407a337ec2f:http://data.europa.eu/esco/skill/541561bc-510c-4a99-881c-2d8bf5a85462:essential,essential,3,,0.5,true,source_mapped,not_reviewed,,,,2026.1
CPX-OCC-CBE-003,CPX-SKL-AUTO-E470E871,esco,http://data.europa.eu/esco/occupation/624986f9-21ef-4cdf-8cf6-8407a337ec2f:http://data.europa.eu/esco/skill/59ea80e1-463a-4dba-82c6-d0b6d577d532:essential,essential,3,,0.5,true,source_mapped,not_reviewed,,,,2026.1
CPX-OCC-CBE-003,CPX-SKL-AUTO-9D3EC878,esco,http://data.europa.eu/esco/occupation/624986f9-21ef-4cdf-8cf6-8407a337ec2f:http://data.europa.eu/esco/skill/5b6fb4d6-582e-4187-9f17-f6e582f8714f:essential,essential,3,,0.5,true,source_mapped,not_reviewed,,,,2026.1
CPX-OCC-CBE-003,CPX-SKL-AUTO-FE58BCFF,esco,http://data.europa.eu/esco/occupation/624986f9-21ef-4cdf-8cf6-8407a337ec2f:http://data.europa.eu/esco/skill/5b776f2d-cac1-437e-badd-9871876209a5:optional,desirable,3,,0.5,true,source_mapped,not_reviewed,,,,2026.1
CPX-OCC-CBE-003,CPX-SKL-AUTO-EFFC6A71,esco,http://data.europa.eu/esco/occupation/624986f9-21ef-4cdf-8cf6-8407a337ec2f:http://data.europa.eu/esco/skill/6532ef3b-1685-4de7-a858-d31fdaa435ca:essential,essential,3,,0.5,true,source_mapped,not_reviewed,,,,2026.1
CPX-OCC-CBE-003,CPX-SKL-AUTO-86244057,esco,http://data.europa.eu/esco/occupation/624986f9-21ef-4cdf-8cf6-8407a337ec2f:http://data.europa.eu/esco/skill/67785eab-0818-41f9-9756-a8e0a215b95b:essential,essential,3,,0.5,true,source_mapped,not_reviewed,,,,2026.1
CPX-OCC-CBE-003,CPX-SKL-AUTO-B4EC5AB6,esco,http://data.europa.eu/esco/occupation/624986f9-21ef-4cdf-8cf6-8407a337ec2f:http://data.europa.eu/esco/skill/6b30644d-bdc5-4bca-b1af-edbf5c6b15ee:essential,essential,3,,0.5,true,source_mapped,not_reviewed,,,,2026.1
CPX-OCC-CBE-003,CPX-SKL-AUTO-40628FD9,esco,http://data.europa.eu/esco/occupation/624986f9-21ef-4cdf-8cf6-8407a337ec2f:http://data.europa.eu/esco/skill/72a74f69-5cf1-43c5-99b9-62a444578919:optional,desirable,3,,0.5,true,source_mapped,not_reviewed,,,,2026.1
CPX-OCC-CBE-003,CPX-SKL-AUTO-183F3A28,esco,http://data.europa.eu/esco/occupation/624986f9-21ef-4cdf-8cf6-8407a337ec2f:http://data.europa.eu/esco/skill/790a335b-2005-4b8a-b6fe-47ff7701ebb7:essential,essential,3,,0.5,true,source_mapped,not_reviewed,,,,2026.1
CPX-OCC-CBE-003,CPX-SKL-AUTO-01B92F1B,esco,http://data.europa.eu/esco/occupation/624986f9-21ef-4cdf-8cf6-8407a337ec2f:http://data.europa.eu/esco/skill/7d4e4636-f136-46f6-ae23-2a7639d6b861:essential,essential,3,,0.5,true,source_mapped,not_reviewed,,,,2026.1
CPX-OCC-CBE-003,CPX-SKL-AUTO-FDD48A42,esco,http://data.europa.eu/esco/occupation/624986f9-21ef-4cdf-8cf6-8407a337ec2f:http://data.europa.eu/esco/skill/82887396-e5bf-4306-af51-3fe8d82790b2:optional,desirable,3,,0.5,true,source_mapped,not_reviewed,,,,2026.1
CPX-OCC-CBE-003,CPX-SKL-AUTO-02174F4C,esco,http://data.europa.eu/esco/occupation/624986f9-21ef-4cdf-8cf6-8407a337ec2f:http://data.europa.eu/esco/skill/86945516-619a-456e-b0d0-2fb31d927992:essential,essential,3,,0.5,true,source_mapped,not_reviewed,,,,2026.1
CPX-OCC-CBE-003,CPX-SKL-AUTO-DA579DE3,esco,http://data.europa.eu/esco/occupation/624986f9-21ef-4cdf-8cf6-8407a337ec2f:http://data.europa.eu/esco/skill/8bdd25f8-4b6e-40fe-a2cf-c1badc594114:optional,desirable,3,,0.5,true,source_mapped,not_reviewed,,,,2026.1
CPX-OCC-CBE-003,CPX-SKL-AUTO-526A2907,esco,http://data.europa.eu/esco/occupation/624986f9-21ef-4cdf-8cf6-8407a337ec2f:http://data.europa.eu/esco/skill/9295d1c5-8d7d-423e-a6ce-dfbc1d991f88:optional,desirable,3,,0.5,true,source_mapped,not_reviewed,,,,2026.1
CPX-OCC-CBE-003,CPX-SKL-AUTO-51938C91,esco,http://data.europa.eu/esco/occupation/624986f9-21ef-4cdf-8cf6-8407a337ec2f:http://data.europa.eu/esco/skill/9e14c1d8-72f2-45ba-815d-0d12e12d19fa:optional,desirable,3,,0.5,true,source_mapped,not_reviewed,,,,2026.1
CPX-OCC-CBE-003,CPX-SKL-AUTO-CEBC803D,esco,http://data.europa.eu/esco/occupation/624986f9-21ef-4cdf-8cf6-8407a337ec2f:http://data.europa.eu/esco/skill/a550c4e9-5773-47a2-861d-e57ceb076eb6:optional,desirable,3,,0.5,true,source_mapped,not_reviewed,,,,2026.1
CPX-OCC-CBE-003,CPX-SKL-AUTO-24DBA435,esco,http://data.europa.eu/esco/occupation/624986f9-21ef-4cdf-8cf6-8407a337ec2f:http://data.europa.eu/esco/skill/af1df253-5103-46d7-a757-b17bf5a4e581:essential,essential,3,,0.5,true,source_mapped,not_reviewed,,,,2026.1
CPX-OCC-CBE-003,CPX-SKL-AUTO-D91E090F,esco,http://data.europa.eu/esco/occupation/624986f9-21ef-4cdf-8cf6-8407a337ec2f:http://data.europa.eu/esco/skill/b1a1149a-9bc5-468d-9d09-f6d171cfd619:optional,desirable,3,,0.5,true,source_mapped,not_reviewed,,,,2026.1
CPX-OCC-CBE-003,CPX-SKL-AUTO-052B962E,esco,http://data.europa.eu/esco/occupation/624986f9-21ef-4cdf-8cf6-8407a337ec2f:http://data.europa.eu/esco/skill/b34e2ba1-9080-48c9-9b42-ee9192a4d3f1:optional,desirable,3,,0.5,true,source_mapped,not_reviewed,,,,2026.1
CPX-OCC-CBE-003,CPX-SKL-AUTO-9B041FBA,esco,http://data.europa.eu/esco/occupation/624986f9-21ef-4cdf-8cf6-8407a337ec2f:http://data.europa.eu/esco/skill/b64b9863-5ed3-49c7-8fd3-5324fabeda5d:essential,essential,3,,0.5,true,source_mapped,not_reviewed,,,,2026.1
CPX-OCC-CBE-003,CPX-SKL-AUTO-4E6E590A,esco,http://data.europa.eu/esco/occupation/624986f9-21ef-4cdf-8cf6-8407a337ec2f:http://data.europa.eu/esco/skill/bad66a63-4e3f-41f9-9e5d-a4d5f12f8d36:optional,desirable,3,,0.5,true,source_mapped,not_reviewed,,,,2026.1
CPX-OCC-CBE-003,CPX-SKL-AUTO-8F3B6753,esco,http://data.europa.eu/esco/occupation/624986f9-21ef-4cdf-8cf6-8407a337ec2f:http://data.europa.eu/esco/skill/bb0069d2-0953-43d4-923b-18ad370bc2f3:essential,essential,3,,0.5,true,source_mapped,not_reviewed,,,,2026.1
CPX-OCC-CBE-003,CPX-SKL-AUTO-FB0488C1,esco,http://data.europa.eu/esco/occupation/624986f9-21ef-4cdf-8cf6-8407a337ec2f:http://data.europa.eu/esco/skill/c6445183-6a52-49e0-a51c-6b3481ba5c54:optional,desirable,3,,0.5,true,source_mapped,not_reviewed,,,,2026.1
CPX-OCC-CBE-003,CPX-SKL-AUTO-128B4945,esco,http://data.europa.eu/esco/occupation/624986f9-21ef-4cdf-8cf6-8407a337ec2f:http://data.europa.eu/esco/skill/cf9c8e73-105d-419e-86dd-4304cc6cd718:optional,desirable,3,,0.5,true,source_mapped,not_reviewed,,,,2026.1
CPX-OCC-CBE-003,CPX-SKL-AUTO-E58DBE55,esco,http://data.europa.eu/esco/occupation/624986f9-21ef-4cdf-8cf6-8407a337ec2f:http://data.europa.eu/esco/skill/d89b9a3f-19bf-4b9b-9664-ed35924eb399:optional,desirable,3,,0.5,true,source_mapped,not_reviewed,,,,2026.1
CPX-OCC-CBE-003,CPX-SKL-AUTO-91C43F3B,esco,http://data.europa.eu/esco/occupation/624986f9-21ef-4cdf-8cf6-8407a337ec2f:http://data.europa.eu/esco/skill/e2b82b00-f07f-4fc8-a7bb-c8febf65efe5:essential,essential,3,,0.5,true,source_mapped,not_reviewed,,,,2026.1
CPX-OCC-CBE-003,CPX-SKL-AUTO-FC872E3D,esco,http://data.europa.eu/esco/occupation/624986f9-21ef-4cdf-8cf6-8407a337ec2f:http://data.europa.eu/esco/skill/faa8e4f3-40fd-4fb7-bf3e-fb8eb639fb33:optional,desirable,3,,0.5,true,source_mapped,not_reviewed,,,,2026.1
CPX-OCC-ENG-008,CPX-SKL-AUTO-73468814,esco,http://data.europa.eu/esco/occupation/6293a718-3fcd-433f-a010-0899821a51b7:http://data.europa.eu/esco/skill/156f8c5b-894a-4ccc-a70e-37a2726f3f00:essential,essential,3,,0.5,true,source_mapped,not_reviewed,,,,2026.1
CPX-OCC-ENG-008,CPX-SKL-AUTO-296147A6,esco,http://data.europa.eu/esco/occupation/6293a718-3fcd-433f-a010-0899821a51b7:http://data.europa.eu/esco/skill/172112b9-1cf8-4b7c-818b-06f0205e52b3:optional,desirable,3,,0.5,true,source_mapped,not_reviewed,,,,2026.1
CPX-OCC-ENG-008,CPX-SKL-AUTO-EDCE5C5F,esco,http://data.europa.eu/esco/occupation/6293a718-3fcd-433f-a010-0899821a51b7:http://data.europa.eu/esco/skill/2ee57de4-bffd-4194-b009-0060edec77cc:optional,desirable,3,,0.5,true,source_mapped,not_reviewed,,,,2026.1
CPX-OCC-ENG-008,CPX-SKL-AUTO-3DD46D2B,esco,http://data.europa.eu/esco/occupation/6293a718-3fcd-433f-a010-0899821a51b7:http://data.europa.eu/esco/skill/3301f54e-5faa-45e0-87d6-a90508c9d903:essential,essential,3,,0.5,true,source_mapped,not_reviewed,,,,2026.1
CPX-OCC-ENG-008,CPX-SKL-AUTO-3DE722C1,esco,http://data.europa.eu/esco/occupation/6293a718-3fcd-433f-a010-0899821a51b7:http://data.europa.eu/esco/skill/3892f2ff-714e-4201-823d-5d6fc5bab621:essential,essential,3,,0.5,true,source_mapped,not_reviewed,,,,2026.1
CPX-OCC-ENG-008,CPX-SKL-AUTO-55DD3C70,esco,http://data.europa.eu/esco/occupation/6293a718-3fcd-433f-a010-0899821a51b7:http://data.europa.eu/esco/skill/3ad4a1d0-34e8-474b-92ce-59c8d01a6e55:optional,desirable,3,,0.5,true,source_mapped,not_reviewed,,,,2026.1
CPX-OCC-ENG-008,CPX-SKL-AUTO-32EA871F,esco,http://data.europa.eu/esco/occupation/6293a718-3fcd-433f-a010-0899821a51b7:http://data.europa.eu/esco/skill/3bc2f41c-fd12-4e01-b60f-4b257fe6a7f0:essential,essential,3,,0.5,true,source_mapped,not_reviewed,,,,2026.1
CPX-OCC-ENG-008,CPX-SKL-AUTO-D762815A,esco,http://data.europa.eu/esco/occupation/6293a718-3fcd-433f-a010-0899821a51b7:http://data.europa.eu/esco/skill/4f9f0410-5db0-4b3b-8de3-1ded1600c719:optional,desirable,3,,0.5,true,source_mapped,not_reviewed,,,,2026.1
CPX-OCC-ENG-008,CPX-SKL-AUTO-114ACB44,esco,http://data.europa.eu/esco/occupation/6293a718-3fcd-433f-a010-0899821a51b7:http://data.europa.eu/esco/skill/5518db9d-4a2f-4b53-9068-4d0d61465bf4:essential,essential,3,,0.5,true,source_mapped,not_reviewed,,,,2026.1
CPX-OCC-ENG-008,CPX-SKL-AUTO-9F831EBC,esco,http://data.europa.eu/esco/occupation/6293a718-3fcd-433f-a010-0899821a51b7:http://data.europa.eu/esco/skill/568d15cc-01da-4a18-b6fe-9fa30dae4cdd:essential,essential,3,,0.5,true,source_mapped,not_reviewed,,,,2026.1
CPX-OCC-ENG-008,CPX-SKL-AUTO-1ED9183B,esco,http://data.europa.eu/esco/occupation/6293a718-3fcd-433f-a010-0899821a51b7:http://data.europa.eu/esco/skill/62e109fe-b619-460a-9f77-4396a6118fcf:optional,desirable,3,,0.5,true,source_mapped,not_reviewed,,,,2026.1
CPX-OCC-ENG-008,CPX-SKL-AUTO-293BF304,esco,http://data.europa.eu/esco/occupation/6293a718-3fcd-433f-a010-0899821a51b7:http://data.europa.eu/esco/skill/65b32af2-3665-49a4-8eec-d3b2138ec09b:optional,desirable,3,,0.5,true,source_mapped,not_reviewed,,,,2026.1
CPX-OCC-ENG-008,CPX-SKL-AUTO-BA27F563,esco,http://data.europa.eu/esco/occupation/6293a718-3fcd-433f-a010-0899821a51b7:http://data.europa.eu/esco/skill/69bece91-c806-42ad-bde4-db28c7f8fc4b:essential,essential,3,,0.5,true,source_mapped,not_reviewed,,,,2026.1
CPX-OCC-ENG-008,CPX-SKL-AUTO-72AD8FD7,esco,http://data.europa.eu/esco/occupation/6293a718-3fcd-433f-a010-0899821a51b7:http://data.europa.eu/esco/skill/71041c1c-a894-4cf7-81fe-4acb08545e51:optional,desirable,3,,0.5,true,source_mapped,not_reviewed,,,,2026.1
CPX-OCC-ENG-008,CPX-SKL-AUTO-8C73E38B,esco,http://data.europa.eu/esco/occupation/6293a718-3fcd-433f-a010-0899821a51b7:http://data.europa.eu/esco/skill/86df7af2-f9f3-4c06-a500-7f1fba9e78fe:essential,essential,3,,0.5,true,source_mapped,not_reviewed,,,,2026.1
CPX-OCC-ENG-008,CPX-SKL-AUTO-CC7014C4,esco,http://data.europa.eu/esco/occupation/6293a718-3fcd-433f-a010-0899821a51b7:http://data.europa.eu/esco/skill/87ebb1d4-3aab-4257-b2bd-7b7f2008eea2:optional,desirable,3,,0.5,true,source_mapped,not_reviewed,,,,2026.1
CPX-OCC-ENG-008,CPX-SKL-AUTO-308E8C1F,esco,http://data.europa.eu/esco/occupation/6293a718-3fcd-433f-a010-0899821a51b7:http://data.europa.eu/esco/skill/9214bb50-f24e-4b82-8dd2-f299ccba2258:essential,essential,3,,0.5,true,source_mapped,not_reviewed,,,,2026.1
CPX-OCC-ENG-008,CPX-SKL-AUTO-BC39FD06,esco,http://data.europa.eu/esco/occupation/6293a718-3fcd-433f-a010-0899821a51b7:http://data.europa.eu/esco/skill/9227266e-36c5-4e34-99da-caba3bd44d02:optional,desirable,3,,0.5,true,source_mapped,not_reviewed,,,,2026.1
CPX-OCC-ENG-008,CPX-SKL-AUTO-A1250330,esco,http://data.europa.eu/esco/occupation/6293a718-3fcd-433f-a010-0899821a51b7:http://data.europa.eu/esco/skill/b0279338-ddfa-473d-b961-fa51b1185612:essential,essential,3,,0.5,true,source_mapped,not_reviewed,,,,2026.1
CPX-OCC-ENG-008,CPX-SKL-AUTO-8AD90170,esco,http://data.europa.eu/esco/occupation/6293a718-3fcd-433f-a010-0899821a51b7:http://data.europa.eu/esco/skill/b7ec6b46-f934-4efd-a8ee-e53128fa81d7:essential,essential,3,,0.5,true,source_mapped,not_reviewed,,,,2026.1
CPX-OCC-ENG-008,CPX-SKL-AUTO-2EFE14EF,esco,http://data.europa.eu/esco/occupation/6293a718-3fcd-433f-a010-0899821a51b7:http://data.europa.eu/esco/skill/bb933bf6-e9a6-4dd8-8c88-0d8bacae30a5:optional,desirable,3,,0.5,true,source_mapped,not_reviewed,,,,2026.1
CPX-OCC-ENG-008,CPX-SKL-AUTO-F2885F17,esco,http://data.europa.eu/esco/occupation/6293a718-3fcd-433f-a010-0899821a51b7:http://data.europa.eu/esco/skill/c643e59b-d74c-4f44-b76e-6e1d96c05ec4:essential,essential,3,,0.5,true,source_mapped,not_reviewed,,,,2026.1
CPX-OCC-ENG-008,CPX-SKL-AUTO-F17D0712,esco,http://data.europa.eu/esco/occupation/6293a718-3fcd-433f-a010-0899821a51b7:http://data.europa.eu/esco/skill/cf2005ee-c788-4283-81d9-b443dfdf2c2e:optional,desirable,3,,0.5,true,source_mapped,not_reviewed,,,,2026.1
CPX-OCC-ENG-008,CPX-SKL-AUTO-2374F94A,esco,http://data.europa.eu/esco/occupation/6293a718-3fcd-433f-a010-0899821a51b7:http://data.europa.eu/esco/skill/ea062dd7-92fc-4172-adce-a56694fd8214:optional,desirable,3,,0.5,true,source_mapped,not_reviewed,,,,2026.1
CPX-OCC-ENG-008,CPX-SKL-AUTO-227982E3,esco,http://data.europa.eu/esco/occupation/6293a718-3fcd-433f-a010-0899821a51b7:http://data.europa.eu/esco/skill/ebf40cf9-5c98-4d84-9f01-b7ca74e90682:essential,essential,3,,0.5,true,source_mapped,not_reviewed,,,,2026.1
CPX-OCC-ENG-008,CPX-SKL-AUTO-7DE32953,esco,http://data.europa.eu/esco/occupation/6293a718-3fcd-433f-a010-0899821a51b7:http://data.europa.eu/esco/skill/ef2adfe8-d7a5-465d-bbe6-8f9e913ae7ed:optional,desirable,3,,0.5,true,source_mapped,not_reviewed,,,,2026.1
CPX-OCC-ENG-008,CPX-SKL-AUTO-E7948D2D,esco,http://data.europa.eu/esco/occupation/6293a718-3fcd-433f-a010-0899821a51b7:http://data.europa.eu/esco/skill/efa141df-f382-418f-9121-bd88fd735669:essential,essential,3,,0.5,true,source_mapped,not_reviewed,,,,2026.1
CPX-OCC-ENG-008,CPX-SKL-AUTO-27844208,esco,http://data.europa.eu/esco/occupation/6293a718-3fcd-433f-a010-0899821a51b7:http://data.europa.eu/esco/skill/f21c872c-68ae-49bb-a84f-bf3097c65443:optional,desirable,3,,0.5,true,source_mapped,not_reviewed,,,,2026.1
CPX-OCC-PPM-003,CPX-SKL-AUTO-217B3D30,esco,http://data.europa.eu/esco/occupation/65fb0b53-b8c4-4839-b099-c80b6de5a158:http://data.europa.eu/esco/skill/03b9b491-fc9b-4868-914a-bf7cd47b5041:optional,desirable,3,,0.5,true,source_mapped,not_reviewed,,,,2026.1
CPX-OCC-PPM-003,CPX-SKL-AUTO-50E60467,esco,http://data.europa.eu/esco/occupation/65fb0b53-b8c4-4839-b099-c80b6de5a158:http://data.europa.eu/esco/skill/237db40b-4600-47c0-837f-4a2c4f3014ab:essential,essential,3,,0.5,true,source_mapped,not_reviewed,,,,2026.1
CPX-OCC-PPM-003,CPX-SKL-AUTO-8C38C854,esco,http://data.europa.eu/esco/occupation/65fb0b53-b8c4-4839-b099-c80b6de5a158:http://data.europa.eu/esco/skill/2839f191-cd94-49a9-ac16-46018066b8b2:essential,essential,3,,0.5,true,source_mapped,not_reviewed,,,,2026.1
CPX-OCC-PPM-003,CPX-SKL-AUTO-8C767E60,esco,http://data.europa.eu/esco/occupation/65fb0b53-b8c4-4839-b099-c80b6de5a158:http://data.europa.eu/esco/skill/cd5efa8c-e44d-4cbc-91c6-796018dbed68:essential,essential,3,,0.5,true,source_mapped,not_reviewed,,,,2026.1
CPX-OCC-PPM-003,CPX-SKL-AUTO-0FE93BD2,esco,http://data.europa.eu/esco/occupation/65fb0b53-b8c4-4839-b099-c80b6de5a158:http://data.europa.eu/esco/skill/ed3f3dba-3a35-4ed5-b113-67f4d10ef4c8:essential,essential,3,,0.5,true,source_mapped,not_reviewed,,,,2026.1
CPX-OCC-ENG-012,CPX-SKL-AUTO-6FCD6C0C,esco,http://data.europa.eu/esco/occupation/75c5bab4-2546-4ba3-996d-42a9a1bab55d:http://data.europa.eu/esco/skill/0256f6b0-f4a9-4c5e-9cfd-96d58a2a70fe:essential,essential,3,,0.5,true,source_mapped,not_reviewed,,,,2026.1
CPX-OCC-ENG-012,CPX-SKL-AUTO-528283E3,esco,http://data.europa.eu/esco/occupation/75c5bab4-2546-4ba3-996d-42a9a1bab55d:http://data.europa.eu/esco/skill/02c71cde-f513-43da-8952-0974763c7568:essential,essential,3,,0.5,true,source_mapped,not_reviewed,,,,2026.1
CPX-OCC-ENG-012,CPX-SKL-AUTO-5CCCEBCC,esco,http://data.europa.eu/esco/occupation/75c5bab4-2546-4ba3-996d-42a9a1bab55d:http://data.europa.eu/esco/skill/0e8a19c5-2f06-4a7c-b228-d4ef1021c5d0:essential,essential,3,,0.5,true,source_mapped,not_reviewed,,,,2026.1
CPX-OCC-ENG-012,CPX-SKL-AUTO-25182E5E,esco,http://data.europa.eu/esco/occupation/75c5bab4-2546-4ba3-996d-42a9a1bab55d:http://data.europa.eu/esco/skill/182915aa-3470-433a-9b12-347511befcde:essential,essential,3,,0.5,true,source_mapped,not_reviewed,,,,2026.1
CPX-OCC-ENG-012,CPX-SKL-AUTO-EDE8287D,esco,http://data.europa.eu/esco/occupation/75c5bab4-2546-4ba3-996d-42a9a1bab55d:http://data.europa.eu/esco/skill/182afdb1-ea05-49c3-9e51-2449c340c1ce:essential,essential,3,,0.5,true,source_mapped,not_reviewed,,,,2026.1
CPX-OCC-ENG-012,CPX-SKL-AUTO-741349F8,esco,http://data.europa.eu/esco/occupation/75c5bab4-2546-4ba3-996d-42a9a1bab55d:http://data.europa.eu/esco/skill/39f55791-434d-4169-9a46-c000a2859a66:essential,essential,3,,0.5,true,source_mapped,not_reviewed,,,,2026.1
CPX-OCC-ENG-012,CPX-SKL-AUTO-4C98B987,esco,http://data.europa.eu/esco/occupation/75c5bab4-2546-4ba3-996d-42a9a1bab55d:http://data.europa.eu/esco/skill/3d3ee5c3-4286-457f-9f76-1704011f7e11:essential,essential,3,,0.5,true,source_mapped,not_reviewed,,,,2026.1
CPX-OCC-ENG-012,CPX-SKL-AUTO-1AFBD2E9,esco,http://data.europa.eu/esco/occupation/75c5bab4-2546-4ba3-996d-42a9a1bab55d:http://data.europa.eu/esco/skill/429f440f-9dc4-48d3-80ae-e58fce165cca:essential,essential,3,,0.5,true,source_mapped,not_reviewed,,,,2026.1
CPX-OCC-ENG-012,CPX-SKL-AUTO-8596933D,esco,http://data.europa.eu/esco/occupation/75c5bab4-2546-4ba3-996d-42a9a1bab55d:http://data.europa.eu/esco/skill/4b8670a1-f3cd-4c1d-bd1e-8b9a0e1c2b9a:essential,essential,3,,0.5,true,source_mapped,not_reviewed,,,,2026.1
CPX-OCC-ENG-012,CPX-SKL-AUTO-AFC90865,esco,http://data.europa.eu/esco/occupation/75c5bab4-2546-4ba3-996d-42a9a1bab55d:http://data.europa.eu/esco/skill/5088c536-13fb-4b6b-85e7-4053578e1451:essential,essential,3,,0.5,true,source_mapped,not_reviewed,,,,2026.1
CPX-OCC-ENG-012,CPX-SKL-AUTO-454C1FEF,esco,http://data.europa.eu/esco/occupation/75c5bab4-2546-4ba3-996d-42a9a1bab55d:http://data.europa.eu/esco/skill/54804209-6aac-4ca4-bf3c-aef4fbe18f8c:optional,desirable,3,,0.5,true,source_mapped,not_reviewed,,,,2026.1
CPX-OCC-ENG-012,CPX-SKL-AUTO-8BD82A3B,esco,http://data.europa.eu/esco/occupation/75c5bab4-2546-4ba3-996d-42a9a1bab55d:http://data.europa.eu/esco/skill/54d68400-9da3-4077-a7ee-52e68b390ef6:essential,essential,3,,0.5,true,source_mapped,not_reviewed,,,,2026.1
CPX-OCC-ENG-012,CPX-SKL-AUTO-B4028266,esco,http://data.europa.eu/esco/occupation/75c5bab4-2546-4ba3-996d-42a9a1bab55d:http://data.europa.eu/esco/skill/557d1221-0235-4a48-ada5-8fca73443627:essential,essential,3,,0.5,true,source_mapped,not_reviewed,,,,2026.1
CPX-OCC-ENG-012,CPX-SKL-AUTO-0CDA09A8,esco,http://data.europa.eu/esco/occupation/75c5bab4-2546-4ba3-996d-42a9a1bab55d:http://data.europa.eu/esco/skill/62fe2ec2-3a70-48cc-b806-ebfdb89d6c33:essential,essential,3,,0.5,true,source_mapped,not_reviewed,,,,2026.1
CPX-OCC-ENG-012,CPX-SKL-AUTO-3688C02B,esco,http://data.europa.eu/esco/occupation/75c5bab4-2546-4ba3-996d-42a9a1bab55d:http://data.europa.eu/esco/skill/78b1de70-0930-462f-9a7e-bf9b4135e1e2:essential,essential,3,,0.5,true,source_mapped,not_reviewed,,,,2026.1
CPX-OCC-ENG-012,CPX-SKL-AUTO-B89755B4,esco,http://data.europa.eu/esco/occupation/75c5bab4-2546-4ba3-996d-42a9a1bab55d:http://data.europa.eu/esco/skill/7c4bb41a-9b5a-472c-888a-9d58bb4e2a0d:essential,essential,3,,0.5,true,source_mapped,not_reviewed,,,,2026.1
CPX-OCC-ENG-012,CPX-SKL-AUTO-D04C893E,esco,http://data.europa.eu/esco/occupation/75c5bab4-2546-4ba3-996d-42a9a1bab55d:http://data.europa.eu/esco/skill/81f03b64-4f82-4bc4-b67d-894ddc97985b:essential,essential,3,,0.5,true,source_mapped,not_reviewed,,,,2026.1
CPX-OCC-ENG-012,CPX-SKL-AUTO-CFD967E8,esco,http://data.europa.eu/esco/occupation/75c5bab4-2546-4ba3-996d-42a9a1bab55d:http://data.europa.eu/esco/skill/95c35c3a-035f-47c2-90cf-7e934d20fc08:essential,essential,3,,0.5,true,source_mapped,not_reviewed,,,,2026.1
CPX-OCC-ENG-012,CPX-SKL-AUTO-CA752BC5,esco,http://data.europa.eu/esco/occupation/75c5bab4-2546-4ba3-996d-42a9a1bab55d:http://data.europa.eu/esco/skill/b4cea126-86f6-45dd-b4d8-bd9f2291e07f:essential,essential,3,,0.5,true,source_mapped,not_reviewed,,,,2026.1
CPX-OCC-ENG-012,CPX-SKL-AUTO-6597191C,esco,http://data.europa.eu/esco/occupation/75c5bab4-2546-4ba3-996d-42a9a1bab55d:http://data.europa.eu/esco/skill/baf501a8-f0fe-4ad7-9b69-8e920fa1a87b:essential,essential,3,,0.5,true,source_mapped,not_reviewed,,,,2026.1
CPX-OCC-ENG-012,CPX-SKL-AUTO-E833ED69,esco,http://data.europa.eu/esco/occupation/75c5bab4-2546-4ba3-996d-42a9a1bab55d:http://data.europa.eu/esco/skill/d15ce60f-ddab-41ce-ba56-398451b77b60:optional,desirable,3,,0.5,true,source_mapped,not_reviewed,,,,2026.1
CPX-OCC-ENG-012,CPX-SKL-AUTO-BAD2D617,esco,http://data.europa.eu/esco/occupation/75c5bab4-2546-4ba3-996d-42a9a1bab55d:http://data.europa.eu/esco/skill/d15e92c4-c8dc-48cd-a1f6-94fe13347f87:essential,essential,3,,0.5,true,source_mapped,not_reviewed,,,,2026.1
CPX-OCC-ENG-012,CPX-SKL-AUTO-AC2FA9DF,esco,http://data.europa.eu/esco/occupation/75c5bab4-2546-4ba3-996d-42a9a1bab55d:http://data.europa.eu/esco/skill/d2dae131-dd89-4e60-ba83-77e41db9d7bb:essential,essential,3,,0.5,true,source_mapped,not_reviewed,,,,2026.1
CPX-OCC-ENG-012,CPX-SKL-AUTO-C1B857DC,esco,http://data.europa.eu/esco/occupation/75c5bab4-2546-4ba3-996d-42a9a1bab55d:http://data.europa.eu/esco/skill/ef0527db-0442-4f05-a150-533b410e1cc1:essential,essential,3,,0.5,true,source_mapped,not_reviewed,,,,2026.1
CPX-OCC-ENG-012,CPX-SKL-AUTO-D6C102D0,esco,http://data.europa.eu/esco/occupation/75c5bab4-2546-4ba3-996d-42a9a1bab55d:http://data.europa.eu/esco/skill/fc6cddab-c9ce-4ce6-83ac-32b6854dd6da:essential,essential,3,,0.5,true,source_mapped,not_reviewed,,,,2026.1
CPX-OCC-ENG-022,CPX-SKL-AUTO-959DB502,esco,http://data.europa.eu/esco/occupation/76abbb82-c103-4d7a-a4c0-14dba4d6199a:http://data.europa.eu/esco/skill/328733a7-6d84-420d-a65c-2a8014fadc60:essential,essential,3,,0.5,true,source_mapped,not_reviewed,,,,2026.1
CPX-OCC-ENG-022,CPX-SKL-AUTO-BC270433,esco,http://data.europa.eu/esco/occupation/76abbb82-c103-4d7a-a4c0-14dba4d6199a:http://data.europa.eu/esco/skill/334e3e49-fb02-4051-809a-f06adfdc1c40:essential,essential,3,,0.5,true,source_mapped,not_reviewed,,,,2026.1
CPX-OCC-ENG-022,CPX-SKL-AUTO-8AE6A31F,esco,http://data.europa.eu/esco/occupation/76abbb82-c103-4d7a-a4c0-14dba4d6199a:http://data.europa.eu/esco/skill/41a3240f-58ba-44e2-a688-edeb21ea5c16:essential,essential,3,,0.5,true,source_mapped,not_reviewed,,,,2026.1
CPX-OCC-ENG-022,CPX-SKL-AUTO-706081E9,esco,http://data.europa.eu/esco/occupation/76abbb82-c103-4d7a-a4c0-14dba4d6199a:http://data.europa.eu/esco/skill/53456d90-8c0d-4bd2-9f1b-312619b6e2a6:optional,desirable,3,,0.5,true,source_mapped,not_reviewed,,,,2026.1
CPX-OCC-ENG-022,CPX-SKL-AUTO-B257C61C,esco,http://data.europa.eu/esco/occupation/76abbb82-c103-4d7a-a4c0-14dba4d6199a:http://data.europa.eu/esco/skill/68b6ef08-d823-489d-a95c-752ae6f6e6a7:essential,essential,3,,0.5,true,source_mapped,not_reviewed,,,,2026.1
CPX-OCC-ENG-022,CPX-SKL-AUTO-83A7E9C5,esco,http://data.europa.eu/esco/occupation/76abbb82-c103-4d7a-a4c0-14dba4d6199a:http://data.europa.eu/esco/skill/6e34b68e-0d61-49f2-bc4d-571c0326d857:optional,desirable,3,,0.5,true,source_mapped,not_reviewed,,,,2026.1
CPX-OCC-ENG-022,CPX-SKL-AUTO-AA25BFD8,esco,http://data.europa.eu/esco/occupation/76abbb82-c103-4d7a-a4c0-14dba4d6199a:http://data.europa.eu/esco/skill/7111b95d-0ce3-441a-9d92-4c75d05c4388:optional,desirable,3,,0.5,true,source_mapped,not_reviewed,,,,2026.1
CPX-OCC-ENG-022,CPX-SKL-AUTO-CFC4C6AB,esco,http://data.europa.eu/esco/occupation/76abbb82-c103-4d7a-a4c0-14dba4d6199a:http://data.europa.eu/esco/skill/74374d09-7a54-4a05-ae78-d5940423de7c:essential,essential,3,,0.5,true,source_mapped,not_reviewed,,,,2026.1
CPX-OCC-ENG-022,CPX-SKL-AUTO-6109699C,esco,http://data.europa.eu/esco/occupation/76abbb82-c103-4d7a-a4c0-14dba4d6199a:http://data.europa.eu/esco/skill/81665015-4963-472c-9b5a-f2cf13ae9de0:optional,desirable,3,,0.5,true,source_mapped,not_reviewed,,,,2026.1
CPX-OCC-ENG-022,CPX-SKL-AUTO-550464DF,esco,http://data.europa.eu/esco/occupation/76abbb82-c103-4d7a-a4c0-14dba4d6199a:http://data.europa.eu/esco/skill/81a2db2c-7e55-44d0-9cd9-74c25147d7cd:essential,essential,3,,0.5,true,source_mapped,not_reviewed,,,,2026.1
CPX-OCC-ENG-022,CPX-SKL-AUTO-352E7A5E,esco,http://data.europa.eu/esco/occupation/76abbb82-c103-4d7a-a4c0-14dba4d6199a:http://data.europa.eu/esco/skill/81d274bc-6dbf-4003-bcba-f76478d5d930:optional,desirable,3,,0.5,true,source_mapped,not_reviewed,,,,2026.1
CPX-OCC-ENG-022,CPX-SKL-AUTO-8695F01D,esco,http://data.europa.eu/esco/occupation/76abbb82-c103-4d7a-a4c0-14dba4d6199a:http://data.europa.eu/esco/skill/8d4271ca-c9fd-40b3-875f-15f78332a49e:essential,essential,3,,0.5,true,source_mapped,not_reviewed,,,,2026.1
CPX-OCC-ENG-022,CPX-SKL-AUTO-40AA1A5B,esco,http://data.europa.eu/esco/occupation/76abbb82-c103-4d7a-a4c0-14dba4d6199a:http://data.europa.eu/esco/skill/918f5211-b99f-4b29-9a34-6e475583ef55:essential,essential,3,,0.5,true,source_mapped,not_reviewed,,,,2026.1
CPX-OCC-ENG-022,CPX-SKL-AUTO-41EE425A,esco,http://data.europa.eu/esco/occupation/76abbb82-c103-4d7a-a4c0-14dba4d6199a:http://data.europa.eu/esco/skill/94b2c46e-6338-4a1d-950a-d44eef018c53:essential,essential,3,,0.5,true,source_mapped,not_reviewed,,,,2026.1
CPX-OCC-ENG-022,CPX-SKL-AUTO-8C767E60,esco,http://data.europa.eu/esco/occupation/76abbb82-c103-4d7a-a4c0-14dba4d6199a:http://data.europa.eu/esco/skill/cd5efa8c-e44d-4cbc-91c6-796018dbed68:optional,desirable,3,,0.5,true,source_mapped,not_reviewed,,,,2026.1
CPX-OCC-ENG-022,CPX-SKL-AUTO-B6796883,esco,http://data.europa.eu/esco/occupation/76abbb82-c103-4d7a-a4c0-14dba4d6199a:http://data.europa.eu/esco/skill/d0f2f8a7-d935-4a6d-8e54-dcc3e5e2cbeb:essential,essential,3,,0.5,true,source_mapped,not_reviewed,,,,2026.1
CPX-OCC-PPM-001,CPX-SKL-AUTO-38A054F6,esco,http://data.europa.eu/esco/occupation/788a9895-a39a-4a83-be90-e006e2f8dce5:http://data.europa.eu/esco/skill/10ac5282-3288-4383-8f69-9864d8564ea9:optional,desirable,3,,0.5,true,source_mapped,not_reviewed,,,,2026.1
CPX-OCC-PPM-001,CPX-SKL-AUTO-AEDDE0A3,esco,http://data.europa.eu/esco/occupation/788a9895-a39a-4a83-be90-e006e2f8dce5:http://data.europa.eu/esco/skill/11bebcd3-ad55-42b9-b9af-4c7cd7953e3f:optional,desirable,3,,0.5,true,source_mapped,not_reviewed,,,,2026.1
CPX-OCC-PPM-001,CPX-SKL-AUTO-A86AACE0,esco,http://data.europa.eu/esco/occupation/788a9895-a39a-4a83-be90-e006e2f8dce5:http://data.europa.eu/esco/skill/1dea2f3a-857c-4fc3-b1f8-d5f2015c46a9:essential,essential,3,,0.5,true,source_mapped,not_reviewed,,,,2026.1
CPX-OCC-PPM-001,CPX-SKL-AUTO-00CA60A1,esco,http://data.europa.eu/esco/occupation/788a9895-a39a-4a83-be90-e006e2f8dce5:http://data.europa.eu/esco/skill/200a8387-d67c-43e4-9cdc-44ab592c299e:essential,essential,3,,0.5,true,source_mapped,not_reviewed,,,,2026.1
CPX-OCC-PPM-001,CPX-SKL-AUTO-50E60467,esco,http://data.europa.eu/esco/occupation/788a9895-a39a-4a83-be90-e006e2f8dce5:http://data.europa.eu/esco/skill/237db40b-4600-47c0-837f-4a2c4f3014ab:essential,essential,3,,0.5,true,source_mapped,not_reviewed,,,,2026.1
CPX-OCC-PPM-001,CPX-SKL-AUTO-77C8FC1F,esco,http://data.europa.eu/esco/occupation/788a9895-a39a-4a83-be90-e006e2f8dce5:http://data.europa.eu/esco/skill/2e6379be-59ad-414a-8d81-68102b6b77b1:essential,essential,3,,0.5,true,source_mapped,not_reviewed,,,,2026.1
CPX-OCC-PPM-001,CPX-SKL-AUTO-6EB75794,esco,http://data.europa.eu/esco/occupation/788a9895-a39a-4a83-be90-e006e2f8dce5:http://data.europa.eu/esco/skill/339ac029-066a-4985-9f9d-b3d7c8fea0bb:essential,essential,3,,0.5,true,source_mapped,not_reviewed,,,,2026.1
CPX-OCC-PPM-001,CPX-SKL-AUTO-8859E9D2,esco,http://data.europa.eu/esco/occupation/788a9895-a39a-4a83-be90-e006e2f8dce5:http://data.europa.eu/esco/skill/414bfea8-a6bd-44e1-8820-80b1238a39cc:optional,desirable,3,,0.5,true,source_mapped,not_reviewed,,,,2026.1
CPX-OCC-PPM-001,CPX-SKL-AUTO-B6D8D6C0,esco,http://data.europa.eu/esco/occupation/788a9895-a39a-4a83-be90-e006e2f8dce5:http://data.europa.eu/esco/skill/564e86a6-0916-44e6-b3d6-d99bc0c1f194:optional,desirable,3,,0.5,true,source_mapped,not_reviewed,,,,2026.1
CPX-OCC-PPM-001,CPX-SKL-AUTO-AA25BFD8,esco,http://data.europa.eu/esco/occupation/788a9895-a39a-4a83-be90-e006e2f8dce5:http://data.europa.eu/esco/skill/7111b95d-0ce3-441a-9d92-4c75d05c4388:essential,essential,3,,0.5,true,source_mapped,not_reviewed,,,,2026.1
CPX-OCC-PPM-001,CPX-SKL-AUTO-073A34F6,esco,http://data.europa.eu/esco/occupation/788a9895-a39a-4a83-be90-e006e2f8dce5:http://data.europa.eu/esco/skill/88547698-700d-41dc-b0c1-515adf63f9bf:essential,essential,3,,0.5,true,source_mapped,not_reviewed,,,,2026.1
CPX-OCC-PPM-001,CPX-SKL-AUTO-40AA1A5B,esco,http://data.europa.eu/esco/occupation/788a9895-a39a-4a83-be90-e006e2f8dce5:http://data.europa.eu/esco/skill/918f5211-b99f-4b29-9a34-6e475583ef55:essential,essential,3,,0.5,true,source_mapped,not_reviewed,,,,2026.1
CPX-OCC-PPM-001,CPX-SKL-AUTO-656B7CFF,esco,http://data.europa.eu/esco/occupation/788a9895-a39a-4a83-be90-e006e2f8dce5:http://data.europa.eu/esco/skill/afc7c834-8190-4b65-acc6-5c158c851c85:optional,desirable,3,,0.5,true,source_mapped,not_reviewed,,,,2026.1
CPX-OCC-PPM-001,CPX-SKL-AUTO-A89BD321,esco,http://data.europa.eu/esco/occupation/788a9895-a39a-4a83-be90-e006e2f8dce5:http://data.europa.eu/esco/skill/bc946ebd-caa8-4e18-b5c5-5928768f45fa:essential,essential,3,,0.5,true,source_mapped,not_reviewed,,,,2026.1
CPX-OCC-PPM-001,CPX-SKL-AUTO-AE0F3FE2,esco,http://data.europa.eu/esco/occupation/788a9895-a39a-4a83-be90-e006e2f8dce5:http://data.europa.eu/esco/skill/c1d7a6df-92e8-4b2f-9259-e04dd7242be3:essential,essential,3,,0.5,true,source_mapped,not_reviewed,,,,2026.1
CPX-OCC-PPM-001,CPX-SKL-AUTO-FC09EE69,esco,http://data.europa.eu/esco/occupation/788a9895-a39a-4a83-be90-e006e2f8dce5:http://data.europa.eu/esco/skill/c3404999-faaa-4779-9cbf-e594b9c4d3b6:essential,essential,3,,0.5,true,source_mapped,not_reviewed,,,,2026.1
CPX-OCC-PPM-001,CPX-SKL-AUTO-8C767E60,esco,http://data.europa.eu/esco/occupation/788a9895-a39a-4a83-be90-e006e2f8dce5:http://data.europa.eu/esco/skill/cd5efa8c-e44d-4cbc-91c6-796018dbed68:essential,essential,3,,0.5,true,source_mapped,not_reviewed,,,,2026.1
CPX-OCC-PPM-001,CPX-SKL-AUTO-8AB730BB,esco,http://data.europa.eu/esco/occupation/788a9895-a39a-4a83-be90-e006e2f8dce5:http://data.europa.eu/esco/skill/dcc96a49-0bac-4a9c-8f8e-a32b4e47e6eb:essential,essential,3,,0.5,true,source_mapped,not_reviewed,,,,2026.1
CPX-OCC-ENG-006,CPX-SKL-AUTO-2CD33572,esco,http://data.europa.eu/esco/occupation/7c2fbf7d-b934-4f62-8167-0ed90fb2a16f:http://data.europa.eu/esco/skill/0007bdc2-dd15-4824-b7d6-416522c46f35:essential,essential,3,,0.5,true,source_mapped,not_reviewed,,,,2026.1
CPX-OCC-ENG-006,CPX-SKL-AUTO-0CE30C7C,esco,http://data.europa.eu/esco/occupation/7c2fbf7d-b934-4f62-8167-0ed90fb2a16f:http://data.europa.eu/esco/skill/12c7b323-d870-4f5b-9d7d-d9f525206d77:essential,essential,3,,0.5,true,source_mapped,not_reviewed,,,,2026.1
CPX-OCC-ENG-006,CPX-SKL-AUTO-0279C024,esco,http://data.europa.eu/esco/occupation/7c2fbf7d-b934-4f62-8167-0ed90fb2a16f:http://data.europa.eu/esco/skill/209a5498-3449-4689-8ed9-bd08cab4fd78:essential,essential,3,,0.5,true,source_mapped,not_reviewed,,,,2026.1
CPX-OCC-ENG-006,CPX-SKL-AUTO-081400C1,esco,http://data.europa.eu/esco/occupation/7c2fbf7d-b934-4f62-8167-0ed90fb2a16f:http://data.europa.eu/esco/skill/2bbdea06-a265-42b5-bb4f-7241b661f069:optional,desirable,3,,0.5,true,source_mapped,not_reviewed,,,,2026.1
CPX-OCC-ENG-006,CPX-SKL-AUTO-D9ADEFFB,esco,http://data.europa.eu/esco/occupation/7c2fbf7d-b934-4f62-8167-0ed90fb2a16f:http://data.europa.eu/esco/skill/2fea2558-630e-480d-9e12-47a05bc19b55:optional,desirable,3,,0.5,true,source_mapped,not_reviewed,,,,2026.1
CPX-OCC-ENG-006,CPX-SKL-AUTO-959DB502,esco,http://data.europa.eu/esco/occupation/7c2fbf7d-b934-4f62-8167-0ed90fb2a16f:http://data.europa.eu/esco/skill/328733a7-6d84-420d-a65c-2a8014fadc60:optional,desirable,3,,0.5,true,source_mapped,not_reviewed,,,,2026.1
CPX-OCC-ENG-006,CPX-SKL-AUTO-F260B394,esco,http://data.europa.eu/esco/occupation/7c2fbf7d-b934-4f62-8167-0ed90fb2a16f:http://data.europa.eu/esco/skill/3786b61f-f22e-48d1-af8d-ad4c354534db:essential,essential,3,,0.5,true,source_mapped,not_reviewed,,,,2026.1
CPX-OCC-ENG-006,CPX-SKL-AUTO-1D4E2E34,esco,http://data.europa.eu/esco/occupation/7c2fbf7d-b934-4f62-8167-0ed90fb2a16f:http://data.europa.eu/esco/skill/3e40c7d0-0e36-4b33-bc33-0aa87eda0561:optional,desirable,3,,0.5,true,source_mapped,not_reviewed,,,,2026.1
CPX-OCC-ENG-006,CPX-SKL-AUTO-6F647F1B,esco,http://data.europa.eu/esco/occupation/7c2fbf7d-b934-4f62-8167-0ed90fb2a16f:http://data.europa.eu/esco/skill/42b23922-1c40-4dbe-9e0c-7a568dfdf06b:essential,essential,3,,0.5,true,source_mapped,not_reviewed,,,,2026.1
CPX-OCC-ENG-006,CPX-SKL-AUTO-4E8960AB,esco,http://data.europa.eu/esco/occupation/7c2fbf7d-b934-4f62-8167-0ed90fb2a16f:http://data.europa.eu/esco/skill/465ff64a-1271-4064-8ed1-e969cb68d8b4:optional,desirable,3,,0.5,true,source_mapped,not_reviewed,,,,2026.1
CPX-OCC-ENG-006,CPX-SKL-AUTO-E900B26A,esco,http://data.europa.eu/esco/occupation/7c2fbf7d-b934-4f62-8167-0ed90fb2a16f:http://data.europa.eu/esco/skill/4c58528e-bdaa-43ad-8f5a-8ad0b8cd4bbb:optional,desirable,3,,0.5,true,source_mapped,not_reviewed,,,,2026.1
CPX-OCC-ENG-006,CPX-SKL-AUTO-C999ABAC,esco,http://data.europa.eu/esco/occupation/7c2fbf7d-b934-4f62-8167-0ed90fb2a16f:http://data.europa.eu/esco/skill/4f0e579d-ca7b-427c-ace6-9e2de3eb19c7:optional,desirable,3,,0.5,true,source_mapped,not_reviewed,,,,2026.1
CPX-OCC-ENG-006,CPX-SKL-AUTO-B7A8AF32,esco,http://data.europa.eu/esco/occupation/7c2fbf7d-b934-4f62-8167-0ed90fb2a16f:http://data.europa.eu/esco/skill/4fabca9a-7435-4f33-b1da-3cdb00340fdc:essential,essential,3,,0.5,true,source_mapped,not_reviewed,,,,2026.1
CPX-OCC-ENG-006,CPX-SKL-AUTO-8308E008,esco,http://data.europa.eu/esco/occupation/7c2fbf7d-b934-4f62-8167-0ed90fb2a16f:http://data.europa.eu/esco/skill/53403f06-6c51-4a24-9491-d8a6200526ce:optional,desirable,3,,0.5,true,source_mapped,not_reviewed,,,,2026.1
CPX-OCC-ENG-006,CPX-SKL-AUTO-0FBF48C0,esco,http://data.europa.eu/esco/occupation/7c2fbf7d-b934-4f62-8167-0ed90fb2a16f:http://data.europa.eu/esco/skill/541561bc-510c-4a99-881c-2d8bf5a85462:essential,essential,3,,0.5,true,source_mapped,not_reviewed,,,,2026.1
CPX-OCC-ENG-006,CPX-SKL-AUTO-E470E871,esco,http://data.europa.eu/esco/occupation/7c2fbf7d-b934-4f62-8167-0ed90fb2a16f:http://data.europa.eu/esco/skill/59ea80e1-463a-4dba-82c6-d0b6d577d532:essential,essential,3,,0.5,true,source_mapped,not_reviewed,,,,2026.1
CPX-OCC-ENG-006,CPX-SKL-AUTO-7C31C384,esco,http://data.europa.eu/esco/occupation/7c2fbf7d-b934-4f62-8167-0ed90fb2a16f:http://data.europa.eu/esco/skill/62278d41-2182-4a95-8e9c-ae6fa3e342b7:optional,desirable,3,,0.5,true,source_mapped,not_reviewed,,,,2026.1
CPX-OCC-ENG-006,CPX-SKL-AUTO-9A3392C7,esco,http://data.europa.eu/esco/occupation/7c2fbf7d-b934-4f62-8167-0ed90fb2a16f:http://data.europa.eu/esco/skill/69925c23-6fed-4baa-8bf3-e5aaeb6b0b54:optional,desirable,3,,0.5,true,source_mapped,not_reviewed,,,,2026.1
CPX-OCC-ENG-006,CPX-SKL-AUTO-1014C414,esco,http://data.europa.eu/esco/occupation/7c2fbf7d-b934-4f62-8167-0ed90fb2a16f:http://data.europa.eu/esco/skill/6ed67cf0-d8b9-4025-8b6e-a29a11e6b977:optional,desirable,3,,0.5,true,source_mapped,not_reviewed,,,,2026.1
CPX-OCC-ENG-006,CPX-SKL-AUTO-40628FD9,esco,http://data.europa.eu/esco/occupation/7c2fbf7d-b934-4f62-8167-0ed90fb2a16f:http://data.europa.eu/esco/skill/72a74f69-5cf1-43c5-99b9-62a444578919:essential,essential,3,,0.5,true,source_mapped,not_reviewed,,,,2026.1
CPX-OCC-ENG-006,CPX-SKL-AUTO-B83CDA08,esco,http://data.europa.eu/esco/occupation/7c2fbf7d-b934-4f62-8167-0ed90fb2a16f:http://data.europa.eu/esco/skill/7a757fa5-9a6f-43ab-9e66-f8f4dba1ffcb:optional,desirable,3,,0.5,true,source_mapped,not_reviewed,,,,2026.1
CPX-OCC-ENG-006,CPX-SKL-AUTO-33D28B04,esco,http://data.europa.eu/esco/occupation/7c2fbf7d-b934-4f62-8167-0ed90fb2a16f:http://data.europa.eu/esco/skill/82313e12-9d39-47d1-b7c9-78bbd6bb50e2:optional,desirable,3,,0.5,true,source_mapped,not_reviewed,,,,2026.1
CPX-OCC-ENG-006,CPX-SKL-AUTO-8695F01D,esco,http://data.europa.eu/esco/occupation/7c2fbf7d-b934-4f62-8167-0ed90fb2a16f:http://data.europa.eu/esco/skill/8d4271ca-c9fd-40b3-875f-15f78332a49e:essential,essential,3,,0.5,true,source_mapped,not_reviewed,,,,2026.1
CPX-OCC-ENG-006,CPX-SKL-AUTO-CFD967E8,esco,http://data.europa.eu/esco/occupation/7c2fbf7d-b934-4f62-8167-0ed90fb2a16f:http://data.europa.eu/esco/skill/95c35c3a-035f-47c2-90cf-7e934d20fc08:optional,desirable,3,,0.5,true,source_mapped,not_reviewed,,,,2026.1
CPX-OCC-ENG-006,CPX-SKL-AUTO-D5CBD41C,esco,http://data.europa.eu/esco/occupation/7c2fbf7d-b934-4f62-8167-0ed90fb2a16f:http://data.europa.eu/esco/skill/9c071f1d-eac3-449d-b004-c14775b5a3b9:optional,desirable,3,,0.5,true,source_mapped,not_reviewed,,,,2026.1
CPX-OCC-ENG-006,CPX-SKL-AUTO-54FB3524,esco,http://data.europa.eu/esco/occupation/7c2fbf7d-b934-4f62-8167-0ed90fb2a16f:http://data.europa.eu/esco/skill/a1816dfd-dbdc-4499-bef3-ff81dd895b33:essential,essential,3,,0.5,true,source_mapped,not_reviewed,,,,2026.1
CPX-OCC-ENG-006,CPX-SKL-AUTO-EBE5DD16,esco,http://data.europa.eu/esco/occupation/7c2fbf7d-b934-4f62-8167-0ed90fb2a16f:http://data.europa.eu/esco/skill/a8d41cca-3bc9-4d2a-ae09-436dabe86e21:optional,desirable,3,,0.5,true,source_mapped,not_reviewed,,,,2026.1
CPX-OCC-ENG-006,CPX-SKL-AUTO-1083AFD4,esco,http://data.europa.eu/esco/occupation/7c2fbf7d-b934-4f62-8167-0ed90fb2a16f:http://data.europa.eu/esco/skill/af0bbc31-b54d-4e8d-82b1-2e91a1115523:optional,desirable,3,,0.5,true,source_mapped,not_reviewed,,,,2026.1
CPX-OCC-ENG-006,CPX-SKL-AUTO-052B962E,esco,http://data.europa.eu/esco/occupation/7c2fbf7d-b934-4f62-8167-0ed90fb2a16f:http://data.europa.eu/esco/skill/b34e2ba1-9080-48c9-9b42-ee9192a4d3f1:optional,desirable,3,,0.5,true,source_mapped,not_reviewed,,,,2026.1
CPX-OCC-ENG-006,CPX-SKL-AUTO-06DC0CB9,esco,http://data.europa.eu/esco/occupation/7c2fbf7d-b934-4f62-8167-0ed90fb2a16f:http://data.europa.eu/esco/skill/b7a03115-41c9-4167-a0b6-7e40cf0fd607:optional,desirable,3,,0.5,true,source_mapped,not_reviewed,,,,2026.1
CPX-OCC-ENG-006,CPX-SKL-AUTO-D7F587B8,esco,http://data.europa.eu/esco/occupation/7c2fbf7d-b934-4f62-8167-0ed90fb2a16f:http://data.europa.eu/esco/skill/bacbfc27-4b5d-47de-8bfd-af5fa27562a2:optional,desirable,3,,0.5,true,source_mapped,not_reviewed,,,,2026.1
CPX-OCC-ENG-006,CPX-SKL-AUTO-7E351D62,esco,http://data.europa.eu/esco/occupation/7c2fbf7d-b934-4f62-8167-0ed90fb2a16f:http://data.europa.eu/esco/skill/bbd57056-80e0-45bb-a2c1-658ed99a1251:optional,desirable,3,,0.5,true,source_mapped,not_reviewed,,,,2026.1
CPX-OCC-ENG-006,CPX-SKL-AUTO-8766C1B8,esco,http://data.europa.eu/esco/occupation/7c2fbf7d-b934-4f62-8167-0ed90fb2a16f:http://data.europa.eu/esco/skill/c5422318-3218-4ce9-9bdd-f38b93ff63a3:optional,desirable,3,,0.5,true,source_mapped,not_reviewed,,,,2026.1
CPX-OCC-ENG-006,CPX-SKL-AUTO-DA0A87CC,esco,http://data.europa.eu/esco/occupation/7c2fbf7d-b934-4f62-8167-0ed90fb2a16f:http://data.europa.eu/esco/skill/d74df140-eb69-43e2-bac9-1cafc824d702:essential,essential,3,,0.5,true,source_mapped,not_reviewed,,,,2026.1
CPX-OCC-ENG-006,CPX-SKL-AUTO-067EB21B,esco,http://data.europa.eu/esco/occupation/7c2fbf7d-b934-4f62-8167-0ed90fb2a16f:http://data.europa.eu/esco/skill/e0ded9a1-372d-46c8-80b5-ad994d606ef2:optional,desirable,3,,0.5,true,source_mapped,not_reviewed,,,,2026.1
CPX-OCC-ENG-006,CPX-SKL-AUTO-E66D8FAF,esco,http://data.europa.eu/esco/occupation/7c2fbf7d-b934-4f62-8167-0ed90fb2a16f:http://data.europa.eu/esco/skill/e95058a6-e139-42e7-a470-72038a606649:essential,essential,3,,0.5,true,source_mapped,not_reviewed,,,,2026.1
CPX-OCC-ENG-006,CPX-SKL-AUTO-8018132A,esco,http://data.europa.eu/esco/occupation/7c2fbf7d-b934-4f62-8167-0ed90fb2a16f:http://data.europa.eu/esco/skill/f10142ce-d522-49c3-9fd1-054fb63529d4:optional,desirable,3,,0.5,true,source_mapped,not_reviewed,,,,2026.1
CPX-OCC-ENG-006,CPX-SKL-AUTO-4D910082,esco,http://data.europa.eu/esco/occupation/7c2fbf7d-b934-4f62-8167-0ed90fb2a16f:http://data.europa.eu/esco/skill/f1b5800e-b763-4740-9586-3fef30568e81:essential,essential,3,,0.5,true,source_mapped,not_reviewed,,,,2026.1
CPX-OCC-ENG-006,CPX-SKL-AUTO-D82A5A70,esco,http://data.europa.eu/esco/occupation/7c2fbf7d-b934-4f62-8167-0ed90fb2a16f:http://data.europa.eu/esco/skill/f54c10e4-630d-4e50-95e9-4e9e268e8f12:essential,essential,3,,0.5,true,source_mapped,not_reviewed,,,,2026.1
CPX-OCC-ENG-006,CPX-SKL-AUTO-B25A8613,esco,http://data.europa.eu/esco/occupation/7c2fbf7d-b934-4f62-8167-0ed90fb2a16f:http://data.europa.eu/esco/skill/feceacee-d425-4e73-821a-02dfb85084db:essential,essential,3,,0.5,true,source_mapped,not_reviewed,,,,2026.1
CPX-OCC-ENG-016,CPX-SKL-AUTO-4C159E21,esco,http://data.europa.eu/esco/occupation/81a1e1f5-cce3-444d-bfc3-9771236d57cd:http://data.europa.eu/esco/skill/137833bd-aa42-47b5-8005-dd004060c8b5:essential,essential,3,,0.5,true,source_mapped,not_reviewed,,,,2026.1
CPX-OCC-ENG-016,CPX-SKL-AUTO-FBA7AB70,esco,http://data.europa.eu/esco/occupation/81a1e1f5-cce3-444d-bfc3-9771236d57cd:http://data.europa.eu/esco/skill/1bc7c69b-4292-4592-b854-f48165a06082:essential,essential,3,,0.5,true,source_mapped,not_reviewed,,,,2026.1
CPX-OCC-ENG-016,CPX-SKL-AUTO-0279C024,esco,http://data.europa.eu/esco/occupation/81a1e1f5-cce3-444d-bfc3-9771236d57cd:http://data.europa.eu/esco/skill/209a5498-3449-4689-8ed9-bd08cab4fd78:essential,essential,3,,0.5,true,source_mapped,not_reviewed,,,,2026.1
CPX-OCC-ENG-016,CPX-SKL-AUTO-89F3C417,esco,http://data.europa.eu/esco/occupation/81a1e1f5-cce3-444d-bfc3-9771236d57cd:http://data.europa.eu/esco/skill/2672f6a9-1e70-43c5-859d-e6a0fc9ea0f1:essential,essential,3,,0.5,true,source_mapped,not_reviewed,,,,2026.1
CPX-OCC-ENG-016,CPX-SKL-AUTO-081400C1,esco,http://data.europa.eu/esco/occupation/81a1e1f5-cce3-444d-bfc3-9771236d57cd:http://data.europa.eu/esco/skill/2bbdea06-a265-42b5-bb4f-7241b661f069:essential,essential,3,,0.5,true,source_mapped,not_reviewed,,,,2026.1
CPX-OCC-ENG-016,CPX-SKL-AUTO-7BA81C23,esco,http://data.europa.eu/esco/occupation/81a1e1f5-cce3-444d-bfc3-9771236d57cd:http://data.europa.eu/esco/skill/2c02af08-a7f9-4535-889d-f4172cfc9a17:essential,essential,3,,0.5,true,source_mapped,not_reviewed,,,,2026.1
CPX-OCC-ENG-016,CPX-SKL-AUTO-1D4E2E34,esco,http://data.europa.eu/esco/occupation/81a1e1f5-cce3-444d-bfc3-9771236d57cd:http://data.europa.eu/esco/skill/3e40c7d0-0e36-4b33-bc33-0aa87eda0561:essential,essential,3,,0.5,true,source_mapped,not_reviewed,,,,2026.1
CPX-OCC-ENG-016,CPX-SKL-AUTO-C69066D1,esco,http://data.europa.eu/esco/occupation/81a1e1f5-cce3-444d-bfc3-9771236d57cd:http://data.europa.eu/esco/skill/415cb0c2-e169-4f99-ba3e-d1c433b75368:optional,desirable,3,,0.5,true,source_mapped,not_reviewed,,,,2026.1
CPX-OCC-ENG-016,CPX-SKL-AUTO-D78D6565,esco,http://data.europa.eu/esco/occupation/81a1e1f5-cce3-444d-bfc3-9771236d57cd:http://data.europa.eu/esco/skill/42c25baf-ccb3-47d9-a872-bb2ceb615538:optional,desirable,3,,0.5,true,source_mapped,not_reviewed,,,,2026.1
CPX-OCC-ENG-016,CPX-SKL-AUTO-772726C6,esco,http://data.europa.eu/esco/occupation/81a1e1f5-cce3-444d-bfc3-9771236d57cd:http://data.europa.eu/esco/skill/44e2c4c4-9fd2-42d4-a133-d81360ded4bc:essential,essential,3,,0.5,true,source_mapped,not_reviewed,,,,2026.1
CPX-OCC-ENG-016,CPX-SKL-AUTO-AFC90865,esco,http://data.europa.eu/esco/occupation/81a1e1f5-cce3-444d-bfc3-9771236d57cd:http://data.europa.eu/esco/skill/5088c536-13fb-4b6b-85e7-4053578e1451:optional,desirable,3,,0.5,true,source_mapped,not_reviewed,,,,2026.1
CPX-OCC-ENG-016,CPX-SKL-AUTO-CD7D1479,esco,http://data.europa.eu/esco/occupation/81a1e1f5-cce3-444d-bfc3-9771236d57cd:http://data.europa.eu/esco/skill/52797dce-911c-4e6d-b0cb-491f6469014f:essential,essential,3,,0.5,true,source_mapped,not_reviewed,,,,2026.1
CPX-OCC-ENG-016,CPX-SKL-AUTO-3F931A3E,esco,http://data.europa.eu/esco/occupation/81a1e1f5-cce3-444d-bfc3-9771236d57cd:http://data.europa.eu/esco/skill/532bcdca-a889-4dea-8f7f-4e03d8cfd0d2:essential,essential,3,,0.5,true,source_mapped,not_reviewed,,,,2026.1
CPX-OCC-ENG-016,CPX-SKL-AUTO-E470E871,esco,http://data.europa.eu/esco/occupation/81a1e1f5-cce3-444d-bfc3-9771236d57cd:http://data.europa.eu/esco/skill/59ea80e1-463a-4dba-82c6-d0b6d577d532:essential,essential,3,,0.5,true,source_mapped,not_reviewed,,,,2026.1
CPX-OCC-ENG-016,CPX-SKL-AUTO-CB01B914,esco,http://data.europa.eu/esco/occupation/81a1e1f5-cce3-444d-bfc3-9771236d57cd:http://data.europa.eu/esco/skill/5bf7f85a-b080-4b27-8ddc-9f62af4643f5:essential,essential,3,,0.5,true,source_mapped,not_reviewed,,,,2026.1
CPX-OCC-ENG-016,CPX-SKL-AUTO-F2A5DD0B,esco,http://data.europa.eu/esco/occupation/81a1e1f5-cce3-444d-bfc3-9771236d57cd:http://data.europa.eu/esco/skill/6122d586-5978-431f-8e7a-96e61fc1f3fc:essential,essential,3,,0.5,true,source_mapped,not_reviewed,,,,2026.1
CPX-OCC-ENG-016,CPX-SKL-AUTO-BCC2505C,esco,http://data.europa.eu/esco/occupation/81a1e1f5-cce3-444d-bfc3-9771236d57cd:http://data.europa.eu/esco/skill/62b7060c-3055-4ab8-bcf2-8080fd7c01f3:essential,essential,3,,0.5,true,source_mapped,not_reviewed,,,,2026.1
CPX-OCC-ENG-016,CPX-SKL-AUTO-9DBBE0D9,esco,http://data.europa.eu/esco/occupation/81a1e1f5-cce3-444d-bfc3-9771236d57cd:http://data.europa.eu/esco/skill/68162174-68c3-4601-840b-5e63c2dd7481:essential,essential,3,,0.5,true,source_mapped,not_reviewed,,,,2026.1
CPX-OCC-ENG-016,CPX-SKL-AUTO-B257C61C,esco,http://data.europa.eu/esco/occupation/81a1e1f5-cce3-444d-bfc3-9771236d57cd:http://data.europa.eu/esco/skill/68b6ef08-d823-489d-a95c-752ae6f6e6a7:essential,essential,3,,0.5,true,source_mapped,not_reviewed,,,,2026.1
CPX-OCC-ENG-016,CPX-SKL-AUTO-40628FD9,esco,http://data.europa.eu/esco/occupation/81a1e1f5-cce3-444d-bfc3-9771236d57cd:http://data.europa.eu/esco/skill/72a74f69-5cf1-43c5-99b9-62a444578919:essential,essential,3,,0.5,true,source_mapped,not_reviewed,,,,2026.1
CPX-OCC-ENG-016,CPX-SKL-AUTO-D5CBD41C,esco,http://data.europa.eu/esco/occupation/81a1e1f5-cce3-444d-bfc3-9771236d57cd:http://data.europa.eu/esco/skill/9c071f1d-eac3-449d-b004-c14775b5a3b9:essential,essential,3,,0.5,true,source_mapped,not_reviewed,,,,2026.1
CPX-OCC-ENG-016,CPX-SKL-AUTO-F5A252C7,esco,http://data.europa.eu/esco/occupation/81a1e1f5-cce3-444d-bfc3-9771236d57cd:http://data.europa.eu/esco/skill/a28df07f-976c-4eb4-b29a-06161af39756:optional,desirable,3,,0.5,true,source_mapped,not_reviewed,,,,2026.1
CPX-OCC-ENG-016,CPX-SKL-AUTO-45BD37E4,esco,http://data.europa.eu/esco/occupation/81a1e1f5-cce3-444d-bfc3-9771236d57cd:http://data.europa.eu/esco/skill/b07daddc-8625-4360-946e-ad2b0e56ebf6:essential,essential,3,,0.5,true,source_mapped,not_reviewed,,,,2026.1
CPX-OCC-ENG-016,CPX-SKL-AUTO-6597191C,esco,http://data.europa.eu/esco/occupation/81a1e1f5-cce3-444d-bfc3-9771236d57cd:http://data.europa.eu/esco/skill/baf501a8-f0fe-4ad7-9b69-8e920fa1a87b:optional,desirable,3,,0.5,true,source_mapped,not_reviewed,,,,2026.1
CPX-OCC-ENG-016,CPX-SKL-AUTO-5842956D,esco,http://data.europa.eu/esco/occupation/81a1e1f5-cce3-444d-bfc3-9771236d57cd:http://data.europa.eu/esco/skill/bbce18c7-c3d9-4f50-8519-9a9db7033e03:optional,desirable,3,,0.5,true,source_mapped,not_reviewed,,,,2026.1
CPX-OCC-ENG-016,CPX-SKL-AUTO-AF950849,esco,http://data.europa.eu/esco/occupation/81a1e1f5-cce3-444d-bfc3-9771236d57cd:http://data.europa.eu/esco/skill/c32ad607-0c4d-4e34-b73f-668298f7bf13:essential,essential,3,,0.5,true,source_mapped,not_reviewed,,,,2026.1
CPX-OCC-ENG-016,CPX-SKL-AUTO-87617883,esco,http://data.europa.eu/esco/occupation/81a1e1f5-cce3-444d-bfc3-9771236d57cd:http://data.europa.eu/esco/skill/cffc3e97-e942-4b13-a2f3-0bf4910c06d3:essential,essential,3,,0.5,true,source_mapped,not_reviewed,,,,2026.1
CPX-OCC-ENG-016,CPX-SKL-AUTO-82C7686C,esco,http://data.europa.eu/esco/occupation/81a1e1f5-cce3-444d-bfc3-9771236d57cd:http://data.europa.eu/esco/skill/d703c741-0f67-4388-9f0c-d2574143ee70:essential,essential,3,,0.5,true,source_mapped,not_reviewed,,,,2026.1
CPX-OCC-ENG-016,CPX-SKL-AUTO-50B4998D,esco,http://data.europa.eu/esco/occupation/81a1e1f5-cce3-444d-bfc3-9771236d57cd:http://data.europa.eu/esco/skill/db3c8181-31b4-4950-bf0b-de01f93c372b:essential,essential,3,,0.5,true,source_mapped,not_reviewed,,,,2026.1
CPX-OCC-ENG-016,CPX-SKL-AUTO-0AE4E961,esco,http://data.europa.eu/esco/occupation/81a1e1f5-cce3-444d-bfc3-9771236d57cd:http://data.europa.eu/esco/skill/ed938748-60ae-4964-a657-ff2685ecc0d0:essential,essential,3,,0.5,true,source_mapped,not_reviewed,,,,2026.1
CPX-OCC-ENG-016,CPX-SKL-AUTO-6ED6A9CC,esco,http://data.europa.eu/esco/occupation/81a1e1f5-cce3-444d-bfc3-9771236d57cd:http://data.europa.eu/esco/skill/f5fa2654-52cc-45d2-ac92-ac979dee5d12:essential,essential,3,,0.5,true,source_mapped,not_reviewed,,,,2026.1
CPX-OCC-ENG-016,CPX-SKL-AUTO-27F36313,esco,http://data.europa.eu/esco/occupation/81a1e1f5-cce3-444d-bfc3-9771236d57cd:http://data.europa.eu/esco/skill/faf1930e-1818-4710-a85e-c690a153eeca:essential,essential,3,,0.5,true,source_mapped,not_reviewed,,,,2026.1
CPX-OCC-ENG-011,CPX-SKL-AUTO-9EB95764,esco,http://data.europa.eu/esco/occupation/86ca306c-ab99-420a-9e2a-aa73c5c4de22:http://data.europa.eu/esco/skill/000f1d3d-220f-4789-9c0a-cc742521fb02:optional,desirable,3,,0.5,true,source_mapped,not_reviewed,,,,2026.1
CPX-OCC-ENG-011,CPX-SKL-AUTO-528283E3,esco,http://data.europa.eu/esco/occupation/86ca306c-ab99-420a-9e2a-aa73c5c4de22:http://data.europa.eu/esco/skill/02c71cde-f513-43da-8952-0974763c7568:optional,desirable,3,,0.5,true,source_mapped,not_reviewed,,,,2026.1
CPX-OCC-ENG-011,CPX-SKL-AUTO-4E119AE5,esco,http://data.europa.eu/esco/occupation/86ca306c-ab99-420a-9e2a-aa73c5c4de22:http://data.europa.eu/esco/skill/034c29fa-c3ba-45ea-b8f3-bf8e3705e386:optional,desirable,3,,0.5,true,source_mapped,not_reviewed,,,,2026.1
CPX-OCC-ENG-011,CPX-SKL-AUTO-189AD04A,esco,http://data.europa.eu/esco/occupation/86ca306c-ab99-420a-9e2a-aa73c5c4de22:http://data.europa.eu/esco/skill/04dfd9fb-e0cf-40f6-96c6-9d2280c4347e:optional,desirable,3,,0.5,true,source_mapped,not_reviewed,,,,2026.1
CPX-OCC-ENG-011,CPX-SKL-AUTO-94239DBE,esco,http://data.europa.eu/esco/occupation/86ca306c-ab99-420a-9e2a-aa73c5c4de22:http://data.europa.eu/esco/skill/04f1b938-d4d4-4cb1-a863-982af76b9d93:optional,desirable,3,,0.5,true,source_mapped,not_reviewed,,,,2026.1
CPX-OCC-ENG-011,CPX-SKL-AUTO-29CA2796,esco,http://data.europa.eu/esco/occupation/86ca306c-ab99-420a-9e2a-aa73c5c4de22:http://data.europa.eu/esco/skill/05010f6c-0b40-4525-ac4a-057d46a2b6f4:optional,desirable,3,,0.5,true,source_mapped,not_reviewed,,,,2026.1
CPX-OCC-ENG-011,CPX-SKL-AUTO-D4D4A52D,esco,http://data.europa.eu/esco/occupation/86ca306c-ab99-420a-9e2a-aa73c5c4de22:http://data.europa.eu/esco/skill/0b8da079-f587-403f-a6ad-cd18b8150044:optional,desirable,3,,0.5,true,source_mapped,not_reviewed,,,,2026.1
CPX-OCC-ENG-011,CPX-SKL-AUTO-EC70200E,esco,http://data.europa.eu/esco/occupation/86ca306c-ab99-420a-9e2a-aa73c5c4de22:http://data.europa.eu/esco/skill/0ccdfe98-f845-4598-84a1-3dca66e9d9a3:optional,desirable,3,,0.5,true,source_mapped,not_reviewed,,,,2026.1
CPX-OCC-ENG-011,CPX-SKL-AUTO-F8BF04A0,esco,http://data.europa.eu/esco/occupation/86ca306c-ab99-420a-9e2a-aa73c5c4de22:http://data.europa.eu/esco/skill/0cd6dcf1-5778-42a5-b685-4d01ae4a4871:optional,desirable,3,,0.5,true,source_mapped,not_reviewed,,,,2026.1
CPX-OCC-ENG-011,CPX-SKL-AUTO-69338A4B,esco,http://data.europa.eu/esco/occupation/86ca306c-ab99-420a-9e2a-aa73c5c4de22:http://data.europa.eu/esco/skill/0d282d6e-8cb9-4339-8e7d-cfafed96b5ed:optional,desirable,3,,0.5,true,source_mapped,not_reviewed,,,,2026.1
CPX-OCC-ENG-011,CPX-SKL-AUTO-D734993E,esco,http://data.europa.eu/esco/occupation/86ca306c-ab99-420a-9e2a-aa73c5c4de22:http://data.europa.eu/esco/skill/0d6c9508-1cd6-4cea-98d2-d5fe2f5c6a73:optional,desirable,3,,0.5,true,source_mapped,not_reviewed,,,,2026.1
CPX-OCC-ENG-011,CPX-SKL-AUTO-335B2ED6,esco,http://data.europa.eu/esco/occupation/86ca306c-ab99-420a-9e2a-aa73c5c4de22:http://data.europa.eu/esco/skill/0da516ee-e70e-4384-be13-f5ff80be8127:optional,desirable,3,,0.5,true,source_mapped,not_reviewed,,,,2026.1
CPX-OCC-ENG-011,CPX-SKL-AUTO-34961DCA,esco,http://data.europa.eu/esco/occupation/86ca306c-ab99-420a-9e2a-aa73c5c4de22:http://data.europa.eu/esco/skill/0de61385-de6d-4146-ba32-1cc1bc102220:optional,desirable,3,,0.5,true,source_mapped,not_reviewed,,,,2026.1
CPX-OCC-ENG-011,CPX-SKL-AUTO-DD66215C,esco,http://data.europa.eu/esco/occupation/86ca306c-ab99-420a-9e2a-aa73c5c4de22:http://data.europa.eu/esco/skill/0de6bca4-f3aa-452a-8e10-d355b2c1bfc4:optional,desirable,3,,0.5,true,source_mapped,not_reviewed,,,,2026.1
CPX-OCC-ENG-011,CPX-SKL-AUTO-AAD4B544,esco,http://data.europa.eu/esco/occupation/86ca306c-ab99-420a-9e2a-aa73c5c4de22:http://data.europa.eu/esco/skill/0e44ceb3-9dd4-4ec4-b1d7-a0e83ddba7d4:optional,desirable,3,,0.5,true,source_mapped,not_reviewed,,,,2026.1
CPX-OCC-ENG-011,CPX-SKL-AUTO-B03D6270,esco,http://data.europa.eu/esco/occupation/86ca306c-ab99-420a-9e2a-aa73c5c4de22:http://data.europa.eu/esco/skill/0e9e3a56-3b26-4fa5-91df-6d9bfbea4259:optional,desirable,3,,0.5,true,source_mapped,not_reviewed,,,,2026.1
CPX-OCC-ENG-011,CPX-SKL-AUTO-8C5C088A,esco,http://data.europa.eu/esco/occupation/86ca306c-ab99-420a-9e2a-aa73c5c4de22:http://data.europa.eu/esco/skill/117373c8-f04b-4fff-8683-aebe36edac81:optional,desirable,3,,0.5,true,source_mapped,not_reviewed,,,,2026.1
CPX-OCC-ENG-011,CPX-SKL-AUTO-02EE932D,esco,http://data.europa.eu/esco/occupation/86ca306c-ab99-420a-9e2a-aa73c5c4de22:http://data.europa.eu/esco/skill/136596a4-00b5-4ed3-bb6e-717198c1ccbe:optional,desirable,3,,0.5,true,source_mapped,not_reviewed,,,,2026.1
CPX-OCC-ENG-011,CPX-SKL-AUTO-6C107287,esco,http://data.europa.eu/esco/occupation/86ca306c-ab99-420a-9e2a-aa73c5c4de22:http://data.europa.eu/esco/skill/13bdd41a-2a18-441f-96db-41252c519413:optional,desirable,3,,0.5,true,source_mapped,not_reviewed,,,,2026.1
CPX-OCC-ENG-011,CPX-SKL-AUTO-C30B841B,esco,http://data.europa.eu/esco/occupation/86ca306c-ab99-420a-9e2a-aa73c5c4de22:http://data.europa.eu/esco/skill/142f3f7f-f15f-412e-a5fe-f75755b5dbe0:optional,desirable,3,,0.5,true,source_mapped,not_reviewed,,,,2026.1
CPX-OCC-ENG-011,CPX-SKL-AUTO-237E0688,esco,http://data.europa.eu/esco/occupation/86ca306c-ab99-420a-9e2a-aa73c5c4de22:http://data.europa.eu/esco/skill/162c7407-14ec-43ef-a4c2-31ccd1267850:optional,desirable,3,,0.5,true,source_mapped,not_reviewed,,,,2026.1
CPX-OCC-ENG-011,CPX-SKL-AUTO-4DF13081,esco,http://data.europa.eu/esco/occupation/86ca306c-ab99-420a-9e2a-aa73c5c4de22:http://data.europa.eu/esco/skill/16c8eade-5c2b-4c9c-a60d-6799dbc758a3:optional,desirable,3,,0.5,true,source_mapped,not_reviewed,,,,2026.1
CPX-OCC-ENG-011,CPX-SKL-AUTO-4AF447CA,esco,http://data.europa.eu/esco/occupation/86ca306c-ab99-420a-9e2a-aa73c5c4de22:http://data.europa.eu/esco/skill/188048ff-18bf-43c4-a1a0-7adb6e68f421:optional,desirable,3,,0.5,true,source_mapped,not_reviewed,,,,2026.1
CPX-OCC-ENG-011,CPX-SKL-AUTO-AD1957AD,esco,http://data.europa.eu/esco/occupation/86ca306c-ab99-420a-9e2a-aa73c5c4de22:http://data.europa.eu/esco/skill/19a8293b-8e95-4de3-983f-77484079c389:optional,desirable,3,,0.5,true,source_mapped,not_reviewed,,,,2026.1
CPX-OCC-ENG-011,CPX-SKL-AUTO-3A4298F8,esco,http://data.europa.eu/esco/occupation/86ca306c-ab99-420a-9e2a-aa73c5c4de22:http://data.europa.eu/esco/skill/19ec88aa-c0b1-4515-ba10-56b6cf27369e:optional,desirable,3,,0.5,true,source_mapped,not_reviewed,,,,2026.1
CPX-OCC-ENG-011,CPX-SKL-AUTO-371E7D5A,esco,http://data.europa.eu/esco/occupation/86ca306c-ab99-420a-9e2a-aa73c5c4de22:http://data.europa.eu/esco/skill/1ca140f8-d8aa-4e02-8ddc-31cbf75dd7ae:optional,desirable,3,,0.5,true,source_mapped,not_reviewed,,,,2026.1
CPX-OCC-ENG-011,CPX-SKL-AUTO-C25F13D2,esco,http://data.europa.eu/esco/occupation/86ca306c-ab99-420a-9e2a-aa73c5c4de22:http://data.europa.eu/esco/skill/1fea0bc2-a6fa-4fe8-b36f-7a3194f8ed1c:essential,essential,3,,0.5,true,source_mapped,not_reviewed,,,,2026.1
CPX-OCC-ENG-011,CPX-SKL-AUTO-AF38D05B,esco,http://data.europa.eu/esco/occupation/86ca306c-ab99-420a-9e2a-aa73c5c4de22:http://data.europa.eu/esco/skill/21c5790c-0930-4d74-b3b0-84caf5af12ea:optional,desirable,3,,0.5,true,source_mapped,not_reviewed,,,,2026.1
CPX-OCC-ENG-011,CPX-SKL-AUTO-25F7654A,esco,http://data.europa.eu/esco/occupation/86ca306c-ab99-420a-9e2a-aa73c5c4de22:http://data.europa.eu/esco/skill/21d2f96d-35f7-4e3f-9745-c533d2dd6e97:optional,desirable,3,,0.5,true,source_mapped,not_reviewed,,,,2026.1
CPX-OCC-ENG-011,CPX-SKL-AUTO-077C58F7,esco,http://data.europa.eu/esco/occupation/86ca306c-ab99-420a-9e2a-aa73c5c4de22:http://data.europa.eu/esco/skill/23236dce-adc6-47bc-91e2-6701a93ece58:optional,desirable,3,,0.5,true,source_mapped,not_reviewed,,,,2026.1
CPX-OCC-ENG-011,CPX-SKL-AUTO-174310DB,esco,http://data.europa.eu/esco/occupation/86ca306c-ab99-420a-9e2a-aa73c5c4de22:http://data.europa.eu/esco/skill/26879b10-1df9-4071-a4c5-cb8e32eddb99:optional,desirable,3,,0.5,true,source_mapped,not_reviewed,,,,2026.1
CPX-OCC-ENG-011,CPX-SKL-AUTO-5D643581,esco,http://data.europa.eu/esco/occupation/86ca306c-ab99-420a-9e2a-aa73c5c4de22:http://data.europa.eu/esco/skill/26ed52cf-30ca-451e-9699-a6c04a30649f:optional,desirable,3,,0.5,true,source_mapped,not_reviewed,,,,2026.1
CPX-OCC-ENG-011,CPX-SKL-AUTO-42C1BBE8,esco,http://data.europa.eu/esco/occupation/86ca306c-ab99-420a-9e2a-aa73c5c4de22:http://data.europa.eu/esco/skill/27065048-bca8-4b0a-891a-b192b9ceadfd:optional,desirable,3,,0.5,true,source_mapped,not_reviewed,,,,2026.1
CPX-OCC-ENG-011,CPX-SKL-AUTO-51493DB2,esco,http://data.europa.eu/esco/occupation/86ca306c-ab99-420a-9e2a-aa73c5c4de22:http://data.europa.eu/esco/skill/2857540c-180b-4208-9127-e94a01871966:optional,desirable,3,,0.5,true,source_mapped,not_reviewed,,,,2026.1
CPX-OCC-ENG-011,CPX-SKL-AUTO-E7E96E1F,esco,http://data.europa.eu/esco/occupation/86ca306c-ab99-420a-9e2a-aa73c5c4de22:http://data.europa.eu/esco/skill/286d0e0d-48e9-4210-b110-b1fbf04c35f1:optional,desirable,3,,0.5,true,source_mapped,not_reviewed,,,,2026.1
CPX-OCC-ENG-011,CPX-SKL-AUTO-1DCB06A9,esco,http://data.europa.eu/esco/occupation/86ca306c-ab99-420a-9e2a-aa73c5c4de22:http://data.europa.eu/esco/skill/2876970d-90af-45bd-9cfd-c0af757947ea:optional,desirable,3,,0.5,true,source_mapped,not_reviewed,,,,2026.1
CPX-OCC-ENG-011,CPX-SKL-AUTO-3E770F62,esco,http://data.europa.eu/esco/occupation/86ca306c-ab99-420a-9e2a-aa73c5c4de22:http://data.europa.eu/esco/skill/2aff3316-15b8-4ca1-8ae2-270bd5fd22e1:optional,desirable,3,,0.5,true,source_mapped,not_reviewed,,,,2026.1
CPX-OCC-ENG-011,CPX-SKL-AUTO-2E8E16D6,esco,http://data.europa.eu/esco/occupation/86ca306c-ab99-420a-9e2a-aa73c5c4de22:http://data.europa.eu/esco/skill/2b92a5b2-6758-4ee3-9fb4-b6387a55cc8f:optional,desirable,3,,0.5,true,source_mapped,not_reviewed,,,,2026.1
CPX-OCC-ENG-011,CPX-SKL-AUTO-C96112D6,esco,http://data.europa.eu/esco/occupation/86ca306c-ab99-420a-9e2a-aa73c5c4de22:http://data.europa.eu/esco/skill/2b9f4584-da2e-44e2-a2fb-4dd4fc64c1a2:optional,desirable,3,,0.5,true,source_mapped,not_reviewed,,,,2026.1
CPX-OCC-ENG-011,CPX-SKL-AUTO-081400C1,esco,http://data.europa.eu/esco/occupation/86ca306c-ab99-420a-9e2a-aa73c5c4de22:http://data.europa.eu/esco/skill/2bbdea06-a265-42b5-bb4f-7241b661f069:optional,desirable,3,,0.5,true,source_mapped,not_reviewed,,,,2026.1
CPX-OCC-ENG-011,CPX-SKL-AUTO-BFE5E548,esco,http://data.europa.eu/esco/occupation/86ca306c-ab99-420a-9e2a-aa73c5c4de22:http://data.europa.eu/esco/skill/2bde42ae-e776-41c1-9ded-b07b30bfe985:optional,desirable,3,,0.5,true,source_mapped,not_reviewed,,,,2026.1
CPX-OCC-ENG-011,CPX-SKL-AUTO-07D3E689,esco,http://data.europa.eu/esco/occupation/86ca306c-ab99-420a-9e2a-aa73c5c4de22:http://data.europa.eu/esco/skill/2c11a7eb-f1fc-4df6-909d-7aeff35ff1a4:optional,desirable,3,,0.5,true,source_mapped,not_reviewed,,,,2026.1
CPX-OCC-ENG-011,CPX-SKL-AUTO-AF057CB4,esco,http://data.europa.eu/esco/occupation/86ca306c-ab99-420a-9e2a-aa73c5c4de22:http://data.europa.eu/esco/skill/2e55bf22-45f2-43f6-8aa0-28894263313d:optional,desirable,3,,0.5,true,source_mapped,not_reviewed,,,,2026.1
CPX-OCC-ENG-011,CPX-SKL-AUTO-D9ADEFFB,esco,http://data.europa.eu/esco/occupation/86ca306c-ab99-420a-9e2a-aa73c5c4de22:http://data.europa.eu/esco/skill/2fea2558-630e-480d-9e12-47a05bc19b55:optional,desirable,3,,0.5,true,source_mapped,not_reviewed,,,,2026.1
CPX-OCC-ENG-011,CPX-SKL-AUTO-588B8FBB,esco,http://data.europa.eu/esco/occupation/86ca306c-ab99-420a-9e2a-aa73c5c4de22:http://data.europa.eu/esco/skill/300d432b-f457-4cd3-9cb1-1858c7d14954:optional,desirable,3,,0.5,true,source_mapped,not_reviewed,,,,2026.1
CPX-OCC-ENG-011,CPX-SKL-AUTO-BC270433,esco,http://data.europa.eu/esco/occupation/86ca306c-ab99-420a-9e2a-aa73c5c4de22:http://data.europa.eu/esco/skill/334e3e49-fb02-4051-809a-f06adfdc1c40:optional,desirable,3,,0.5,true,source_mapped,not_reviewed,,,,2026.1
CPX-OCC-ENG-011,CPX-SKL-AUTO-8306A238,esco,http://data.europa.eu/esco/occupation/86ca306c-ab99-420a-9e2a-aa73c5c4de22:http://data.europa.eu/esco/skill/38dbdfc4-427e-4fc8-b394-b00ec29dbe3a:optional,desirable,3,,0.5,true,source_mapped,not_reviewed,,,,2026.1
CPX-OCC-ENG-011,CPX-SKL-AUTO-6916E7CE,esco,http://data.europa.eu/esco/occupation/86ca306c-ab99-420a-9e2a-aa73c5c4de22:http://data.europa.eu/esco/skill/3bddfd7c-ab6d-40c2-883d-5e97fb7640ba:optional,desirable,3,,0.5,true,source_mapped,not_reviewed,,,,2026.1
CPX-OCC-ENG-011,CPX-SKL-AUTO-67BD8C74,esco,http://data.europa.eu/esco/occupation/86ca306c-ab99-420a-9e2a-aa73c5c4de22:http://data.europa.eu/esco/skill/3c333552-8d89-43f5-90bd-856e15bec433:essential,essential,3,,0.5,true,source_mapped,not_reviewed,,,,2026.1
CPX-OCC-ENG-011,CPX-SKL-AUTO-8674B20B,esco,http://data.europa.eu/esco/occupation/86ca306c-ab99-420a-9e2a-aa73c5c4de22:http://data.europa.eu/esco/skill/3c42d13b-d6e4-4ed9-bdc4-991251461dc4:optional,desirable,3,,0.5,true,source_mapped,not_reviewed,,,,2026.1
CPX-OCC-ENG-011,CPX-SKL-AUTO-F0A2A524,esco,http://data.europa.eu/esco/occupation/86ca306c-ab99-420a-9e2a-aa73c5c4de22:http://data.europa.eu/esco/skill/3cd569a2-4f88-4c1e-9995-8dce8c5e51a7:optional,desirable,3,,0.5,true,source_mapped,not_reviewed,,,,2026.1
CPX-OCC-ENG-011,CPX-SKL-AUTO-C3D3578F,esco,http://data.europa.eu/esco/occupation/86ca306c-ab99-420a-9e2a-aa73c5c4de22:http://data.europa.eu/esco/skill/3dc6fd8e-6ff7-432e-a262-04d487858efb:optional,desirable,3,,0.5,true,source_mapped,not_reviewed,,,,2026.1
CPX-OCC-ENG-011,CPX-SKL-AUTO-1D4E2E34,esco,http://data.europa.eu/esco/occupation/86ca306c-ab99-420a-9e2a-aa73c5c4de22:http://data.europa.eu/esco/skill/3e40c7d0-0e36-4b33-bc33-0aa87eda0561:optional,desirable,3,,0.5,true,source_mapped,not_reviewed,,,,2026.1
CPX-OCC-ENG-011,CPX-SKL-AUTO-479F8458,esco,http://data.europa.eu/esco/occupation/86ca306c-ab99-420a-9e2a-aa73c5c4de22:http://data.europa.eu/esco/skill/3edd4853-a8d2-4791-a5f0-af3a92f18245:optional,desirable,3,,0.5,true,source_mapped,not_reviewed,,,,2026.1
CPX-OCC-ENG-011,CPX-SKL-AUTO-384488DD,esco,http://data.europa.eu/esco/occupation/86ca306c-ab99-420a-9e2a-aa73c5c4de22:http://data.europa.eu/esco/skill/3edfcb2b-2d0e-4673-87ce-f55c37eb5fca:optional,desirable,3,,0.5,true,source_mapped,not_reviewed,,,,2026.1
CPX-OCC-ENG-011,CPX-SKL-AUTO-753A5153,esco,http://data.europa.eu/esco/occupation/86ca306c-ab99-420a-9e2a-aa73c5c4de22:http://data.europa.eu/esco/skill/401eb8d8-6daa-4f8b-90ad-60afc71eb4f8:optional,desirable,3,,0.5,true,source_mapped,not_reviewed,,,,2026.1
CPX-OCC-ENG-011,CPX-SKL-AUTO-8AE6A31F,esco,http://data.europa.eu/esco/occupation/86ca306c-ab99-420a-9e2a-aa73c5c4de22:http://data.europa.eu/esco/skill/41a3240f-58ba-44e2-a688-edeb21ea5c16:optional,desirable,3,,0.5,true,source_mapped,not_reviewed,,,,2026.1
CPX-OCC-ENG-011,CPX-SKL-AUTO-82B64530,esco,http://data.europa.eu/esco/occupation/86ca306c-ab99-420a-9e2a-aa73c5c4de22:http://data.europa.eu/esco/skill/42ed3bfb-1a01-4c8b-9758-fc6438865734:optional,desirable,3,,0.5,true,source_mapped,not_reviewed,,,,2026.1
CPX-OCC-ENG-011,CPX-SKL-AUTO-3951517D,esco,http://data.europa.eu/esco/occupation/86ca306c-ab99-420a-9e2a-aa73c5c4de22:http://data.europa.eu/esco/skill/4339176e-3acd-4f7f-a5d9-445bee3d23f2:optional,desirable,3,,0.5,true,source_mapped,not_reviewed,,,,2026.1
CPX-OCC-ENG-011,CPX-SKL-AUTO-CE4D1432,esco,http://data.europa.eu/esco/occupation/86ca306c-ab99-420a-9e2a-aa73c5c4de22:http://data.europa.eu/esco/skill/4350c38d-0fe9-4ca7-bab9-40ed7f72b04f:optional,desirable,3,,0.5,true,source_mapped,not_reviewed,,,,2026.1
CPX-OCC-ENG-011,CPX-SKL-AUTO-33359F29,esco,http://data.europa.eu/esco/occupation/86ca306c-ab99-420a-9e2a-aa73c5c4de22:http://data.europa.eu/esco/skill/46e1b714-94f4-462d-88e6-31f442708812:optional,desirable,3,,0.5,true,source_mapped,not_reviewed,,,,2026.1
CPX-OCC-ENG-011,CPX-SKL-AUTO-1158D781,esco,http://data.europa.eu/esco/occupation/86ca306c-ab99-420a-9e2a-aa73c5c4de22:http://data.europa.eu/esco/skill/47b9bbcf-356c-4782-83a4-7f5a1b2b51a3:optional,desirable,3,,0.5,true,source_mapped,not_reviewed,,,,2026.1
CPX-OCC-ENG-011,CPX-SKL-AUTO-F80022F4,esco,http://data.europa.eu/esco/occupation/86ca306c-ab99-420a-9e2a-aa73c5c4de22:http://data.europa.eu/esco/skill/4b164a27-849f-4be2-ae79-d26a4969b677:optional,desirable,3,,0.5,true,source_mapped,not_reviewed,,,,2026.1
CPX-OCC-ENG-011,CPX-SKL-AUTO-9787DE2D,esco,http://data.europa.eu/esco/occupation/86ca306c-ab99-420a-9e2a-aa73c5c4de22:http://data.europa.eu/esco/skill/4b51e76e-9e8a-455f-a289-5b48246345c4:optional,desirable,3,,0.5,true,source_mapped,not_reviewed,,,,2026.1
CPX-OCC-ENG-011,CPX-SKL-AUTO-7B7AEF32,esco,http://data.europa.eu/esco/occupation/86ca306c-ab99-420a-9e2a-aa73c5c4de22:http://data.europa.eu/esco/skill/4babe92a-68a1-4718-b1ab-640735c2cd53:optional,desirable,3,,0.5,true,source_mapped,not_reviewed,,,,2026.1
CPX-OCC-ENG-011,CPX-SKL-AUTO-1D00E6FA,esco,http://data.europa.eu/esco/occupation/86ca306c-ab99-420a-9e2a-aa73c5c4de22:http://data.europa.eu/esco/skill/4c016b68-4116-468c-9dc6-42710c239e4a:optional,desirable,3,,0.5,true,source_mapped,not_reviewed,,,,2026.1
CPX-OCC-ENG-011,CPX-SKL-AUTO-E900B26A,esco,http://data.europa.eu/esco/occupation/86ca306c-ab99-420a-9e2a-aa73c5c4de22:http://data.europa.eu/esco/skill/4c58528e-bdaa-43ad-8f5a-8ad0b8cd4bbb:optional,desirable,3,,0.5,true,source_mapped,not_reviewed,,,,2026.1
CPX-OCC-ENG-011,CPX-SKL-AUTO-0A6657BC,esco,http://data.europa.eu/esco/occupation/86ca306c-ab99-420a-9e2a-aa73c5c4de22:http://data.europa.eu/esco/skill/4cdbc76c-75d8-4e12-8653-4820c2d5446f:optional,desirable,3,,0.5,true,source_mapped,not_reviewed,,,,2026.1
CPX-OCC-ENG-011,CPX-SKL-AUTO-39D19D17,esco,http://data.europa.eu/esco/occupation/86ca306c-ab99-420a-9e2a-aa73c5c4de22:http://data.europa.eu/esco/skill/4f7fa632-15a6-4739-930b-abbac8055a80:optional,desirable,3,,0.5,true,source_mapped,not_reviewed,,,,2026.1
CPX-OCC-ENG-011,CPX-SKL-AUTO-B7A8AF32,esco,http://data.europa.eu/esco/occupation/86ca306c-ab99-420a-9e2a-aa73c5c4de22:http://data.europa.eu/esco/skill/4fabca9a-7435-4f33-b1da-3cdb00340fdc:essential,essential,3,,0.5,true,source_mapped,not_reviewed,,,,2026.1
CPX-OCC-ENG-011,CPX-SKL-AUTO-ABC47006,esco,http://data.europa.eu/esco/occupation/86ca306c-ab99-420a-9e2a-aa73c5c4de22:http://data.europa.eu/esco/skill/4ff549c3-daa5-4def-9916-301c7bdf13b8:optional,desirable,3,,0.5,true,source_mapped,not_reviewed,,,,2026.1
CPX-OCC-ENG-011,CPX-SKL-AUTO-49E44668,esco,http://data.europa.eu/esco/occupation/86ca306c-ab99-420a-9e2a-aa73c5c4de22:http://data.europa.eu/esco/skill/51586df8-1c46-4b47-8583-773cb63bf00b:optional,desirable,3,,0.5,true,source_mapped,not_reviewed,,,,2026.1
CPX-OCC-ENG-011,CPX-SKL-AUTO-9B234D72,esco,http://data.europa.eu/esco/occupation/86ca306c-ab99-420a-9e2a-aa73c5c4de22:http://data.europa.eu/esco/skill/52739347-5eaa-4c9e-8cde-af7d2ba83320:optional,desirable,3,,0.5,true,source_mapped,not_reviewed,,,,2026.1
CPX-OCC-ENG-011,CPX-SKL-AUTO-0408DD49,esco,http://data.europa.eu/esco/occupation/86ca306c-ab99-420a-9e2a-aa73c5c4de22:http://data.europa.eu/esco/skill/52838a25-11f5-4cb1-b4ab-c5c7d59041e8:optional,desirable,3,,0.5,true,source_mapped,not_reviewed,,,,2026.1
CPX-OCC-ENG-011,CPX-SKL-AUTO-80C8C91B,esco,http://data.europa.eu/esco/occupation/86ca306c-ab99-420a-9e2a-aa73c5c4de22:http://data.europa.eu/esco/skill/52b38e90-3d05-4042-a9e2-d19dec8dd7c1:optional,desirable,3,,0.5,true,source_mapped,not_reviewed,,,,2026.1
CPX-OCC-ENG-011,CPX-SKL-AUTO-EAEAC96A,esco,http://data.europa.eu/esco/occupation/86ca306c-ab99-420a-9e2a-aa73c5c4de22:http://data.europa.eu/esco/skill/52cf3037-ab53-4806-85ed-7fd21ea7f6a1:optional,desirable,3,,0.5,true,source_mapped,not_reviewed,,,,2026.1
CPX-OCC-ENG-011,CPX-SKL-AUTO-706081E9,esco,http://data.europa.eu/esco/occupation/86ca306c-ab99-420a-9e2a-aa73c5c4de22:http://data.europa.eu/esco/skill/53456d90-8c0d-4bd2-9f1b-312619b6e2a6:optional,desirable,3,,0.5,true,source_mapped,not_reviewed,,,,2026.1
CPX-OCC-ENG-011,CPX-SKL-AUTO-0FBF48C0,esco,http://data.europa.eu/esco/occupation/86ca306c-ab99-420a-9e2a-aa73c5c4de22:http://data.europa.eu/esco/skill/541561bc-510c-4a99-881c-2d8bf5a85462:essential,essential,3,,0.5,true,source_mapped,not_reviewed,,,,2026.1
CPX-OCC-ENG-011,CPX-SKL-AUTO-F62AF20F,esco,http://data.europa.eu/esco/occupation/86ca306c-ab99-420a-9e2a-aa73c5c4de22:http://data.europa.eu/esco/skill/56a7f561-1d55-43c9-9cd7-36a0a9bc6c50:optional,desirable,3,,0.5,true,source_mapped,not_reviewed,,,,2026.1
CPX-OCC-ENG-011,CPX-SKL-AUTO-0F492352,esco,http://data.europa.eu/esco/occupation/86ca306c-ab99-420a-9e2a-aa73c5c4de22:http://data.europa.eu/esco/skill/5706691c-2c38-46e4-9e88-c55be7e5d3ff:optional,desirable,3,,0.5,true,source_mapped,not_reviewed,,,,2026.1
CPX-OCC-ENG-011,CPX-SKL-AUTO-E2304D04,esco,http://data.europa.eu/esco/occupation/86ca306c-ab99-420a-9e2a-aa73c5c4de22:http://data.europa.eu/esco/skill/58d7a289-dafd-4363-833f-d1dc4140885e:optional,desirable,3,,0.5,true,source_mapped,not_reviewed,,,,2026.1
CPX-OCC-ENG-011,CPX-SKL-AUTO-D0001062,esco,http://data.europa.eu/esco/occupation/86ca306c-ab99-420a-9e2a-aa73c5c4de22:http://data.europa.eu/esco/skill/5c98825f-146d-4d35-97cf-207b2afd9ae2:optional,desirable,3,,0.5,true,source_mapped,not_reviewed,,,,2026.1
CPX-OCC-ENG-011,CPX-SKL-AUTO-1CA2A377,esco,http://data.europa.eu/esco/occupation/86ca306c-ab99-420a-9e2a-aa73c5c4de22:http://data.europa.eu/esco/skill/5d71a91f-cc72-4b66-b6e3-d75ecc05e235:optional,desirable,3,,0.5,true,source_mapped,not_reviewed,,,,2026.1
CPX-OCC-ENG-011,CPX-SKL-AUTO-48381918,esco,http://data.europa.eu/esco/occupation/86ca306c-ab99-420a-9e2a-aa73c5c4de22:http://data.europa.eu/esco/skill/5d9e766b-8f17-4e17-bfab-3bb0e0719791:optional,desirable,3,,0.5,true,source_mapped,not_reviewed,,,,2026.1
CPX-OCC-ENG-011,CPX-SKL-AUTO-54A2C268,esco,http://data.europa.eu/esco/occupation/86ca306c-ab99-420a-9e2a-aa73c5c4de22:http://data.europa.eu/esco/skill/61bef658-d7f9-4759-b1b0-0f9cb3bc581a:optional,desirable,3,,0.5,true,source_mapped,not_reviewed,,,,2026.1
CPX-OCC-ENG-011,CPX-SKL-AUTO-319D2011,esco,http://data.europa.eu/esco/occupation/86ca306c-ab99-420a-9e2a-aa73c5c4de22:http://data.europa.eu/esco/skill/61c81161-b732-4c47-aba5-9e554d9a853f:optional,desirable,3,,0.5,true,source_mapped,not_reviewed,,,,2026.1
CPX-OCC-ENG-011,CPX-SKL-AUTO-3FEAAEDC,esco,http://data.europa.eu/esco/occupation/86ca306c-ab99-420a-9e2a-aa73c5c4de22:http://data.europa.eu/esco/skill/61d6ef20-6cc7-40f8-919e-3360db6cf2b3:optional,desirable,3,,0.5,true,source_mapped,not_reviewed,,,,2026.1
CPX-OCC-ENG-011,CPX-SKL-AUTO-52AB5668,esco,http://data.europa.eu/esco/occupation/86ca306c-ab99-420a-9e2a-aa73c5c4de22:http://data.europa.eu/esco/skill/6310b25d-2a2f-45d3-a632-c5fa0c2bf48c:optional,desirable,3,,0.5,true,source_mapped,not_reviewed,,,,2026.1
CPX-OCC-ENG-011,CPX-SKL-AUTO-C0814724,esco,http://data.europa.eu/esco/occupation/86ca306c-ab99-420a-9e2a-aa73c5c4de22:http://data.europa.eu/esco/skill/6709e92c-7546-46a4-aa57-5e951bd4cb0f:optional,desirable,3,,0.5,true,source_mapped,not_reviewed,,,,2026.1
CPX-OCC-ENG-011,CPX-SKL-AUTO-8B20186D,esco,http://data.europa.eu/esco/occupation/86ca306c-ab99-420a-9e2a-aa73c5c4de22:http://data.europa.eu/esco/skill/68698869-c13c-4563-adc7-118b7644f45d:optional,desirable,3,,0.5,true,source_mapped,not_reviewed,,,,2026.1
CPX-OCC-ENG-011,CPX-SKL-AUTO-237DB4BB,esco,http://data.europa.eu/esco/occupation/86ca306c-ab99-420a-9e2a-aa73c5c4de22:http://data.europa.eu/esco/skill/692ace70-7f97-4214-92bd-88f7637d8a44:optional,desirable,3,,0.5,true,source_mapped,not_reviewed,,,,2026.1
CPX-OCC-ENG-011,CPX-SKL-AUTO-EF6C8C81,esco,http://data.europa.eu/esco/occupation/86ca306c-ab99-420a-9e2a-aa73c5c4de22:http://data.europa.eu/esco/skill/6a2bc03b-e30d-429b-9549-5784cb92ae2f:optional,desirable,3,,0.5,true,source_mapped,not_reviewed,,,,2026.1
CPX-OCC-ENG-011,CPX-SKL-AUTO-FC1FD883,esco,http://data.europa.eu/esco/occupation/86ca306c-ab99-420a-9e2a-aa73c5c4de22:http://data.europa.eu/esco/skill/6c153605-d62c-4970-81a9-49646ab32032:optional,desirable,3,,0.5,true,source_mapped,not_reviewed,,,,2026.1
CPX-OCC-ENG-011,CPX-SKL-AUTO-1162CD2D,esco,http://data.europa.eu/esco/occupation/86ca306c-ab99-420a-9e2a-aa73c5c4de22:http://data.europa.eu/esco/skill/6d12ac9b-5ec0-49b9-bd70-5a19352585cb:optional,desirable,3,,0.5,true,source_mapped,not_reviewed,,,,2026.1
CPX-OCC-ENG-011,CPX-SKL-AUTO-83A7E9C5,esco,http://data.europa.eu/esco/occupation/86ca306c-ab99-420a-9e2a-aa73c5c4de22:http://data.europa.eu/esco/skill/6e34b68e-0d61-49f2-bc4d-571c0326d857:optional,desirable,3,,0.5,true,source_mapped,not_reviewed,,,,2026.1
CPX-OCC-ENG-011,CPX-SKL-AUTO-DD032DA9,esco,http://data.europa.eu/esco/occupation/86ca306c-ab99-420a-9e2a-aa73c5c4de22:http://data.europa.eu/esco/skill/6eff134b-e34f-4d6e-a6e8-5e47cf2228d0:optional,desirable,3,,0.5,true,source_mapped,not_reviewed,,,,2026.1
CPX-OCC-ENG-011,CPX-SKL-AUTO-FAA6CE4C,esco,http://data.europa.eu/esco/occupation/86ca306c-ab99-420a-9e2a-aa73c5c4de22:http://data.europa.eu/esco/skill/6f5850ea-5785-4e2c-b062-743066fd5bdb:essential,essential,3,,0.5,true,source_mapped,not_reviewed,,,,2026.1
CPX-OCC-ENG-011,CPX-SKL-AUTO-63FA6956,esco,http://data.europa.eu/esco/occupation/86ca306c-ab99-420a-9e2a-aa73c5c4de22:http://data.europa.eu/esco/skill/70a7b3b3-31ef-4b29-a30f-bb7299dff39b:optional,desirable,3,,0.5,true,source_mapped,not_reviewed,,,,2026.1
CPX-OCC-ENG-011,CPX-SKL-AUTO-AA25BFD8,esco,http://data.europa.eu/esco/occupation/86ca306c-ab99-420a-9e2a-aa73c5c4de22:http://data.europa.eu/esco/skill/7111b95d-0ce3-441a-9d92-4c75d05c4388:optional,desirable,3,,0.5,true,source_mapped,not_reviewed,,,,2026.1
CPX-OCC-ENG-011,CPX-SKL-AUTO-0ACD7FB4,esco,http://data.europa.eu/esco/occupation/86ca306c-ab99-420a-9e2a-aa73c5c4de22:http://data.europa.eu/esco/skill/71f81e1a-e2ca-48d6-b7b8-7a34c56c51f8:optional,desirable,3,,0.5,true,source_mapped,not_reviewed,,,,2026.1
CPX-OCC-ENG-011,CPX-SKL-AUTO-D6BADC98,esco,http://data.europa.eu/esco/occupation/86ca306c-ab99-420a-9e2a-aa73c5c4de22:http://data.europa.eu/esco/skill/77bf865e-6360-424f-9d77-ce03918c7dcf:optional,desirable,3,,0.5,true,source_mapped,not_reviewed,,,,2026.1
CPX-OCC-ENG-011,CPX-SKL-AUTO-B4A976C3,esco,http://data.europa.eu/esco/occupation/86ca306c-ab99-420a-9e2a-aa73c5c4de22:http://data.europa.eu/esco/skill/78aeeab7-f22f-4fcd-8543-d11340e3ee3c:optional,desirable,3,,0.5,true,source_mapped,not_reviewed,,,,2026.1
CPX-OCC-ENG-011,CPX-SKL-AUTO-3688C02B,esco,http://data.europa.eu/esco/occupation/86ca306c-ab99-420a-9e2a-aa73c5c4de22:http://data.europa.eu/esco/skill/78b1de70-0930-462f-9a7e-bf9b4135e1e2:optional,desirable,3,,0.5,true,source_mapped,not_reviewed,,,,2026.1
CPX-OCC-ENG-011,CPX-SKL-AUTO-1C7AD15E,esco,http://data.europa.eu/esco/occupation/86ca306c-ab99-420a-9e2a-aa73c5c4de22:http://data.europa.eu/esco/skill/78fef945-17e8-4d56-aab2-8625060ab3d3:optional,desirable,3,,0.5,true,source_mapped,not_reviewed,,,,2026.1
CPX-OCC-ENG-011,CPX-SKL-AUTO-08C04917,esco,http://data.europa.eu/esco/occupation/86ca306c-ab99-420a-9e2a-aa73c5c4de22:http://data.europa.eu/esco/skill/7957b5f9-1f33-4ff8-84e9-e258b17882c2:optional,desirable,3,,0.5,true,source_mapped,not_reviewed,,,,2026.1
CPX-OCC-ENG-011,CPX-SKL-AUTO-B83CDA08,esco,http://data.europa.eu/esco/occupation/86ca306c-ab99-420a-9e2a-aa73c5c4de22:http://data.europa.eu/esco/skill/7a757fa5-9a6f-43ab-9e66-f8f4dba1ffcb:optional,desirable,3,,0.5,true,source_mapped,not_reviewed,,,,2026.1
CPX-OCC-ENG-011,CPX-SKL-AUTO-6A5DD82E,esco,http://data.europa.eu/esco/occupation/86ca306c-ab99-420a-9e2a-aa73c5c4de22:http://data.europa.eu/esco/skill/7a950986-27fe-4b6c-adf3-88f211e77019:optional,desirable,3,,0.5,true,source_mapped,not_reviewed,,,,2026.1
CPX-OCC-ENG-011,CPX-SKL-AUTO-A3003D10,esco,http://data.europa.eu/esco/occupation/86ca306c-ab99-420a-9e2a-aa73c5c4de22:http://data.europa.eu/esco/skill/7ae62140-fe02-4ee3-a0c5-fb5668a2870d:optional,desirable,3,,0.5,true,source_mapped,not_reviewed,,,,2026.1
CPX-OCC-ENG-011,CPX-SKL-AUTO-CFC81E0F,esco,http://data.europa.eu/esco/occupation/86ca306c-ab99-420a-9e2a-aa73c5c4de22:http://data.europa.eu/esco/skill/7af6e9e8-1e11-4c0b-b7c6-ac96bbbbc674:optional,desirable,3,,0.5,true,source_mapped,not_reviewed,,,,2026.1
CPX-OCC-ENG-011,CPX-SKL-AUTO-550464DF,esco,http://data.europa.eu/esco/occupation/86ca306c-ab99-420a-9e2a-aa73c5c4de22:http://data.europa.eu/esco/skill/81a2db2c-7e55-44d0-9cd9-74c25147d7cd:optional,desirable,3,,0.5,true,source_mapped,not_reviewed,,,,2026.1
CPX-OCC-ENG-011,CPX-SKL-AUTO-E85FC060,esco,http://data.europa.eu/esco/occupation/86ca306c-ab99-420a-9e2a-aa73c5c4de22:http://data.europa.eu/esco/skill/81af8698-9873-4b3d-b6d2-8eb275bf170b:essential,essential,3,,0.5,true,source_mapped,not_reviewed,,,,2026.1
CPX-OCC-ENG-011,CPX-SKL-AUTO-33D28B04,esco,http://data.europa.eu/esco/occupation/86ca306c-ab99-420a-9e2a-aa73c5c4de22:http://data.europa.eu/esco/skill/82313e12-9d39-47d1-b7c9-78bbd6bb50e2:optional,desirable,3,,0.5,true,source_mapped,not_reviewed,,,,2026.1
CPX-OCC-ENG-011,CPX-SKL-AUTO-B1A03763,esco,http://data.europa.eu/esco/occupation/86ca306c-ab99-420a-9e2a-aa73c5c4de22:http://data.europa.eu/esco/skill/8369ede5-4200-4a44-be2e-bc60ef959259:optional,desirable,3,,0.5,true,source_mapped,not_reviewed,,,,2026.1
CPX-OCC-ENG-011,CPX-SKL-AUTO-D2B4C318,esco,http://data.europa.eu/esco/occupation/86ca306c-ab99-420a-9e2a-aa73c5c4de22:http://data.europa.eu/esco/skill/867137fb-ff1b-4ca3-99f3-cb6969aa2c68:optional,desirable,3,,0.5,true,source_mapped,not_reviewed,,,,2026.1
CPX-OCC-ENG-011,CPX-SKL-AUTO-AC35A950,esco,http://data.europa.eu/esco/occupation/86ca306c-ab99-420a-9e2a-aa73c5c4de22:http://data.europa.eu/esco/skill/86ff9a65-66eb-4c8f-93d8-22e0a467fc08:optional,desirable,3,,0.5,true,source_mapped,not_reviewed,,,,2026.1
CPX-OCC-ENG-011,CPX-SKL-AUTO-01A6F020,esco,http://data.europa.eu/esco/occupation/86ca306c-ab99-420a-9e2a-aa73c5c4de22:http://data.europa.eu/esco/skill/8712b176-c063-462f-9d0f-2e3c54d9a2eb:optional,desirable,3,,0.5,true,source_mapped,not_reviewed,,,,2026.1
CPX-OCC-ENG-011,CPX-SKL-AUTO-95A8C5DC,esco,http://data.europa.eu/esco/occupation/86ca306c-ab99-420a-9e2a-aa73c5c4de22:http://data.europa.eu/esco/skill/89f6560b-2194-45c9-9ece-d33049a73eef:optional,desirable,3,,0.5,true,source_mapped,not_reviewed,,,,2026.1
CPX-OCC-ENG-011,CPX-SKL-AUTO-FBEA047F,esco,http://data.europa.eu/esco/occupation/86ca306c-ab99-420a-9e2a-aa73c5c4de22:http://data.europa.eu/esco/skill/8a211052-4bec-49c2-9b4e-7914c37d21b4:optional,desirable,3,,0.5,true,source_mapped,not_reviewed,,,,2026.1
CPX-OCC-ENG-011,CPX-SKL-AUTO-F6FC5E79,esco,http://data.europa.eu/esco/occupation/86ca306c-ab99-420a-9e2a-aa73c5c4de22:http://data.europa.eu/esco/skill/8bc1c7da-c832-4896-a441-30d087c46aad:optional,desirable,3,,0.5,true,source_mapped,not_reviewed,,,,2026.1
CPX-OCC-ENG-011,CPX-SKL-AUTO-07F149B8,esco,http://data.europa.eu/esco/occupation/86ca306c-ab99-420a-9e2a-aa73c5c4de22:http://data.europa.eu/esco/skill/8c30f212-806e-49f6-ba1d-77ec0f0df524:optional,desirable,3,,0.5,true,source_mapped,not_reviewed,,,,2026.1
CPX-OCC-ENG-011,CPX-SKL-AUTO-8695F01D,esco,http://data.europa.eu/esco/occupation/86ca306c-ab99-420a-9e2a-aa73c5c4de22:http://data.europa.eu/esco/skill/8d4271ca-c9fd-40b3-875f-15f78332a49e:optional,desirable,3,,0.5,true,source_mapped,not_reviewed,,,,2026.1
CPX-OCC-ENG-011,CPX-SKL-AUTO-80041166,esco,http://data.europa.eu/esco/occupation/86ca306c-ab99-420a-9e2a-aa73c5c4de22:http://data.europa.eu/esco/skill/941364b9-1375-4add-9889-d67bae99bc8c:optional,desirable,3,,0.5,true,source_mapped,not_reviewed,,,,2026.1
CPX-OCC-ENG-011,CPX-SKL-AUTO-CFD967E8,esco,http://data.europa.eu/esco/occupation/86ca306c-ab99-420a-9e2a-aa73c5c4de22:http://data.europa.eu/esco/skill/95c35c3a-035f-47c2-90cf-7e934d20fc08:optional,desirable,3,,0.5,true,source_mapped,not_reviewed,,,,2026.1
CPX-OCC-ENG-011,CPX-SKL-AUTO-D343E1C2,esco,http://data.europa.eu/esco/occupation/86ca306c-ab99-420a-9e2a-aa73c5c4de22:http://data.europa.eu/esco/skill/96ec2d53-4f41-4172-8ef2-70742c4bb540:optional,desirable,3,,0.5,true,source_mapped,not_reviewed,,,,2026.1
CPX-OCC-ENG-011,CPX-SKL-AUTO-1485C224,esco,http://data.europa.eu/esco/occupation/86ca306c-ab99-420a-9e2a-aa73c5c4de22:http://data.europa.eu/esco/skill/993b1e23-f2de-4bd8-b33f-f86dde1c8e9d:optional,desirable,3,,0.5,true,source_mapped,not_reviewed,,,,2026.1
CPX-OCC-ENG-011,CPX-SKL-AUTO-94EACC18,esco,http://data.europa.eu/esco/occupation/86ca306c-ab99-420a-9e2a-aa73c5c4de22:http://data.europa.eu/esco/skill/9973a5a2-7822-4161-99e9-95c781eb63f8:optional,desirable,3,,0.5,true,source_mapped,not_reviewed,,,,2026.1
CPX-OCC-ENG-011,CPX-SKL-AUTO-8F67D96C,esco,http://data.europa.eu/esco/occupation/86ca306c-ab99-420a-9e2a-aa73c5c4de22:http://data.europa.eu/esco/skill/9ab0a456-e4f6-4070-a360-46e1009b6c0d:optional,desirable,3,,0.5,true,source_mapped,not_reviewed,,,,2026.1
CPX-OCC-ENG-011,CPX-SKL-AUTO-408380BB,esco,http://data.europa.eu/esco/occupation/86ca306c-ab99-420a-9e2a-aa73c5c4de22:http://data.europa.eu/esco/skill/9bcff7ef-1f9e-4054-b8fa-3c640e491a11:optional,desirable,3,,0.5,true,source_mapped,not_reviewed,,,,2026.1
CPX-OCC-ENG-011,CPX-SKL-AUTO-D5CBD41C,esco,http://data.europa.eu/esco/occupation/86ca306c-ab99-420a-9e2a-aa73c5c4de22:http://data.europa.eu/esco/skill/9c071f1d-eac3-449d-b004-c14775b5a3b9:optional,desirable,3,,0.5,true,source_mapped,not_reviewed,,,,2026.1
CPX-OCC-ENG-011,CPX-SKL-AUTO-F9398449,esco,http://data.europa.eu/esco/occupation/86ca306c-ab99-420a-9e2a-aa73c5c4de22:http://data.europa.eu/esco/skill/9cd87d80-9718-47e1-9ed4-cd85cbfebd0a:optional,desirable,3,,0.5,true,source_mapped,not_reviewed,,,,2026.1
CPX-OCC-ENG-011,CPX-SKL-AUTO-7B7BA3EE,esco,http://data.europa.eu/esco/occupation/86ca306c-ab99-420a-9e2a-aa73c5c4de22:http://data.europa.eu/esco/skill/a2b566b0-1070-47a4-adc8-88839942ce25:optional,desirable,3,,0.5,true,source_mapped,not_reviewed,,,,2026.1
CPX-OCC-ENG-011,CPX-SKL-AUTO-872A612F,esco,http://data.europa.eu/esco/occupation/86ca306c-ab99-420a-9e2a-aa73c5c4de22:http://data.europa.eu/esco/skill/a2b5dcf3-5b6a-453d-876c-cff540c0faf1:optional,desirable,3,,0.5,true,source_mapped,not_reviewed,,,,2026.1
CPX-OCC-ENG-011,CPX-SKL-AUTO-D0BDFF3E,esco,http://data.europa.eu/esco/occupation/86ca306c-ab99-420a-9e2a-aa73c5c4de22:http://data.europa.eu/esco/skill/a4d336a6-9ffd-402a-91cc-f359716ba4e0:optional,desirable,3,,0.5,true,source_mapped,not_reviewed,,,,2026.1
CPX-OCC-ENG-011,CPX-SKL-AUTO-34E4A228,esco,http://data.europa.eu/esco/occupation/86ca306c-ab99-420a-9e2a-aa73c5c4de22:http://data.europa.eu/esco/skill/a8da58c7-42fc-4fd6-b25a-b06b74c00179:optional,desirable,3,,0.5,true,source_mapped,not_reviewed,,,,2026.1
CPX-OCC-ENG-011,CPX-SKL-AUTO-1324BECE,esco,http://data.europa.eu/esco/occupation/86ca306c-ab99-420a-9e2a-aa73c5c4de22:http://data.europa.eu/esco/skill/a99c6783-50c0-4f7a-99df-bf93429ef6dc:optional,desirable,3,,0.5,true,source_mapped,not_reviewed,,,,2026.1
CPX-OCC-ENG-011,CPX-SKL-AUTO-F906F498,esco,http://data.europa.eu/esco/occupation/86ca306c-ab99-420a-9e2a-aa73c5c4de22:http://data.europa.eu/esco/skill/aaa638f1-1027-47e6-a2fb-c4389f8dd27d:optional,desirable,3,,0.5,true,source_mapped,not_reviewed,,,,2026.1
CPX-OCC-ENG-011,CPX-SKL-AUTO-3C7D6A55,esco,http://data.europa.eu/esco/occupation/86ca306c-ab99-420a-9e2a-aa73c5c4de22:http://data.europa.eu/esco/skill/acfaffa2-9607-44fd-b014-19b817362089:optional,desirable,3,,0.5,true,source_mapped,not_reviewed,,,,2026.1
CPX-OCC-ENG-011,CPX-SKL-AUTO-D2F19421,esco,http://data.europa.eu/esco/occupation/86ca306c-ab99-420a-9e2a-aa73c5c4de22:http://data.europa.eu/esco/skill/ad903700-6511-4804-afc6-f9a2e9344a59:optional,desirable,3,,0.5,true,source_mapped,not_reviewed,,,,2026.1
CPX-OCC-ENG-011,CPX-SKL-AUTO-ED29323F,esco,http://data.europa.eu/esco/occupation/86ca306c-ab99-420a-9e2a-aa73c5c4de22:http://data.europa.eu/esco/skill/af0b1937-7538-434f-871b-7e8f72e04117:optional,desirable,3,,0.5,true,source_mapped,not_reviewed,,,,2026.1
CPX-OCC-ENG-011,CPX-SKL-AUTO-45BD37E4,esco,http://data.europa.eu/esco/occupation/86ca306c-ab99-420a-9e2a-aa73c5c4de22:http://data.europa.eu/esco/skill/b07daddc-8625-4360-946e-ad2b0e56ebf6:optional,desirable,3,,0.5,true,source_mapped,not_reviewed,,,,2026.1
CPX-OCC-ENG-011,CPX-SKL-AUTO-9751A58B,esco,http://data.europa.eu/esco/occupation/86ca306c-ab99-420a-9e2a-aa73c5c4de22:http://data.europa.eu/esco/skill/b1b118c4-3291-484e-b64d-6d51fd5da8b3:optional,desirable,3,,0.5,true,source_mapped,not_reviewed,,,,2026.1
CPX-OCC-ENG-011,CPX-SKL-AUTO-09485647,esco,http://data.europa.eu/esco/occupation/86ca306c-ab99-420a-9e2a-aa73c5c4de22:http://data.europa.eu/esco/skill/b27411a8-c401-4241-841b-c742ae32a8d3:optional,desirable,3,,0.5,true,source_mapped,not_reviewed,,,,2026.1
CPX-OCC-ENG-011,CPX-SKL-AUTO-052B962E,esco,http://data.europa.eu/esco/occupation/86ca306c-ab99-420a-9e2a-aa73c5c4de22:http://data.europa.eu/esco/skill/b34e2ba1-9080-48c9-9b42-ee9192a4d3f1:optional,desirable,3,,0.5,true,source_mapped,not_reviewed,,,,2026.1
CPX-OCC-ENG-011,CPX-SKL-AUTO-BEBCCC96,esco,http://data.europa.eu/esco/occupation/86ca306c-ab99-420a-9e2a-aa73c5c4de22:http://data.europa.eu/esco/skill/b386e189-12c5-4df6-b1db-059eb3f6dd88:optional,desirable,3,,0.5,true,source_mapped,not_reviewed,,,,2026.1
CPX-OCC-ENG-011,CPX-SKL-AUTO-460663FB,esco,http://data.europa.eu/esco/occupation/86ca306c-ab99-420a-9e2a-aa73c5c4de22:http://data.europa.eu/esco/skill/b4dc6e4f-dc7d-445f-8ce2-d7b9d225e282:optional,desirable,3,,0.5,true,source_mapped,not_reviewed,,,,2026.1
CPX-OCC-ENG-011,CPX-SKL-AUTO-C5355881,esco,http://data.europa.eu/esco/occupation/86ca306c-ab99-420a-9e2a-aa73c5c4de22:http://data.europa.eu/esco/skill/b7b381f5-7de2-4f91-9a8f-524041cb47d9:optional,desirable,3,,0.5,true,source_mapped,not_reviewed,,,,2026.1
CPX-OCC-ENG-011,CPX-SKL-AUTO-23934660,esco,http://data.europa.eu/esco/occupation/86ca306c-ab99-420a-9e2a-aa73c5c4de22:http://data.europa.eu/esco/skill/b8b2a035-38f0-4c0e-94ee-edefc266c643:optional,desirable,3,,0.5,true,source_mapped,not_reviewed,,,,2026.1
CPX-OCC-ENG-011,CPX-SKL-AUTO-7CC048ED,esco,http://data.europa.eu/esco/occupation/86ca306c-ab99-420a-9e2a-aa73c5c4de22:http://data.europa.eu/esco/skill/b979d9ae-37c2-4d1f-b8b8-7539f913cb19:optional,desirable,3,,0.5,true,source_mapped,not_reviewed,,,,2026.1
CPX-OCC-ENG-011,CPX-SKL-AUTO-D7F587B8,esco,http://data.europa.eu/esco/occupation/86ca306c-ab99-420a-9e2a-aa73c5c4de22:http://data.europa.eu/esco/skill/bacbfc27-4b5d-47de-8bfd-af5fa27562a2:optional,desirable,3,,0.5,true,source_mapped,not_reviewed,,,,2026.1
CPX-OCC-ENG-011,CPX-SKL-AUTO-6AEB9ACD,esco,http://data.europa.eu/esco/occupation/86ca306c-ab99-420a-9e2a-aa73c5c4de22:http://data.europa.eu/esco/skill/bb99af26-71ff-4dca-bde7-1eb1f6194426:optional,desirable,3,,0.5,true,source_mapped,not_reviewed,,,,2026.1
CPX-OCC-ENG-011,CPX-SKL-AUTO-1F68C0B4,esco,http://data.europa.eu/esco/occupation/86ca306c-ab99-420a-9e2a-aa73c5c4de22:http://data.europa.eu/esco/skill/bbbd263e-affb-4ec8-84fb-3e5d9e62306b:optional,desirable,3,,0.5,true,source_mapped,not_reviewed,,,,2026.1
CPX-OCC-ENG-011,CPX-SKL-AUTO-6EBE0BFA,esco,http://data.europa.eu/esco/occupation/86ca306c-ab99-420a-9e2a-aa73c5c4de22:http://data.europa.eu/esco/skill/bc1a03da-e78c-4956-9dc2-0da70711df80:optional,desirable,3,,0.5,true,source_mapped,not_reviewed,,,,2026.1
CPX-OCC-ENG-011,CPX-SKL-AUTO-F3FF8851,esco,http://data.europa.eu/esco/occupation/86ca306c-ab99-420a-9e2a-aa73c5c4de22:http://data.europa.eu/esco/skill/be80acfc-b6f2-4411-9b8d-b19d9cd2556a:optional,desirable,3,,0.5,true,source_mapped,not_reviewed,,,,2026.1
CPX-OCC-ENG-011,CPX-SKL-AUTO-188D24EA,esco,http://data.europa.eu/esco/occupation/86ca306c-ab99-420a-9e2a-aa73c5c4de22:http://data.europa.eu/esco/skill/bee296bc-48f7-4df6-bd2c-8616c8a6c8de:optional,desirable,3,,0.5,true,source_mapped,not_reviewed,,,,2026.1
CPX-OCC-ENG-011,CPX-SKL-AUTO-E7427129,esco,http://data.europa.eu/esco/occupation/86ca306c-ab99-420a-9e2a-aa73c5c4de22:http://data.europa.eu/esco/skill/bf1f763e-c505-46e7-8af3-e48f13ec5f44:optional,desirable,3,,0.5,true,source_mapped,not_reviewed,,,,2026.1
CPX-OCC-ENG-011,CPX-SKL-AUTO-B8EA0179,esco,http://data.europa.eu/esco/occupation/86ca306c-ab99-420a-9e2a-aa73c5c4de22:http://data.europa.eu/esco/skill/c022ff1b-7783-4e64-89ef-0422c81ff51f:optional,desirable,3,,0.5,true,source_mapped,not_reviewed,,,,2026.1
CPX-OCC-ENG-011,CPX-SKL-AUTO-D58496D9,esco,http://data.europa.eu/esco/occupation/86ca306c-ab99-420a-9e2a-aa73c5c4de22:http://data.europa.eu/esco/skill/c0ccbd15-36f3-4515-ae0b-b4062d225ee2:essential,essential,3,,0.5,true,source_mapped,not_reviewed,,,,2026.1
CPX-OCC-ENG-011,CPX-SKL-AUTO-AF950849,esco,http://data.europa.eu/esco/occupation/86ca306c-ab99-420a-9e2a-aa73c5c4de22:http://data.europa.eu/esco/skill/c32ad607-0c4d-4e34-b73f-668298f7bf13:optional,desirable,3,,0.5,true,source_mapped,not_reviewed,,,,2026.1
CPX-OCC-ENG-011,CPX-SKL-AUTO-514A6DD1,esco,http://data.europa.eu/esco/occupation/86ca306c-ab99-420a-9e2a-aa73c5c4de22:http://data.europa.eu/esco/skill/c330db31-7fa9-4a8c-8ad6-baa957bcfed1:optional,desirable,3,,0.5,true,source_mapped,not_reviewed,,,,2026.1
CPX-OCC-ENG-011,CPX-SKL-AUTO-3002B7BE,esco,http://data.europa.eu/esco/occupation/86ca306c-ab99-420a-9e2a-aa73c5c4de22:http://data.europa.eu/esco/skill/c3a03c5a-c260-4c26-9b9a-873abb396f4d:optional,desirable,3,,0.5,true,source_mapped,not_reviewed,,,,2026.1
CPX-OCC-ENG-011,CPX-SKL-AUTO-884F43ED,esco,http://data.europa.eu/esco/occupation/86ca306c-ab99-420a-9e2a-aa73c5c4de22:http://data.europa.eu/esco/skill/c3cad273-2cd4-4e4c-9d0a-4d7ed638fc36:optional,desirable,3,,0.5,true,source_mapped,not_reviewed,,,,2026.1
CPX-OCC-ENG-011,CPX-SKL-AUTO-DD9D7F4C,esco,http://data.europa.eu/esco/occupation/86ca306c-ab99-420a-9e2a-aa73c5c4de22:http://data.europa.eu/esco/skill/c500f5d0-42d4-4341-904e-cd4ef2ff3181:optional,desirable,3,,0.5,true,source_mapped,not_reviewed,,,,2026.1
CPX-OCC-ENG-011,CPX-SKL-AUTO-8766C1B8,esco,http://data.europa.eu/esco/occupation/86ca306c-ab99-420a-9e2a-aa73c5c4de22:http://data.europa.eu/esco/skill/c5422318-3218-4ce9-9bdd-f38b93ff63a3:optional,desirable,3,,0.5,true,source_mapped,not_reviewed,,,,2026.1
CPX-OCC-ENG-011,CPX-SKL-AUTO-6FB1597E,esco,http://data.europa.eu/esco/occupation/86ca306c-ab99-420a-9e2a-aa73c5c4de22:http://data.europa.eu/esco/skill/c544a9f3-5945-4b54-afed-de0697852817:optional,desirable,3,,0.5,true,source_mapped,not_reviewed,,,,2026.1
CPX-OCC-ENG-011,CPX-SKL-AUTO-B96852D1,esco,http://data.europa.eu/esco/occupation/86ca306c-ab99-420a-9e2a-aa73c5c4de22:http://data.europa.eu/esco/skill/c8ac1986-38fa-43b2-89dc-50a4beeb420e:essential,essential,3,,0.5,true,source_mapped,not_reviewed,,,,2026.1
CPX-OCC-ENG-011,CPX-SKL-AUTO-A60D49DB,esco,http://data.europa.eu/esco/occupation/86ca306c-ab99-420a-9e2a-aa73c5c4de22:http://data.europa.eu/esco/skill/c8bd9f9f-0ec6-447a-ab78-ad6eeeed9aa8:optional,desirable,3,,0.5,true,source_mapped,not_reviewed,,,,2026.1
CPX-OCC-ENG-011,CPX-SKL-AUTO-68F157A3,esco,http://data.europa.eu/esco/occupation/86ca306c-ab99-420a-9e2a-aa73c5c4de22:http://data.europa.eu/esco/skill/c8c18b8d-a813-49f8-a702-689564dcf8b2:optional,desirable,3,,0.5,true,source_mapped,not_reviewed,,,,2026.1
CPX-OCC-ENG-011,CPX-SKL-AUTO-B62E0B21,esco,http://data.europa.eu/esco/occupation/86ca306c-ab99-420a-9e2a-aa73c5c4de22:http://data.europa.eu/esco/skill/c8de8023-ab8a-402b-a828-b2b57cd3b2f7:optional,desirable,3,,0.5,true,source_mapped,not_reviewed,,,,2026.1
CPX-OCC-ENG-011,CPX-SKL-AUTO-45AD02AB,esco,http://data.europa.eu/esco/occupation/86ca306c-ab99-420a-9e2a-aa73c5c4de22:http://data.europa.eu/esco/skill/cb1a2fbf-242d-4a4e-a466-588378f124c1:optional,desirable,3,,0.5,true,source_mapped,not_reviewed,,,,2026.1
CPX-OCC-ENG-011,CPX-SKL-AUTO-83D33509,esco,http://data.europa.eu/esco/occupation/86ca306c-ab99-420a-9e2a-aa73c5c4de22:http://data.europa.eu/esco/skill/ccd0a1d9-afda-43d9-b901-96344886e14d:optional,desirable,3,,0.5,true,source_mapped,not_reviewed,,,,2026.1
CPX-OCC-ENG-011,CPX-SKL-AUTO-8C767E60,esco,http://data.europa.eu/esco/occupation/86ca306c-ab99-420a-9e2a-aa73c5c4de22:http://data.europa.eu/esco/skill/cd5efa8c-e44d-4cbc-91c6-796018dbed68:optional,desirable,3,,0.5,true,source_mapped,not_reviewed,,,,2026.1
CPX-OCC-ENG-011,CPX-SKL-AUTO-2AF9244A,esco,http://data.europa.eu/esco/occupation/86ca306c-ab99-420a-9e2a-aa73c5c4de22:http://data.europa.eu/esco/skill/ce354460-500e-4eaa-8e95-8f243fcea3db:optional,desirable,3,,0.5,true,source_mapped,not_reviewed,,,,2026.1
CPX-OCC-ENG-011,CPX-SKL-AUTO-FA1782F6,esco,http://data.europa.eu/esco/occupation/86ca306c-ab99-420a-9e2a-aa73c5c4de22:http://data.europa.eu/esco/skill/ce6242a1-a2d9-43e6-a481-ae89b9ec0460:optional,desirable,3,,0.5,true,source_mapped,not_reviewed,,,,2026.1
CPX-OCC-ENG-011,CPX-SKL-AUTO-1D5BBC3F,esco,http://data.europa.eu/esco/occupation/86ca306c-ab99-420a-9e2a-aa73c5c4de22:http://data.europa.eu/esco/skill/cf200547-25b5-47c8-9eda-bca4aedc13fb:optional,desirable,3,,0.5,true,source_mapped,not_reviewed,,,,2026.1
CPX-OCC-ENG-011,CPX-SKL-AUTO-BAD2D617,esco,http://data.europa.eu/esco/occupation/86ca306c-ab99-420a-9e2a-aa73c5c4de22:http://data.europa.eu/esco/skill/d15e92c4-c8dc-48cd-a1f6-94fe13347f87:optional,desirable,3,,0.5,true,source_mapped,not_reviewed,,,,2026.1
CPX-OCC-ENG-011,CPX-SKL-AUTO-F945B106,esco,http://data.europa.eu/esco/occupation/86ca306c-ab99-420a-9e2a-aa73c5c4de22:http://data.europa.eu/esco/skill/d1ec6846-dd8a-4810-8115-474cdf271540:optional,desirable,3,,0.5,true,source_mapped,not_reviewed,,,,2026.1
CPX-OCC-ENG-011,CPX-SKL-AUTO-AFBCFF24,esco,http://data.europa.eu/esco/occupation/86ca306c-ab99-420a-9e2a-aa73c5c4de22:http://data.europa.eu/esco/skill/d560df46-dda4-4407-bab2-b87353a96814:optional,desirable,3,,0.5,true,source_mapped,not_reviewed,,,,2026.1
CPX-OCC-ENG-011,CPX-SKL-AUTO-6177AB53,esco,http://data.europa.eu/esco/occupation/86ca306c-ab99-420a-9e2a-aa73c5c4de22:http://data.europa.eu/esco/skill/d56fc2b5-4b0a-4e7e-9bde-a33736f6ff18:optional,desirable,3,,0.5,true,source_mapped,not_reviewed,,,,2026.1
CPX-OCC-ENG-011,CPX-SKL-AUTO-DA0A87CC,esco,http://data.europa.eu/esco/occupation/86ca306c-ab99-420a-9e2a-aa73c5c4de22:http://data.europa.eu/esco/skill/d74df140-eb69-43e2-bac9-1cafc824d702:optional,desirable,3,,0.5,true,source_mapped,not_reviewed,,,,2026.1
CPX-OCC-ENG-011,CPX-SKL-AUTO-EF0BCFF3,esco,http://data.europa.eu/esco/occupation/86ca306c-ab99-420a-9e2a-aa73c5c4de22:http://data.europa.eu/esco/skill/d8045ecd-22f3-4711-bb51-58969d9f28c7:optional,desirable,3,,0.5,true,source_mapped,not_reviewed,,,,2026.1
CPX-OCC-ENG-011,CPX-SKL-AUTO-C2AFEA82,esco,http://data.europa.eu/esco/occupation/86ca306c-ab99-420a-9e2a-aa73c5c4de22:http://data.europa.eu/esco/skill/d88cb3f1-8e02-4618-bf32-4b0488066934:optional,desirable,3,,0.5,true,source_mapped,not_reviewed,,,,2026.1
CPX-OCC-ENG-011,CPX-SKL-AUTO-BB6690B7,esco,http://data.europa.eu/esco/occupation/86ca306c-ab99-420a-9e2a-aa73c5c4de22:http://data.europa.eu/esco/skill/d8c19849-f4cf-458d-90cd-abe735a729bf:optional,desirable,3,,0.5,true,source_mapped,not_reviewed,,,,2026.1
CPX-OCC-ENG-011,CPX-SKL-AUTO-A3A7AAD2,esco,http://data.europa.eu/esco/occupation/86ca306c-ab99-420a-9e2a-aa73c5c4de22:http://data.europa.eu/esco/skill/d9b6af48-e906-4a2a-94d9-557023740180:optional,desirable,3,,0.5,true,source_mapped,not_reviewed,,,,2026.1
CPX-OCC-ENG-011,CPX-SKL-AUTO-A16A9B91,esco,http://data.europa.eu/esco/occupation/86ca306c-ab99-420a-9e2a-aa73c5c4de22:http://data.europa.eu/esco/skill/d9e5349e-8791-49c2-8ba4-839fdd1606c2:optional,desirable,3,,0.5,true,source_mapped,not_reviewed,,,,2026.1
CPX-OCC-ENG-011,CPX-SKL-AUTO-83CB120A,esco,http://data.europa.eu/esco/occupation/86ca306c-ab99-420a-9e2a-aa73c5c4de22:http://data.europa.eu/esco/skill/dc72ad0a-c5dc-4abd-bc0d-ca43e82162e1:optional,desirable,3,,0.5,true,source_mapped,not_reviewed,,,,2026.1
CPX-OCC-ENG-011,CPX-SKL-AUTO-53198C86,esco,http://data.europa.eu/esco/occupation/86ca306c-ab99-420a-9e2a-aa73c5c4de22:http://data.europa.eu/esco/skill/dc72d646-4e40-405a-8fa9-a410c60e490b:optional,desirable,3,,0.5,true,source_mapped,not_reviewed,,,,2026.1
CPX-OCC-ENG-011,CPX-SKL-AUTO-8AB730BB,esco,http://data.europa.eu/esco/occupation/86ca306c-ab99-420a-9e2a-aa73c5c4de22:http://data.europa.eu/esco/skill/dcc96a49-0bac-4a9c-8f8e-a32b4e47e6eb:optional,desirable,3,,0.5,true,source_mapped,not_reviewed,,,,2026.1
CPX-OCC-ENG-011,CPX-SKL-AUTO-75710C61,esco,http://data.europa.eu/esco/occupation/86ca306c-ab99-420a-9e2a-aa73c5c4de22:http://data.europa.eu/esco/skill/dcdd5ddf-82a6-4ac3-8edc-d4b23cae9a88:optional,desirable,3,,0.5,true,source_mapped,not_reviewed,,,,2026.1
CPX-OCC-ENG-011,CPX-SKL-AUTO-253B51AB,esco,http://data.europa.eu/esco/occupation/86ca306c-ab99-420a-9e2a-aa73c5c4de22:http://data.europa.eu/esco/skill/dd6e5939-d19b-4e2f-a025-2014f0a2ec88:optional,desirable,3,,0.5,true,source_mapped,not_reviewed,,,,2026.1
CPX-OCC-ENG-011,CPX-SKL-AUTO-EEDCE0AE,esco,http://data.europa.eu/esco/occupation/86ca306c-ab99-420a-9e2a-aa73c5c4de22:http://data.europa.eu/esco/skill/ddc3119d-1d6e-4324-9125-a3380d299ac5:optional,desirable,3,,0.5,true,source_mapped,not_reviewed,,,,2026.1
CPX-OCC-ENG-011,CPX-SKL-AUTO-46A8E745,esco,http://data.europa.eu/esco/occupation/86ca306c-ab99-420a-9e2a-aa73c5c4de22:http://data.europa.eu/esco/skill/def007fa-5fed-4a5f-91a2-b0d7e3db1be1:optional,desirable,3,,0.5,true,source_mapped,not_reviewed,,,,2026.1
CPX-OCC-ENG-011,CPX-SKL-AUTO-4A664C7B,esco,http://data.europa.eu/esco/occupation/86ca306c-ab99-420a-9e2a-aa73c5c4de22:http://data.europa.eu/esco/skill/df08a4ae-4024-4460-8c92-eab78da1c94b:optional,desirable,3,,0.5,true,source_mapped,not_reviewed,,,,2026.1
CPX-OCC-ENG-011,CPX-SKL-AUTO-7B6DEC51,esco,http://data.europa.eu/esco/occupation/86ca306c-ab99-420a-9e2a-aa73c5c4de22:http://data.europa.eu/esco/skill/e043aeeb-78f5-4049-afbf-12bba52225bc:optional,desirable,3,,0.5,true,source_mapped,not_reviewed,,,,2026.1
CPX-OCC-ENG-011,CPX-SKL-AUTO-0940A444,esco,http://data.europa.eu/esco/occupation/86ca306c-ab99-420a-9e2a-aa73c5c4de22:http://data.europa.eu/esco/skill/e2d0daae-2aa1-40cc-99e2-b340b02f97d3:optional,desirable,3,,0.5,true,source_mapped,not_reviewed,,,,2026.1
CPX-OCC-ENG-011,CPX-SKL-AUTO-183D026F,esco,http://data.europa.eu/esco/occupation/86ca306c-ab99-420a-9e2a-aa73c5c4de22:http://data.europa.eu/esco/skill/e54ff029-1ce9-447d-a5b2-eb7283a23e6e:optional,desirable,3,,0.5,true,source_mapped,not_reviewed,,,,2026.1
CPX-OCC-ENG-011,CPX-SKL-AUTO-99E1469A,esco,http://data.europa.eu/esco/occupation/86ca306c-ab99-420a-9e2a-aa73c5c4de22:http://data.europa.eu/esco/skill/e5e17773-3a63-40c5-99e4-10e036cf7b99:optional,desirable,3,,0.5,true,source_mapped,not_reviewed,,,,2026.1
CPX-OCC-ENG-011,CPX-SKL-AUTO-43906F91,esco,http://data.europa.eu/esco/occupation/86ca306c-ab99-420a-9e2a-aa73c5c4de22:http://data.europa.eu/esco/skill/e66cd71d-371c-4f82-8bce-b220b8c2d6ea:optional,desirable,3,,0.5,true,source_mapped,not_reviewed,,,,2026.1
CPX-OCC-ENG-011,CPX-SKL-AUTO-0A7245FE,esco,http://data.europa.eu/esco/occupation/86ca306c-ab99-420a-9e2a-aa73c5c4de22:http://data.europa.eu/esco/skill/e763b5c3-cfb3-48d2-9b83-fff97553ad95:optional,desirable,3,,0.5,true,source_mapped,not_reviewed,,,,2026.1
CPX-OCC-ENG-011,CPX-SKL-AUTO-0969BBF7,esco,http://data.europa.eu/esco/occupation/86ca306c-ab99-420a-9e2a-aa73c5c4de22:http://data.europa.eu/esco/skill/e87ec79a-c9ff-46f5-84fa-7a0f394cdf40:optional,desirable,3,,0.5,true,source_mapped,not_reviewed,,,,2026.1
CPX-OCC-ENG-011,CPX-SKL-AUTO-0C722B17,esco,http://data.europa.eu/esco/occupation/86ca306c-ab99-420a-9e2a-aa73c5c4de22:http://data.europa.eu/esco/skill/e8b89eb6-51e8-4c3a-babb-88b2e110376b:optional,desirable,3,,0.5,true,source_mapped,not_reviewed,,,,2026.1
CPX-OCC-ENG-011,CPX-SKL-AUTO-27ED98BB,esco,http://data.europa.eu/esco/occupation/86ca306c-ab99-420a-9e2a-aa73c5c4de22:http://data.europa.eu/esco/skill/e921279a-1a7e-4900-9720-bde93ae3e70e:optional,desirable,3,,0.5,true,source_mapped,not_reviewed,,,,2026.1
CPX-OCC-ENG-011,CPX-SKL-AUTO-E66D8FAF,esco,http://data.europa.eu/esco/occupation/86ca306c-ab99-420a-9e2a-aa73c5c4de22:http://data.europa.eu/esco/skill/e95058a6-e139-42e7-a470-72038a606649:optional,desirable,3,,0.5,true,source_mapped,not_reviewed,,,,2026.1
CPX-OCC-ENG-011,CPX-SKL-AUTO-3FC90475,esco,http://data.europa.eu/esco/occupation/86ca306c-ab99-420a-9e2a-aa73c5c4de22:http://data.europa.eu/esco/skill/eb0e5615-1575-4a86-a1a2-7d39595033c5:optional,desirable,3,,0.5,true,source_mapped,not_reviewed,,,,2026.1
CPX-OCC-ENG-011,CPX-SKL-AUTO-4A2A4DEB,esco,http://data.europa.eu/esco/occupation/86ca306c-ab99-420a-9e2a-aa73c5c4de22:http://data.europa.eu/esco/skill/ec66b111-d8d0-4516-88ba-ee0b6fe6f695:optional,desirable,3,,0.5,true,source_mapped,not_reviewed,,,,2026.1
CPX-OCC-ENG-011,CPX-SKL-AUTO-DEA1FDBE,esco,http://data.europa.eu/esco/occupation/86ca306c-ab99-420a-9e2a-aa73c5c4de22:http://data.europa.eu/esco/skill/ed291aa0-8b2f-4179-b2f7-540ea6f63bf3:optional,desirable,3,,0.5,true,source_mapped,not_reviewed,,,,2026.1
CPX-OCC-ENG-011,CPX-SKL-AUTO-E7948D2D,esco,http://data.europa.eu/esco/occupation/86ca306c-ab99-420a-9e2a-aa73c5c4de22:http://data.europa.eu/esco/skill/efa141df-f382-418f-9121-bd88fd735669:optional,desirable,3,,0.5,true,source_mapped,not_reviewed,,,,2026.1
CPX-OCC-ENG-011,CPX-SKL-AUTO-7956F1A5,esco,http://data.europa.eu/esco/occupation/86ca306c-ab99-420a-9e2a-aa73c5c4de22:http://data.europa.eu/esco/skill/f0ab5d57-4be7-411b-afce-b4a76a142302:optional,desirable,3,,0.5,true,source_mapped,not_reviewed,,,,2026.1
CPX-OCC-ENG-011,CPX-SKL-AUTO-8018132A,esco,http://data.europa.eu/esco/occupation/86ca306c-ab99-420a-9e2a-aa73c5c4de22:http://data.europa.eu/esco/skill/f10142ce-d522-49c3-9fd1-054fb63529d4:optional,desirable,3,,0.5,true,source_mapped,not_reviewed,,,,2026.1
CPX-OCC-ENG-011,CPX-SKL-AUTO-B710833B,esco,http://data.europa.eu/esco/occupation/86ca306c-ab99-420a-9e2a-aa73c5c4de22:http://data.europa.eu/esco/skill/f19f2c6d-3f1d-4231-9fd9-ece77ed359d7:optional,desirable,3,,0.5,true,source_mapped,not_reviewed,,,,2026.1
CPX-OCC-ENG-011,CPX-SKL-AUTO-E22DCBD2,esco,http://data.europa.eu/esco/occupation/86ca306c-ab99-420a-9e2a-aa73c5c4de22:http://data.europa.eu/esco/skill/f4a6e9f7-5cff-46c0-894c-59c20bb78694:optional,desirable,3,,0.5,true,source_mapped,not_reviewed,,,,2026.1
CPX-OCC-ENG-011,CPX-SKL-AUTO-D82A5A70,esco,http://data.europa.eu/esco/occupation/86ca306c-ab99-420a-9e2a-aa73c5c4de22:http://data.europa.eu/esco/skill/f54c10e4-630d-4e50-95e9-4e9e268e8f12:essential,essential,3,,0.5,true,source_mapped,not_reviewed,,,,2026.1
CPX-OCC-ENG-011,CPX-SKL-AUTO-6B3BE3A8,esco,http://data.europa.eu/esco/occupation/86ca306c-ab99-420a-9e2a-aa73c5c4de22:http://data.europa.eu/esco/skill/f5dd06b8-5d17-4932-9d03-957d0c4f5051:optional,desirable,3,,0.5,true,source_mapped,not_reviewed,,,,2026.1
CPX-OCC-ENG-011,CPX-SKL-AUTO-2A53FE72,esco,http://data.europa.eu/esco/occupation/86ca306c-ab99-420a-9e2a-aa73c5c4de22:http://data.europa.eu/esco/skill/f929c89e-c363-4132-a918-e021d57b307c:optional,desirable,3,,0.5,true,source_mapped,not_reviewed,,,,2026.1
CPX-OCC-ENG-011,CPX-SKL-AUTO-376BF1C1,esco,http://data.europa.eu/esco/occupation/86ca306c-ab99-420a-9e2a-aa73c5c4de22:http://data.europa.eu/esco/skill/fd33c66c-70c4-40e6-b87c-5495bd3bf26e:optional,desirable,3,,0.5,true,source_mapped,not_reviewed,,,,2026.1
CPX-OCC-ENG-011,CPX-SKL-AUTO-A331B015,esco,http://data.europa.eu/esco/occupation/86ca306c-ab99-420a-9e2a-aa73c5c4de22:http://data.europa.eu/esco/skill/fd4386c5-96f0-4c6e-970c-c08729ae0cc6:optional,desirable,3,,0.5,true,source_mapped,not_reviewed,,,,2026.1
CPX-OCC-ENG-011,CPX-SKL-AUTO-C82664CA,esco,http://data.europa.eu/esco/occupation/86ca306c-ab99-420a-9e2a-aa73c5c4de22:http://data.europa.eu/esco/skill/fe4a9fb8-2963-4b23-8a18-e033197304f2:optional,desirable,3,,0.5,true,source_mapped,not_reviewed,,,,2026.1
CPX-OCC-ENG-011,CPX-SKL-AUTO-0C2372BD,esco,http://data.europa.eu/esco/occupation/86ca306c-ab99-420a-9e2a-aa73c5c4de22:http://data.europa.eu/esco/skill/feb717ff-fba6-4a91-aa10-ee11cf2da6b4:optional,desirable,3,,0.5,true,source_mapped,not_reviewed,,,,2026.1
CPX-OCC-ENG-011,CPX-SKL-AUTO-CF35F4AE,esco,http://data.europa.eu/esco/occupation/86ca306c-ab99-420a-9e2a-aa73c5c4de22:http://data.europa.eu/esco/skill/ffdd5e53-7191-4043-ae0e-eea1bb077080:optional,desirable,3,,0.5,true,source_mapped,not_reviewed,,,,2026.1
CPX-OCC-ENG-011,CPX-SKL-AUTO-5632F3DE,esco,http://data.europa.eu/esco/occupation/86ca306c-ab99-420a-9e2a-aa73c5c4de22:http://data.europa.eu/esco/skill/ffddfc7c-a9dd-449f-9e96-882dc447c8b6:optional,desirable,3,,0.5,true,source_mapped,not_reviewed,,,,2026.1
CPX-OCC-PPM-001,CPX-SKL-AUTO-217B3D30,esco,http://data.europa.eu/esco/occupation/8b6388a4-4904-471b-9331-d3b1211f5525:http://data.europa.eu/esco/skill/03b9b491-fc9b-4868-914a-bf7cd47b5041:optional,desirable,3,,0.5,true,source_mapped,not_reviewed,,,,2026.1
CPX-OCC-PPM-001,CPX-SKL-AUTO-189AD04A,esco,http://data.europa.eu/esco/occupation/8b6388a4-4904-471b-9331-d3b1211f5525:http://data.europa.eu/esco/skill/04dfd9fb-e0cf-40f6-96c6-9d2280c4347e:optional,desirable,3,,0.5,true,source_mapped,not_reviewed,,,,2026.1
CPX-OCC-PPM-001,CPX-SKL-AUTO-D78AC5BE,esco,http://data.europa.eu/esco/occupation/8b6388a4-4904-471b-9331-d3b1211f5525:http://data.europa.eu/esco/skill/1dd23dba-dd00-45ab-abf4-642902538317:essential,essential,3,,0.5,true,source_mapped,not_reviewed,,,,2026.1
CPX-OCC-PPM-001,CPX-SKL-AUTO-AF38D05B,esco,http://data.europa.eu/esco/occupation/8b6388a4-4904-471b-9331-d3b1211f5525:http://data.europa.eu/esco/skill/21c5790c-0930-4d74-b3b0-84caf5af12ea:essential,essential,3,,0.5,true,source_mapped,not_reviewed,,,,2026.1
CPX-OCC-PPM-001,CPX-SKL-AUTO-16A15640,esco,http://data.europa.eu/esco/occupation/8b6388a4-4904-471b-9331-d3b1211f5525:http://data.europa.eu/esco/skill/3cd35f5d-ce6d-4f14-9a09-53d7a28d834c:optional,desirable,3,,0.5,true,source_mapped,not_reviewed,,,,2026.1
CPX-OCC-PPM-001,CPX-SKL-AUTO-AAB80125,esco,http://data.europa.eu/esco/occupation/8b6388a4-4904-471b-9331-d3b1211f5525:http://data.europa.eu/esco/skill/496932f1-0b6b-4f73-9432-d95c7ddcd43b:essential,essential,3,,0.5,true,source_mapped,not_reviewed,,,,2026.1
CPX-OCC-PPM-001,CPX-SKL-AUTO-8695F01D,esco,http://data.europa.eu/esco/occupation/8b6388a4-4904-471b-9331-d3b1211f5525:http://data.europa.eu/esco/skill/8d4271ca-c9fd-40b3-875f-15f78332a49e:essential,essential,3,,0.5,true,source_mapped,not_reviewed,,,,2026.1
CPX-OCC-PPM-001,CPX-SKL-AUTO-A16A9B91,esco,http://data.europa.eu/esco/occupation/8b6388a4-4904-471b-9331-d3b1211f5525:http://data.europa.eu/esco/skill/d9e5349e-8791-49c2-8ba4-839fdd1606c2:optional,desirable,3,,0.5,true,source_mapped,not_reviewed,,,,2026.1
CPX-OCC-PPM-001,CPX-SKL-AUTO-83CB120A,esco,http://data.europa.eu/esco/occupation/8b6388a4-4904-471b-9331-d3b1211f5525:http://data.europa.eu/esco/skill/dc72ad0a-c5dc-4abd-bc0d-ca43e82162e1:essential,essential,3,,0.5,true,source_mapped,not_reviewed,,,,2026.1
CPX-OCC-PPM-001,CPX-SKL-AUTO-183D026F,esco,http://data.europa.eu/esco/occupation/8b6388a4-4904-471b-9331-d3b1211f5525:http://data.europa.eu/esco/skill/e54ff029-1ce9-447d-a5b2-eb7283a23e6e:essential,essential,3,,0.5,true,source_mapped,not_reviewed,,,,2026.1
CPX-OCC-PPM-001,CPX-SKL-AUTO-6B3BE3A8,esco,http://data.europa.eu/esco/occupation/8b6388a4-4904-471b-9331-d3b1211f5525:http://data.europa.eu/esco/skill/f5dd06b8-5d17-4932-9d03-957d0c4f5051:essential,essential,3,,0.5,true,source_mapped,not_reviewed,,,,2026.1
CPX-OCC-ENG-010,CPX-SKL-AUTO-A38B79EF,esco,http://data.europa.eu/esco/occupation/93e4e70b-aae4-4fdc-8037-e48e7077564e:http://data.europa.eu/esco/skill/03589d0d-a6f0-4d68-b5eb-dafbc6833efe:optional,desirable,3,,0.5,true,source_mapped,not_reviewed,,,,2026.1
CPX-OCC-ENG-010,CPX-SKL-AUTO-CEE11DA6,esco,http://data.europa.eu/esco/occupation/93e4e70b-aae4-4fdc-8037-e48e7077564e:http://data.europa.eu/esco/skill/06670261-ea6b-4b52-a915-c7d4ff837f74:essential,essential,3,,0.5,true,source_mapped,not_reviewed,,,,2026.1
CPX-OCC-ENG-010,CPX-SKL-AUTO-A9093D61,esco,http://data.europa.eu/esco/occupation/93e4e70b-aae4-4fdc-8037-e48e7077564e:http://data.europa.eu/esco/skill/081d7679-5070-4777-bece-a28c49f15636:essential,essential,3,,0.5,true,source_mapped,not_reviewed,,,,2026.1
CPX-OCC-ENG-010,CPX-SKL-AUTO-21789335,esco,http://data.europa.eu/esco/occupation/93e4e70b-aae4-4fdc-8037-e48e7077564e:http://data.europa.eu/esco/skill/0a71a150-17fd-448e-a5b8-19fbea76d569:essential,essential,3,,0.5,true,source_mapped,not_reviewed,,,,2026.1
CPX-OCC-ENG-010,CPX-SKL-AUTO-FF7F2BA1,esco,http://data.europa.eu/esco/occupation/93e4e70b-aae4-4fdc-8037-e48e7077564e:http://data.europa.eu/esco/skill/0c67b0dd-8cbf-43e4-a9d7-0c4c2e7a6236:optional,desirable,3,,0.5,true,source_mapped,not_reviewed,,,,2026.1
CPX-OCC-ENG-010,CPX-SKL-AUTO-83549F13,esco,http://data.europa.eu/esco/occupation/93e4e70b-aae4-4fdc-8037-e48e7077564e:http://data.europa.eu/esco/skill/1f403e44-7a79-4b91-b86a-e406208be161:essential,essential,3,,0.5,true,source_mapped,not_reviewed,,,,2026.1
CPX-OCC-ENG-010,CPX-SKL-AUTO-9BF7F092,esco,http://data.europa.eu/esco/occupation/93e4e70b-aae4-4fdc-8037-e48e7077564e:http://data.europa.eu/esco/skill/1f632076-fd9b-4b18-a9a2-b59a59181d3e:essential,essential,3,,0.5,true,source_mapped,not_reviewed,,,,2026.1
CPX-OCC-ENG-010,CPX-SKL-AUTO-902FF101,esco,http://data.europa.eu/esco/occupation/93e4e70b-aae4-4fdc-8037-e48e7077564e:http://data.europa.eu/esco/skill/34330a42-eeb0-44c3-a41e-670e9b20c7c7:optional,desirable,3,,0.5,true,source_mapped,not_reviewed,,,,2026.1
CPX-OCC-ENG-010,CPX-SKL-AUTO-3F771FD9,esco,http://data.europa.eu/esco/occupation/93e4e70b-aae4-4fdc-8037-e48e7077564e:http://data.europa.eu/esco/skill/382c11ed-20d5-4ae7-b60e-15fec527fa6c:essential,essential,3,,0.5,true,source_mapped,not_reviewed,,,,2026.1
CPX-OCC-ENG-010,CPX-SKL-AUTO-DA580D49,esco,http://data.europa.eu/esco/occupation/93e4e70b-aae4-4fdc-8037-e48e7077564e:http://data.europa.eu/esco/skill/414332e4-8347-4771-b947-65bd3801a620:optional,desirable,3,,0.5,true,source_mapped,not_reviewed,,,,2026.1
CPX-OCC-ENG-010,CPX-SKL-AUTO-99A27A44,esco,http://data.europa.eu/esco/occupation/93e4e70b-aae4-4fdc-8037-e48e7077564e:http://data.europa.eu/esco/skill/48f480aa-c9a8-4552-b1c5-e94330912257:optional,desirable,3,,0.5,true,source_mapped,not_reviewed,,,,2026.1
CPX-OCC-ENG-010,CPX-SKL-AUTO-75E7C22D,esco,http://data.europa.eu/esco/occupation/93e4e70b-aae4-4fdc-8037-e48e7077564e:http://data.europa.eu/esco/skill/620b7a6a-2231-4fea-b175-fd7ff16cce0a:essential,essential,3,,0.5,true,source_mapped,not_reviewed,,,,2026.1
CPX-OCC-ENG-010,CPX-SKL-AUTO-09D9D6C3,esco,http://data.europa.eu/esco/occupation/93e4e70b-aae4-4fdc-8037-e48e7077564e:http://data.europa.eu/esco/skill/656ae836-2075-459f-8967-03706d4ac2bb:optional,desirable,3,,0.5,true,source_mapped,not_reviewed,,,,2026.1
CPX-OCC-ENG-010,CPX-SKL-AUTO-FAA6CE4C,esco,http://data.europa.eu/esco/occupation/93e4e70b-aae4-4fdc-8037-e48e7077564e:http://data.europa.eu/esco/skill/6f5850ea-5785-4e2c-b062-743066fd5bdb:essential,essential,3,,0.5,true,source_mapped,not_reviewed,,,,2026.1
CPX-OCC-ENG-010,CPX-SKL-AUTO-F6536A51,esco,http://data.europa.eu/esco/occupation/93e4e70b-aae4-4fdc-8037-e48e7077564e:http://data.europa.eu/esco/skill/77f109c4-3107-4d2a-a512-5160ac103933:essential,essential,3,,0.5,true,source_mapped,not_reviewed,,,,2026.1
CPX-OCC-ENG-010,CPX-SKL-AUTO-35B604B8,esco,http://data.europa.eu/esco/occupation/93e4e70b-aae4-4fdc-8037-e48e7077564e:http://data.europa.eu/esco/skill/7bf0c60a-9303-414b-a43c-21c28a98d4ff:essential,essential,3,,0.5,true,source_mapped,not_reviewed,,,,2026.1
CPX-OCC-ENG-010,CPX-SKL-AUTO-A21B8983,esco,http://data.europa.eu/esco/occupation/93e4e70b-aae4-4fdc-8037-e48e7077564e:http://data.europa.eu/esco/skill/7ee4c2ea-b349-4bd2-81a3-ec31475d4833:essential,essential,3,,0.5,true,source_mapped,not_reviewed,,,,2026.1
CPX-OCC-ENG-010,CPX-SKL-AUTO-E2348734,esco,http://data.europa.eu/esco/occupation/93e4e70b-aae4-4fdc-8037-e48e7077564e:http://data.europa.eu/esco/skill/7f18039d-dfae-471b-9daa-507f6b2d2842:essential,essential,3,,0.5,true,source_mapped,not_reviewed,,,,2026.1
CPX-OCC-ENG-010,CPX-SKL-AUTO-550464DF,esco,http://data.europa.eu/esco/occupation/93e4e70b-aae4-4fdc-8037-e48e7077564e:http://data.europa.eu/esco/skill/81a2db2c-7e55-44d0-9cd9-74c25147d7cd:essential,essential,3,,0.5,true,source_mapped,not_reviewed,,,,2026.1
CPX-OCC-ENG-010,CPX-SKL-AUTO-DCA6C688,esco,http://data.europa.eu/esco/occupation/93e4e70b-aae4-4fdc-8037-e48e7077564e:http://data.europa.eu/esco/skill/82394321-7f35-4a29-b2fa-4a58f66258f5:optional,desirable,3,,0.5,true,source_mapped,not_reviewed,,,,2026.1
CPX-OCC-ENG-010,CPX-SKL-AUTO-FDD48A42,esco,http://data.europa.eu/esco/occupation/93e4e70b-aae4-4fdc-8037-e48e7077564e:http://data.europa.eu/esco/skill/82887396-e5bf-4306-af51-3fe8d82790b2:optional,desirable,3,,0.5,true,source_mapped,not_reviewed,,,,2026.1
CPX-OCC-ENG-010,CPX-SKL-AUTO-28EB40E2,esco,http://data.europa.eu/esco/occupation/93e4e70b-aae4-4fdc-8037-e48e7077564e:http://data.europa.eu/esco/skill/83d57165-ecba-4a8b-ad28-e71630f961a0:optional,desirable,3,,0.5,true,source_mapped,not_reviewed,,,,2026.1
CPX-OCC-ENG-010,CPX-SKL-AUTO-16CB42CA,esco,http://data.europa.eu/esco/occupation/93e4e70b-aae4-4fdc-8037-e48e7077564e:http://data.europa.eu/esco/skill/87454307-a3ad-40ce-8024-1aeb7c94f1e3:essential,essential,3,,0.5,true,source_mapped,not_reviewed,,,,2026.1
CPX-OCC-ENG-010,CPX-SKL-AUTO-238F79D4,esco,http://data.europa.eu/esco/occupation/93e4e70b-aae4-4fdc-8037-e48e7077564e:http://data.europa.eu/esco/skill/95f4631e-fcde-467f-8277-01e824b40a06:essential,essential,3,,0.5,true,source_mapped,not_reviewed,,,,2026.1
CPX-OCC-ENG-010,CPX-SKL-AUTO-62453CBF,esco,http://data.europa.eu/esco/occupation/93e4e70b-aae4-4fdc-8037-e48e7077564e:http://data.europa.eu/esco/skill/96835f47-da71-415b-8cbf-d37386dc98d4:essential,essential,3,,0.5,true,source_mapped,not_reviewed,,,,2026.1
CPX-OCC-ENG-010,CPX-SKL-AUTO-BE9FAE55,esco,http://data.europa.eu/esco/occupation/93e4e70b-aae4-4fdc-8037-e48e7077564e:http://data.europa.eu/esco/skill/969caeb0-cfc5-42aa-9c44-0ca3c09305fe:essential,essential,3,,0.5,true,source_mapped,not_reviewed,,,,2026.1
CPX-OCC-ENG-010,CPX-SKL-AUTO-D0363562,esco,http://data.europa.eu/esco/occupation/93e4e70b-aae4-4fdc-8037-e48e7077564e:http://data.europa.eu/esco/skill/9775c2f8-6c1f-4fb8-8c03-c7081dafc0b5:optional,desirable,3,,0.5,true,source_mapped,not_reviewed,,,,2026.1
CPX-OCC-ENG-010,CPX-SKL-AUTO-88F5680B,esco,http://data.europa.eu/esco/occupation/93e4e70b-aae4-4fdc-8037-e48e7077564e:http://data.europa.eu/esco/skill/99095ca0-1218-462d-9e95-79e334ba8b63:essential,essential,3,,0.5,true,source_mapped,not_reviewed,,,,2026.1
CPX-OCC-ENG-010,CPX-SKL-AUTO-247ADC43,esco,http://data.europa.eu/esco/occupation/93e4e70b-aae4-4fdc-8037-e48e7077564e:http://data.europa.eu/esco/skill/99fc129e-360c-4174-9553-5c666a64a395:optional,desirable,3,,0.5,true,source_mapped,not_reviewed,,,,2026.1
CPX-OCC-ENG-010,CPX-SKL-AUTO-2F6D5183,esco,http://data.europa.eu/esco/occupation/93e4e70b-aae4-4fdc-8037-e48e7077564e:http://data.europa.eu/esco/skill/ad59afe4-6f8a-4bc4-acfd-0f228277508a:essential,essential,3,,0.5,true,source_mapped,not_reviewed,,,,2026.1
CPX-OCC-ENG-010,CPX-SKL-AUTO-C9B467F9,esco,http://data.europa.eu/esco/occupation/93e4e70b-aae4-4fdc-8037-e48e7077564e:http://data.europa.eu/esco/skill/b4292366-9d25-48c5-9775-60f2bf56b5fd:optional,desirable,3,,0.5,true,source_mapped,not_reviewed,,,,2026.1
CPX-OCC-ENG-010,CPX-SKL-AUTO-F579CFF6,esco,http://data.europa.eu/esco/occupation/93e4e70b-aae4-4fdc-8037-e48e7077564e:http://data.europa.eu/esco/skill/b4b28d82-0a26-4b1c-a932-38d4378c189e:optional,desirable,3,,0.5,true,source_mapped,not_reviewed,,,,2026.1
CPX-OCC-ENG-010,CPX-SKL-AUTO-B4142F9E,esco,http://data.europa.eu/esco/occupation/93e4e70b-aae4-4fdc-8037-e48e7077564e:http://data.europa.eu/esco/skill/b8316819-feca-403d-902f-a86562fd91e9:essential,essential,3,,0.5,true,source_mapped,not_reviewed,,,,2026.1
CPX-OCC-ENG-010,CPX-SKL-AUTO-BDC2E760,esco,http://data.europa.eu/esco/occupation/93e4e70b-aae4-4fdc-8037-e48e7077564e:http://data.europa.eu/esco/skill/bb664ebf-2e54-4a88-ab97-158c3d321af9:optional,desirable,3,,0.5,true,source_mapped,not_reviewed,,,,2026.1
CPX-OCC-ENG-010,CPX-SKL-AUTO-216D3D64,esco,http://data.europa.eu/esco/occupation/93e4e70b-aae4-4fdc-8037-e48e7077564e:http://data.europa.eu/esco/skill/c0326e27-5fa8-4dca-aecb-ed89ab491513:essential,essential,3,,0.5,true,source_mapped,not_reviewed,,,,2026.1
CPX-OCC-ENG-010,CPX-SKL-AUTO-6FB1597E,esco,http://data.europa.eu/esco/occupation/93e4e70b-aae4-4fdc-8037-e48e7077564e:http://data.europa.eu/esco/skill/c544a9f3-5945-4b54-afed-de0697852817:essential,essential,3,,0.5,true,source_mapped,not_reviewed,,,,2026.1
CPX-OCC-ENG-010,CPX-SKL-AUTO-14F4C55C,esco,http://data.europa.eu/esco/occupation/93e4e70b-aae4-4fdc-8037-e48e7077564e:http://data.europa.eu/esco/skill/c55caed2-de9e-4a25-819e-a0b0e83fba1b:optional,desirable,3,,0.5,true,source_mapped,not_reviewed,,,,2026.1
CPX-OCC-ENG-010,CPX-SKL-AUTO-9C4561CF,esco,http://data.europa.eu/esco/occupation/93e4e70b-aae4-4fdc-8037-e48e7077564e:http://data.europa.eu/esco/skill/ceb0d9a0-96c6-4334-bcf4-c529e314d1ac:optional,desirable,3,,0.5,true,source_mapped,not_reviewed,,,,2026.1
CPX-OCC-ENG-010,CPX-SKL-AUTO-4244DC7D,esco,http://data.europa.eu/esco/occupation/93e4e70b-aae4-4fdc-8037-e48e7077564e:http://data.europa.eu/esco/skill/d22f2f23-9dd5-4854-bada-0514ff6c51a9:essential,essential,3,,0.5,true,source_mapped,not_reviewed,,,,2026.1
CPX-OCC-ENG-010,CPX-SKL-AUTO-F5B7B96A,esco,http://data.europa.eu/esco/occupation/93e4e70b-aae4-4fdc-8037-e48e7077564e:http://data.europa.eu/esco/skill/dae63e12-3547-493c-8e6b-809c348984fe:optional,desirable,3,,0.5,true,source_mapped,not_reviewed,,,,2026.1
CPX-OCC-ENG-010,CPX-SKL-AUTO-61F7D83B,esco,http://data.europa.eu/esco/occupation/93e4e70b-aae4-4fdc-8037-e48e7077564e:http://data.europa.eu/esco/skill/dda26251-7331-41fd-871f-1106ca468189:essential,essential,3,,0.5,true,source_mapped,not_reviewed,,,,2026.1
CPX-OCC-ENG-010,CPX-SKL-AUTO-C218EB29,esco,http://data.europa.eu/esco/occupation/93e4e70b-aae4-4fdc-8037-e48e7077564e:http://data.europa.eu/esco/skill/ef1d031a-33f1-4778-934c-080545315686:optional,desirable,3,,0.5,true,source_mapped,not_reviewed,,,,2026.1
CPX-OCC-ENG-010,CPX-SKL-AUTO-FE3BE470,esco,http://data.europa.eu/esco/occupation/93e4e70b-aae4-4fdc-8037-e48e7077564e:http://data.europa.eu/esco/skill/efb523d0-c998-440d-8639-cd14ba841c4c:essential,essential,3,,0.5,true,source_mapped,not_reviewed,,,,2026.1
CPX-OCC-ENG-010,CPX-SKL-AUTO-C8D98075,esco,http://data.europa.eu/esco/occupation/93e4e70b-aae4-4fdc-8037-e48e7077564e:http://data.europa.eu/esco/skill/f167af5e-096a-4ffd-8340-8306399823a3:optional,desirable,3,,0.5,true,source_mapped,not_reviewed,,,,2026.1
CPX-OCC-ENE-011,CPX-SKL-AUTO-578BB98A,esco,http://data.europa.eu/esco/occupation/9740933e-e04a-41f6-af1f-a6d58c7eb0ec:http://data.europa.eu/esco/skill/07ec6866-d283-46a6-991c-e8ce0c6fc159:optional,desirable,3,,0.5,true,source_mapped,not_reviewed,,,,2026.1
CPX-OCC-ENE-011,CPX-SKL-AUTO-1F9A12CD,esco,http://data.europa.eu/esco/occupation/9740933e-e04a-41f6-af1f-a6d58c7eb0ec:http://data.europa.eu/esco/skill/089ee650-297e-4716-87d1-440743b70a0d:essential,essential,3,,0.5,true,source_mapped,not_reviewed,,,,2026.1
CPX-OCC-ENE-011,CPX-SKL-AUTO-38A054F6,esco,http://data.europa.eu/esco/occupation/9740933e-e04a-41f6-af1f-a6d58c7eb0ec:http://data.europa.eu/esco/skill/10ac5282-3288-4383-8f69-9864d8564ea9:optional,desirable,3,,0.5,true,source_mapped,not_reviewed,,,,2026.1
CPX-OCC-ENE-011,CPX-SKL-AUTO-00CA60A1,esco,http://data.europa.eu/esco/occupation/9740933e-e04a-41f6-af1f-a6d58c7eb0ec:http://data.europa.eu/esco/skill/200a8387-d67c-43e4-9cdc-44ab592c299e:essential,essential,3,,0.5,true,source_mapped,not_reviewed,,,,2026.1
CPX-OCC-ENE-011,CPX-SKL-AUTO-0279C024,esco,http://data.europa.eu/esco/occupation/9740933e-e04a-41f6-af1f-a6d58c7eb0ec:http://data.europa.eu/esco/skill/209a5498-3449-4689-8ed9-bd08cab4fd78:essential,essential,3,,0.5,true,source_mapped,not_reviewed,,,,2026.1
CPX-OCC-ENE-011,CPX-SKL-AUTO-3A91AE7D,esco,http://data.europa.eu/esco/occupation/9740933e-e04a-41f6-af1f-a6d58c7eb0ec:http://data.europa.eu/esco/skill/233be639-bdb5-4099-ab40-96d537d6c1f3:essential,essential,3,,0.5,true,source_mapped,not_reviewed,,,,2026.1
CPX-OCC-ENE-011,CPX-SKL-AUTO-2134CEF7,esco,http://data.europa.eu/esco/occupation/9740933e-e04a-41f6-af1f-a6d58c7eb0ec:http://data.europa.eu/esco/skill/25b973c6-68ea-4ff7-bd26-aa76bd08b62a:essential,essential,3,,0.5,true,source_mapped,not_reviewed,,,,2026.1
CPX-OCC-ENE-011,CPX-SKL-AUTO-CA0ABA50,esco,http://data.europa.eu/esco/occupation/9740933e-e04a-41f6-af1f-a6d58c7eb0ec:http://data.europa.eu/esco/skill/2a2e85d7-75cc-40b4-8a34-82277d72eb84:optional,desirable,3,,0.5,true,source_mapped,not_reviewed,,,,2026.1
CPX-OCC-ENE-011,CPX-SKL-AUTO-0FF256A5,esco,http://data.europa.eu/esco/occupation/9740933e-e04a-41f6-af1f-a6d58c7eb0ec:http://data.europa.eu/esco/skill/2f48c606-a936-46a4-9058-dd925973efd6:optional,desirable,3,,0.5,true,source_mapped,not_reviewed,,,,2026.1
CPX-OCC-ENE-011,CPX-SKL-AUTO-8859E9D2,esco,http://data.europa.eu/esco/occupation/9740933e-e04a-41f6-af1f-a6d58c7eb0ec:http://data.europa.eu/esco/skill/414bfea8-a6bd-44e1-8820-80b1238a39cc:optional,desirable,3,,0.5,true,source_mapped,not_reviewed,,,,2026.1
CPX-OCC-ENE-011,CPX-SKL-AUTO-6F647F1B,esco,http://data.europa.eu/esco/occupation/9740933e-e04a-41f6-af1f-a6d58c7eb0ec:http://data.europa.eu/esco/skill/42b23922-1c40-4dbe-9e0c-7a568dfdf06b:essential,essential,3,,0.5,true,source_mapped,not_reviewed,,,,2026.1
CPX-OCC-ENE-011,CPX-SKL-AUTO-925BE284,esco,http://data.europa.eu/esco/occupation/9740933e-e04a-41f6-af1f-a6d58c7eb0ec:http://data.europa.eu/esco/skill/4d032f82-6279-48e6-9892-116440a071e3:optional,desirable,3,,0.5,true,source_mapped,not_reviewed,,,,2026.1
CPX-OCC-ENE-011,CPX-SKL-AUTO-B7A8AF32,esco,http://data.europa.eu/esco/occupation/9740933e-e04a-41f6-af1f-a6d58c7eb0ec:http://data.europa.eu/esco/skill/4fabca9a-7435-4f33-b1da-3cdb00340fdc:essential,essential,3,,0.5,true,source_mapped,not_reviewed,,,,2026.1
CPX-OCC-ENE-011,CPX-SKL-AUTO-0FBF48C0,esco,http://data.europa.eu/esco/occupation/9740933e-e04a-41f6-af1f-a6d58c7eb0ec:http://data.europa.eu/esco/skill/541561bc-510c-4a99-881c-2d8bf5a85462:essential,essential,3,,0.5,true,source_mapped,not_reviewed,,,,2026.1
CPX-OCC-ENE-011,CPX-SKL-AUTO-B6D8D6C0,esco,http://data.europa.eu/esco/occupation/9740933e-e04a-41f6-af1f-a6d58c7eb0ec:http://data.europa.eu/esco/skill/564e86a6-0916-44e6-b3d6-d99bc0c1f194:essential,essential,3,,0.5,true,source_mapped,not_reviewed,,,,2026.1
CPX-OCC-ENE-011,CPX-SKL-AUTO-E470E871,esco,http://data.europa.eu/esco/occupation/9740933e-e04a-41f6-af1f-a6d58c7eb0ec:http://data.europa.eu/esco/skill/59ea80e1-463a-4dba-82c6-d0b6d577d532:essential,essential,3,,0.5,true,source_mapped,not_reviewed,,,,2026.1
CPX-OCC-ENE-011,CPX-SKL-AUTO-8FAF5FF8,esco,http://data.europa.eu/esco/occupation/9740933e-e04a-41f6-af1f-a6d58c7eb0ec:http://data.europa.eu/esco/skill/68d5d7e2-1e9e-4b2b-bce9-ff6c687e4f45:essential,essential,3,,0.5,true,source_mapped,not_reviewed,,,,2026.1
CPX-OCC-ENE-011,CPX-SKL-AUTO-D4C5566D,esco,http://data.europa.eu/esco/occupation/9740933e-e04a-41f6-af1f-a6d58c7eb0ec:http://data.europa.eu/esco/skill/68e66ed6-a171-4350-8ec1-2cfc4cae50e4:essential,essential,3,,0.5,true,source_mapped,not_reviewed,,,,2026.1
CPX-OCC-ENE-011,CPX-SKL-AUTO-E9272939,esco,http://data.europa.eu/esco/occupation/9740933e-e04a-41f6-af1f-a6d58c7eb0ec:http://data.europa.eu/esco/skill/6af000e5-a451-4f78-9feb-723971f2ad05:optional,desirable,3,,0.5,true,source_mapped,not_reviewed,,,,2026.1
CPX-OCC-ENE-011,CPX-SKL-AUTO-40628FD9,esco,http://data.europa.eu/esco/occupation/9740933e-e04a-41f6-af1f-a6d58c7eb0ec:http://data.europa.eu/esco/skill/72a74f69-5cf1-43c5-99b9-62a444578919:essential,essential,3,,0.5,true,source_mapped,not_reviewed,,,,2026.1
CPX-OCC-ENE-011,CPX-SKL-AUTO-13772A32,esco,http://data.europa.eu/esco/occupation/9740933e-e04a-41f6-af1f-a6d58c7eb0ec:http://data.europa.eu/esco/skill/75f312e1-622b-4751-8d93-815b32feaf8d:optional,desirable,3,,0.5,true,source_mapped,not_reviewed,,,,2026.1
CPX-OCC-ENE-011,CPX-SKL-AUTO-073A34F6,esco,http://data.europa.eu/esco/occupation/9740933e-e04a-41f6-af1f-a6d58c7eb0ec:http://data.europa.eu/esco/skill/88547698-700d-41dc-b0c1-515adf63f9bf:optional,desirable,3,,0.5,true,source_mapped,not_reviewed,,,,2026.1
CPX-OCC-ENE-011,CPX-SKL-AUTO-4B8771DE,esco,http://data.europa.eu/esco/occupation/9740933e-e04a-41f6-af1f-a6d58c7eb0ec:http://data.europa.eu/esco/skill/8bdc520c-6293-4e99-bf6f-a44d5da3ebcb:essential,essential,3,,0.5,true,source_mapped,not_reviewed,,,,2026.1
CPX-OCC-ENE-011,CPX-SKL-AUTO-309B0800,esco,http://data.europa.eu/esco/occupation/9740933e-e04a-41f6-af1f-a6d58c7eb0ec:http://data.europa.eu/esco/skill/981f770c-24f1-4711-afc0-13a6fa1a33ab:essential,essential,3,,0.5,true,source_mapped,not_reviewed,,,,2026.1
CPX-OCC-ENE-011,CPX-SKL-AUTO-E2AD0CCE,esco,http://data.europa.eu/esco/occupation/9740933e-e04a-41f6-af1f-a6d58c7eb0ec:http://data.europa.eu/esco/skill/a46b6220-7313-4b3b-9bdb-cca897aff546:optional,desirable,3,,0.5,true,source_mapped,not_reviewed,,,,2026.1
CPX-OCC-ENE-011,CPX-SKL-AUTO-0128A4B5,esco,http://data.europa.eu/esco/occupation/9740933e-e04a-41f6-af1f-a6d58c7eb0ec:http://data.europa.eu/esco/skill/b422efe7-b151-4120-86ae-db11a48dd0fa:optional,desirable,3,,0.5,true,source_mapped,not_reviewed,,,,2026.1
CPX-OCC-ENE-011,CPX-SKL-AUTO-AE0F3FE2,esco,http://data.europa.eu/esco/occupation/9740933e-e04a-41f6-af1f-a6d58c7eb0ec:http://data.europa.eu/esco/skill/c1d7a6df-92e8-4b2f-9259-e04dd7242be3:essential,essential,3,,0.5,true,source_mapped,not_reviewed,,,,2026.1
CPX-OCC-ENE-011,CPX-SKL-AUTO-7CF19E65,esco,http://data.europa.eu/esco/occupation/9740933e-e04a-41f6-af1f-a6d58c7eb0ec:http://data.europa.eu/esco/skill/d6af2e83-6f95-4882-9774-af91ed59d4a6:optional,desirable,3,,0.5,true,source_mapped,not_reviewed,,,,2026.1
CPX-OCC-ENE-011,CPX-SKL-AUTO-32338136,esco,http://data.europa.eu/esco/occupation/9740933e-e04a-41f6-af1f-a6d58c7eb0ec:http://data.europa.eu/esco/skill/ddbf25f1-b91a-4083-9ef1-cc113a46e4c0:optional,desirable,3,,0.5,true,source_mapped,not_reviewed,,,,2026.1
CPX-OCC-ENE-011,CPX-SKL-AUTO-B9A2341F,esco,http://data.europa.eu/esco/occupation/9740933e-e04a-41f6-af1f-a6d58c7eb0ec:http://data.europa.eu/esco/skill/e4ff825c-7376-4135-93cd-3892fd67b7c1:optional,desirable,3,,0.5,true,source_mapped,not_reviewed,,,,2026.1
CPX-OCC-ENE-011,CPX-SKL-AUTO-D82A5A70,esco,http://data.europa.eu/esco/occupation/9740933e-e04a-41f6-af1f-a6d58c7eb0ec:http://data.europa.eu/esco/skill/f54c10e4-630d-4e50-95e9-4e9e268e8f12:essential,essential,3,,0.5,true,source_mapped,not_reviewed,,,,2026.1
CPX-OCC-ENE-011,CPX-SKL-AUTO-7894BD02,esco,http://data.europa.eu/esco/occupation/9740933e-e04a-41f6-af1f-a6d58c7eb0ec:http://data.europa.eu/esco/skill/fbe6232a-e2b2-4830-a5e6-ed6415f01e85:optional,desirable,3,,0.5,true,source_mapped,not_reviewed,,,,2026.1
CPX-OCC-ENE-011,CPX-SKL-AUTO-6D8C4162,esco,http://data.europa.eu/esco/occupation/9740933e-e04a-41f6-af1f-a6d58c7eb0ec:http://data.europa.eu/esco/skill/fcc29203-1f8d-4c54-90ee-78cb18467695:optional,desirable,3,,0.5,true,source_mapped,not_reviewed,,,,2026.1
CPX-OCC-ENG-010,CPX-SKL-AUTO-1F9A12CD,esco,http://data.europa.eu/esco/occupation/a377fafb-7e6e-4925-bc64-8099b58aafb8:http://data.europa.eu/esco/skill/089ee650-297e-4716-87d1-440743b70a0d:essential,essential,3,,0.5,true,source_mapped,not_reviewed,,,,2026.1
CPX-OCC-ENG-010,CPX-SKL-AUTO-AEDDE0A3,esco,http://data.europa.eu/esco/occupation/a377fafb-7e6e-4925-bc64-8099b58aafb8:http://data.europa.eu/esco/skill/11bebcd3-ad55-42b9-b9af-4c7cd7953e3f:essential,essential,3,,0.5,true,source_mapped,not_reviewed,,,,2026.1
CPX-OCC-ENG-010,CPX-SKL-AUTO-5B0E2959,esco,http://data.europa.eu/esco/occupation/a377fafb-7e6e-4925-bc64-8099b58aafb8:http://data.europa.eu/esco/skill/189777b9-6e95-4f76-b8db-f8e0f0477bc6:optional,desirable,3,,0.5,true,source_mapped,not_reviewed,,,,2026.1
CPX-OCC-ENG-010,CPX-SKL-AUTO-00CA60A1,esco,http://data.europa.eu/esco/occupation/a377fafb-7e6e-4925-bc64-8099b58aafb8:http://data.europa.eu/esco/skill/200a8387-d67c-43e4-9cdc-44ab592c299e:essential,essential,3,,0.5,true,source_mapped,not_reviewed,,,,2026.1
CPX-OCC-ENG-010,CPX-SKL-AUTO-0279C024,esco,http://data.europa.eu/esco/occupation/a377fafb-7e6e-4925-bc64-8099b58aafb8:http://data.europa.eu/esco/skill/209a5498-3449-4689-8ed9-bd08cab4fd78:essential,essential,3,,0.5,true,source_mapped,not_reviewed,,,,2026.1
CPX-OCC-ENG-010,CPX-SKL-AUTO-3A91AE7D,esco,http://data.europa.eu/esco/occupation/a377fafb-7e6e-4925-bc64-8099b58aafb8:http://data.europa.eu/esco/skill/233be639-bdb5-4099-ab40-96d537d6c1f3:essential,essential,3,,0.5,true,source_mapped,not_reviewed,,,,2026.1
CPX-OCC-ENG-010,CPX-SKL-AUTO-2134CEF7,esco,http://data.europa.eu/esco/occupation/a377fafb-7e6e-4925-bc64-8099b58aafb8:http://data.europa.eu/esco/skill/25b973c6-68ea-4ff7-bd26-aa76bd08b62a:essential,essential,3,,0.5,true,source_mapped,not_reviewed,,,,2026.1
CPX-OCC-ENG-010,CPX-SKL-AUTO-E2BF03CB,esco,http://data.europa.eu/esco/occupation/a377fafb-7e6e-4925-bc64-8099b58aafb8:http://data.europa.eu/esco/skill/397412dc-47c4-4580-82d0-15a9f9a86ea2:essential,essential,3,,0.5,true,source_mapped,not_reviewed,,,,2026.1
CPX-OCC-ENG-010,CPX-SKL-AUTO-8859E9D2,esco,http://data.europa.eu/esco/occupation/a377fafb-7e6e-4925-bc64-8099b58aafb8:http://data.europa.eu/esco/skill/414bfea8-a6bd-44e1-8820-80b1238a39cc:optional,desirable,3,,0.5,true,source_mapped,not_reviewed,,,,2026.1
CPX-OCC-ENG-010,CPX-SKL-AUTO-6F647F1B,esco,http://data.europa.eu/esco/occupation/a377fafb-7e6e-4925-bc64-8099b58aafb8:http://data.europa.eu/esco/skill/42b23922-1c40-4dbe-9e0c-7a568dfdf06b:essential,essential,3,,0.5,true,source_mapped,not_reviewed,,,,2026.1
CPX-OCC-ENG-010,CPX-SKL-AUTO-925BE284,esco,http://data.europa.eu/esco/occupation/a377fafb-7e6e-4925-bc64-8099b58aafb8:http://data.europa.eu/esco/skill/4d032f82-6279-48e6-9892-116440a071e3:optional,desirable,3,,0.5,true,source_mapped,not_reviewed,,,,2026.1
CPX-OCC-ENG-010,CPX-SKL-AUTO-519712A0,esco,http://data.europa.eu/esco/occupation/a377fafb-7e6e-4925-bc64-8099b58aafb8:http://data.europa.eu/esco/skill/4ee4ed1d-dc38-48e0-a9e6-a6b64f316ea6:optional,desirable,3,,0.5,true,source_mapped,not_reviewed,,,,2026.1
CPX-OCC-ENG-010,CPX-SKL-AUTO-B7A8AF32,esco,http://data.europa.eu/esco/occupation/a377fafb-7e6e-4925-bc64-8099b58aafb8:http://data.europa.eu/esco/skill/4fabca9a-7435-4f33-b1da-3cdb00340fdc:essential,essential,3,,0.5,true,source_mapped,not_reviewed,,,,2026.1
CPX-OCC-ENG-010,CPX-SKL-AUTO-0FBF48C0,esco,http://data.europa.eu/esco/occupation/a377fafb-7e6e-4925-bc64-8099b58aafb8:http://data.europa.eu/esco/skill/541561bc-510c-4a99-881c-2d8bf5a85462:essential,essential,3,,0.5,true,source_mapped,not_reviewed,,,,2026.1
CPX-OCC-ENG-010,CPX-SKL-AUTO-B6D8D6C0,esco,http://data.europa.eu/esco/occupation/a377fafb-7e6e-4925-bc64-8099b58aafb8:http://data.europa.eu/esco/skill/564e86a6-0916-44e6-b3d6-d99bc0c1f194:essential,essential,3,,0.5,true,source_mapped,not_reviewed,,,,2026.1
CPX-OCC-ENG-010,CPX-SKL-AUTO-E470E871,esco,http://data.europa.eu/esco/occupation/a377fafb-7e6e-4925-bc64-8099b58aafb8:http://data.europa.eu/esco/skill/59ea80e1-463a-4dba-82c6-d0b6d577d532:essential,essential,3,,0.5,true,source_mapped,not_reviewed,,,,2026.1
CPX-OCC-ENG-010,CPX-SKL-AUTO-5F843E05,esco,http://data.europa.eu/esco/occupation/a377fafb-7e6e-4925-bc64-8099b58aafb8:http://data.europa.eu/esco/skill/5b8d63ff-a58b-4331-a53b-b1925acae4dc:optional,desirable,3,,0.5,true,source_mapped,not_reviewed,,,,2026.1
CPX-OCC-ENG-010,CPX-SKL-AUTO-D4C5566D,esco,http://data.europa.eu/esco/occupation/a377fafb-7e6e-4925-bc64-8099b58aafb8:http://data.europa.eu/esco/skill/68e66ed6-a171-4350-8ec1-2cfc4cae50e4:essential,essential,3,,0.5,true,source_mapped,not_reviewed,,,,2026.1
CPX-OCC-ENG-010,CPX-SKL-AUTO-98EAC897,esco,http://data.europa.eu/esco/occupation/a377fafb-7e6e-4925-bc64-8099b58aafb8:http://data.europa.eu/esco/skill/6b5d032a-b85a-44ea-9dad-5201048d2dd2:optional,desirable,3,,0.5,true,source_mapped,not_reviewed,,,,2026.1
CPX-OCC-ENG-010,CPX-SKL-AUTO-E6E2C0DD,esco,http://data.europa.eu/esco/occupation/a377fafb-7e6e-4925-bc64-8099b58aafb8:http://data.europa.eu/esco/skill/700ea222-8139-4c48-95cf-014855565530:optional,desirable,3,,0.5,true,source_mapped,not_reviewed,,,,2026.1
CPX-OCC-ENG-010,CPX-SKL-AUTO-40628FD9,esco,http://data.europa.eu/esco/occupation/a377fafb-7e6e-4925-bc64-8099b58aafb8:http://data.europa.eu/esco/skill/72a74f69-5cf1-43c5-99b9-62a444578919:essential,essential,3,,0.5,true,source_mapped,not_reviewed,,,,2026.1
CPX-OCC-ENG-010,CPX-SKL-AUTO-13772A32,esco,http://data.europa.eu/esco/occupation/a377fafb-7e6e-4925-bc64-8099b58aafb8:http://data.europa.eu/esco/skill/75f312e1-622b-4751-8d93-815b32feaf8d:optional,desirable,3,,0.5,true,source_mapped,not_reviewed,,,,2026.1
CPX-OCC-ENG-010,CPX-SKL-AUTO-073A34F6,esco,http://data.europa.eu/esco/occupation/a377fafb-7e6e-4925-bc64-8099b58aafb8:http://data.europa.eu/esco/skill/88547698-700d-41dc-b0c1-515adf63f9bf:optional,desirable,3,,0.5,true,source_mapped,not_reviewed,,,,2026.1
CPX-OCC-ENG-010,CPX-SKL-AUTO-4B8771DE,esco,http://data.europa.eu/esco/occupation/a377fafb-7e6e-4925-bc64-8099b58aafb8:http://data.europa.eu/esco/skill/8bdc520c-6293-4e99-bf6f-a44d5da3ebcb:optional,desirable,3,,0.5,true,source_mapped,not_reviewed,,,,2026.1
CPX-OCC-ENG-010,CPX-SKL-AUTO-309B0800,esco,http://data.europa.eu/esco/occupation/a377fafb-7e6e-4925-bc64-8099b58aafb8:http://data.europa.eu/esco/skill/981f770c-24f1-4711-afc0-13a6fa1a33ab:essential,essential,3,,0.5,true,source_mapped,not_reviewed,,,,2026.1
CPX-OCC-ENG-010,CPX-SKL-AUTO-BD75BC02,esco,http://data.europa.eu/esco/occupation/a377fafb-7e6e-4925-bc64-8099b58aafb8:http://data.europa.eu/esco/skill/9c5dbb72-563f-449d-ab89-56b8dfc271b6:essential,essential,3,,0.5,true,source_mapped,not_reviewed,,,,2026.1
CPX-OCC-ENG-010,CPX-SKL-AUTO-656B7CFF,esco,http://data.europa.eu/esco/occupation/a377fafb-7e6e-4925-bc64-8099b58aafb8:http://data.europa.eu/esco/skill/afc7c834-8190-4b65-acc6-5c158c851c85:essential,essential,3,,0.5,true,source_mapped,not_reviewed,,,,2026.1
CPX-OCC-ENG-010,CPX-SKL-AUTO-9751A58B,esco,http://data.europa.eu/esco/occupation/a377fafb-7e6e-4925-bc64-8099b58aafb8:http://data.europa.eu/esco/skill/b1b118c4-3291-484e-b64d-6d51fd5da8b3:optional,desirable,3,,0.5,true,source_mapped,not_reviewed,,,,2026.1
CPX-OCC-ENG-010,CPX-SKL-AUTO-0C99F9B8,esco,http://data.europa.eu/esco/occupation/a377fafb-7e6e-4925-bc64-8099b58aafb8:http://data.europa.eu/esco/skill/b25c3eb8-fd63-4d77-8308-7061dbd271c1:optional,desirable,3,,0.5,true,source_mapped,not_reviewed,,,,2026.1
CPX-OCC-ENG-010,CPX-SKL-AUTO-C4A41611,esco,http://data.europa.eu/esco/occupation/a377fafb-7e6e-4925-bc64-8099b58aafb8:http://data.europa.eu/esco/skill/b7729524-6d0e-45b6-87c8-79af1e955a5b:essential,essential,3,,0.5,true,source_mapped,not_reviewed,,,,2026.1
CPX-OCC-ENG-010,CPX-SKL-AUTO-BD469EC3,esco,http://data.europa.eu/esco/occupation/a377fafb-7e6e-4925-bc64-8099b58aafb8:http://data.europa.eu/esco/skill/b970e437-2f8b-42e3-ae49-6718a0cca44f:optional,desirable,3,,0.5,true,source_mapped,not_reviewed,,,,2026.1
CPX-OCC-ENG-010,CPX-SKL-AUTO-A89BD321,esco,http://data.europa.eu/esco/occupation/a377fafb-7e6e-4925-bc64-8099b58aafb8:http://data.europa.eu/esco/skill/bc946ebd-caa8-4e18-b5c5-5928768f45fa:essential,essential,3,,0.5,true,source_mapped,not_reviewed,,,,2026.1
CPX-OCC-ENG-010,CPX-SKL-AUTO-AE0F3FE2,esco,http://data.europa.eu/esco/occupation/a377fafb-7e6e-4925-bc64-8099b58aafb8:http://data.europa.eu/esco/skill/c1d7a6df-92e8-4b2f-9259-e04dd7242be3:essential,essential,3,,0.5,true,source_mapped,not_reviewed,,,,2026.1
CPX-OCC-ENG-010,CPX-SKL-AUTO-FC09EE69,esco,http://data.europa.eu/esco/occupation/a377fafb-7e6e-4925-bc64-8099b58aafb8:http://data.europa.eu/esco/skill/c3404999-faaa-4779-9cbf-e594b9c4d3b6:optional,desirable,3,,0.5,true,source_mapped,not_reviewed,,,,2026.1
CPX-OCC-ENG-010,CPX-SKL-AUTO-68FBBA12,esco,http://data.europa.eu/esco/occupation/a377fafb-7e6e-4925-bc64-8099b58aafb8:http://data.europa.eu/esco/skill/eb6b7a26-69ab-43f5-9ab4-d09f8904f8e0:optional,desirable,3,,0.5,true,source_mapped,not_reviewed,,,,2026.1
CPX-OCC-ENG-010,CPX-SKL-AUTO-D82A5A70,esco,http://data.europa.eu/esco/occupation/a377fafb-7e6e-4925-bc64-8099b58aafb8:http://data.europa.eu/esco/skill/f54c10e4-630d-4e50-95e9-4e9e268e8f12:essential,essential,3,,0.5,true,source_mapped,not_reviewed,,,,2026.1
CPX-OCC-ENG-005,CPX-SKL-AUTO-833F0AC8,esco,http://data.europa.eu/esco/occupation/aad7819e-d62e-41de-a594-9f2be186a6c2:http://data.europa.eu/esco/skill/11f364dd-0814-4398-b00e-10d1be8b27af:essential,essential,3,,0.5,true,source_mapped,not_reviewed,,,,2026.1
CPX-OCC-ENG-005,CPX-SKL-AUTO-0279C024,esco,http://data.europa.eu/esco/occupation/aad7819e-d62e-41de-a594-9f2be186a6c2:http://data.europa.eu/esco/skill/209a5498-3449-4689-8ed9-bd08cab4fd78:essential,essential,3,,0.5,true,source_mapped,not_reviewed,,,,2026.1
CPX-OCC-ENG-005,CPX-SKL-AUTO-AF38D05B,esco,http://data.europa.eu/esco/occupation/aad7819e-d62e-41de-a594-9f2be186a6c2:http://data.europa.eu/esco/skill/21c5790c-0930-4d74-b3b0-84caf5af12ea:essential,essential,3,,0.5,true,source_mapped,not_reviewed,,,,2026.1
CPX-OCC-ENG-005,CPX-SKL-AUTO-3A91AE7D,esco,http://data.europa.eu/esco/occupation/aad7819e-d62e-41de-a594-9f2be186a6c2:http://data.europa.eu/esco/skill/233be639-bdb5-4099-ab40-96d537d6c1f3:essential,essential,3,,0.5,true,source_mapped,not_reviewed,,,,2026.1
CPX-OCC-ENG-005,CPX-SKL-AUTO-E8CFE1E7,esco,http://data.europa.eu/esco/occupation/aad7819e-d62e-41de-a594-9f2be186a6c2:http://data.europa.eu/esco/skill/31c69100-b612-4a61-8db5-fd314318854c:essential,essential,3,,0.5,true,source_mapped,not_reviewed,,,,2026.1
CPX-OCC-ENG-005,CPX-SKL-AUTO-902FF101,esco,http://data.europa.eu/esco/occupation/aad7819e-d62e-41de-a594-9f2be186a6c2:http://data.europa.eu/esco/skill/34330a42-eeb0-44c3-a41e-670e9b20c7c7:optional,desirable,3,,0.5,true,source_mapped,not_reviewed,,,,2026.1
CPX-OCC-ENG-005,CPX-SKL-AUTO-C74C4BF1,esco,http://data.europa.eu/esco/occupation/aad7819e-d62e-41de-a594-9f2be186a6c2:http://data.europa.eu/esco/skill/39e71107-3aa9-41a0-809c-edea477c968f:optional,desirable,3,,0.5,true,source_mapped,not_reviewed,,,,2026.1
CPX-OCC-ENG-005,CPX-SKL-AUTO-6F647F1B,esco,http://data.europa.eu/esco/occupation/aad7819e-d62e-41de-a594-9f2be186a6c2:http://data.europa.eu/esco/skill/42b23922-1c40-4dbe-9e0c-7a568dfdf06b:essential,essential,3,,0.5,true,source_mapped,not_reviewed,,,,2026.1
CPX-OCC-ENG-005,CPX-SKL-AUTO-3951517D,esco,http://data.europa.eu/esco/occupation/aad7819e-d62e-41de-a594-9f2be186a6c2:http://data.europa.eu/esco/skill/4339176e-3acd-4f7f-a5d9-445bee3d23f2:essential,essential,3,,0.5,true,source_mapped,not_reviewed,,,,2026.1
CPX-OCC-ENG-005,CPX-SKL-AUTO-E900B26A,esco,http://data.europa.eu/esco/occupation/aad7819e-d62e-41de-a594-9f2be186a6c2:http://data.europa.eu/esco/skill/4c58528e-bdaa-43ad-8f5a-8ad0b8cd4bbb:essential,essential,3,,0.5,true,source_mapped,not_reviewed,,,,2026.1
CPX-OCC-ENG-005,CPX-SKL-AUTO-0384E53A,esco,http://data.europa.eu/esco/occupation/aad7819e-d62e-41de-a594-9f2be186a6c2:http://data.europa.eu/esco/skill/4d6a1837-93df-4a81-b424-74e1a8ed2f03:optional,desirable,3,,0.5,true,source_mapped,not_reviewed,,,,2026.1
CPX-OCC-ENG-005,CPX-SKL-AUTO-B7A8AF32,esco,http://data.europa.eu/esco/occupation/aad7819e-d62e-41de-a594-9f2be186a6c2:http://data.europa.eu/esco/skill/4fabca9a-7435-4f33-b1da-3cdb00340fdc:essential,essential,3,,0.5,true,source_mapped,not_reviewed,,,,2026.1
CPX-OCC-ENG-005,CPX-SKL-AUTO-AFC6ADF5,esco,http://data.europa.eu/esco/occupation/aad7819e-d62e-41de-a594-9f2be186a6c2:http://data.europa.eu/esco/skill/50f2d23c-b3fb-48a5-967b-14fd0a6dd205:optional,desirable,3,,0.5,true,source_mapped,not_reviewed,,,,2026.1
CPX-OCC-ENG-005,CPX-SKL-AUTO-0FBF48C0,esco,http://data.europa.eu/esco/occupation/aad7819e-d62e-41de-a594-9f2be186a6c2:http://data.europa.eu/esco/skill/541561bc-510c-4a99-881c-2d8bf5a85462:essential,essential,3,,0.5,true,source_mapped,not_reviewed,,,,2026.1
CPX-OCC-ENG-005,CPX-SKL-AUTO-E470E871,esco,http://data.europa.eu/esco/occupation/aad7819e-d62e-41de-a594-9f2be186a6c2:http://data.europa.eu/esco/skill/59ea80e1-463a-4dba-82c6-d0b6d577d532:essential,essential,3,,0.5,true,source_mapped,not_reviewed,,,,2026.1
CPX-OCC-ENG-005,CPX-SKL-AUTO-E32B64DB,esco,http://data.europa.eu/esco/occupation/aad7819e-d62e-41de-a594-9f2be186a6c2:http://data.europa.eu/esco/skill/6f993130-082b-4732-b62f-52cdf2096ad9:optional,desirable,3,,0.5,true,source_mapped,not_reviewed,,,,2026.1
CPX-OCC-ENG-005,CPX-SKL-AUTO-40628FD9,esco,http://data.europa.eu/esco/occupation/aad7819e-d62e-41de-a594-9f2be186a6c2:http://data.europa.eu/esco/skill/72a74f69-5cf1-43c5-99b9-62a444578919:essential,essential,3,,0.5,true,source_mapped,not_reviewed,,,,2026.1
CPX-OCC-ENG-005,CPX-SKL-AUTO-0157CCD9,esco,http://data.europa.eu/esco/occupation/aad7819e-d62e-41de-a594-9f2be186a6c2:http://data.europa.eu/esco/skill/73de691d-d112-444b-a99f-606888fa9414:essential,essential,3,,0.5,true,source_mapped,not_reviewed,,,,2026.1
CPX-OCC-ENG-005,CPX-SKL-AUTO-4562170B,esco,http://data.europa.eu/esco/occupation/aad7819e-d62e-41de-a594-9f2be186a6c2:http://data.europa.eu/esco/skill/75697ed4-c1a3-47dc-93e3-bb50f21aa2f6:optional,desirable,3,,0.5,true,source_mapped,not_reviewed,,,,2026.1
CPX-OCC-ENG-005,CPX-SKL-AUTO-599DD157,esco,http://data.europa.eu/esco/occupation/aad7819e-d62e-41de-a594-9f2be186a6c2:http://data.europa.eu/esco/skill/76654176-5cc8-4cb3-b307-4ef1b6c2543c:essential,essential,3,,0.5,true,source_mapped,not_reviewed,,,,2026.1
CPX-OCC-ENG-005,CPX-SKL-AUTO-E2348734,esco,http://data.europa.eu/esco/occupation/aad7819e-d62e-41de-a594-9f2be186a6c2:http://data.europa.eu/esco/skill/7f18039d-dfae-471b-9daa-507f6b2d2842:essential,essential,3,,0.5,true,source_mapped,not_reviewed,,,,2026.1
CPX-OCC-ENG-005,CPX-SKL-AUTO-DCA6C688,esco,http://data.europa.eu/esco/occupation/aad7819e-d62e-41de-a594-9f2be186a6c2:http://data.europa.eu/esco/skill/82394321-7f35-4a29-b2fa-4a58f66258f5:optional,desirable,3,,0.5,true,source_mapped,not_reviewed,,,,2026.1
CPX-OCC-ENG-005,CPX-SKL-AUTO-FDD48A42,esco,http://data.europa.eu/esco/occupation/aad7819e-d62e-41de-a594-9f2be186a6c2:http://data.europa.eu/esco/skill/82887396-e5bf-4306-af51-3fe8d82790b2:essential,essential,3,,0.5,true,source_mapped,not_reviewed,,,,2026.1
CPX-OCC-ENG-005,CPX-SKL-AUTO-B1EF8FE9,esco,http://data.europa.eu/esco/occupation/aad7819e-d62e-41de-a594-9f2be186a6c2:http://data.europa.eu/esco/skill/8b46636e-e201-4086-a8d5-049b65eaf40e:essential,essential,3,,0.5,true,source_mapped,not_reviewed,,,,2026.1
CPX-OCC-ENG-005,CPX-SKL-AUTO-238F79D4,esco,http://data.europa.eu/esco/occupation/aad7819e-d62e-41de-a594-9f2be186a6c2:http://data.europa.eu/esco/skill/95f4631e-fcde-467f-8277-01e824b40a06:optional,desirable,3,,0.5,true,source_mapped,not_reviewed,,,,2026.1
CPX-OCC-ENG-005,CPX-SKL-AUTO-BE9FAE55,esco,http://data.europa.eu/esco/occupation/aad7819e-d62e-41de-a594-9f2be186a6c2:http://data.europa.eu/esco/skill/969caeb0-cfc5-42aa-9c44-0ca3c09305fe:optional,desirable,3,,0.5,true,source_mapped,not_reviewed,,,,2026.1
CPX-OCC-ENG-005,CPX-SKL-AUTO-20E8399C,esco,http://data.europa.eu/esco/occupation/aad7819e-d62e-41de-a594-9f2be186a6c2:http://data.europa.eu/esco/skill/97902800-f9e0-4a73-8826-6cc42f874a18:optional,desirable,3,,0.5,true,source_mapped,not_reviewed,,,,2026.1
CPX-OCC-ENG-005,CPX-SKL-AUTO-88F5680B,esco,http://data.europa.eu/esco/occupation/aad7819e-d62e-41de-a594-9f2be186a6c2:http://data.europa.eu/esco/skill/99095ca0-1218-462d-9e95-79e334ba8b63:optional,desirable,3,,0.5,true,source_mapped,not_reviewed,,,,2026.1
CPX-OCC-ENG-005,CPX-SKL-AUTO-052B962E,esco,http://data.europa.eu/esco/occupation/aad7819e-d62e-41de-a594-9f2be186a6c2:http://data.europa.eu/esco/skill/b34e2ba1-9080-48c9-9b42-ee9192a4d3f1:optional,desirable,3,,0.5,true,source_mapped,not_reviewed,,,,2026.1
CPX-OCC-ENG-005,CPX-SKL-AUTO-9FA443C7,esco,http://data.europa.eu/esco/occupation/aad7819e-d62e-41de-a594-9f2be186a6c2:http://data.europa.eu/esco/skill/bc54eee1-a858-4f80-afdc-0442a617ef50:optional,desirable,3,,0.5,true,source_mapped,not_reviewed,,,,2026.1
CPX-OCC-ENG-005,CPX-SKL-AUTO-4C9EBF89,esco,http://data.europa.eu/esco/occupation/aad7819e-d62e-41de-a594-9f2be186a6c2:http://data.europa.eu/esco/skill/be727774-46d7-43d7-aee9-1a51b5cd8c71:essential,essential,3,,0.5,true,source_mapped,not_reviewed,,,,2026.1
CPX-OCC-ENG-005,CPX-SKL-AUTO-B40B55C3,esco,http://data.europa.eu/esco/occupation/aad7819e-d62e-41de-a594-9f2be186a6c2:http://data.europa.eu/esco/skill/cc173f61-3386-44c5-a048-3889e1ec9114:essential,essential,3,,0.5,true,source_mapped,not_reviewed,,,,2026.1
CPX-OCC-ENG-005,CPX-SKL-AUTO-AEBD6FC6,esco,http://data.europa.eu/esco/occupation/aad7819e-d62e-41de-a594-9f2be186a6c2:http://data.europa.eu/esco/skill/ce4990a4-bf69-4f5f-becb-e4fd96da3a74:essential,essential,3,,0.5,true,source_mapped,not_reviewed,,,,2026.1
CPX-OCC-ENG-005,CPX-SKL-AUTO-DA0A87CC,esco,http://data.europa.eu/esco/occupation/aad7819e-d62e-41de-a594-9f2be186a6c2:http://data.europa.eu/esco/skill/d74df140-eb69-43e2-bac9-1cafc824d702:optional,desirable,3,,0.5,true,source_mapped,not_reviewed,,,,2026.1
CPX-OCC-ENG-005,CPX-SKL-AUTO-F99C5CDA,esco,http://data.europa.eu/esco/occupation/aad7819e-d62e-41de-a594-9f2be186a6c2:http://data.europa.eu/esco/skill/d89f5cee-649a-44bd-9aa9-8e74bbdbd50d:optional,desirable,3,,0.5,true,source_mapped,not_reviewed,,,,2026.1
CPX-OCC-ENG-005,CPX-SKL-AUTO-61F7D83B,esco,http://data.europa.eu/esco/occupation/aad7819e-d62e-41de-a594-9f2be186a6c2:http://data.europa.eu/esco/skill/dda26251-7331-41fd-871f-1106ca468189:optional,desirable,3,,0.5,true,source_mapped,not_reviewed,,,,2026.1
CPX-OCC-ENG-005,CPX-SKL-AUTO-FD4864F4,esco,http://data.europa.eu/esco/occupation/aad7819e-d62e-41de-a594-9f2be186a6c2:http://data.europa.eu/esco/skill/ec410a76-f890-4012-8863-b82f2c75527c:essential,essential,3,,0.5,true,source_mapped,not_reviewed,,,,2026.1
CPX-OCC-ENG-005,CPX-SKL-AUTO-D82A5A70,esco,http://data.europa.eu/esco/occupation/aad7819e-d62e-41de-a594-9f2be186a6c2:http://data.europa.eu/esco/skill/f54c10e4-630d-4e50-95e9-4e9e268e8f12:essential,essential,3,,0.5,true,source_mapped,not_reviewed,,,,2026.1
CPX-OCC-ENG-005,CPX-SKL-AUTO-B2218D77,esco,http://data.europa.eu/esco/occupation/aad7819e-d62e-41de-a594-9f2be186a6c2:http://data.europa.eu/esco/skill/f672b7a0-698e-45f1-a102-51adeaf89200:optional,desirable,3,,0.5,true,source_mapped,not_reviewed,,,,2026.1
CPX-OCC-ENG-012,CPX-SKL-AUTO-1F9A12CD,esco,http://data.europa.eu/esco/occupation/ac37627c-a999-4779-997e-9795cc4f9a3d:http://data.europa.eu/esco/skill/089ee650-297e-4716-87d1-440743b70a0d:essential,essential,3,,0.5,true,source_mapped,not_reviewed,,,,2026.1
CPX-OCC-ENG-012,CPX-SKL-AUTO-3A91AE7D,esco,http://data.europa.eu/esco/occupation/ac37627c-a999-4779-997e-9795cc4f9a3d:http://data.europa.eu/esco/skill/233be639-bdb5-4099-ab40-96d537d6c1f3:essential,essential,3,,0.5,true,source_mapped,not_reviewed,,,,2026.1
CPX-OCC-ENG-012,CPX-SKL-AUTO-BC270433,esco,http://data.europa.eu/esco/occupation/ac37627c-a999-4779-997e-9795cc4f9a3d:http://data.europa.eu/esco/skill/334e3e49-fb02-4051-809a-f06adfdc1c40:optional,desirable,3,,0.5,true,source_mapped,not_reviewed,,,,2026.1
CPX-OCC-ENG-012,CPX-SKL-AUTO-6F647F1B,esco,http://data.europa.eu/esco/occupation/ac37627c-a999-4779-997e-9795cc4f9a3d:http://data.europa.eu/esco/skill/42b23922-1c40-4dbe-9e0c-7a568dfdf06b:optional,desirable,3,,0.5,true,source_mapped,not_reviewed,,,,2026.1
CPX-OCC-ENG-012,CPX-SKL-AUTO-8B20186D,esco,http://data.europa.eu/esco/occupation/ac37627c-a999-4779-997e-9795cc4f9a3d:http://data.europa.eu/esco/skill/68698869-c13c-4563-adc7-118b7644f45d:essential,essential,3,,0.5,true,source_mapped,not_reviewed,,,,2026.1
CPX-OCC-ENG-012,CPX-SKL-AUTO-408380BB,esco,http://data.europa.eu/esco/occupation/ac37627c-a999-4779-997e-9795cc4f9a3d:http://data.europa.eu/esco/skill/9bcff7ef-1f9e-4054-b8fa-3c640e491a11:optional,desirable,3,,0.5,true,source_mapped,not_reviewed,,,,2026.1
CPX-OCC-ENG-012,CPX-SKL-AUTO-052B962E,esco,http://data.europa.eu/esco/occupation/ac37627c-a999-4779-997e-9795cc4f9a3d:http://data.europa.eu/esco/skill/b34e2ba1-9080-48c9-9b42-ee9192a4d3f1:optional,desirable,3,,0.5,true,source_mapped,not_reviewed,,,,2026.1
CPX-OCC-ENG-012,CPX-SKL-AUTO-253B51AB,esco,http://data.europa.eu/esco/occupation/ac37627c-a999-4779-997e-9795cc4f9a3d:http://data.europa.eu/esco/skill/dd6e5939-d19b-4e2f-a025-2014f0a2ec88:essential,essential,3,,0.5,true,source_mapped,not_reviewed,,,,2026.1
CPX-OCC-ENG-012,CPX-SKL-AUTO-E66D8FAF,esco,http://data.europa.eu/esco/occupation/ac37627c-a999-4779-997e-9795cc4f9a3d:http://data.europa.eu/esco/skill/e95058a6-e139-42e7-a470-72038a606649:essential,essential,3,,0.5,true,source_mapped,not_reviewed,,,,2026.1
CPX-OCC-ENG-003,CPX-SKL-AUTO-0F91113D,esco,http://data.europa.eu/esco/occupation/b9296f1a-a68b-4ac7-9904-f2cf1374fbaf:http://data.europa.eu/esco/skill/1007aa13-9f18-4bcf-96f3-e108c40baf69:essential,essential,3,,0.5,true,source_mapped,not_reviewed,,,,2026.1
CPX-OCC-ENG-003,CPX-SKL-AUTO-5836997E,esco,http://data.europa.eu/esco/occupation/b9296f1a-a68b-4ac7-9904-f2cf1374fbaf:http://data.europa.eu/esco/skill/2964011e-f828-4c6c-b98b-51e984d66365:essential,essential,3,,0.5,true,source_mapped,not_reviewed,,,,2026.1
CPX-OCC-ENG-003,CPX-SKL-AUTO-7D6C44B8,esco,http://data.europa.eu/esco/occupation/b9296f1a-a68b-4ac7-9904-f2cf1374fbaf:http://data.europa.eu/esco/skill/2ee670aa-c687-4ff7-92eb-0abc9b57e5f2:optional,desirable,3,,0.5,true,source_mapped,not_reviewed,,,,2026.1
CPX-OCC-ENG-003,CPX-SKL-AUTO-E8CFE1E7,esco,http://data.europa.eu/esco/occupation/b9296f1a-a68b-4ac7-9904-f2cf1374fbaf:http://data.europa.eu/esco/skill/31c69100-b612-4a61-8db5-fd314318854c:essential,essential,3,,0.5,true,source_mapped,not_reviewed,,,,2026.1
CPX-OCC-ENG-003,CPX-SKL-AUTO-9918DFB6,esco,http://data.europa.eu/esco/occupation/b9296f1a-a68b-4ac7-9904-f2cf1374fbaf:http://data.europa.eu/esco/skill/3c6fe585-7d12-4315-b579-e30c042088ce:essential,essential,3,,0.5,true,source_mapped,not_reviewed,,,,2026.1
CPX-OCC-ENG-003,CPX-SKL-AUTO-2BE60248,esco,http://data.europa.eu/esco/occupation/b9296f1a-a68b-4ac7-9904-f2cf1374fbaf:http://data.europa.eu/esco/skill/3cb69f14-c297-474a-8950-5e7af4da0049:optional,desirable,3,,0.5,true,source_mapped,not_reviewed,,,,2026.1
CPX-OCC-ENG-003,CPX-SKL-AUTO-1D4E2E34,esco,http://data.europa.eu/esco/occupation/b9296f1a-a68b-4ac7-9904-f2cf1374fbaf:http://data.europa.eu/esco/skill/3e40c7d0-0e36-4b33-bc33-0aa87eda0561:optional,desirable,3,,0.5,true,source_mapped,not_reviewed,,,,2026.1
CPX-OCC-ENG-003,CPX-SKL-AUTO-3951517D,esco,http://data.europa.eu/esco/occupation/b9296f1a-a68b-4ac7-9904-f2cf1374fbaf:http://data.europa.eu/esco/skill/4339176e-3acd-4f7f-a5d9-445bee3d23f2:essential,essential,3,,0.5,true,source_mapped,not_reviewed,,,,2026.1
CPX-OCC-ENG-003,CPX-SKL-AUTO-3F931A3E,esco,http://data.europa.eu/esco/occupation/b9296f1a-a68b-4ac7-9904-f2cf1374fbaf:http://data.europa.eu/esco/skill/532bcdca-a889-4dea-8f7f-4e03d8cfd0d2:optional,desirable,3,,0.5,true,source_mapped,not_reviewed,,,,2026.1
CPX-OCC-ENG-003,CPX-SKL-AUTO-8308E008,esco,http://data.europa.eu/esco/occupation/b9296f1a-a68b-4ac7-9904-f2cf1374fbaf:http://data.europa.eu/esco/skill/53403f06-6c51-4a24-9491-d8a6200526ce:essential,essential,3,,0.5,true,source_mapped,not_reviewed,,,,2026.1
CPX-OCC-ENG-003,CPX-SKL-AUTO-1508EE9B,esco,http://data.europa.eu/esco/occupation/b9296f1a-a68b-4ac7-9904-f2cf1374fbaf:http://data.europa.eu/esco/skill/53b1dcbc-7c51-43cd-9e3a-9ca78afd2895:optional,desirable,3,,0.5,true,source_mapped,not_reviewed,,,,2026.1
CPX-OCC-ENG-003,CPX-SKL-AUTO-CD7335A8,esco,http://data.europa.eu/esco/occupation/b9296f1a-a68b-4ac7-9904-f2cf1374fbaf:http://data.europa.eu/esco/skill/632843be-2872-47b4-a92e-352629f9bd88:essential,essential,3,,0.5,true,source_mapped,not_reviewed,,,,2026.1
CPX-OCC-ENG-003,CPX-SKL-AUTO-AA73F5E5,esco,http://data.europa.eu/esco/occupation/b9296f1a-a68b-4ac7-9904-f2cf1374fbaf:http://data.europa.eu/esco/skill/658b6ea0-79f5-451d-a037-7593a4416c85:optional,desirable,3,,0.5,true,source_mapped,not_reviewed,,,,2026.1
CPX-OCC-ENG-003,CPX-SKL-AUTO-237DB4BB,esco,http://data.europa.eu/esco/occupation/b9296f1a-a68b-4ac7-9904-f2cf1374fbaf:http://data.europa.eu/esco/skill/692ace70-7f97-4214-92bd-88f7637d8a44:essential,essential,3,,0.5,true,source_mapped,not_reviewed,,,,2026.1
CPX-OCC-ENG-003,CPX-SKL-AUTO-1014C414,esco,http://data.europa.eu/esco/occupation/b9296f1a-a68b-4ac7-9904-f2cf1374fbaf:http://data.europa.eu/esco/skill/6ed67cf0-d8b9-4025-8b6e-a29a11e6b977:optional,desirable,3,,0.5,true,source_mapped,not_reviewed,,,,2026.1
CPX-OCC-ENG-003,CPX-SKL-AUTO-A0CC4688,esco,http://data.europa.eu/esco/occupation/b9296f1a-a68b-4ac7-9904-f2cf1374fbaf:http://data.europa.eu/esco/skill/7566f0b4-7f6e-455c-abb5-ec58e57f7e17:optional,desirable,3,,0.5,true,source_mapped,not_reviewed,,,,2026.1
CPX-OCC-ENG-003,CPX-SKL-AUTO-33D28B04,esco,http://data.europa.eu/esco/occupation/b9296f1a-a68b-4ac7-9904-f2cf1374fbaf:http://data.europa.eu/esco/skill/82313e12-9d39-47d1-b7c9-78bbd6bb50e2:essential,essential,3,,0.5,true,source_mapped,not_reviewed,,,,2026.1
CPX-OCC-ENG-003,CPX-SKL-AUTO-29111B5F,esco,http://data.europa.eu/esco/occupation/b9296f1a-a68b-4ac7-9904-f2cf1374fbaf:http://data.europa.eu/esco/skill/97965983-0da4-4902-9daf-d5cd2693ef73:essential,essential,3,,0.5,true,source_mapped,not_reviewed,,,,2026.1
CPX-OCC-ENG-003,CPX-SKL-AUTO-D5CBD41C,esco,http://data.europa.eu/esco/occupation/b9296f1a-a68b-4ac7-9904-f2cf1374fbaf:http://data.europa.eu/esco/skill/9c071f1d-eac3-449d-b004-c14775b5a3b9:essential,essential,3,,0.5,true,source_mapped,not_reviewed,,,,2026.1
CPX-OCC-ENG-003,CPX-SKL-AUTO-F7762CDA,esco,http://data.europa.eu/esco/occupation/b9296f1a-a68b-4ac7-9904-f2cf1374fbaf:http://data.europa.eu/esco/skill/9ce670ec-318c-4a91-9179-03437db728dc:essential,essential,3,,0.5,true,source_mapped,not_reviewed,,,,2026.1
CPX-OCC-ENG-003,CPX-SKL-AUTO-1B65795E,esco,http://data.europa.eu/esco/occupation/b9296f1a-a68b-4ac7-9904-f2cf1374fbaf:http://data.europa.eu/esco/skill/a59708e3-e654-4e37-8b8a-741c3b756eee:essential,essential,3,,0.5,true,source_mapped,not_reviewed,,,,2026.1
CPX-OCC-ENG-003,CPX-SKL-AUTO-871E6AB9,esco,http://data.europa.eu/esco/occupation/b9296f1a-a68b-4ac7-9904-f2cf1374fbaf:http://data.europa.eu/esco/skill/a933a46f-d4d8-4e96-a7f7-345725111bfa:essential,essential,3,,0.5,true,source_mapped,not_reviewed,,,,2026.1
CPX-OCC-ENG-003,CPX-SKL-AUTO-1083AFD4,esco,http://data.europa.eu/esco/occupation/b9296f1a-a68b-4ac7-9904-f2cf1374fbaf:http://data.europa.eu/esco/skill/af0bbc31-b54d-4e8d-82b1-2e91a1115523:optional,desirable,3,,0.5,true,source_mapped,not_reviewed,,,,2026.1
CPX-OCC-ENG-003,CPX-SKL-AUTO-45BD37E4,esco,http://data.europa.eu/esco/occupation/b9296f1a-a68b-4ac7-9904-f2cf1374fbaf:http://data.europa.eu/esco/skill/b07daddc-8625-4360-946e-ad2b0e56ebf6:essential,essential,3,,0.5,true,source_mapped,not_reviewed,,,,2026.1
CPX-OCC-ENG-003,CPX-SKL-AUTO-8C1CD5DD,esco,http://data.europa.eu/esco/occupation/b9296f1a-a68b-4ac7-9904-f2cf1374fbaf:http://data.europa.eu/esco/skill/c0fce59c-e227-4745-945f-95eb2f0bc03e:essential,essential,3,,0.5,true,source_mapped,not_reviewed,,,,2026.1
CPX-OCC-ENG-003,CPX-SKL-AUTO-6FB1597E,esco,http://data.europa.eu/esco/occupation/b9296f1a-a68b-4ac7-9904-f2cf1374fbaf:http://data.europa.eu/esco/skill/c544a9f3-5945-4b54-afed-de0697852817:optional,desirable,3,,0.5,true,source_mapped,not_reviewed,,,,2026.1
CPX-OCC-ENG-003,CPX-SKL-AUTO-AA405638,esco,http://data.europa.eu/esco/occupation/b9296f1a-a68b-4ac7-9904-f2cf1374fbaf:http://data.europa.eu/esco/skill/c5c51528-ccfc-4c53-b409-c200aaa44222:essential,essential,3,,0.5,true,source_mapped,not_reviewed,,,,2026.1
CPX-OCC-ENG-003,CPX-SKL-AUTO-B6796883,esco,http://data.europa.eu/esco/occupation/b9296f1a-a68b-4ac7-9904-f2cf1374fbaf:http://data.europa.eu/esco/skill/d0f2f8a7-d935-4a6d-8e54-dcc3e5e2cbeb:optional,desirable,3,,0.5,true,source_mapped,not_reviewed,,,,2026.1
CPX-OCC-ENG-003,CPX-SKL-AUTO-24CB2568,esco,http://data.europa.eu/esco/occupation/b9296f1a-a68b-4ac7-9904-f2cf1374fbaf:http://data.europa.eu/esco/skill/d6179c4b-ff5a-4bbb-a3c8-e0acf0de1f56:optional,desirable,3,,0.5,true,source_mapped,not_reviewed,,,,2026.1
CPX-OCC-ENG-003,CPX-SKL-AUTO-8A0127E7,esco,http://data.europa.eu/esco/occupation/b9296f1a-a68b-4ac7-9904-f2cf1374fbaf:http://data.europa.eu/esco/skill/e8171178-9a60-40a6-ad3b-510e10cfebad:optional,desirable,3,,0.5,true,source_mapped,not_reviewed,,,,2026.1
CPX-OCC-ENG-003,CPX-SKL-AUTO-0FE93BD2,esco,http://data.europa.eu/esco/occupation/b9296f1a-a68b-4ac7-9904-f2cf1374fbaf:http://data.europa.eu/esco/skill/ed3f3dba-3a35-4ed5-b113-67f4d10ef4c8:optional,desirable,3,,0.5,true,source_mapped,not_reviewed,,,,2026.1
CPX-OCC-ENG-003,CPX-SKL-AUTO-E7948D2D,esco,http://data.europa.eu/esco/occupation/b9296f1a-a68b-4ac7-9904-f2cf1374fbaf:http://data.europa.eu/esco/skill/efa141df-f382-418f-9121-bd88fd735669:essential,essential,3,,0.5,true,source_mapped,not_reviewed,,,,2026.1
CPX-OCC-PPM-004,CPX-SKL-AUTO-65B537DC,esco,http://data.europa.eu/esco/occupation/b95bdbed-1e7e-482a-aa73-7bdbb3e36358:http://data.europa.eu/esco/skill/f14ff4b7-be1e-4b55-b39b-520005f8a97e:optional,desirable,3,,0.5,true,source_mapped,not_reviewed,,,,2026.1
CPX-OCC-DDA-020,CPX-SKL-AUTO-189AD04A,esco,http://data.europa.eu/esco/occupation/bb609566-3ab6-44dd-8f48-cf0b15b96827:http://data.europa.eu/esco/skill/04dfd9fb-e0cf-40f6-96c6-9d2280c4347e:optional,desirable,3,,0.5,true,source_mapped,not_reviewed,,,,2026.1
CPX-OCC-DDA-020,CPX-SKL-AUTO-D4D4A52D,esco,http://data.europa.eu/esco/occupation/bb609566-3ab6-44dd-8f48-cf0b15b96827:http://data.europa.eu/esco/skill/0b8da079-f587-403f-a6ad-cd18b8150044:essential,essential,3,,0.5,true,source_mapped,not_reviewed,,,,2026.1
CPX-OCC-DDA-020,CPX-SKL-AUTO-69338A4B,esco,http://data.europa.eu/esco/occupation/bb609566-3ab6-44dd-8f48-cf0b15b96827:http://data.europa.eu/esco/skill/0d282d6e-8cb9-4339-8e7d-cfafed96b5ed:essential,essential,3,,0.5,true,source_mapped,not_reviewed,,,,2026.1
CPX-OCC-DDA-020,CPX-SKL-AUTO-335B2ED6,esco,http://data.europa.eu/esco/occupation/bb609566-3ab6-44dd-8f48-cf0b15b96827:http://data.europa.eu/esco/skill/0da516ee-e70e-4384-be13-f5ff80be8127:optional,desirable,3,,0.5,true,source_mapped,not_reviewed,,,,2026.1
CPX-OCC-DDA-020,CPX-SKL-AUTO-DD66215C,esco,http://data.europa.eu/esco/occupation/bb609566-3ab6-44dd-8f48-cf0b15b96827:http://data.europa.eu/esco/skill/0de6bca4-f3aa-452a-8e10-d355b2c1bfc4:essential,essential,3,,0.5,true,source_mapped,not_reviewed,,,,2026.1
CPX-OCC-DDA-020,CPX-SKL-AUTO-0CE30C7C,esco,http://data.europa.eu/esco/occupation/bb609566-3ab6-44dd-8f48-cf0b15b96827:http://data.europa.eu/esco/skill/12c7b323-d870-4f5b-9d7d-d9f525206d77:essential,essential,3,,0.5,true,source_mapped,not_reviewed,,,,2026.1
CPX-OCC-DDA-020,CPX-SKL-AUTO-237E0688,esco,http://data.europa.eu/esco/occupation/bb609566-3ab6-44dd-8f48-cf0b15b96827:http://data.europa.eu/esco/skill/162c7407-14ec-43ef-a4c2-31ccd1267850:optional,desirable,3,,0.5,true,source_mapped,not_reviewed,,,,2026.1
CPX-OCC-DDA-020,CPX-SKL-AUTO-0279C024,esco,http://data.europa.eu/esco/occupation/bb609566-3ab6-44dd-8f48-cf0b15b96827:http://data.europa.eu/esco/skill/209a5498-3449-4689-8ed9-bd08cab4fd78:essential,essential,3,,0.5,true,source_mapped,not_reviewed,,,,2026.1
CPX-OCC-DDA-020,CPX-SKL-AUTO-081400C1,esco,http://data.europa.eu/esco/occupation/bb609566-3ab6-44dd-8f48-cf0b15b96827:http://data.europa.eu/esco/skill/2bbdea06-a265-42b5-bb4f-7241b661f069:optional,desirable,3,,0.5,true,source_mapped,not_reviewed,,,,2026.1
CPX-OCC-DDA-020,CPX-SKL-AUTO-959DB502,esco,http://data.europa.eu/esco/occupation/bb609566-3ab6-44dd-8f48-cf0b15b96827:http://data.europa.eu/esco/skill/328733a7-6d84-420d-a65c-2a8014fadc60:essential,essential,3,,0.5,true,source_mapped,not_reviewed,,,,2026.1
CPX-OCC-DDA-020,CPX-SKL-AUTO-F260B394,esco,http://data.europa.eu/esco/occupation/bb609566-3ab6-44dd-8f48-cf0b15b96827:http://data.europa.eu/esco/skill/3786b61f-f22e-48d1-af8d-ad4c354534db:essential,essential,3,,0.5,true,source_mapped,not_reviewed,,,,2026.1
CPX-OCC-DDA-020,CPX-SKL-AUTO-67BD8C74,esco,http://data.europa.eu/esco/occupation/bb609566-3ab6-44dd-8f48-cf0b15b96827:http://data.europa.eu/esco/skill/3c333552-8d89-43f5-90bd-856e15bec433:essential,essential,3,,0.5,true,source_mapped,not_reviewed,,,,2026.1
CPX-OCC-DDA-020,CPX-SKL-AUTO-C3D3578F,esco,http://data.europa.eu/esco/occupation/bb609566-3ab6-44dd-8f48-cf0b15b96827:http://data.europa.eu/esco/skill/3dc6fd8e-6ff7-432e-a262-04d487858efb:optional,desirable,3,,0.5,true,source_mapped,not_reviewed,,,,2026.1
CPX-OCC-DDA-020,CPX-SKL-AUTO-1D4E2E34,esco,http://data.europa.eu/esco/occupation/bb609566-3ab6-44dd-8f48-cf0b15b96827:http://data.europa.eu/esco/skill/3e40c7d0-0e36-4b33-bc33-0aa87eda0561:essential,essential,3,,0.5,true,source_mapped,not_reviewed,,,,2026.1
CPX-OCC-DDA-020,CPX-SKL-AUTO-384488DD,esco,http://data.europa.eu/esco/occupation/bb609566-3ab6-44dd-8f48-cf0b15b96827:http://data.europa.eu/esco/skill/3edfcb2b-2d0e-4673-87ce-f55c37eb5fca:essential,essential,3,,0.5,true,source_mapped,not_reviewed,,,,2026.1
CPX-OCC-DDA-020,CPX-SKL-AUTO-8AE6A31F,esco,http://data.europa.eu/esco/occupation/bb609566-3ab6-44dd-8f48-cf0b15b96827:http://data.europa.eu/esco/skill/41a3240f-58ba-44e2-a688-edeb21ea5c16:essential,essential,3,,0.5,true,source_mapped,not_reviewed,,,,2026.1
CPX-OCC-DDA-020,CPX-SKL-AUTO-6F647F1B,esco,http://data.europa.eu/esco/occupation/bb609566-3ab6-44dd-8f48-cf0b15b96827:http://data.europa.eu/esco/skill/42b23922-1c40-4dbe-9e0c-7a568dfdf06b:essential,essential,3,,0.5,true,source_mapped,not_reviewed,,,,2026.1
CPX-OCC-DDA-020,CPX-SKL-AUTO-3951517D,esco,http://data.europa.eu/esco/occupation/bb609566-3ab6-44dd-8f48-cf0b15b96827:http://data.europa.eu/esco/skill/4339176e-3acd-4f7f-a5d9-445bee3d23f2:essential,essential,3,,0.5,true,source_mapped,not_reviewed,,,,2026.1
CPX-OCC-DDA-020,CPX-SKL-AUTO-4E8960AB,esco,http://data.europa.eu/esco/occupation/bb609566-3ab6-44dd-8f48-cf0b15b96827:http://data.europa.eu/esco/skill/465ff64a-1271-4064-8ed1-e969cb68d8b4:optional,desirable,3,,0.5,true,source_mapped,not_reviewed,,,,2026.1
CPX-OCC-DDA-020,CPX-SKL-AUTO-33359F29,esco,http://data.europa.eu/esco/occupation/bb609566-3ab6-44dd-8f48-cf0b15b96827:http://data.europa.eu/esco/skill/46e1b714-94f4-462d-88e6-31f442708812:optional,desirable,3,,0.5,true,source_mapped,not_reviewed,,,,2026.1
CPX-OCC-DDA-020,CPX-SKL-AUTO-F80022F4,esco,http://data.europa.eu/esco/occupation/bb609566-3ab6-44dd-8f48-cf0b15b96827:http://data.europa.eu/esco/skill/4b164a27-849f-4be2-ae79-d26a4969b677:optional,desirable,3,,0.5,true,source_mapped,not_reviewed,,,,2026.1
CPX-OCC-DDA-020,CPX-SKL-AUTO-39D19D17,esco,http://data.europa.eu/esco/occupation/bb609566-3ab6-44dd-8f48-cf0b15b96827:http://data.europa.eu/esco/skill/4f7fa632-15a6-4739-930b-abbac8055a80:optional,desirable,3,,0.5,true,source_mapped,not_reviewed,,,,2026.1
CPX-OCC-DDA-020,CPX-SKL-AUTO-B7A8AF32,esco,http://data.europa.eu/esco/occupation/bb609566-3ab6-44dd-8f48-cf0b15b96827:http://data.europa.eu/esco/skill/4fabca9a-7435-4f33-b1da-3cdb00340fdc:essential,essential,3,,0.5,true,source_mapped,not_reviewed,,,,2026.1
CPX-OCC-DDA-020,CPX-SKL-AUTO-0FBF48C0,esco,http://data.europa.eu/esco/occupation/bb609566-3ab6-44dd-8f48-cf0b15b96827:http://data.europa.eu/esco/skill/541561bc-510c-4a99-881c-2d8bf5a85462:essential,essential,3,,0.5,true,source_mapped,not_reviewed,,,,2026.1
CPX-OCC-DDA-020,CPX-SKL-AUTO-E470E871,esco,http://data.europa.eu/esco/occupation/bb609566-3ab6-44dd-8f48-cf0b15b96827:http://data.europa.eu/esco/skill/59ea80e1-463a-4dba-82c6-d0b6d577d532:essential,essential,3,,0.5,true,source_mapped,not_reviewed,,,,2026.1
CPX-OCC-DDA-020,CPX-SKL-AUTO-D0001062,esco,http://data.europa.eu/esco/occupation/bb609566-3ab6-44dd-8f48-cf0b15b96827:http://data.europa.eu/esco/skill/5c98825f-146d-4d35-97cf-207b2afd9ae2:optional,desirable,3,,0.5,true,source_mapped,not_reviewed,,,,2026.1
CPX-OCC-DDA-020,CPX-SKL-AUTO-237DB4BB,esco,http://data.europa.eu/esco/occupation/bb609566-3ab6-44dd-8f48-cf0b15b96827:http://data.europa.eu/esco/skill/692ace70-7f97-4214-92bd-88f7637d8a44:essential,essential,3,,0.5,true,source_mapped,not_reviewed,,,,2026.1
CPX-OCC-DDA-020,CPX-SKL-AUTO-40628FD9,esco,http://data.europa.eu/esco/occupation/bb609566-3ab6-44dd-8f48-cf0b15b96827:http://data.europa.eu/esco/skill/72a74f69-5cf1-43c5-99b9-62a444578919:essential,essential,3,,0.5,true,source_mapped,not_reviewed,,,,2026.1
CPX-OCC-DDA-020,CPX-SKL-AUTO-3688C02B,esco,http://data.europa.eu/esco/occupation/bb609566-3ab6-44dd-8f48-cf0b15b96827:http://data.europa.eu/esco/skill/78b1de70-0930-462f-9a7e-bf9b4135e1e2:optional,desirable,3,,0.5,true,source_mapped,not_reviewed,,,,2026.1
CPX-OCC-DDA-020,CPX-SKL-AUTO-B83CDA08,esco,http://data.europa.eu/esco/occupation/bb609566-3ab6-44dd-8f48-cf0b15b96827:http://data.europa.eu/esco/skill/7a757fa5-9a6f-43ab-9e66-f8f4dba1ffcb:optional,desirable,3,,0.5,true,source_mapped,not_reviewed,,,,2026.1
CPX-OCC-DDA-020,CPX-SKL-AUTO-963468E9,esco,http://data.europa.eu/esco/occupation/bb609566-3ab6-44dd-8f48-cf0b15b96827:http://data.europa.eu/esco/skill/7aa52bdc-9c56-4341-be65-e8e30f64403f:optional,desirable,3,,0.5,true,source_mapped,not_reviewed,,,,2026.1
CPX-OCC-DDA-020,CPX-SKL-AUTO-CFC81E0F,esco,http://data.europa.eu/esco/occupation/bb609566-3ab6-44dd-8f48-cf0b15b96827:http://data.europa.eu/esco/skill/7af6e9e8-1e11-4c0b-b7c6-ac96bbbbc674:optional,desirable,3,,0.5,true,source_mapped,not_reviewed,,,,2026.1
CPX-OCC-DDA-020,CPX-SKL-AUTO-550464DF,esco,http://data.europa.eu/esco/occupation/bb609566-3ab6-44dd-8f48-cf0b15b96827:http://data.europa.eu/esco/skill/81a2db2c-7e55-44d0-9cd9-74c25147d7cd:essential,essential,3,,0.5,true,source_mapped,not_reviewed,,,,2026.1
CPX-OCC-DDA-020,CPX-SKL-AUTO-33D28B04,esco,http://data.europa.eu/esco/occupation/bb609566-3ab6-44dd-8f48-cf0b15b96827:http://data.europa.eu/esco/skill/82313e12-9d39-47d1-b7c9-78bbd6bb50e2:optional,desirable,3,,0.5,true,source_mapped,not_reviewed,,,,2026.1
CPX-OCC-DDA-020,CPX-SKL-AUTO-95A8C5DC,esco,http://data.europa.eu/esco/occupation/bb609566-3ab6-44dd-8f48-cf0b15b96827:http://data.europa.eu/esco/skill/89f6560b-2194-45c9-9ece-d33049a73eef:essential,essential,3,,0.5,true,source_mapped,not_reviewed,,,,2026.1
CPX-OCC-DDA-020,CPX-SKL-AUTO-F6FC5E79,esco,http://data.europa.eu/esco/occupation/bb609566-3ab6-44dd-8f48-cf0b15b96827:http://data.europa.eu/esco/skill/8bc1c7da-c832-4896-a441-30d087c46aad:optional,desirable,3,,0.5,true,source_mapped,not_reviewed,,,,2026.1
CPX-OCC-DDA-020,CPX-SKL-AUTO-8695F01D,esco,http://data.europa.eu/esco/occupation/bb609566-3ab6-44dd-8f48-cf0b15b96827:http://data.europa.eu/esco/skill/8d4271ca-c9fd-40b3-875f-15f78332a49e:optional,desirable,3,,0.5,true,source_mapped,not_reviewed,,,,2026.1
CPX-OCC-DDA-020,CPX-SKL-AUTO-CFD967E8,esco,http://data.europa.eu/esco/occupation/bb609566-3ab6-44dd-8f48-cf0b15b96827:http://data.europa.eu/esco/skill/95c35c3a-035f-47c2-90cf-7e934d20fc08:essential,essential,3,,0.5,true,source_mapped,not_reviewed,,,,2026.1
CPX-OCC-DDA-020,CPX-SKL-AUTO-D5CBD41C,esco,http://data.europa.eu/esco/occupation/bb609566-3ab6-44dd-8f48-cf0b15b96827:http://data.europa.eu/esco/skill/9c071f1d-eac3-449d-b004-c14775b5a3b9:essential,essential,3,,0.5,true,source_mapped,not_reviewed,,,,2026.1
CPX-OCC-DDA-020,CPX-SKL-AUTO-54FB3524,esco,http://data.europa.eu/esco/occupation/bb609566-3ab6-44dd-8f48-cf0b15b96827:http://data.europa.eu/esco/skill/a1816dfd-dbdc-4499-bef3-ff81dd895b33:essential,essential,3,,0.5,true,source_mapped,not_reviewed,,,,2026.1
CPX-OCC-DDA-020,CPX-SKL-AUTO-D2F19421,esco,http://data.europa.eu/esco/occupation/bb609566-3ab6-44dd-8f48-cf0b15b96827:http://data.europa.eu/esco/skill/ad903700-6511-4804-afc6-f9a2e9344a59:optional,desirable,3,,0.5,true,source_mapped,not_reviewed,,,,2026.1
CPX-OCC-DDA-020,CPX-SKL-AUTO-052B962E,esco,http://data.europa.eu/esco/occupation/bb609566-3ab6-44dd-8f48-cf0b15b96827:http://data.europa.eu/esco/skill/b34e2ba1-9080-48c9-9b42-ee9192a4d3f1:optional,desirable,3,,0.5,true,source_mapped,not_reviewed,,,,2026.1
CPX-OCC-DDA-020,CPX-SKL-AUTO-23934660,esco,http://data.europa.eu/esco/occupation/bb609566-3ab6-44dd-8f48-cf0b15b96827:http://data.europa.eu/esco/skill/b8b2a035-38f0-4c0e-94ee-edefc266c643:optional,desirable,3,,0.5,true,source_mapped,not_reviewed,,,,2026.1
CPX-OCC-DDA-020,CPX-SKL-AUTO-D7F587B8,esco,http://data.europa.eu/esco/occupation/bb609566-3ab6-44dd-8f48-cf0b15b96827:http://data.europa.eu/esco/skill/bacbfc27-4b5d-47de-8bfd-af5fa27562a2:essential,essential,3,,0.5,true,source_mapped,not_reviewed,,,,2026.1
CPX-OCC-DDA-020,CPX-SKL-AUTO-E7427129,esco,http://data.europa.eu/esco/occupation/bb609566-3ab6-44dd-8f48-cf0b15b96827:http://data.europa.eu/esco/skill/bf1f763e-c505-46e7-8af3-e48f13ec5f44:essential,essential,3,,0.5,true,source_mapped,not_reviewed,,,,2026.1
CPX-OCC-DDA-020,CPX-SKL-AUTO-6FB1597E,esco,http://data.europa.eu/esco/occupation/bb609566-3ab6-44dd-8f48-cf0b15b96827:http://data.europa.eu/esco/skill/c544a9f3-5945-4b54-afed-de0697852817:essential,essential,3,,0.5,true,source_mapped,not_reviewed,,,,2026.1
CPX-OCC-DDA-020,CPX-SKL-AUTO-B62E0B21,esco,http://data.europa.eu/esco/occupation/bb609566-3ab6-44dd-8f48-cf0b15b96827:http://data.europa.eu/esco/skill/c8de8023-ab8a-402b-a828-b2b57cd3b2f7:optional,desirable,3,,0.5,true,source_mapped,not_reviewed,,,,2026.1
CPX-OCC-DDA-020,CPX-SKL-AUTO-8C767E60,esco,http://data.europa.eu/esco/occupation/bb609566-3ab6-44dd-8f48-cf0b15b96827:http://data.europa.eu/esco/skill/cd5efa8c-e44d-4cbc-91c6-796018dbed68:optional,desirable,3,,0.5,true,source_mapped,not_reviewed,,,,2026.1
CPX-OCC-DDA-020,CPX-SKL-AUTO-1D5BBC3F,esco,http://data.europa.eu/esco/occupation/bb609566-3ab6-44dd-8f48-cf0b15b96827:http://data.europa.eu/esco/skill/cf200547-25b5-47c8-9eda-bca4aedc13fb:optional,desirable,3,,0.5,true,source_mapped,not_reviewed,,,,2026.1
CPX-OCC-DDA-020,CPX-SKL-AUTO-C2AFEA82,esco,http://data.europa.eu/esco/occupation/bb609566-3ab6-44dd-8f48-cf0b15b96827:http://data.europa.eu/esco/skill/d88cb3f1-8e02-4618-bf32-4b0488066934:essential,essential,3,,0.5,true,source_mapped,not_reviewed,,,,2026.1
CPX-OCC-DDA-020,CPX-SKL-AUTO-A16A9B91,esco,http://data.europa.eu/esco/occupation/bb609566-3ab6-44dd-8f48-cf0b15b96827:http://data.europa.eu/esco/skill/d9e5349e-8791-49c2-8ba4-839fdd1606c2:essential,essential,3,,0.5,true,source_mapped,not_reviewed,,,,2026.1
CPX-OCC-DDA-020,CPX-SKL-AUTO-83CB120A,esco,http://data.europa.eu/esco/occupation/bb609566-3ab6-44dd-8f48-cf0b15b96827:http://data.europa.eu/esco/skill/dc72ad0a-c5dc-4abd-bc0d-ca43e82162e1:optional,desirable,3,,0.5,true,source_mapped,not_reviewed,,,,2026.1
CPX-OCC-DDA-020,CPX-SKL-AUTO-53198C86,esco,http://data.europa.eu/esco/occupation/bb609566-3ab6-44dd-8f48-cf0b15b96827:http://data.europa.eu/esco/skill/dc72d646-4e40-405a-8fa9-a410c60e490b:optional,desirable,3,,0.5,true,source_mapped,not_reviewed,,,,2026.1
CPX-OCC-DDA-020,CPX-SKL-AUTO-0969BBF7,esco,http://data.europa.eu/esco/occupation/bb609566-3ab6-44dd-8f48-cf0b15b96827:http://data.europa.eu/esco/skill/e87ec79a-c9ff-46f5-84fa-7a0f394cdf40:optional,desirable,3,,0.5,true,source_mapped,not_reviewed,,,,2026.1
CPX-OCC-DDA-020,CPX-SKL-AUTO-27ED98BB,esco,http://data.europa.eu/esco/occupation/bb609566-3ab6-44dd-8f48-cf0b15b96827:http://data.europa.eu/esco/skill/e921279a-1a7e-4900-9720-bde93ae3e70e:essential,essential,3,,0.5,true,source_mapped,not_reviewed,,,,2026.1
CPX-OCC-DDA-020,CPX-SKL-AUTO-E22DCBD2,esco,http://data.europa.eu/esco/occupation/bb609566-3ab6-44dd-8f48-cf0b15b96827:http://data.europa.eu/esco/skill/f4a6e9f7-5cff-46c0-894c-59c20bb78694:essential,essential,3,,0.5,true,source_mapped,not_reviewed,,,,2026.1
CPX-OCC-DDA-020,CPX-SKL-AUTO-D82A5A70,esco,http://data.europa.eu/esco/occupation/bb609566-3ab6-44dd-8f48-cf0b15b96827:http://data.europa.eu/esco/skill/f54c10e4-630d-4e50-95e9-4e9e268e8f12:essential,essential,3,,0.5,true,source_mapped,not_reviewed,,,,2026.1
CPX-OCC-DDA-020,CPX-SKL-AUTO-6B3BE3A8,esco,http://data.europa.eu/esco/occupation/bb609566-3ab6-44dd-8f48-cf0b15b96827:http://data.europa.eu/esco/skill/f5dd06b8-5d17-4932-9d03-957d0c4f5051:optional,desirable,3,,0.5,true,source_mapped,not_reviewed,,,,2026.1
CPX-OCC-DDA-020,CPX-SKL-AUTO-A331B015,esco,http://data.europa.eu/esco/occupation/bb609566-3ab6-44dd-8f48-cf0b15b96827:http://data.europa.eu/esco/skill/fd4386c5-96f0-4c6e-970c-c08729ae0cc6:optional,desirable,3,,0.5,true,source_mapped,not_reviewed,,,,2026.1
CPX-OCC-PPM-007,CPX-SKL-AUTO-2B9C6998,esco,http://data.europa.eu/esco/occupation/bc1c82a5-0fc3-453f-8537-9d1a6e9e85aa:http://data.europa.eu/esco/skill/172020d1-e151-445b-8173-e2a5fb16fe51:optional,desirable,3,,0.5,true,source_mapped,not_reviewed,,,,2026.1
CPX-OCC-PPM-007,CPX-SKL-AUTO-AF38D05B,esco,http://data.europa.eu/esco/occupation/bc1c82a5-0fc3-453f-8537-9d1a6e9e85aa:http://data.europa.eu/esco/skill/21c5790c-0930-4d74-b3b0-84caf5af12ea:essential,essential,3,,0.5,true,source_mapped,not_reviewed,,,,2026.1
CPX-OCC-PPM-007,CPX-SKL-AUTO-1698F006,esco,http://data.europa.eu/esco/occupation/bc1c82a5-0fc3-453f-8537-9d1a6e9e85aa:http://data.europa.eu/esco/skill/378b4cd5-ced1-4133-82e6-6d12bee2553b:essential,essential,3,,0.5,true,source_mapped,not_reviewed,,,,2026.1
CPX-OCC-PPM-007,CPX-SKL-AUTO-4C98B987,esco,http://data.europa.eu/esco/occupation/bc1c82a5-0fc3-453f-8537-9d1a6e9e85aa:http://data.europa.eu/esco/skill/3d3ee5c3-4286-457f-9f76-1704011f7e11:essential,essential,3,,0.5,true,source_mapped,not_reviewed,,,,2026.1
CPX-OCC-PPM-007,CPX-SKL-AUTO-BE0AACB6,esco,http://data.europa.eu/esco/occupation/bc1c82a5-0fc3-453f-8537-9d1a6e9e85aa:http://data.europa.eu/esco/skill/415abd43-e8e5-4643-b5da-5f11307af57a:essential,essential,3,,0.5,true,source_mapped,not_reviewed,,,,2026.1
CPX-OCC-PPM-007,CPX-SKL-AUTO-5ED566B6,esco,http://data.europa.eu/esco/occupation/bc1c82a5-0fc3-453f-8537-9d1a6e9e85aa:http://data.europa.eu/esco/skill/524106a8-b343-45f6-b4ce-58e8d3cf1093:essential,essential,3,,0.5,true,source_mapped,not_reviewed,,,,2026.1
CPX-OCC-PPM-007,CPX-SKL-AUTO-021C61CC,esco,http://data.europa.eu/esco/occupation/bc1c82a5-0fc3-453f-8537-9d1a6e9e85aa:http://data.europa.eu/esco/skill/8abdc43c-2bfd-417c-97c2-27fcdaf53171:optional,desirable,3,,0.5,true,source_mapped,not_reviewed,,,,2026.1
CPX-OCC-PPM-007,CPX-SKL-AUTO-40AA1A5B,esco,http://data.europa.eu/esco/occupation/bc1c82a5-0fc3-453f-8537-9d1a6e9e85aa:http://data.europa.eu/esco/skill/918f5211-b99f-4b29-9a34-6e475583ef55:essential,essential,3,,0.5,true,source_mapped,not_reviewed,,,,2026.1
CPX-OCC-PPM-007,CPX-SKL-AUTO-E833ED69,esco,http://data.europa.eu/esco/occupation/bc1c82a5-0fc3-453f-8537-9d1a6e9e85aa:http://data.europa.eu/esco/skill/d15ce60f-ddab-41ce-ba56-398451b77b60:essential,essential,3,,0.5,true,source_mapped,not_reviewed,,,,2026.1
CPX-OCC-PPM-007,CPX-SKL-AUTO-82C7686C,esco,http://data.europa.eu/esco/occupation/bc1c82a5-0fc3-453f-8537-9d1a6e9e85aa:http://data.europa.eu/esco/skill/d703c741-0f67-4388-9f0c-d2574143ee70:essential,essential,3,,0.5,true,source_mapped,not_reviewed,,,,2026.1
CPX-OCC-PPM-007,CPX-SKL-AUTO-DA0A87CC,esco,http://data.europa.eu/esco/occupation/bc1c82a5-0fc3-453f-8537-9d1a6e9e85aa:http://data.europa.eu/esco/skill/d74df140-eb69-43e2-bac9-1cafc824d702:essential,essential,3,,0.5,true,source_mapped,not_reviewed,,,,2026.1
CPX-OCC-PPM-001,CPX-SKL-AUTO-FED6A33E,esco,http://data.europa.eu/esco/occupation/bea99fea-0383-4c63-b944-70d4799de2c5:http://data.europa.eu/esco/skill/020b3c27-bae1-4b85-9d6f-eccee0f5ed99:essential,essential,3,,0.5,true,source_mapped,not_reviewed,,,,2026.1
CPX-OCC-PPM-001,CPX-SKL-AUTO-8D0D91A2,esco,http://data.europa.eu/esco/occupation/bea99fea-0383-4c63-b944-70d4799de2c5:http://data.europa.eu/esco/skill/2a2fa8e8-aaf3-4abf-a60b-af6415f1c6d4:essential,essential,3,,0.5,true,source_mapped,not_reviewed,,,,2026.1
CPX-OCC-PPM-001,CPX-SKL-AUTO-AAB80125,esco,http://data.europa.eu/esco/occupation/bea99fea-0383-4c63-b944-70d4799de2c5:http://data.europa.eu/esco/skill/496932f1-0b6b-4f73-9432-d95c7ddcd43b:optional,desirable,3,,0.5,true,source_mapped,not_reviewed,,,,2026.1
CPX-OCC-PPM-001,CPX-SKL-AUTO-A166F55A,esco,http://data.europa.eu/esco/occupation/bea99fea-0383-4c63-b944-70d4799de2c5:http://data.europa.eu/esco/skill/69f23426-9279-4fe6-a283-24c2aa4c855d:essential,essential,3,,0.5,true,source_mapped,not_reviewed,,,,2026.1
CPX-OCC-PPM-001,CPX-SKL-AUTO-40AA1A5B,esco,http://data.europa.eu/esco/occupation/bea99fea-0383-4c63-b944-70d4799de2c5:http://data.europa.eu/esco/skill/918f5211-b99f-4b29-9a34-6e475583ef55:optional,desirable,3,,0.5,true,source_mapped,not_reviewed,,,,2026.1
CPX-OCC-PPM-001,CPX-SKL-AUTO-9E5100F6,esco,http://data.europa.eu/esco/occupation/bea99fea-0383-4c63-b944-70d4799de2c5:http://data.europa.eu/esco/skill/bb663409-5c88-4e3a-bc16-01aa1c8ce171:essential,essential,3,,0.5,true,source_mapped,not_reviewed,,,,2026.1
CPX-OCC-PPM-001,CPX-SKL-AUTO-3439D026,esco,http://data.europa.eu/esco/occupation/bea99fea-0383-4c63-b944-70d4799de2c5:http://data.europa.eu/esco/skill/c927ec6e-9082-4b22-afd3-0c4e219eaf73:essential,essential,3,,0.5,true,source_mapped,not_reviewed,,,,2026.1
CPX-OCC-PPM-001,CPX-SKL-AUTO-65B537DC,esco,http://data.europa.eu/esco/occupation/bea99fea-0383-4c63-b944-70d4799de2c5:http://data.europa.eu/esco/skill/f14ff4b7-be1e-4b55-b39b-520005f8a97e:essential,essential,3,,0.5,true,source_mapped,not_reviewed,,,,2026.1
CPX-OCC-PPM-001,CPX-SKL-AUTO-94114C07,esco,http://data.europa.eu/esco/occupation/bea99fea-0383-4c63-b944-70d4799de2c5:http://data.europa.eu/esco/skill/f5f5b244-6cea-4fbc-8a50-8f712791bc09:essential,essential,3,,0.5,true,source_mapped,not_reviewed,,,,2026.1
CPX-OCC-ENG-012,CPX-SKL-AUTO-2A224924,esco,http://data.europa.eu/esco/occupation/c36fc197-1f5b-4563-acd8-6f1d06aa1c03:http://data.europa.eu/esco/skill/0b4f100c-813d-4eec-8aa5-4227bb98c635:optional,desirable,3,,0.5,true,source_mapped,not_reviewed,,,,2026.1
CPX-OCC-ENG-012,CPX-SKL-AUTO-04FFB2F8,esco,http://data.europa.eu/esco/occupation/c36fc197-1f5b-4563-acd8-6f1d06aa1c03:http://data.europa.eu/esco/skill/146a1971-1ff0-4ed6-99f3-d6d0dbcc4c95:optional,desirable,3,,0.5,true,source_mapped,not_reviewed,,,,2026.1
CPX-OCC-ENG-012,CPX-SKL-AUTO-79A7D6ED,esco,http://data.europa.eu/esco/occupation/c36fc197-1f5b-4563-acd8-6f1d06aa1c03:http://data.europa.eu/esco/skill/1544dfaf-3059-479d-a7d9-6b4b2d902212:optional,desirable,3,,0.5,true,source_mapped,not_reviewed,,,,2026.1
CPX-OCC-ENG-012,CPX-SKL-AUTO-FBA7AB70,esco,http://data.europa.eu/esco/occupation/c36fc197-1f5b-4563-acd8-6f1d06aa1c03:http://data.europa.eu/esco/skill/1bc7c69b-4292-4592-b854-f48165a06082:optional,desirable,3,,0.5,true,source_mapped,not_reviewed,,,,2026.1
CPX-OCC-ENG-012,CPX-SKL-AUTO-BD92DC72,esco,http://data.europa.eu/esco/occupation/c36fc197-1f5b-4563-acd8-6f1d06aa1c03:http://data.europa.eu/esco/skill/1dc4c035-b605-41f2-b985-cd9364c3802e:optional,desirable,3,,0.5,true,source_mapped,not_reviewed,,,,2026.1
CPX-OCC-ENG-012,CPX-SKL-AUTO-CD4124BE,esco,http://data.europa.eu/esco/occupation/c36fc197-1f5b-4563-acd8-6f1d06aa1c03:http://data.europa.eu/esco/skill/26c60178-5d93-4ded-93d7-c58e0ed92388:optional,desirable,3,,0.5,true,source_mapped,not_reviewed,,,,2026.1
CPX-OCC-ENG-012,CPX-SKL-AUTO-5836997E,esco,http://data.europa.eu/esco/occupation/c36fc197-1f5b-4563-acd8-6f1d06aa1c03:http://data.europa.eu/esco/skill/2964011e-f828-4c6c-b98b-51e984d66365:optional,desirable,3,,0.5,true,source_mapped,not_reviewed,,,,2026.1
CPX-OCC-ENG-012,CPX-SKL-AUTO-4C82933D,esco,http://data.europa.eu/esco/occupation/c36fc197-1f5b-4563-acd8-6f1d06aa1c03:http://data.europa.eu/esco/skill/2a422611-4172-421b-a5f1-6ec9eb8f9f28:optional,desirable,3,,0.5,true,source_mapped,not_reviewed,,,,2026.1
CPX-OCC-ENG-012,CPX-SKL-AUTO-FD725E3B,esco,http://data.europa.eu/esco/occupation/c36fc197-1f5b-4563-acd8-6f1d06aa1c03:http://data.europa.eu/esco/skill/2ac4b20b-bf0f-44e4-910e-090de3d4bbab:optional,desirable,3,,0.5,true,source_mapped,not_reviewed,,,,2026.1
CPX-OCC-ENG-012,CPX-SKL-AUTO-D6E69107,esco,http://data.europa.eu/esco/occupation/c36fc197-1f5b-4563-acd8-6f1d06aa1c03:http://data.europa.eu/esco/skill/2b57ba73-7fe3-4410-bda4-a3429e4ddab7:optional,desirable,3,,0.5,true,source_mapped,not_reviewed,,,,2026.1
CPX-OCC-ENG-012,CPX-SKL-AUTO-081400C1,esco,http://data.europa.eu/esco/occupation/c36fc197-1f5b-4563-acd8-6f1d06aa1c03:http://data.europa.eu/esco/skill/2bbdea06-a265-42b5-bb4f-7241b661f069:optional,desirable,3,,0.5,true,source_mapped,not_reviewed,,,,2026.1
CPX-OCC-ENG-012,CPX-SKL-AUTO-7D6C44B8,esco,http://data.europa.eu/esco/occupation/c36fc197-1f5b-4563-acd8-6f1d06aa1c03:http://data.europa.eu/esco/skill/2ee670aa-c687-4ff7-92eb-0abc9b57e5f2:essential,essential,3,,0.5,true,source_mapped,not_reviewed,,,,2026.1
CPX-OCC-ENG-012,CPX-SKL-AUTO-AB97BB1F,esco,http://data.europa.eu/esco/occupation/c36fc197-1f5b-4563-acd8-6f1d06aa1c03:http://data.europa.eu/esco/skill/2f58fc20-4528-410b-877f-3dec775f1b4e:optional,desirable,3,,0.5,true,source_mapped,not_reviewed,,,,2026.1
CPX-OCC-ENG-012,CPX-SKL-AUTO-D9ADEFFB,esco,http://data.europa.eu/esco/occupation/c36fc197-1f5b-4563-acd8-6f1d06aa1c03:http://data.europa.eu/esco/skill/2fea2558-630e-480d-9e12-47a05bc19b55:optional,desirable,3,,0.5,true,source_mapped,not_reviewed,,,,2026.1
CPX-OCC-ENG-012,CPX-SKL-AUTO-E8CFE1E7,esco,http://data.europa.eu/esco/occupation/c36fc197-1f5b-4563-acd8-6f1d06aa1c03:http://data.europa.eu/esco/skill/31c69100-b612-4a61-8db5-fd314318854c:essential,essential,3,,0.5,true,source_mapped,not_reviewed,,,,2026.1
CPX-OCC-ENG-012,CPX-SKL-AUTO-959DB502,esco,http://data.europa.eu/esco/occupation/c36fc197-1f5b-4563-acd8-6f1d06aa1c03:http://data.europa.eu/esco/skill/328733a7-6d84-420d-a65c-2a8014fadc60:optional,desirable,3,,0.5,true,source_mapped,not_reviewed,,,,2026.1
CPX-OCC-ENG-012,CPX-SKL-AUTO-1D4E2E34,esco,http://data.europa.eu/esco/occupation/c36fc197-1f5b-4563-acd8-6f1d06aa1c03:http://data.europa.eu/esco/skill/3e40c7d0-0e36-4b33-bc33-0aa87eda0561:optional,desirable,3,,0.5,true,source_mapped,not_reviewed,,,,2026.1
CPX-OCC-ENG-012,CPX-SKL-AUTO-3951517D,esco,http://data.europa.eu/esco/occupation/c36fc197-1f5b-4563-acd8-6f1d06aa1c03:http://data.europa.eu/esco/skill/4339176e-3acd-4f7f-a5d9-445bee3d23f2:essential,essential,3,,0.5,true,source_mapped,not_reviewed,,,,2026.1
CPX-OCC-ENG-012,CPX-SKL-AUTO-4E8960AB,esco,http://data.europa.eu/esco/occupation/c36fc197-1f5b-4563-acd8-6f1d06aa1c03:http://data.europa.eu/esco/skill/465ff64a-1271-4064-8ed1-e969cb68d8b4:optional,desirable,3,,0.5,true,source_mapped,not_reviewed,,,,2026.1
CPX-OCC-ENG-012,CPX-SKL-AUTO-D0001062,esco,http://data.europa.eu/esco/occupation/c36fc197-1f5b-4563-acd8-6f1d06aa1c03:http://data.europa.eu/esco/skill/5c98825f-146d-4d35-97cf-207b2afd9ae2:optional,desirable,3,,0.5,true,source_mapped,not_reviewed,,,,2026.1
CPX-OCC-ENG-012,CPX-SKL-AUTO-DBE44076,esco,http://data.europa.eu/esco/occupation/c36fc197-1f5b-4563-acd8-6f1d06aa1c03:http://data.europa.eu/esco/skill/5cf70b66-f1b4-4c50-94fb-15ec74fad028:optional,desirable,3,,0.5,true,source_mapped,not_reviewed,,,,2026.1
CPX-OCC-ENG-012,CPX-SKL-AUTO-CD7335A8,esco,http://data.europa.eu/esco/occupation/c36fc197-1f5b-4563-acd8-6f1d06aa1c03:http://data.europa.eu/esco/skill/632843be-2872-47b4-a92e-352629f9bd88:optional,desirable,3,,0.5,true,source_mapped,not_reviewed,,,,2026.1
CPX-OCC-ENG-012,CPX-SKL-AUTO-97EC1A18,esco,http://data.europa.eu/esco/occupation/c36fc197-1f5b-4563-acd8-6f1d06aa1c03:http://data.europa.eu/esco/skill/69b393eb-0695-4e49-956a-b8b953338674:optional,desirable,3,,0.5,true,source_mapped,not_reviewed,,,,2026.1
CPX-OCC-ENG-012,CPX-SKL-AUTO-67703997,esco,http://data.europa.eu/esco/occupation/c36fc197-1f5b-4563-acd8-6f1d06aa1c03:http://data.europa.eu/esco/skill/75d2ac62-700a-41d1-b920-5cd7aaa78553:optional,desirable,3,,0.5,true,source_mapped,not_reviewed,,,,2026.1
CPX-OCC-ENG-012,CPX-SKL-AUTO-13772A32,esco,http://data.europa.eu/esco/occupation/c36fc197-1f5b-4563-acd8-6f1d06aa1c03:http://data.europa.eu/esco/skill/75f312e1-622b-4751-8d93-815b32feaf8d:optional,desirable,3,,0.5,true,source_mapped,not_reviewed,,,,2026.1
CPX-OCC-ENG-012,CPX-SKL-AUTO-088F39E3,esco,http://data.europa.eu/esco/occupation/c36fc197-1f5b-4563-acd8-6f1d06aa1c03:http://data.europa.eu/esco/skill/767606b1-9c54-4dbd-8a69-80cc3ab923c1:optional,desirable,3,,0.5,true,source_mapped,not_reviewed,,,,2026.1
CPX-OCC-ENG-012,CPX-SKL-AUTO-B83CDA08,esco,http://data.europa.eu/esco/occupation/c36fc197-1f5b-4563-acd8-6f1d06aa1c03:http://data.europa.eu/esco/skill/7a757fa5-9a6f-43ab-9e66-f8f4dba1ffcb:optional,desirable,3,,0.5,true,source_mapped,not_reviewed,,,,2026.1
CPX-OCC-ENG-012,CPX-SKL-AUTO-BA240AE5,esco,http://data.europa.eu/esco/occupation/c36fc197-1f5b-4563-acd8-6f1d06aa1c03:http://data.europa.eu/esco/skill/7f27f1ff-2e17-4b69-990e-c23334478313:optional,desirable,3,,0.5,true,source_mapped,not_reviewed,,,,2026.1
CPX-OCC-ENG-012,CPX-SKL-AUTO-33D28B04,esco,http://data.europa.eu/esco/occupation/c36fc197-1f5b-4563-acd8-6f1d06aa1c03:http://data.europa.eu/esco/skill/82313e12-9d39-47d1-b7c9-78bbd6bb50e2:optional,desirable,3,,0.5,true,source_mapped,not_reviewed,,,,2026.1
CPX-OCC-ENG-012,CPX-SKL-AUTO-1E0AAC08,esco,http://data.europa.eu/esco/occupation/c36fc197-1f5b-4563-acd8-6f1d06aa1c03:http://data.europa.eu/esco/skill/87b1c959-236d-4761-b3be-b1c729497f75:optional,desirable,3,,0.5,true,source_mapped,not_reviewed,,,,2026.1
CPX-OCC-ENG-012,CPX-SKL-AUTO-CFD967E8,esco,http://data.europa.eu/esco/occupation/c36fc197-1f5b-4563-acd8-6f1d06aa1c03:http://data.europa.eu/esco/skill/95c35c3a-035f-47c2-90cf-7e934d20fc08:optional,desirable,3,,0.5,true,source_mapped,not_reviewed,,,,2026.1
CPX-OCC-ENG-012,CPX-SKL-AUTO-DBED925D,esco,http://data.europa.eu/esco/occupation/c36fc197-1f5b-4563-acd8-6f1d06aa1c03:http://data.europa.eu/esco/skill/9926889a-7074-4e37-acce-1271fe6c5a6f:optional,desirable,3,,0.5,true,source_mapped,not_reviewed,,,,2026.1
CPX-OCC-ENG-012,CPX-SKL-AUTO-5044BB24,esco,http://data.europa.eu/esco/occupation/c36fc197-1f5b-4563-acd8-6f1d06aa1c03:http://data.europa.eu/esco/skill/9a26b8b7-ec0f-46f8-a698-1f07cef1c5e3:essential,essential,3,,0.5,true,source_mapped,not_reviewed,,,,2026.1
CPX-OCC-ENG-012,CPX-SKL-AUTO-EBE5DD16,esco,http://data.europa.eu/esco/occupation/c36fc197-1f5b-4563-acd8-6f1d06aa1c03:http://data.europa.eu/esco/skill/a8d41cca-3bc9-4d2a-ae09-436dabe86e21:optional,desirable,3,,0.5,true,source_mapped,not_reviewed,,,,2026.1
CPX-OCC-ENG-012,CPX-SKL-AUTO-5644E61F,esco,http://data.europa.eu/esco/occupation/c36fc197-1f5b-4563-acd8-6f1d06aa1c03:http://data.europa.eu/esco/skill/adc76417-47f8-4f3d-8037-3c5c5ce9d9b2:essential,essential,3,,0.5,true,source_mapped,not_reviewed,,,,2026.1
CPX-OCC-ENG-012,CPX-SKL-AUTO-3F9941F6,esco,http://data.europa.eu/esco/occupation/c36fc197-1f5b-4563-acd8-6f1d06aa1c03:http://data.europa.eu/esco/skill/ba45db8f-34e8-4f29-af0b-e6645e1d693f:optional,desirable,3,,0.5,true,source_mapped,not_reviewed,,,,2026.1
CPX-OCC-ENG-012,CPX-SKL-AUTO-D7F587B8,esco,http://data.europa.eu/esco/occupation/c36fc197-1f5b-4563-acd8-6f1d06aa1c03:http://data.europa.eu/esco/skill/bacbfc27-4b5d-47de-8bfd-af5fa27562a2:optional,desirable,3,,0.5,true,source_mapped,not_reviewed,,,,2026.1
CPX-OCC-ENG-012,CPX-SKL-AUTO-7E351D62,esco,http://data.europa.eu/esco/occupation/c36fc197-1f5b-4563-acd8-6f1d06aa1c03:http://data.europa.eu/esco/skill/bbd57056-80e0-45bb-a2c1-658ed99a1251:optional,desirable,3,,0.5,true,source_mapped,not_reviewed,,,,2026.1
CPX-OCC-ENG-012,CPX-SKL-AUTO-22A7BF61,esco,http://data.europa.eu/esco/occupation/c36fc197-1f5b-4563-acd8-6f1d06aa1c03:http://data.europa.eu/esco/skill/cbc24ea1-8f53-4211-96d4-2c682d018b8a:optional,desirable,3,,0.5,true,source_mapped,not_reviewed,,,,2026.1
CPX-OCC-ENG-012,CPX-SKL-AUTO-7EA174F6,esco,http://data.europa.eu/esco/occupation/c36fc197-1f5b-4563-acd8-6f1d06aa1c03:http://data.europa.eu/esco/skill/ccde26f3-e822-4b6a-94a1-39af4ae41fed:optional,desirable,3,,0.5,true,source_mapped,not_reviewed,,,,2026.1
CPX-OCC-ENG-012,CPX-SKL-AUTO-2D1CDD00,esco,http://data.europa.eu/esco/occupation/c36fc197-1f5b-4563-acd8-6f1d06aa1c03:http://data.europa.eu/esco/skill/cea76131-1049-467d-bd00-bd155f5d65da:optional,desirable,3,,0.5,true,source_mapped,not_reviewed,,,,2026.1
CPX-OCC-ENG-012,CPX-SKL-AUTO-DA0A87CC,esco,http://data.europa.eu/esco/occupation/c36fc197-1f5b-4563-acd8-6f1d06aa1c03:http://data.europa.eu/esco/skill/d74df140-eb69-43e2-bac9-1cafc824d702:optional,desirable,3,,0.5,true,source_mapped,not_reviewed,,,,2026.1
CPX-OCC-ENG-012,CPX-SKL-AUTO-50B4998D,esco,http://data.europa.eu/esco/occupation/c36fc197-1f5b-4563-acd8-6f1d06aa1c03:http://data.europa.eu/esco/skill/db3c8181-31b4-4950-bf0b-de01f93c372b:optional,desirable,3,,0.5,true,source_mapped,not_reviewed,,,,2026.1
CPX-OCC-ENG-012,CPX-SKL-AUTO-53198C86,esco,http://data.europa.eu/esco/occupation/c36fc197-1f5b-4563-acd8-6f1d06aa1c03:http://data.europa.eu/esco/skill/dc72d646-4e40-405a-8fa9-a410c60e490b:optional,desirable,3,,0.5,true,source_mapped,not_reviewed,,,,2026.1
CPX-OCC-ENG-012,CPX-SKL-AUTO-FD7A082E,esco,http://data.europa.eu/esco/occupation/c36fc197-1f5b-4563-acd8-6f1d06aa1c03:http://data.europa.eu/esco/skill/e7329772-d1bc-4a73-837b-d729290d7af2:optional,desirable,3,,0.5,true,source_mapped,not_reviewed,,,,2026.1
CPX-OCC-ENG-012,CPX-SKL-AUTO-90B25506,esco,http://data.europa.eu/esco/occupation/c36fc197-1f5b-4563-acd8-6f1d06aa1c03:http://data.europa.eu/esco/skill/e8d7608d-0d95-461d-b8b1-7be4757087df:optional,desirable,3,,0.5,true,source_mapped,not_reviewed,,,,2026.1
CPX-OCC-ENG-012,CPX-SKL-AUTO-79D5A7D6,esco,http://data.europa.eu/esco/occupation/c36fc197-1f5b-4563-acd8-6f1d06aa1c03:http://data.europa.eu/esco/skill/e93acbe5-535a-4927-9e7c-3b2e06ddfee8:optional,desirable,3,,0.5,true,source_mapped,not_reviewed,,,,2026.1
CPX-OCC-ENG-012,CPX-SKL-AUTO-E7948D2D,esco,http://data.europa.eu/esco/occupation/c36fc197-1f5b-4563-acd8-6f1d06aa1c03:http://data.europa.eu/esco/skill/efa141df-f382-418f-9121-bd88fd735669:essential,essential,3,,0.5,true,source_mapped,not_reviewed,,,,2026.1
CPX-OCC-ENG-012,CPX-SKL-AUTO-4D910082,esco,http://data.europa.eu/esco/occupation/c36fc197-1f5b-4563-acd8-6f1d06aa1c03:http://data.europa.eu/esco/skill/f1b5800e-b763-4740-9586-3fef30568e81:optional,desirable,3,,0.5,true,source_mapped,not_reviewed,,,,2026.1
CPX-OCC-ENG-012,CPX-SKL-AUTO-4B1DA3C3,esco,http://data.europa.eu/esco/occupation/c36fc197-1f5b-4563-acd8-6f1d06aa1c03:http://data.europa.eu/esco/skill/f2d9677b-ba41-4b02-9db9-b2e05a462830:optional,desirable,3,,0.5,true,source_mapped,not_reviewed,,,,2026.1
CPX-OCC-ENG-012,CPX-SKL-AUTO-283EBEE1,esco,http://data.europa.eu/esco/occupation/c36fc197-1f5b-4563-acd8-6f1d06aa1c03:http://data.europa.eu/esco/skill/f774cc69-f0cf-4767-bf13-9b16dc7f7c07:optional,desirable,3,,0.5,true,source_mapped,not_reviewed,,,,2026.1
CPX-OCC-ENG-012,CPX-SKL-AUTO-B25A8613,esco,http://data.europa.eu/esco/occupation/c36fc197-1f5b-4563-acd8-6f1d06aa1c03:http://data.europa.eu/esco/skill/feceacee-d425-4e73-821a-02dfb85084db:optional,desirable,3,,0.5,true,source_mapped,not_reviewed,,,,2026.1
CPX-OCC-ENG-013,CPX-SKL-AUTO-3A91AE7D,esco,http://data.europa.eu/esco/occupation/c44c078d-85e4-40a3-9598-2c333d7a24ca:http://data.europa.eu/esco/skill/233be639-bdb5-4099-ab40-96d537d6c1f3:essential,essential,3,,0.5,true,source_mapped,not_reviewed,,,,2026.1
CPX-OCC-ENG-013,CPX-SKL-AUTO-F260B394,esco,http://data.europa.eu/esco/occupation/c44c078d-85e4-40a3-9598-2c333d7a24ca:http://data.europa.eu/esco/skill/3786b61f-f22e-48d1-af8d-ad4c354534db:essential,essential,3,,0.5,true,source_mapped,not_reviewed,,,,2026.1
CPX-OCC-ENG-013,CPX-SKL-AUTO-8695F01D,esco,http://data.europa.eu/esco/occupation/c44c078d-85e4-40a3-9598-2c333d7a24ca:http://data.europa.eu/esco/skill/8d4271ca-c9fd-40b3-875f-15f78332a49e:essential,essential,3,,0.5,true,source_mapped,not_reviewed,,,,2026.1
CPX-OCC-ENG-013,CPX-SKL-AUTO-FF41219D,esco,http://data.europa.eu/esco/occupation/c44c078d-85e4-40a3-9598-2c333d7a24ca:http://data.europa.eu/esco/skill/ccfbdaad-b91d-4bfe-bd0e-d30b33587f19:optional,desirable,3,,0.5,true,source_mapped,not_reviewed,,,,2026.1
CPX-OCC-ENG-013,CPX-SKL-AUTO-F17D0712,esco,http://data.europa.eu/esco/occupation/c44c078d-85e4-40a3-9598-2c333d7a24ca:http://data.europa.eu/esco/skill/cf2005ee-c788-4283-81d9-b443dfdf2c2e:optional,desirable,3,,0.5,true,source_mapped,not_reviewed,,,,2026.1
CPX-OCC-PPM-003,CPX-SKL-AUTO-FED6A33E,esco,http://data.europa.eu/esco/occupation/c94f3565-d987-431f-a46b-6f4e018e0bd7:http://data.europa.eu/esco/skill/020b3c27-bae1-4b85-9d6f-eccee0f5ed99:essential,essential,3,,0.5,true,source_mapped,not_reviewed,,,,2026.1
CPX-OCC-PPM-003,CPX-SKL-AUTO-D78AC5BE,esco,http://data.europa.eu/esco/occupation/c94f3565-d987-431f-a46b-6f4e018e0bd7:http://data.europa.eu/esco/skill/1dd23dba-dd00-45ab-abf4-642902538317:essential,essential,3,,0.5,true,source_mapped,not_reviewed,,,,2026.1
CPX-OCC-PPM-003,CPX-SKL-AUTO-AF38D05B,esco,http://data.europa.eu/esco/occupation/c94f3565-d987-431f-a46b-6f4e018e0bd7:http://data.europa.eu/esco/skill/21c5790c-0930-4d74-b3b0-84caf5af12ea:essential,essential,3,,0.5,true,source_mapped,not_reviewed,,,,2026.1
CPX-OCC-PPM-003,CPX-SKL-AUTO-8D0D91A2,esco,http://data.europa.eu/esco/occupation/c94f3565-d987-431f-a46b-6f4e018e0bd7:http://data.europa.eu/esco/skill/2a2fa8e8-aaf3-4abf-a60b-af6415f1c6d4:optional,desirable,3,,0.5,true,source_mapped,not_reviewed,,,,2026.1
CPX-OCC-PPM-003,CPX-SKL-AUTO-6EB75794,esco,http://data.europa.eu/esco/occupation/c94f3565-d987-431f-a46b-6f4e018e0bd7:http://data.europa.eu/esco/skill/339ac029-066a-4985-9f9d-b3d7c8fea0bb:essential,essential,3,,0.5,true,source_mapped,not_reviewed,,,,2026.1
CPX-OCC-PPM-003,CPX-SKL-AUTO-A166F55A,esco,http://data.europa.eu/esco/occupation/c94f3565-d987-431f-a46b-6f4e018e0bd7:http://data.europa.eu/esco/skill/69f23426-9279-4fe6-a283-24c2aa4c855d:essential,essential,3,,0.5,true,source_mapped,not_reviewed,,,,2026.1
CPX-OCC-PPM-003,CPX-SKL-AUTO-AA25BFD8,esco,http://data.europa.eu/esco/occupation/c94f3565-d987-431f-a46b-6f4e018e0bd7:http://data.europa.eu/esco/skill/7111b95d-0ce3-441a-9d92-4c75d05c4388:essential,essential,3,,0.5,true,source_mapped,not_reviewed,,,,2026.1
CPX-OCC-PPM-003,CPX-SKL-AUTO-9E5100F6,esco,http://data.europa.eu/esco/occupation/c94f3565-d987-431f-a46b-6f4e018e0bd7:http://data.europa.eu/esco/skill/bb663409-5c88-4e3a-bc16-01aa1c8ce171:essential,essential,3,,0.5,true,source_mapped,not_reviewed,,,,2026.1
CPX-OCC-PPM-003,CPX-SKL-AUTO-3439D026,esco,http://data.europa.eu/esco/occupation/c94f3565-d987-431f-a46b-6f4e018e0bd7:http://data.europa.eu/esco/skill/c927ec6e-9082-4b22-afd3-0c4e219eaf73:essential,essential,3,,0.5,true,source_mapped,not_reviewed,,,,2026.1
CPX-OCC-PPM-003,CPX-SKL-AUTO-E66D8FAF,esco,http://data.europa.eu/esco/occupation/c94f3565-d987-431f-a46b-6f4e018e0bd7:http://data.europa.eu/esco/skill/e95058a6-e139-42e7-a470-72038a606649:essential,essential,3,,0.5,true,source_mapped,not_reviewed,,,,2026.1
CPX-OCC-PPM-003,CPX-SKL-AUTO-65B537DC,esco,http://data.europa.eu/esco/occupation/c94f3565-d987-431f-a46b-6f4e018e0bd7:http://data.europa.eu/esco/skill/f14ff4b7-be1e-4b55-b39b-520005f8a97e:essential,essential,3,,0.5,true,source_mapped,not_reviewed,,,,2026.1
CPX-OCC-PPM-003,CPX-SKL-AUTO-6B3BE3A8,esco,http://data.europa.eu/esco/occupation/c94f3565-d987-431f-a46b-6f4e018e0bd7:http://data.europa.eu/esco/skill/f5dd06b8-5d17-4932-9d03-957d0c4f5051:essential,essential,3,,0.5,true,source_mapped,not_reviewed,,,,2026.1
CPX-OCC-PPM-003,CPX-SKL-AUTO-94114C07,esco,http://data.europa.eu/esco/occupation/c94f3565-d987-431f-a46b-6f4e018e0bd7:http://data.europa.eu/esco/skill/f5f5b244-6cea-4fbc-8a50-8f712791bc09:essential,essential,3,,0.5,true,source_mapped,not_reviewed,,,,2026.1
CPX-OCC-PPM-004,CPX-SKL-AUTO-9E5100F6,esco,http://data.europa.eu/esco/occupation/e20eee17-4876-4f21-a0cb-5d7f40c63cd8:http://data.europa.eu/esco/skill/bb663409-5c88-4e3a-bc16-01aa1c8ce171:optional,desirable,3,,0.5,true,source_mapped,not_reviewed,,,,2026.1
CPX-OCC-ENG-015,CPX-SKL-AUTO-C25F13D2,esco,http://data.europa.eu/esco/occupation/e6800524-eec2-4c33-af0e-6f36d1d679bc:http://data.europa.eu/esco/skill/1fea0bc2-a6fa-4fe8-b36f-7a3194f8ed1c:essential,essential,3,,0.5,true,source_mapped,not_reviewed,,,,2026.1
CPX-OCC-ENG-015,CPX-SKL-AUTO-0279C024,esco,http://data.europa.eu/esco/occupation/e6800524-eec2-4c33-af0e-6f36d1d679bc:http://data.europa.eu/esco/skill/209a5498-3449-4689-8ed9-bd08cab4fd78:essential,essential,3,,0.5,true,source_mapped,not_reviewed,,,,2026.1
CPX-OCC-ENG-015,CPX-SKL-AUTO-3A91AE7D,esco,http://data.europa.eu/esco/occupation/e6800524-eec2-4c33-af0e-6f36d1d679bc:http://data.europa.eu/esco/skill/233be639-bdb5-4099-ab40-96d537d6c1f3:optional,desirable,3,,0.5,true,source_mapped,not_reviewed,,,,2026.1
CPX-OCC-ENG-015,CPX-SKL-AUTO-959DB502,esco,http://data.europa.eu/esco/occupation/e6800524-eec2-4c33-af0e-6f36d1d679bc:http://data.europa.eu/esco/skill/328733a7-6d84-420d-a65c-2a8014fadc60:optional,desirable,3,,0.5,true,source_mapped,not_reviewed,,,,2026.1
CPX-OCC-ENG-015,CPX-SKL-AUTO-F260B394,esco,http://data.europa.eu/esco/occupation/e6800524-eec2-4c33-af0e-6f36d1d679bc:http://data.europa.eu/esco/skill/3786b61f-f22e-48d1-af8d-ad4c354534db:optional,desirable,3,,0.5,true,source_mapped,not_reviewed,,,,2026.1
CPX-OCC-ENG-015,CPX-SKL-AUTO-6916E7CE,esco,http://data.europa.eu/esco/occupation/e6800524-eec2-4c33-af0e-6f36d1d679bc:http://data.europa.eu/esco/skill/3bddfd7c-ab6d-40c2-883d-5e97fb7640ba:optional,desirable,3,,0.5,true,source_mapped,not_reviewed,,,,2026.1
CPX-OCC-ENG-015,CPX-SKL-AUTO-8674B20B,esco,http://data.europa.eu/esco/occupation/e6800524-eec2-4c33-af0e-6f36d1d679bc:http://data.europa.eu/esco/skill/3c42d13b-d6e4-4ed9-bdc4-991251461dc4:optional,desirable,3,,0.5,true,source_mapped,not_reviewed,,,,2026.1
CPX-OCC-ENG-015,CPX-SKL-AUTO-3951517D,esco,http://data.europa.eu/esco/occupation/e6800524-eec2-4c33-af0e-6f36d1d679bc:http://data.europa.eu/esco/skill/4339176e-3acd-4f7f-a5d9-445bee3d23f2:essential,essential,3,,0.5,true,source_mapped,not_reviewed,,,,2026.1
CPX-OCC-ENG-015,CPX-SKL-AUTO-E900B26A,esco,http://data.europa.eu/esco/occupation/e6800524-eec2-4c33-af0e-6f36d1d679bc:http://data.europa.eu/esco/skill/4c58528e-bdaa-43ad-8f5a-8ad0b8cd4bbb:optional,desirable,3,,0.5,true,source_mapped,not_reviewed,,,,2026.1
CPX-OCC-ENG-015,CPX-SKL-AUTO-B7A8AF32,esco,http://data.europa.eu/esco/occupation/e6800524-eec2-4c33-af0e-6f36d1d679bc:http://data.europa.eu/esco/skill/4fabca9a-7435-4f33-b1da-3cdb00340fdc:essential,essential,3,,0.5,true,source_mapped,not_reviewed,,,,2026.1
CPX-OCC-ENG-015,CPX-SKL-AUTO-ABC47006,esco,http://data.europa.eu/esco/occupation/e6800524-eec2-4c33-af0e-6f36d1d679bc:http://data.europa.eu/esco/skill/4ff549c3-daa5-4def-9916-301c7bdf13b8:essential,essential,3,,0.5,true,source_mapped,not_reviewed,,,,2026.1
CPX-OCC-ENG-015,CPX-SKL-AUTO-0FBF48C0,esco,http://data.europa.eu/esco/occupation/e6800524-eec2-4c33-af0e-6f36d1d679bc:http://data.europa.eu/esco/skill/541561bc-510c-4a99-881c-2d8bf5a85462:optional,desirable,3,,0.5,true,source_mapped,not_reviewed,,,,2026.1
CPX-OCC-ENG-015,CPX-SKL-AUTO-1CA2A377,esco,http://data.europa.eu/esco/occupation/e6800524-eec2-4c33-af0e-6f36d1d679bc:http://data.europa.eu/esco/skill/5d71a91f-cc72-4b66-b6e3-d75ecc05e235:optional,desirable,3,,0.5,true,source_mapped,not_reviewed,,,,2026.1
CPX-OCC-ENG-015,CPX-SKL-AUTO-48381918,esco,http://data.europa.eu/esco/occupation/e6800524-eec2-4c33-af0e-6f36d1d679bc:http://data.europa.eu/esco/skill/5d9e766b-8f17-4e17-bfab-3bb0e0719791:optional,desirable,3,,0.5,true,source_mapped,not_reviewed,,,,2026.1
CPX-OCC-ENG-015,CPX-SKL-AUTO-237DB4BB,esco,http://data.europa.eu/esco/occupation/e6800524-eec2-4c33-af0e-6f36d1d679bc:http://data.europa.eu/esco/skill/692ace70-7f97-4214-92bd-88f7637d8a44:essential,essential,3,,0.5,true,source_mapped,not_reviewed,,,,2026.1
CPX-OCC-ENG-015,CPX-SKL-AUTO-A166F55A,esco,http://data.europa.eu/esco/occupation/e6800524-eec2-4c33-af0e-6f36d1d679bc:http://data.europa.eu/esco/skill/69f23426-9279-4fe6-a283-24c2aa4c855d:optional,desirable,3,,0.5,true,source_mapped,not_reviewed,,,,2026.1
CPX-OCC-ENG-015,CPX-SKL-AUTO-FAA6CE4C,esco,http://data.europa.eu/esco/occupation/e6800524-eec2-4c33-af0e-6f36d1d679bc:http://data.europa.eu/esco/skill/6f5850ea-5785-4e2c-b062-743066fd5bdb:essential,essential,3,,0.5,true,source_mapped,not_reviewed,,,,2026.1
CPX-OCC-ENG-015,CPX-SKL-AUTO-AA25BFD8,esco,http://data.europa.eu/esco/occupation/e6800524-eec2-4c33-af0e-6f36d1d679bc:http://data.europa.eu/esco/skill/7111b95d-0ce3-441a-9d92-4c75d05c4388:optional,desirable,3,,0.5,true,source_mapped,not_reviewed,,,,2026.1
CPX-OCC-ENG-015,CPX-SKL-AUTO-E85FC060,esco,http://data.europa.eu/esco/occupation/e6800524-eec2-4c33-af0e-6f36d1d679bc:http://data.europa.eu/esco/skill/81af8698-9873-4b3d-b6d2-8eb275bf170b:essential,essential,3,,0.5,true,source_mapped,not_reviewed,,,,2026.1
CPX-OCC-ENG-015,CPX-SKL-AUTO-40AA1A5B,esco,http://data.europa.eu/esco/occupation/e6800524-eec2-4c33-af0e-6f36d1d679bc:http://data.europa.eu/esco/skill/918f5211-b99f-4b29-9a34-6e475583ef55:optional,desirable,3,,0.5,true,source_mapped,not_reviewed,,,,2026.1
CPX-OCC-ENG-015,CPX-SKL-AUTO-87CE8557,esco,http://data.europa.eu/esco/occupation/e6800524-eec2-4c33-af0e-6f36d1d679bc:http://data.europa.eu/esco/skill/9601b2a8-68e4-4906-9306-a23679b8f0b0:optional,desirable,3,,0.5,true,source_mapped,not_reviewed,,,,2026.1
CPX-OCC-ENG-015,CPX-SKL-AUTO-ED29323F,esco,http://data.europa.eu/esco/occupation/e6800524-eec2-4c33-af0e-6f36d1d679bc:http://data.europa.eu/esco/skill/af0b1937-7538-434f-871b-7e8f72e04117:optional,desirable,3,,0.5,true,source_mapped,not_reviewed,,,,2026.1
CPX-OCC-ENG-015,CPX-SKL-AUTO-052B962E,esco,http://data.europa.eu/esco/occupation/e6800524-eec2-4c33-af0e-6f36d1d679bc:http://data.europa.eu/esco/skill/b34e2ba1-9080-48c9-9b42-ee9192a4d3f1:optional,desirable,3,,0.5,true,source_mapped,not_reviewed,,,,2026.1
CPX-OCC-ENG-015,CPX-SKL-AUTO-D7F587B8,esco,http://data.europa.eu/esco/occupation/e6800524-eec2-4c33-af0e-6f36d1d679bc:http://data.europa.eu/esco/skill/bacbfc27-4b5d-47de-8bfd-af5fa27562a2:optional,desirable,3,,0.5,true,source_mapped,not_reviewed,,,,2026.1
CPX-OCC-ENG-015,CPX-SKL-AUTO-B8EA0179,esco,http://data.europa.eu/esco/occupation/e6800524-eec2-4c33-af0e-6f36d1d679bc:http://data.europa.eu/esco/skill/c022ff1b-7783-4e64-89ef-0422c81ff51f:optional,desirable,3,,0.5,true,source_mapped,not_reviewed,,,,2026.1
CPX-OCC-ENG-015,CPX-SKL-AUTO-D58496D9,esco,http://data.europa.eu/esco/occupation/e6800524-eec2-4c33-af0e-6f36d1d679bc:http://data.europa.eu/esco/skill/c0ccbd15-36f3-4515-ae0b-b4062d225ee2:essential,essential,3,,0.5,true,source_mapped,not_reviewed,,,,2026.1
CPX-OCC-ENG-015,CPX-SKL-AUTO-B96852D1,esco,http://data.europa.eu/esco/occupation/e6800524-eec2-4c33-af0e-6f36d1d679bc:http://data.europa.eu/esco/skill/c8ac1986-38fa-43b2-89dc-50a4beeb420e:essential,essential,3,,0.5,true,source_mapped,not_reviewed,,,,2026.1
CPX-OCC-ENG-015,CPX-SKL-AUTO-8C767E60,esco,http://data.europa.eu/esco/occupation/e6800524-eec2-4c33-af0e-6f36d1d679bc:http://data.europa.eu/esco/skill/cd5efa8c-e44d-4cbc-91c6-796018dbed68:optional,desirable,3,,0.5,true,source_mapped,not_reviewed,,,,2026.1
CPX-OCC-ENG-015,CPX-SKL-AUTO-2AF9244A,esco,http://data.europa.eu/esco/occupation/e6800524-eec2-4c33-af0e-6f36d1d679bc:http://data.europa.eu/esco/skill/ce354460-500e-4eaa-8e95-8f243fcea3db:optional,desirable,3,,0.5,true,source_mapped,not_reviewed,,,,2026.1
CPX-OCC-ENG-015,CPX-SKL-AUTO-AFBCFF24,esco,http://data.europa.eu/esco/occupation/e6800524-eec2-4c33-af0e-6f36d1d679bc:http://data.europa.eu/esco/skill/d560df46-dda4-4407-bab2-b87353a96814:essential,essential,3,,0.5,true,source_mapped,not_reviewed,,,,2026.1
CPX-OCC-ENG-015,CPX-SKL-AUTO-DA0A87CC,esco,http://data.europa.eu/esco/occupation/e6800524-eec2-4c33-af0e-6f36d1d679bc:http://data.europa.eu/esco/skill/d74df140-eb69-43e2-bac9-1cafc824d702:essential,essential,3,,0.5,true,source_mapped,not_reviewed,,,,2026.1
CPX-OCC-ENG-015,CPX-SKL-AUTO-8AB730BB,esco,http://data.europa.eu/esco/occupation/e6800524-eec2-4c33-af0e-6f36d1d679bc:http://data.europa.eu/esco/skill/dcc96a49-0bac-4a9c-8f8e-a32b4e47e6eb:optional,desirable,3,,0.5,true,source_mapped,not_reviewed,,,,2026.1
CPX-OCC-ENG-015,CPX-SKL-AUTO-0940A444,esco,http://data.europa.eu/esco/occupation/e6800524-eec2-4c33-af0e-6f36d1d679bc:http://data.europa.eu/esco/skill/e2d0daae-2aa1-40cc-99e2-b340b02f97d3:optional,desirable,3,,0.5,true,source_mapped,not_reviewed,,,,2026.1
CPX-OCC-ENG-015,CPX-SKL-AUTO-E66D8FAF,esco,http://data.europa.eu/esco/occupation/e6800524-eec2-4c33-af0e-6f36d1d679bc:http://data.europa.eu/esco/skill/e95058a6-e139-42e7-a470-72038a606649:optional,desirable,3,,0.5,true,source_mapped,not_reviewed,,,,2026.1
CPX-OCC-ENG-015,CPX-SKL-AUTO-E7948D2D,esco,http://data.europa.eu/esco/occupation/e6800524-eec2-4c33-af0e-6f36d1d679bc:http://data.europa.eu/esco/skill/efa141df-f382-418f-9121-bd88fd735669:optional,desirable,3,,0.5,true,source_mapped,not_reviewed,,,,2026.1
CPX-OCC-ENG-015,CPX-SKL-AUTO-8018132A,esco,http://data.europa.eu/esco/occupation/e6800524-eec2-4c33-af0e-6f36d1d679bc:http://data.europa.eu/esco/skill/f10142ce-d522-49c3-9fd1-054fb63529d4:optional,desirable,3,,0.5,true,source_mapped,not_reviewed,,,,2026.1
CPX-OCC-ENG-015,CPX-SKL-AUTO-4D910082,esco,http://data.europa.eu/esco/occupation/e6800524-eec2-4c33-af0e-6f36d1d679bc:http://data.europa.eu/esco/skill/f1b5800e-b763-4740-9586-3fef30568e81:optional,desirable,3,,0.5,true,source_mapped,not_reviewed,,,,2026.1
CPX-OCC-ENG-015,CPX-SKL-AUTO-D82A5A70,esco,http://data.europa.eu/esco/occupation/e6800524-eec2-4c33-af0e-6f36d1d679bc:http://data.europa.eu/esco/skill/f54c10e4-630d-4e50-95e9-4e9e268e8f12:essential,essential,3,,0.5,true,source_mapped,not_reviewed,,,,2026.1
CPX-OCC-ENG-011,CPX-SKL-AUTO-490C79DA,esco,http://data.europa.eu/esco/occupation/e69697d0-2639-4aad-b73a-05e0b98357b1:http://data.europa.eu/esco/skill/064018ab-0192-441b-92a5-43c2328e9be2:essential,essential,3,,0.5,true,source_mapped,not_reviewed,,,,2026.1
CPX-OCC-ENG-011,CPX-SKL-AUTO-0F91113D,esco,http://data.europa.eu/esco/occupation/e69697d0-2639-4aad-b73a-05e0b98357b1:http://data.europa.eu/esco/skill/1007aa13-9f18-4bcf-96f3-e108c40baf69:essential,essential,3,,0.5,true,source_mapped,not_reviewed,,,,2026.1
CPX-OCC-ENG-011,CPX-SKL-AUTO-9297C42C,esco,http://data.europa.eu/esco/occupation/e69697d0-2639-4aad-b73a-05e0b98357b1:http://data.europa.eu/esco/skill/1b6197c8-a08b-412b-8be0-ed6de108b17e:essential,essential,3,,0.5,true,source_mapped,not_reviewed,,,,2026.1
CPX-OCC-ENG-011,CPX-SKL-AUTO-3A91AE7D,esco,http://data.europa.eu/esco/occupation/e69697d0-2639-4aad-b73a-05e0b98357b1:http://data.europa.eu/esco/skill/233be639-bdb5-4099-ab40-96d537d6c1f3:essential,essential,3,,0.5,true,source_mapped,not_reviewed,,,,2026.1
CPX-OCC-ENG-011,CPX-SKL-AUTO-7A776DDF,esco,http://data.europa.eu/esco/occupation/e69697d0-2639-4aad-b73a-05e0b98357b1:http://data.europa.eu/esco/skill/351e3f8f-4631-412d-963f-25b5fd4efe48:essential,essential,3,,0.5,true,source_mapped,not_reviewed,,,,2026.1
CPX-OCC-ENG-011,CPX-SKL-AUTO-1D4E2E34,esco,http://data.europa.eu/esco/occupation/e69697d0-2639-4aad-b73a-05e0b98357b1:http://data.europa.eu/esco/skill/3e40c7d0-0e36-4b33-bc33-0aa87eda0561:essential,essential,3,,0.5,true,source_mapped,not_reviewed,,,,2026.1
CPX-OCC-ENG-011,CPX-SKL-AUTO-02BEABBF,esco,http://data.europa.eu/esco/occupation/e69697d0-2639-4aad-b73a-05e0b98357b1:http://data.europa.eu/esco/skill/4064716d-6714-48ea-95a0-ef81c2b31672:essential,essential,3,,0.5,true,source_mapped,not_reviewed,,,,2026.1
CPX-OCC-ENG-011,CPX-SKL-AUTO-102FFBEC,esco,http://data.europa.eu/esco/occupation/e69697d0-2639-4aad-b73a-05e0b98357b1:http://data.europa.eu/esco/skill/445b65c5-5b16-4f66-94ce-f2a7f49f9ee7:essential,essential,3,,0.5,true,source_mapped,not_reviewed,,,,2026.1
CPX-OCC-ENG-011,CPX-SKL-AUTO-0FBF48C0,esco,http://data.europa.eu/esco/occupation/e69697d0-2639-4aad-b73a-05e0b98357b1:http://data.europa.eu/esco/skill/541561bc-510c-4a99-881c-2d8bf5a85462:optional,desirable,3,,0.5,true,source_mapped,not_reviewed,,,,2026.1
CPX-OCC-ENG-011,CPX-SKL-AUTO-6A63FF77,esco,http://data.europa.eu/esco/occupation/e69697d0-2639-4aad-b73a-05e0b98357b1:http://data.europa.eu/esco/skill/5eeac647-dc4b-496d-b109-c90b58006021:optional,desirable,3,,0.5,true,source_mapped,not_reviewed,,,,2026.1
CPX-OCC-ENG-011,CPX-SKL-AUTO-DA579DE3,esco,http://data.europa.eu/esco/occupation/e69697d0-2639-4aad-b73a-05e0b98357b1:http://data.europa.eu/esco/skill/8bdd25f8-4b6e-40fe-a2cf-c1badc594114:essential,essential,3,,0.5,true,source_mapped,not_reviewed,,,,2026.1
CPX-OCC-ENG-011,CPX-SKL-AUTO-EF6FF02D,esco,http://data.europa.eu/esco/occupation/e69697d0-2639-4aad-b73a-05e0b98357b1:http://data.europa.eu/esco/skill/93d49976-acd8-4925-b5d1-7d80e0fd8dc0:essential,essential,3,,0.5,true,source_mapped,not_reviewed,,,,2026.1
CPX-OCC-ENG-011,CPX-SKL-AUTO-CFD967E8,esco,http://data.europa.eu/esco/occupation/e69697d0-2639-4aad-b73a-05e0b98357b1:http://data.europa.eu/esco/skill/95c35c3a-035f-47c2-90cf-7e934d20fc08:essential,essential,3,,0.5,true,source_mapped,not_reviewed,,,,2026.1
CPX-OCC-ENG-011,CPX-SKL-AUTO-87CE8557,esco,http://data.europa.eu/esco/occupation/e69697d0-2639-4aad-b73a-05e0b98357b1:http://data.europa.eu/esco/skill/9601b2a8-68e4-4906-9306-a23679b8f0b0:essential,essential,3,,0.5,true,source_mapped,not_reviewed,,,,2026.1
CPX-OCC-ENG-011,CPX-SKL-AUTO-247ADC43,esco,http://data.europa.eu/esco/occupation/e69697d0-2639-4aad-b73a-05e0b98357b1:http://data.europa.eu/esco/skill/99fc129e-360c-4174-9553-5c666a64a395:essential,essential,3,,0.5,true,source_mapped,not_reviewed,,,,2026.1
CPX-OCC-ENG-011,CPX-SKL-AUTO-A837FD62,esco,http://data.europa.eu/esco/occupation/e69697d0-2639-4aad-b73a-05e0b98357b1:http://data.europa.eu/esco/skill/9ba355be-f119-42b6-a7d6-52f6ce2e4a3f:essential,essential,3,,0.5,true,source_mapped,not_reviewed,,,,2026.1
CPX-OCC-ENG-011,CPX-SKL-AUTO-0BB8877C,esco,http://data.europa.eu/esco/occupation/e69697d0-2639-4aad-b73a-05e0b98357b1:http://data.europa.eu/esco/skill/9ebae336-b0dc-4711-9aef-0aeb3504ba63:optional,desirable,3,,0.5,true,source_mapped,not_reviewed,,,,2026.1
CPX-OCC-ENG-011,CPX-SKL-AUTO-54DD00B8,esco,http://data.europa.eu/esco/occupation/e69697d0-2639-4aad-b73a-05e0b98357b1:http://data.europa.eu/esco/skill/b9f16465-56a9-426b-a047-0f9f1f95ec92:optional,desirable,3,,0.5,true,source_mapped,not_reviewed,,,,2026.1
CPX-OCC-ENG-011,CPX-SKL-AUTO-B6796883,esco,http://data.europa.eu/esco/occupation/e69697d0-2639-4aad-b73a-05e0b98357b1:http://data.europa.eu/esco/skill/d0f2f8a7-d935-4a6d-8e54-dcc3e5e2cbeb:optional,desirable,3,,0.5,true,source_mapped,not_reviewed,,,,2026.1
CPX-OCC-ENG-011,CPX-SKL-AUTO-EBB2F940,esco,http://data.europa.eu/esco/occupation/e69697d0-2639-4aad-b73a-05e0b98357b1:http://data.europa.eu/esco/skill/d3586c5c-e8a6-4fad-bf07-de7ca5072380:essential,essential,3,,0.5,true,source_mapped,not_reviewed,,,,2026.1
CPX-OCC-ENG-011,CPX-SKL-AUTO-32E86F8F,esco,http://data.europa.eu/esco/occupation/e69697d0-2639-4aad-b73a-05e0b98357b1:http://data.europa.eu/esco/skill/d4acc9e9-5302-4c55-8869-7c1882887690:optional,desirable,3,,0.5,true,source_mapped,not_reviewed,,,,2026.1
CPX-OCC-ENG-011,CPX-SKL-AUTO-90C5D36F,esco,http://data.europa.eu/esco/occupation/e69697d0-2639-4aad-b73a-05e0b98357b1:http://data.europa.eu/esco/skill/f2898671-c530-4357-8999-6420d3a7708f:essential,essential,3,,0.5,true,source_mapped,not_reviewed,,,,2026.1
CPX-OCC-ENG-011,CPX-SKL-AUTO-323AAC84,esco,http://data.europa.eu/esco/occupation/e69697d0-2639-4aad-b73a-05e0b98357b1:http://data.europa.eu/esco/skill/f4482d36-86d0-422d-aeb2-59d1bbebb6ff:essential,essential,3,,0.5,true,source_mapped,not_reviewed,,,,2026.1
CPX-OCC-CBE-001,CPX-SKL-AUTO-335B2ED6,esco,http://data.europa.eu/esco/occupation/efa81635-9125-4276-8902-9deb12170ea7:http://data.europa.eu/esco/skill/0da516ee-e70e-4384-be13-f5ff80be8127:essential,essential,3,,0.5,true,source_mapped,not_reviewed,,,,2026.1
CPX-OCC-CBE-001,CPX-SKL-AUTO-0F91113D,esco,http://data.europa.eu/esco/occupation/efa81635-9125-4276-8902-9deb12170ea7:http://data.europa.eu/esco/skill/1007aa13-9f18-4bcf-96f3-e108c40baf69:essential,essential,3,,0.5,true,source_mapped,not_reviewed,,,,2026.1
CPX-OCC-CBE-001,CPX-SKL-AUTO-0279C024,esco,http://data.europa.eu/esco/occupation/efa81635-9125-4276-8902-9deb12170ea7:http://data.europa.eu/esco/skill/209a5498-3449-4689-8ed9-bd08cab4fd78:optional,desirable,3,,0.5,true,source_mapped,not_reviewed,,,,2026.1
CPX-OCC-CBE-001,CPX-SKL-AUTO-3951517D,esco,http://data.europa.eu/esco/occupation/efa81635-9125-4276-8902-9deb12170ea7:http://data.europa.eu/esco/skill/4339176e-3acd-4f7f-a5d9-445bee3d23f2:optional,desirable,3,,0.5,true,source_mapped,not_reviewed,,,,2026.1
CPX-OCC-CBE-001,CPX-SKL-AUTO-E900B26A,esco,http://data.europa.eu/esco/occupation/efa81635-9125-4276-8902-9deb12170ea7:http://data.europa.eu/esco/skill/4c58528e-bdaa-43ad-8f5a-8ad0b8cd4bbb:essential,essential,3,,0.5,true,source_mapped,not_reviewed,,,,2026.1
CPX-OCC-CBE-001,CPX-SKL-AUTO-0FBF48C0,esco,http://data.europa.eu/esco/occupation/efa81635-9125-4276-8902-9deb12170ea7:http://data.europa.eu/esco/skill/541561bc-510c-4a99-881c-2d8bf5a85462:optional,desirable,3,,0.5,true,source_mapped,not_reviewed,,,,2026.1
CPX-OCC-CBE-001,CPX-SKL-AUTO-E470E871,esco,http://data.europa.eu/esco/occupation/efa81635-9125-4276-8902-9deb12170ea7:http://data.europa.eu/esco/skill/59ea80e1-463a-4dba-82c6-d0b6d577d532:essential,essential,3,,0.5,true,source_mapped,not_reviewed,,,,2026.1
CPX-OCC-CBE-001,CPX-SKL-AUTO-5C33599D,esco,http://data.europa.eu/esco/occupation/efa81635-9125-4276-8902-9deb12170ea7:http://data.europa.eu/esco/skill/615cfc39-797f-4229-8e92-159fcf8f3030:optional,desirable,3,,0.5,true,source_mapped,not_reviewed,,,,2026.1
CPX-OCC-CBE-001,CPX-SKL-AUTO-8B20186D,esco,http://data.europa.eu/esco/occupation/efa81635-9125-4276-8902-9deb12170ea7:http://data.europa.eu/esco/skill/68698869-c13c-4563-adc7-118b7644f45d:essential,essential,3,,0.5,true,source_mapped,not_reviewed,,,,2026.1
CPX-OCC-CBE-001,CPX-SKL-AUTO-237DB4BB,esco,http://data.europa.eu/esco/occupation/efa81635-9125-4276-8902-9deb12170ea7:http://data.europa.eu/esco/skill/692ace70-7f97-4214-92bd-88f7637d8a44:optional,desirable,3,,0.5,true,source_mapped,not_reviewed,,,,2026.1
CPX-OCC-CBE-001,CPX-SKL-AUTO-AA25BFD8,esco,http://data.europa.eu/esco/occupation/efa81635-9125-4276-8902-9deb12170ea7:http://data.europa.eu/esco/skill/7111b95d-0ce3-441a-9d92-4c75d05c4388:essential,essential,3,,0.5,true,source_mapped,not_reviewed,,,,2026.1
CPX-OCC-CBE-001,CPX-SKL-AUTO-599DD157,esco,http://data.europa.eu/esco/occupation/efa81635-9125-4276-8902-9deb12170ea7:http://data.europa.eu/esco/skill/76654176-5cc8-4cb3-b307-4ef1b6c2543c:optional,desirable,3,,0.5,true,source_mapped,not_reviewed,,,,2026.1
CPX-OCC-CBE-001,CPX-SKL-AUTO-E2348734,esco,http://data.europa.eu/esco/occupation/efa81635-9125-4276-8902-9deb12170ea7:http://data.europa.eu/esco/skill/7f18039d-dfae-471b-9daa-507f6b2d2842:optional,desirable,3,,0.5,true,source_mapped,not_reviewed,,,,2026.1
CPX-OCC-CBE-001,CPX-SKL-AUTO-7AFBA776,esco,http://data.europa.eu/esco/occupation/efa81635-9125-4276-8902-9deb12170ea7:http://data.europa.eu/esco/skill/88680a21-57f9-46b6-8268-7d8e42aef849:essential,essential,3,,0.5,true,source_mapped,not_reviewed,,,,2026.1
CPX-OCC-CBE-001,CPX-SKL-AUTO-97CA9C90,esco,http://data.europa.eu/esco/occupation/efa81635-9125-4276-8902-9deb12170ea7:http://data.europa.eu/esco/skill/910b818b-bc24-4d17-844e-941a8bc997a9:optional,desirable,3,,0.5,true,source_mapped,not_reviewed,,,,2026.1
CPX-OCC-CBE-001,CPX-SKL-AUTO-40AA1A5B,esco,http://data.europa.eu/esco/occupation/efa81635-9125-4276-8902-9deb12170ea7:http://data.europa.eu/esco/skill/918f5211-b99f-4b29-9a34-6e475583ef55:essential,essential,3,,0.5,true,source_mapped,not_reviewed,,,,2026.1
CPX-OCC-CBE-001,CPX-SKL-AUTO-872A612F,esco,http://data.europa.eu/esco/occupation/efa81635-9125-4276-8902-9deb12170ea7:http://data.europa.eu/esco/skill/a2b5dcf3-5b6a-453d-876c-cff540c0faf1:optional,desirable,3,,0.5,true,source_mapped,not_reviewed,,,,2026.1
CPX-OCC-CBE-001,CPX-SKL-AUTO-DB34AB73,esco,http://data.europa.eu/esco/occupation/efa81635-9125-4276-8902-9deb12170ea7:http://data.europa.eu/esco/skill/bf59255e-782a-4e83-a93c-6055cfdd8e7f:essential,essential,3,,0.5,true,source_mapped,not_reviewed,,,,2026.1
CPX-OCC-CBE-001,CPX-SKL-AUTO-83CB120A,esco,http://data.europa.eu/esco/occupation/efa81635-9125-4276-8902-9deb12170ea7:http://data.europa.eu/esco/skill/dc72ad0a-c5dc-4abd-bc0d-ca43e82162e1:essential,essential,3,,0.5,true,source_mapped,not_reviewed,,,,2026.1
CPX-OCC-ENG-004,CPX-SKL-AUTO-8A8352EA,esco,http://data.europa.eu/esco/occupation/efc75d4e-dfbf-4178-929c-0ae198801c36:http://data.europa.eu/esco/skill/01c03003-516d-43c6-8477-45c472413521:essential,essential,3,,0.5,true,source_mapped,not_reviewed,,,,2026.1
CPX-OCC-ENG-004,CPX-SKL-AUTO-0F91113D,esco,http://data.europa.eu/esco/occupation/efc75d4e-dfbf-4178-929c-0ae198801c36:http://data.europa.eu/esco/skill/1007aa13-9f18-4bcf-96f3-e108c40baf69:essential,essential,3,,0.5,true,source_mapped,not_reviewed,,,,2026.1
CPX-OCC-ENG-004,CPX-SKL-AUTO-C646A7C3,esco,http://data.europa.eu/esco/occupation/efc75d4e-dfbf-4178-929c-0ae198801c36:http://data.europa.eu/esco/skill/28eb4689-3ba4-47a1-96b0-34a60751ea17:essential,essential,3,,0.5,true,source_mapped,not_reviewed,,,,2026.1
CPX-OCC-ENG-004,CPX-SKL-AUTO-129F0440,esco,http://data.europa.eu/esco/occupation/efc75d4e-dfbf-4178-929c-0ae198801c36:http://data.europa.eu/esco/skill/35bca3d6-c1ae-48ff-9ae3-a11cea578c2c:essential,essential,3,,0.5,true,source_mapped,not_reviewed,,,,2026.1
CPX-OCC-ENG-004,CPX-SKL-AUTO-7D8312DA,esco,http://data.europa.eu/esco/occupation/efc75d4e-dfbf-4178-929c-0ae198801c36:http://data.europa.eu/esco/skill/50dd3681-081b-4349-97cf-1537ad332d20:optional,desirable,3,,0.5,true,source_mapped,not_reviewed,,,,2026.1
CPX-OCC-ENG-004,CPX-SKL-AUTO-4A94D3C2,esco,http://data.europa.eu/esco/occupation/efc75d4e-dfbf-4178-929c-0ae198801c36:http://data.europa.eu/esco/skill/89890187-7fa6-4e32-9444-73be4deb514b:essential,essential,3,,0.5,true,source_mapped,not_reviewed,,,,2026.1
CPX-OCC-ENG-004,CPX-SKL-AUTO-87CE8557,esco,http://data.europa.eu/esco/occupation/efc75d4e-dfbf-4178-929c-0ae198801c36:http://data.europa.eu/esco/skill/9601b2a8-68e4-4906-9306-a23679b8f0b0:essential,essential,3,,0.5,true,source_mapped,not_reviewed,,,,2026.1
CPX-OCC-ENG-004,CPX-SKL-AUTO-247ADC43,esco,http://data.europa.eu/esco/occupation/efc75d4e-dfbf-4178-929c-0ae198801c36:http://data.europa.eu/esco/skill/99fc129e-360c-4174-9553-5c666a64a395:essential,essential,3,,0.5,true,source_mapped,not_reviewed,,,,2026.1
CPX-OCC-ENG-004,CPX-SKL-AUTO-520A0747,esco,http://data.europa.eu/esco/occupation/efc75d4e-dfbf-4178-929c-0ae198801c36:http://data.europa.eu/esco/skill/9e4dc918-cc74-432e-9b39-53b1b606748a:optional,desirable,3,,0.5,true,source_mapped,not_reviewed,,,,2026.1
CPX-OCC-ENG-004,CPX-SKL-AUTO-1C66B8B9,esco,http://data.europa.eu/esco/occupation/efc75d4e-dfbf-4178-929c-0ae198801c36:http://data.europa.eu/esco/skill/a3d2c72d-1029-47fb-9d0d-4c4a57a044d9:optional,desirable,3,,0.5,true,source_mapped,not_reviewed,,,,2026.1
CPX-OCC-ENG-004,CPX-SKL-AUTO-9732E449,esco,http://data.europa.eu/esco/occupation/efc75d4e-dfbf-4178-929c-0ae198801c36:http://data.europa.eu/esco/skill/a4ec696c-ac73-4bd5-8a3c-09a783cf3944:essential,essential,3,,0.5,true,source_mapped,not_reviewed,,,,2026.1
CPX-OCC-ENG-004,CPX-SKL-AUTO-54DD00B8,esco,http://data.europa.eu/esco/occupation/efc75d4e-dfbf-4178-929c-0ae198801c36:http://data.europa.eu/esco/skill/b9f16465-56a9-426b-a047-0f9f1f95ec92:essential,essential,3,,0.5,true,source_mapped,not_reviewed,,,,2026.1
CPX-OCC-ENG-004,CPX-SKL-AUTO-BD907184,esco,http://data.europa.eu/esco/occupation/efc75d4e-dfbf-4178-929c-0ae198801c36:http://data.europa.eu/esco/skill/cfbe1cdb-1738-45a1-b442-75cbda1fff06:optional,desirable,3,,0.5,true,source_mapped,not_reviewed,,,,2026.1
CPX-OCC-ENG-004,CPX-SKL-AUTO-D191EDF5,esco,http://data.europa.eu/esco/occupation/efc75d4e-dfbf-4178-929c-0ae198801c36:http://data.europa.eu/esco/skill/db9f6f5d-2177-4c49-bf97-8eb462536665:optional,desirable,3,,0.5,true,source_mapped,not_reviewed,,,,2026.1
CPX-OCC-ENG-004,CPX-SKL-AUTO-5F80F43B,esco,http://data.europa.eu/esco/occupation/efc75d4e-dfbf-4178-929c-0ae198801c36:http://data.europa.eu/esco/skill/e9b99d6e-c7ec-4f87-b7b4-b5322733c998:optional,desirable,3,,0.5,true,source_mapped,not_reviewed,,,,2026.1
CPX-OCC-ENG-004,CPX-SKL-AUTO-6DD71513,esco,http://data.europa.eu/esco/occupation/efc75d4e-dfbf-4178-929c-0ae198801c36:http://data.europa.eu/esco/skill/ed1d2fed-92c4-47d6-9d6d-34d501c55572:essential,essential,3,,0.5,true,source_mapped,not_reviewed,,,,2026.1
CPX-OCC-ENG-004,CPX-SKL-AUTO-C49D1C12,esco,http://data.europa.eu/esco/occupation/efc75d4e-dfbf-4178-929c-0ae198801c36:http://data.europa.eu/esco/skill/f21c2b32-83e0-46b2-99b1-c277e3d27f2f:essential,essential,3,,0.5,true,source_mapped,not_reviewed,,,,2026.1
CPX-OCC-ENG-012,CPX-SKL-AUTO-AD5134A1,esco,http://data.europa.eu/esco/occupation/f14194e2-8e7f-4fc9-9c8c-78d9ae2e7284:http://data.europa.eu/esco/skill/6360d655-3494-45f6-bfc6-d5f63afc355b:optional,desirable,3,,0.5,true,source_mapped,not_reviewed,,,,2026.1
CPX-OCC-ENG-012,CPX-SKL-AUTO-EFFC6A71,esco,http://data.europa.eu/esco/occupation/f14194e2-8e7f-4fc9-9c8c-78d9ae2e7284:http://data.europa.eu/esco/skill/6532ef3b-1685-4de7-a858-d31fdaa435ca:essential,essential,3,,0.5,true,source_mapped,not_reviewed,,,,2026.1
CPX-OCC-ENG-012,CPX-SKL-AUTO-352E7A5E,esco,http://data.europa.eu/esco/occupation/f14194e2-8e7f-4fc9-9c8c-78d9ae2e7284:http://data.europa.eu/esco/skill/81d274bc-6dbf-4003-bcba-f76478d5d930:essential,essential,3,,0.5,true,source_mapped,not_reviewed,,,,2026.1
CPX-OCC-ENG-012,CPX-SKL-AUTO-FDD48A42,esco,http://data.europa.eu/esco/occupation/f14194e2-8e7f-4fc9-9c8c-78d9ae2e7284:http://data.europa.eu/esco/skill/82887396-e5bf-4306-af51-3fe8d82790b2:essential,essential,3,,0.5,true,source_mapped,not_reviewed,,,,2026.1
CPX-OCC-ENG-012,CPX-SKL-AUTO-D5750072,esco,http://data.europa.eu/esco/occupation/f14194e2-8e7f-4fc9-9c8c-78d9ae2e7284:http://data.europa.eu/esco/skill/857e8624-4db0-4725-a758-5914bd8cc350:essential,essential,3,,0.5,true,source_mapped,not_reviewed,,,,2026.1
CPX-OCC-ENG-012,CPX-SKL-AUTO-D5CBD41C,esco,http://data.europa.eu/esco/occupation/f14194e2-8e7f-4fc9-9c8c-78d9ae2e7284:http://data.europa.eu/esco/skill/9c071f1d-eac3-449d-b004-c14775b5a3b9:essential,essential,3,,0.5,true,source_mapped,not_reviewed,,,,2026.1
CPX-OCC-ENG-012,CPX-SKL-AUTO-AEBD6FC6,esco,http://data.europa.eu/esco/occupation/f14194e2-8e7f-4fc9-9c8c-78d9ae2e7284:http://data.europa.eu/esco/skill/ce4990a4-bf69-4f5f-becb-e4fd96da3a74:essential,essential,3,,0.5,true,source_mapped,not_reviewed,,,,2026.1
CPX-OCC-ENG-012,CPX-SKL-AUTO-E22DCBD2,esco,http://data.europa.eu/esco/occupation/f14194e2-8e7f-4fc9-9c8c-78d9ae2e7284:http://data.europa.eu/esco/skill/f4a6e9f7-5cff-46c0-894c-59c20bb78694:optional,desirable,3,,0.5,true,source_mapped,not_reviewed,,,,2026.1
CPX-OCC-ENG-003,CPX-SKL-AUTO-2C71D659,esco,http://data.europa.eu/esco/occupation/fbceeac6-798b-4307-a825-626707a753ad:http://data.europa.eu/esco/skill/0b917c3e-e49f-40d9-8f95-3bc8e9c06fd2:optional,desirable,3,,0.5,true,source_mapped,not_reviewed,,,,2026.1
CPX-OCC-ENG-003,CPX-SKL-AUTO-0CE30C7C,esco,http://data.europa.eu/esco/occupation/fbceeac6-798b-4307-a825-626707a753ad:http://data.europa.eu/esco/skill/12c7b323-d870-4f5b-9d7d-d9f525206d77:optional,desirable,3,,0.5,true,source_mapped,not_reviewed,,,,2026.1
CPX-OCC-ENG-003,CPX-SKL-AUTO-C30B841B,esco,http://data.europa.eu/esco/occupation/fbceeac6-798b-4307-a825-626707a753ad:http://data.europa.eu/esco/skill/142f3f7f-f15f-412e-a5fe-f75755b5dbe0:optional,desirable,3,,0.5,true,source_mapped,not_reviewed,,,,2026.1
CPX-OCC-ENG-003,CPX-SKL-AUTO-0319B6D4,esco,http://data.europa.eu/esco/occupation/fbceeac6-798b-4307-a825-626707a753ad:http://data.europa.eu/esco/skill/1a3660c2-011c-4e96-9b1d-529afc305428:essential,essential,3,,0.5,true,source_mapped,not_reviewed,,,,2026.1
CPX-OCC-ENG-003,CPX-SKL-AUTO-6D09C357,esco,http://data.europa.eu/esco/occupation/fbceeac6-798b-4307-a825-626707a753ad:http://data.europa.eu/esco/skill/1aba7c4a-4e13-4fa1-905b-7ed26952fbd5:essential,essential,3,,0.5,true,source_mapped,not_reviewed,,,,2026.1
CPX-OCC-ENG-003,CPX-SKL-AUTO-D78D6565,esco,http://data.europa.eu/esco/occupation/fbceeac6-798b-4307-a825-626707a753ad:http://data.europa.eu/esco/skill/42c25baf-ccb3-47d9-a872-bb2ceb615538:essential,essential,3,,0.5,true,source_mapped,not_reviewed,,,,2026.1
CPX-OCC-ENG-003,CPX-SKL-AUTO-2F66ED38,esco,http://data.europa.eu/esco/occupation/fbceeac6-798b-4307-a825-626707a753ad:http://data.europa.eu/esco/skill/4707da90-9cfc-46ca-8de0-38a0b7bfb137:optional,desirable,3,,0.5,true,source_mapped,not_reviewed,,,,2026.1
CPX-OCC-ENG-003,CPX-SKL-AUTO-90F2D09A,esco,http://data.europa.eu/esco/occupation/fbceeac6-798b-4307-a825-626707a753ad:http://data.europa.eu/esco/skill/53e5fa5a-b619-42d9-9993-b005e4291a7a:essential,essential,3,,0.5,true,source_mapped,not_reviewed,,,,2026.1
CPX-OCC-ENG-003,CPX-SKL-AUTO-FB03F0F4,esco,http://data.europa.eu/esco/occupation/fbceeac6-798b-4307-a825-626707a753ad:http://data.europa.eu/esco/skill/6a899482-8bcf-40ca-ae67-579a1cc467ab:optional,desirable,3,,0.5,true,source_mapped,not_reviewed,,,,2026.1
CPX-OCC-ENG-003,CPX-SKL-AUTO-AA25BFD8,esco,http://data.europa.eu/esco/occupation/fbceeac6-798b-4307-a825-626707a753ad:http://data.europa.eu/esco/skill/7111b95d-0ce3-441a-9d92-4c75d05c4388:optional,desirable,3,,0.5,true,source_mapped,not_reviewed,,,,2026.1
CPX-OCC-ENG-003,CPX-SKL-AUTO-4562170B,esco,http://data.europa.eu/esco/occupation/fbceeac6-798b-4307-a825-626707a753ad:http://data.europa.eu/esco/skill/75697ed4-c1a3-47dc-93e3-bb50f21aa2f6:optional,desirable,3,,0.5,true,source_mapped,not_reviewed,,,,2026.1
CPX-OCC-ENG-003,CPX-SKL-AUTO-550464DF,esco,http://data.europa.eu/esco/occupation/fbceeac6-798b-4307-a825-626707a753ad:http://data.europa.eu/esco/skill/81a2db2c-7e55-44d0-9cd9-74c25147d7cd:optional,desirable,3,,0.5,true,source_mapped,not_reviewed,,,,2026.1
CPX-OCC-ENG-003,CPX-SKL-AUTO-20684240,esco,http://data.europa.eu/esco/occupation/fbceeac6-798b-4307-a825-626707a753ad:http://data.europa.eu/esco/skill/82b6b024-6369-4d84-ba68-c665b9df53f8:essential,essential,3,,0.5,true,source_mapped,not_reviewed,,,,2026.1
CPX-OCC-ENG-003,CPX-SKL-AUTO-8695F01D,esco,http://data.europa.eu/esco/occupation/fbceeac6-798b-4307-a825-626707a753ad:http://data.europa.eu/esco/skill/8d4271ca-c9fd-40b3-875f-15f78332a49e:optional,desirable,3,,0.5,true,source_mapped,not_reviewed,,,,2026.1
CPX-OCC-ENG-003,CPX-SKL-AUTO-11564E33,esco,http://data.europa.eu/esco/occupation/fbceeac6-798b-4307-a825-626707a753ad:http://data.europa.eu/esco/skill/8d6a9e62-1e89-49df-8147-680081ce5315:optional,desirable,3,,0.5,true,source_mapped,not_reviewed,,,,2026.1
CPX-OCC-ENG-003,CPX-SKL-AUTO-80041166,esco,http://data.europa.eu/esco/occupation/fbceeac6-798b-4307-a825-626707a753ad:http://data.europa.eu/esco/skill/941364b9-1375-4add-9889-d67bae99bc8c:optional,desirable,3,,0.5,true,source_mapped,not_reviewed,,,,2026.1
CPX-OCC-ENG-003,CPX-SKL-AUTO-A0B5EAE5,esco,http://data.europa.eu/esco/occupation/fbceeac6-798b-4307-a825-626707a753ad:http://data.europa.eu/esco/skill/a432ffcd-b58d-4417-836c-ea3282b626ca:essential,essential,3,,0.5,true,source_mapped,not_reviewed,,,,2026.1
CPX-OCC-ENG-003,CPX-SKL-AUTO-06DC0CB9,esco,http://data.europa.eu/esco/occupation/fbceeac6-798b-4307-a825-626707a753ad:http://data.europa.eu/esco/skill/b7a03115-41c9-4167-a0b6-7e40cf0fd607:optional,desirable,3,,0.5,true,source_mapped,not_reviewed,,,,2026.1
CPX-OCC-ENG-003,CPX-SKL-AUTO-CDD70154,esco,http://data.europa.eu/esco/occupation/fbceeac6-798b-4307-a825-626707a753ad:http://data.europa.eu/esco/skill/f0f93b8b-0ee4-4452-945e-4a2272c0d8dd:essential,essential,3,,0.5,true,source_mapped,not_reviewed,,,,2026.1
CPX-OCC-ENG-003,CPX-SKL-AUTO-8018132A,esco,http://data.europa.eu/esco/occupation/fbceeac6-798b-4307-a825-626707a753ad:http://data.europa.eu/esco/skill/f10142ce-d522-49c3-9fd1-054fb63529d4:optional,desirable,3,,0.5,true,source_mapped,not_reviewed,,,,2026.1
CPX-OCC-ENG-013,CPX-SKL-AUTO-0F91113D,esco,http://data.europa.eu/esco/occupation/fcbb66f5-843b-4152-9ce4-e7b19c2a88d9:http://data.europa.eu/esco/skill/1007aa13-9f18-4bcf-96f3-e108c40baf69:essential,essential,3,,0.5,true,source_mapped,not_reviewed,,,,2026.1
CPX-OCC-ENG-013,CPX-SKL-AUTO-7A776DDF,esco,http://data.europa.eu/esco/occupation/fcbb66f5-843b-4152-9ce4-e7b19c2a88d9:http://data.europa.eu/esco/skill/351e3f8f-4631-412d-963f-25b5fd4efe48:essential,essential,3,,0.5,true,source_mapped,not_reviewed,,,,2026.1
CPX-OCC-ENG-013,CPX-SKL-AUTO-129F0440,esco,http://data.europa.eu/esco/occupation/fcbb66f5-843b-4152-9ce4-e7b19c2a88d9:http://data.europa.eu/esco/skill/35bca3d6-c1ae-48ff-9ae3-a11cea578c2c:essential,essential,3,,0.5,true,source_mapped,not_reviewed,,,,2026.1
CPX-OCC-ENG-013,CPX-SKL-AUTO-67BD8C74,esco,http://data.europa.eu/esco/occupation/fcbb66f5-843b-4152-9ce4-e7b19c2a88d9:http://data.europa.eu/esco/skill/3c333552-8d89-43f5-90bd-856e15bec433:essential,essential,3,,0.5,true,source_mapped,not_reviewed,,,,2026.1
CPX-OCC-ENG-013,CPX-SKL-AUTO-02BEABBF,esco,http://data.europa.eu/esco/occupation/fcbb66f5-843b-4152-9ce4-e7b19c2a88d9:http://data.europa.eu/esco/skill/4064716d-6714-48ea-95a0-ef81c2b31672:essential,essential,3,,0.5,true,source_mapped,not_reviewed,,,,2026.1
CPX-OCC-ENG-013,CPX-SKL-AUTO-102FFBEC,esco,http://data.europa.eu/esco/occupation/fcbb66f5-843b-4152-9ce4-e7b19c2a88d9:http://data.europa.eu/esco/skill/445b65c5-5b16-4f66-94ce-f2a7f49f9ee7:essential,essential,3,,0.5,true,source_mapped,not_reviewed,,,,2026.1
CPX-OCC-ENG-013,CPX-SKL-AUTO-6A63FF77,esco,http://data.europa.eu/esco/occupation/fcbb66f5-843b-4152-9ce4-e7b19c2a88d9:http://data.europa.eu/esco/skill/5eeac647-dc4b-496d-b109-c90b58006021:optional,desirable,3,,0.5,true,source_mapped,not_reviewed,,,,2026.1
CPX-OCC-ENG-013,CPX-SKL-AUTO-DA579DE3,esco,http://data.europa.eu/esco/occupation/fcbb66f5-843b-4152-9ce4-e7b19c2a88d9:http://data.europa.eu/esco/skill/8bdd25f8-4b6e-40fe-a2cf-c1badc594114:essential,essential,3,,0.5,true,source_mapped,not_reviewed,,,,2026.1
CPX-OCC-ENG-013,CPX-SKL-AUTO-87CE8557,esco,http://data.europa.eu/esco/occupation/fcbb66f5-843b-4152-9ce4-e7b19c2a88d9:http://data.europa.eu/esco/skill/9601b2a8-68e4-4906-9306-a23679b8f0b0:essential,essential,3,,0.5,true,source_mapped,not_reviewed,,,,2026.1
CPX-OCC-ENG-013,CPX-SKL-AUTO-247ADC43,esco,http://data.europa.eu/esco/occupation/fcbb66f5-843b-4152-9ce4-e7b19c2a88d9:http://data.europa.eu/esco/skill/99fc129e-360c-4174-9553-5c666a64a395:essential,essential,3,,0.5,true,source_mapped,not_reviewed,,,,2026.1
CPX-OCC-ENG-013,CPX-SKL-AUTO-0BB8877C,esco,http://data.europa.eu/esco/occupation/fcbb66f5-843b-4152-9ce4-e7b19c2a88d9:http://data.europa.eu/esco/skill/9ebae336-b0dc-4711-9aef-0aeb3504ba63:optional,desirable,3,,0.5,true,source_mapped,not_reviewed,,,,2026.1
CPX-OCC-ENG-013,CPX-SKL-AUTO-1C66B8B9,esco,http://data.europa.eu/esco/occupation/fcbb66f5-843b-4152-9ce4-e7b19c2a88d9:http://data.europa.eu/esco/skill/a3d2c72d-1029-47fb-9d0d-4c4a57a044d9:optional,desirable,3,,0.5,true,source_mapped,not_reviewed,,,,2026.1
CPX-OCC-ENG-013,CPX-SKL-AUTO-54DD00B8,esco,http://data.europa.eu/esco/occupation/fcbb66f5-843b-4152-9ce4-e7b19c2a88d9:http://data.europa.eu/esco/skill/b9f16465-56a9-426b-a047-0f9f1f95ec92:optional,desirable,3,,0.5,true,source_mapped,not_reviewed,,,,2026.1
CPX-OCC-ENG-013,CPX-SKL-AUTO-B96852D1,esco,http://data.europa.eu/esco/occupation/fcbb66f5-843b-4152-9ce4-e7b19c2a88d9:http://data.europa.eu/esco/skill/c8ac1986-38fa-43b2-89dc-50a4beeb420e:essential,essential,3,,0.5,true,source_mapped,not_reviewed,,,,2026.1
CPX-OCC-ENG-013,CPX-SKL-AUTO-60BCDAD0,esco,http://data.europa.eu/esco/occupation/fcbb66f5-843b-4152-9ce4-e7b19c2a88d9:http://data.europa.eu/esco/skill/cfbde1b6-8e47-4b83-b430-3d5f7f38d69a:optional,desirable,3,,0.5,true,source_mapped,not_reviewed,,,,2026.1
CPX-OCC-ENG-013,CPX-SKL-AUTO-B6796883,esco,http://data.europa.eu/esco/occupation/fcbb66f5-843b-4152-9ce4-e7b19c2a88d9:http://data.europa.eu/esco/skill/d0f2f8a7-d935-4a6d-8e54-dcc3e5e2cbeb:optional,desirable,3,,0.5,true,source_mapped,not_reviewed,,,,2026.1
CPX-OCC-ENG-013,CPX-SKL-AUTO-32E86F8F,esco,http://data.europa.eu/esco/occupation/fcbb66f5-843b-4152-9ce4-e7b19c2a88d9:http://data.europa.eu/esco/skill/d4acc9e9-5302-4c55-8869-7c1882887690:optional,desirable,3,,0.5,true,source_mapped,not_reviewed,,,,2026.1
CPX-OCC-ENG-013,CPX-SKL-AUTO-323AAC84,esco,http://data.europa.eu/esco/occupation/fcbb66f5-843b-4152-9ce4-e7b19c2a88d9:http://data.europa.eu/esco/skill/f4482d36-86d0-422d-aeb2-59d1bbebb6ff:essential,essential,3,,0.5,true,source_mapped,not_reviewed,,,,2026.1
CPX-OCC-ENG-009,CPX-SKL-AUTO-D2DA541D,esco,http://data.europa.eu/esco/occupation/fcf9024e-277c-43c7-8ec8-8903e5c9c576:http://data.europa.eu/esco/skill/065ec709-e0f4-407f-91fe-9feab66942be:optional,desirable,3,,0.5,true,source_mapped,not_reviewed,,,,2026.1
CPX-OCC-ENG-009,CPX-SKL-AUTO-578BB98A,esco,http://data.europa.eu/esco/occupation/fcf9024e-277c-43c7-8ec8-8903e5c9c576:http://data.europa.eu/esco/skill/07ec6866-d283-46a6-991c-e8ce0c6fc159:essential,essential,3,,0.5,true,source_mapped,not_reviewed,,,,2026.1
CPX-OCC-ENG-009,CPX-SKL-AUTO-1F9A12CD,esco,http://data.europa.eu/esco/occupation/fcf9024e-277c-43c7-8ec8-8903e5c9c576:http://data.europa.eu/esco/skill/089ee650-297e-4716-87d1-440743b70a0d:essential,essential,3,,0.5,true,source_mapped,not_reviewed,,,,2026.1
CPX-OCC-ENG-009,CPX-SKL-AUTO-A7B0C059,esco,http://data.europa.eu/esco/occupation/fcf9024e-277c-43c7-8ec8-8903e5c9c576:http://data.europa.eu/esco/skill/0f4cc60e-820e-439d-8810-31a2cc27ada6:optional,desirable,3,,0.5,true,source_mapped,not_reviewed,,,,2026.1
CPX-OCC-ENG-009,CPX-SKL-AUTO-38A054F6,esco,http://data.europa.eu/esco/occupation/fcf9024e-277c-43c7-8ec8-8903e5c9c576:http://data.europa.eu/esco/skill/10ac5282-3288-4383-8f69-9864d8564ea9:optional,desirable,3,,0.5,true,source_mapped,not_reviewed,,,,2026.1
CPX-OCC-ENG-009,CPX-SKL-AUTO-AEDDE0A3,esco,http://data.europa.eu/esco/occupation/fcf9024e-277c-43c7-8ec8-8903e5c9c576:http://data.europa.eu/esco/skill/11bebcd3-ad55-42b9-b9af-4c7cd7953e3f:optional,desirable,3,,0.5,true,source_mapped,not_reviewed,,,,2026.1
CPX-OCC-ENG-009,CPX-SKL-AUTO-35D4A014,esco,http://data.europa.eu/esco/occupation/fcf9024e-277c-43c7-8ec8-8903e5c9c576:http://data.europa.eu/esco/skill/1697d506-a82b-45aa-9a2f-2b71d71e1789:optional,desirable,3,,0.5,true,source_mapped,not_reviewed,,,,2026.1
CPX-OCC-ENG-009,CPX-SKL-AUTO-5B0E2959,esco,http://data.europa.eu/esco/occupation/fcf9024e-277c-43c7-8ec8-8903e5c9c576:http://data.europa.eu/esco/skill/189777b9-6e95-4f76-b8db-f8e0f0477bc6:optional,desirable,3,,0.5,true,source_mapped,not_reviewed,,,,2026.1
CPX-OCC-ENG-009,CPX-SKL-AUTO-A304DE4D,esco,http://data.europa.eu/esco/occupation/fcf9024e-277c-43c7-8ec8-8903e5c9c576:http://data.europa.eu/esco/skill/1aae38c8-f75a-4009-8aa0-c5fa94b06e6b:optional,desirable,3,,0.5,true,source_mapped,not_reviewed,,,,2026.1
CPX-OCC-ENG-009,CPX-SKL-AUTO-00CA60A1,esco,http://data.europa.eu/esco/occupation/fcf9024e-277c-43c7-8ec8-8903e5c9c576:http://data.europa.eu/esco/skill/200a8387-d67c-43e4-9cdc-44ab592c299e:optional,desirable,3,,0.5,true,source_mapped,not_reviewed,,,,2026.1
CPX-OCC-ENG-009,CPX-SKL-AUTO-0279C024,esco,http://data.europa.eu/esco/occupation/fcf9024e-277c-43c7-8ec8-8903e5c9c576:http://data.europa.eu/esco/skill/209a5498-3449-4689-8ed9-bd08cab4fd78:essential,essential,3,,0.5,true,source_mapped,not_reviewed,,,,2026.1
CPX-OCC-ENG-009,CPX-SKL-AUTO-3A91AE7D,esco,http://data.europa.eu/esco/occupation/fcf9024e-277c-43c7-8ec8-8903e5c9c576:http://data.europa.eu/esco/skill/233be639-bdb5-4099-ab40-96d537d6c1f3:essential,essential,3,,0.5,true,source_mapped,not_reviewed,,,,2026.1
CPX-OCC-ENG-009,CPX-SKL-AUTO-2134CEF7,esco,http://data.europa.eu/esco/occupation/fcf9024e-277c-43c7-8ec8-8903e5c9c576:http://data.europa.eu/esco/skill/25b973c6-68ea-4ff7-bd26-aa76bd08b62a:essential,essential,3,,0.5,true,source_mapped,not_reviewed,,,,2026.1
CPX-OCC-ENG-009,CPX-SKL-AUTO-CA0ABA50,esco,http://data.europa.eu/esco/occupation/fcf9024e-277c-43c7-8ec8-8903e5c9c576:http://data.europa.eu/esco/skill/2a2e85d7-75cc-40b4-8a34-82277d72eb84:optional,desirable,3,,0.5,true,source_mapped,not_reviewed,,,,2026.1
CPX-OCC-ENG-009,CPX-SKL-AUTO-53393FDE,esco,http://data.europa.eu/esco/occupation/fcf9024e-277c-43c7-8ec8-8903e5c9c576:http://data.europa.eu/esco/skill/2f05d09d-7e91-423c-9210-19da0b0e34c6:optional,desirable,3,,0.5,true,source_mapped,not_reviewed,,,,2026.1
CPX-OCC-ENG-009,CPX-SKL-AUTO-0FF256A5,esco,http://data.europa.eu/esco/occupation/fcf9024e-277c-43c7-8ec8-8903e5c9c576:http://data.europa.eu/esco/skill/2f48c606-a936-46a4-9058-dd925973efd6:optional,desirable,3,,0.5,true,source_mapped,not_reviewed,,,,2026.1
CPX-OCC-ENG-009,CPX-SKL-AUTO-E2BF03CB,esco,http://data.europa.eu/esco/occupation/fcf9024e-277c-43c7-8ec8-8903e5c9c576:http://data.europa.eu/esco/skill/397412dc-47c4-4580-82d0-15a9f9a86ea2:optional,desirable,3,,0.5,true,source_mapped,not_reviewed,,,,2026.1
CPX-OCC-ENG-009,CPX-SKL-AUTO-3FE65072,esco,http://data.europa.eu/esco/occupation/fcf9024e-277c-43c7-8ec8-8903e5c9c576:http://data.europa.eu/esco/skill/3e25fd3e-2bcd-4320-9587-0aadf7fb93b1:optional,desirable,3,,0.5,true,source_mapped,not_reviewed,,,,2026.1
CPX-OCC-ENG-009,CPX-SKL-AUTO-8859E9D2,esco,http://data.europa.eu/esco/occupation/fcf9024e-277c-43c7-8ec8-8903e5c9c576:http://data.europa.eu/esco/skill/414bfea8-a6bd-44e1-8820-80b1238a39cc:essential,essential,3,,0.5,true,source_mapped,not_reviewed,,,,2026.1
CPX-OCC-ENG-009,CPX-SKL-AUTO-6F647F1B,esco,http://data.europa.eu/esco/occupation/fcf9024e-277c-43c7-8ec8-8903e5c9c576:http://data.europa.eu/esco/skill/42b23922-1c40-4dbe-9e0c-7a568dfdf06b:essential,essential,3,,0.5,true,source_mapped,not_reviewed,,,,2026.1
CPX-OCC-ENG-009,CPX-SKL-AUTO-925BE284,esco,http://data.europa.eu/esco/occupation/fcf9024e-277c-43c7-8ec8-8903e5c9c576:http://data.europa.eu/esco/skill/4d032f82-6279-48e6-9892-116440a071e3:optional,desirable,3,,0.5,true,source_mapped,not_reviewed,,,,2026.1
CPX-OCC-ENG-009,CPX-SKL-AUTO-519712A0,esco,http://data.europa.eu/esco/occupation/fcf9024e-277c-43c7-8ec8-8903e5c9c576:http://data.europa.eu/esco/skill/4ee4ed1d-dc38-48e0-a9e6-a6b64f316ea6:essential,essential,3,,0.5,true,source_mapped,not_reviewed,,,,2026.1
CPX-OCC-ENG-009,CPX-SKL-AUTO-B7A8AF32,esco,http://data.europa.eu/esco/occupation/fcf9024e-277c-43c7-8ec8-8903e5c9c576:http://data.europa.eu/esco/skill/4fabca9a-7435-4f33-b1da-3cdb00340fdc:essential,essential,3,,0.5,true,source_mapped,not_reviewed,,,,2026.1
CPX-OCC-ENG-009,CPX-SKL-AUTO-0FBF48C0,esco,http://data.europa.eu/esco/occupation/fcf9024e-277c-43c7-8ec8-8903e5c9c576:http://data.europa.eu/esco/skill/541561bc-510c-4a99-881c-2d8bf5a85462:essential,essential,3,,0.5,true,source_mapped,not_reviewed,,,,2026.1
CPX-OCC-ENG-009,CPX-SKL-AUTO-B6D8D6C0,esco,http://data.europa.eu/esco/occupation/fcf9024e-277c-43c7-8ec8-8903e5c9c576:http://data.europa.eu/esco/skill/564e86a6-0916-44e6-b3d6-d99bc0c1f194:optional,desirable,3,,0.5,true,source_mapped,not_reviewed,,,,2026.1
CPX-OCC-ENG-009,CPX-SKL-AUTO-E470E871,esco,http://data.europa.eu/esco/occupation/fcf9024e-277c-43c7-8ec8-8903e5c9c576:http://data.europa.eu/esco/skill/59ea80e1-463a-4dba-82c6-d0b6d577d532:essential,essential,3,,0.5,true,source_mapped,not_reviewed,,,,2026.1
CPX-OCC-ENG-009,CPX-SKL-AUTO-5F843E05,esco,http://data.europa.eu/esco/occupation/fcf9024e-277c-43c7-8ec8-8903e5c9c576:http://data.europa.eu/esco/skill/5b8d63ff-a58b-4331-a53b-b1925acae4dc:essential,essential,3,,0.5,true,source_mapped,not_reviewed,,,,2026.1
CPX-OCC-ENG-009,CPX-SKL-AUTO-B0843D34,esco,http://data.europa.eu/esco/occupation/fcf9024e-277c-43c7-8ec8-8903e5c9c576:http://data.europa.eu/esco/skill/6039fb0d-cf20-49e9-9fd4-5b561e85c77a:optional,desirable,3,,0.5,true,source_mapped,not_reviewed,,,,2026.1
CPX-OCC-ENG-009,CPX-SKL-AUTO-C432DB20,esco,http://data.europa.eu/esco/occupation/fcf9024e-277c-43c7-8ec8-8903e5c9c576:http://data.europa.eu/esco/skill/6055a4be-3f41-47e3-acd1-0535fa17e04c:essential,essential,3,,0.5,true,source_mapped,not_reviewed,,,,2026.1
CPX-OCC-ENG-009,CPX-SKL-AUTO-1E5F4600,esco,http://data.europa.eu/esco/occupation/fcf9024e-277c-43c7-8ec8-8903e5c9c576:http://data.europa.eu/esco/skill/687c2470-c2bb-4891-a643-6bcee71a0ac5:optional,desirable,3,,0.5,true,source_mapped,not_reviewed,,,,2026.1
CPX-OCC-ENG-009,CPX-SKL-AUTO-8FAF5FF8,esco,http://data.europa.eu/esco/occupation/fcf9024e-277c-43c7-8ec8-8903e5c9c576:http://data.europa.eu/esco/skill/68d5d7e2-1e9e-4b2b-bce9-ff6c687e4f45:optional,desirable,3,,0.5,true,source_mapped,not_reviewed,,,,2026.1
CPX-OCC-ENG-009,CPX-SKL-AUTO-D4C5566D,esco,http://data.europa.eu/esco/occupation/fcf9024e-277c-43c7-8ec8-8903e5c9c576:http://data.europa.eu/esco/skill/68e66ed6-a171-4350-8ec1-2cfc4cae50e4:essential,essential,3,,0.5,true,source_mapped,not_reviewed,,,,2026.1
CPX-OCC-ENG-009,CPX-SKL-AUTO-E9272939,esco,http://data.europa.eu/esco/occupation/fcf9024e-277c-43c7-8ec8-8903e5c9c576:http://data.europa.eu/esco/skill/6af000e5-a451-4f78-9feb-723971f2ad05:optional,desirable,3,,0.5,true,source_mapped,not_reviewed,,,,2026.1
CPX-OCC-ENG-009,CPX-SKL-AUTO-98EAC897,esco,http://data.europa.eu/esco/occupation/fcf9024e-277c-43c7-8ec8-8903e5c9c576:http://data.europa.eu/esco/skill/6b5d032a-b85a-44ea-9dad-5201048d2dd2:essential,essential,3,,0.5,true,source_mapped,not_reviewed,,,,2026.1
CPX-OCC-ENG-009,CPX-SKL-AUTO-E6E2C0DD,esco,http://data.europa.eu/esco/occupation/fcf9024e-277c-43c7-8ec8-8903e5c9c576:http://data.europa.eu/esco/skill/700ea222-8139-4c48-95cf-014855565530:optional,desirable,3,,0.5,true,source_mapped,not_reviewed,,,,2026.1
CPX-OCC-ENG-009,CPX-SKL-AUTO-40628FD9,esco,http://data.europa.eu/esco/occupation/fcf9024e-277c-43c7-8ec8-8903e5c9c576:http://data.europa.eu/esco/skill/72a74f69-5cf1-43c5-99b9-62a444578919:essential,essential,3,,0.5,true,source_mapped,not_reviewed,,,,2026.1
CPX-OCC-ENG-009,CPX-SKL-AUTO-13772A32,esco,http://data.europa.eu/esco/occupation/fcf9024e-277c-43c7-8ec8-8903e5c9c576:http://data.europa.eu/esco/skill/75f312e1-622b-4751-8d93-815b32feaf8d:optional,desirable,3,,0.5,true,source_mapped,not_reviewed,,,,2026.1
CPX-OCC-ENG-009,CPX-SKL-AUTO-073A34F6,esco,http://data.europa.eu/esco/occupation/fcf9024e-277c-43c7-8ec8-8903e5c9c576:http://data.europa.eu/esco/skill/88547698-700d-41dc-b0c1-515adf63f9bf:optional,desirable,3,,0.5,true,source_mapped,not_reviewed,,,,2026.1
CPX-OCC-ENG-009,CPX-SKL-AUTO-0D42E145,esco,http://data.europa.eu/esco/occupation/fcf9024e-277c-43c7-8ec8-8903e5c9c576:http://data.europa.eu/esco/skill/8bcf4ef0-edda-4f6a-a1ce-7defb1d324d6:optional,desirable,3,,0.5,true,source_mapped,not_reviewed,,,,2026.1
CPX-OCC-ENG-009,CPX-SKL-AUTO-4B8771DE,esco,http://data.europa.eu/esco/occupation/fcf9024e-277c-43c7-8ec8-8903e5c9c576:http://data.europa.eu/esco/skill/8bdc520c-6293-4e99-bf6f-a44d5da3ebcb:optional,desirable,3,,0.5,true,source_mapped,not_reviewed,,,,2026.1
CPX-OCC-ENG-009,CPX-SKL-AUTO-8A07032B,esco,http://data.europa.eu/esco/occupation/fcf9024e-277c-43c7-8ec8-8903e5c9c576:http://data.europa.eu/esco/skill/8e35a47d-49b3-4937-aeb1-3629be14c3d5:optional,desirable,3,,0.5,true,source_mapped,not_reviewed,,,,2026.1
CPX-OCC-ENG-009,CPX-SKL-AUTO-CD397929,esco,http://data.europa.eu/esco/occupation/fcf9024e-277c-43c7-8ec8-8903e5c9c576:http://data.europa.eu/esco/skill/977ea26a-3721-4f5e-9a99-b6676ff6ba7d:optional,desirable,3,,0.5,true,source_mapped,not_reviewed,,,,2026.1
CPX-OCC-ENG-009,CPX-SKL-AUTO-309B0800,esco,http://data.europa.eu/esco/occupation/fcf9024e-277c-43c7-8ec8-8903e5c9c576:http://data.europa.eu/esco/skill/981f770c-24f1-4711-afc0-13a6fa1a33ab:essential,essential,3,,0.5,true,source_mapped,not_reviewed,,,,2026.1
CPX-OCC-ENG-009,CPX-SKL-AUTO-51EE5619,esco,http://data.europa.eu/esco/occupation/fcf9024e-277c-43c7-8ec8-8903e5c9c576:http://data.europa.eu/esco/skill/991efbde-9d52-40f7-8d4a-dc40d13913a7:essential,essential,3,,0.5,true,source_mapped,not_reviewed,,,,2026.1
CPX-OCC-ENG-009,CPX-SKL-AUTO-BD75BC02,esco,http://data.europa.eu/esco/occupation/fcf9024e-277c-43c7-8ec8-8903e5c9c576:http://data.europa.eu/esco/skill/9c5dbb72-563f-449d-ab89-56b8dfc271b6:essential,essential,3,,0.5,true,source_mapped,not_reviewed,,,,2026.1
CPX-OCC-ENG-009,CPX-SKL-AUTO-E2AD0CCE,esco,http://data.europa.eu/esco/occupation/fcf9024e-277c-43c7-8ec8-8903e5c9c576:http://data.europa.eu/esco/skill/a46b6220-7313-4b3b-9bdb-cca897aff546:optional,desirable,3,,0.5,true,source_mapped,not_reviewed,,,,2026.1
CPX-OCC-ENG-009,CPX-SKL-AUTO-656B7CFF,esco,http://data.europa.eu/esco/occupation/fcf9024e-277c-43c7-8ec8-8903e5c9c576:http://data.europa.eu/esco/skill/afc7c834-8190-4b65-acc6-5c158c851c85:optional,desirable,3,,0.5,true,source_mapped,not_reviewed,,,,2026.1
CPX-OCC-ENG-009,CPX-SKL-AUTO-9751A58B,esco,http://data.europa.eu/esco/occupation/fcf9024e-277c-43c7-8ec8-8903e5c9c576:http://data.europa.eu/esco/skill/b1b118c4-3291-484e-b64d-6d51fd5da8b3:optional,desirable,3,,0.5,true,source_mapped,not_reviewed,,,,2026.1
CPX-OCC-ENG-009,CPX-SKL-AUTO-0C99F9B8,esco,http://data.europa.eu/esco/occupation/fcf9024e-277c-43c7-8ec8-8903e5c9c576:http://data.europa.eu/esco/skill/b25c3eb8-fd63-4d77-8308-7061dbd271c1:optional,desirable,3,,0.5,true,source_mapped,not_reviewed,,,,2026.1
CPX-OCC-ENG-009,CPX-SKL-AUTO-0128A4B5,esco,http://data.europa.eu/esco/occupation/fcf9024e-277c-43c7-8ec8-8903e5c9c576:http://data.europa.eu/esco/skill/b422efe7-b151-4120-86ae-db11a48dd0fa:optional,desirable,3,,0.5,true,source_mapped,not_reviewed,,,,2026.1
CPX-OCC-ENG-009,CPX-SKL-AUTO-C4A41611,esco,http://data.europa.eu/esco/occupation/fcf9024e-277c-43c7-8ec8-8903e5c9c576:http://data.europa.eu/esco/skill/b7729524-6d0e-45b6-87c8-79af1e955a5b:optional,desirable,3,,0.5,true,source_mapped,not_reviewed,,,,2026.1
CPX-OCC-ENG-009,CPX-SKL-AUTO-BD469EC3,esco,http://data.europa.eu/esco/occupation/fcf9024e-277c-43c7-8ec8-8903e5c9c576:http://data.europa.eu/esco/skill/b970e437-2f8b-42e3-ae49-6718a0cca44f:essential,essential,3,,0.5,true,source_mapped,not_reviewed,,,,2026.1
CPX-OCC-ENG-009,CPX-SKL-AUTO-A89BD321,esco,http://data.europa.eu/esco/occupation/fcf9024e-277c-43c7-8ec8-8903e5c9c576:http://data.europa.eu/esco/skill/bc946ebd-caa8-4e18-b5c5-5928768f45fa:optional,desirable,3,,0.5,true,source_mapped,not_reviewed,,,,2026.1
CPX-OCC-ENG-009,CPX-SKL-AUTO-AE0F3FE2,esco,http://data.europa.eu/esco/occupation/fcf9024e-277c-43c7-8ec8-8903e5c9c576:http://data.europa.eu/esco/skill/c1d7a6df-92e8-4b2f-9259-e04dd7242be3:essential,essential,3,,0.5,true,source_mapped,not_reviewed,,,,2026.1
CPX-OCC-ENG-009,CPX-SKL-AUTO-FC09EE69,esco,http://data.europa.eu/esco/occupation/fcf9024e-277c-43c7-8ec8-8903e5c9c576:http://data.europa.eu/esco/skill/c3404999-faaa-4779-9cbf-e594b9c4d3b6:optional,desirable,3,,0.5,true,source_mapped,not_reviewed,,,,2026.1
CPX-OCC-ENG-009,CPX-SKL-AUTO-3439D026,esco,http://data.europa.eu/esco/occupation/fcf9024e-277c-43c7-8ec8-8903e5c9c576:http://data.europa.eu/esco/skill/c927ec6e-9082-4b22-afd3-0c4e219eaf73:optional,desirable,3,,0.5,true,source_mapped,not_reviewed,,,,2026.1
CPX-OCC-ENG-009,CPX-SKL-AUTO-BA385187,esco,http://data.europa.eu/esco/occupation/fcf9024e-277c-43c7-8ec8-8903e5c9c576:http://data.europa.eu/esco/skill/d1a47422-bcf0-4f81-864c-984d08f7cf64:optional,desirable,3,,0.5,true,source_mapped,not_reviewed,,,,2026.1
CPX-OCC-ENG-009,CPX-SKL-AUTO-CAD1E350,esco,http://data.europa.eu/esco/occupation/fcf9024e-277c-43c7-8ec8-8903e5c9c576:http://data.europa.eu/esco/skill/d589970b-933d-4656-bcb6-a43b3cc67888:optional,desirable,3,,0.5,true,source_mapped,not_reviewed,,,,2026.1
CPX-OCC-ENG-009,CPX-SKL-AUTO-7CF19E65,esco,http://data.europa.eu/esco/occupation/fcf9024e-277c-43c7-8ec8-8903e5c9c576:http://data.europa.eu/esco/skill/d6af2e83-6f95-4882-9774-af91ed59d4a6:optional,desirable,3,,0.5,true,source_mapped,not_reviewed,,,,2026.1
CPX-OCC-ENG-009,CPX-SKL-AUTO-44474693,esco,http://data.europa.eu/esco/occupation/fcf9024e-277c-43c7-8ec8-8903e5c9c576:http://data.europa.eu/esco/skill/dc580b44-5099-4327-aabe-8e59b6d1ab90:optional,desirable,3,,0.5,true,source_mapped,not_reviewed,,,,2026.1
CPX-OCC-ENG-009,CPX-SKL-AUTO-32338136,esco,http://data.europa.eu/esco/occupation/fcf9024e-277c-43c7-8ec8-8903e5c9c576:http://data.europa.eu/esco/skill/ddbf25f1-b91a-4083-9ef1-cc113a46e4c0:optional,desirable,3,,0.5,true,source_mapped,not_reviewed,,,,2026.1
CPX-OCC-ENG-009,CPX-SKL-AUTO-C1FE13A0,esco,http://data.europa.eu/esco/occupation/fcf9024e-277c-43c7-8ec8-8903e5c9c576:http://data.europa.eu/esco/skill/e08d5950-f694-450e-90ae-088001dad5e9:optional,desirable,3,,0.5,true,source_mapped,not_reviewed,,,,2026.1
CPX-OCC-ENG-009,CPX-SKL-AUTO-B9A2341F,esco,http://data.europa.eu/esco/occupation/fcf9024e-277c-43c7-8ec8-8903e5c9c576:http://data.europa.eu/esco/skill/e4ff825c-7376-4135-93cd-3892fd67b7c1:optional,desirable,3,,0.5,true,source_mapped,not_reviewed,,,,2026.1
CPX-OCC-ENG-009,CPX-SKL-AUTO-FD7A082E,esco,http://data.europa.eu/esco/occupation/fcf9024e-277c-43c7-8ec8-8903e5c9c576:http://data.europa.eu/esco/skill/e7329772-d1bc-4a73-837b-d729290d7af2:optional,desirable,3,,0.5,true,source_mapped,not_reviewed,,,,2026.1
CPX-OCC-ENG-009,CPX-SKL-AUTO-6D555B1E,esco,http://data.europa.eu/esco/occupation/fcf9024e-277c-43c7-8ec8-8903e5c9c576:http://data.europa.eu/esco/skill/e80f9e50-71ff-4bb7-8b7d-eb232685d17f:optional,desirable,3,,0.5,true,source_mapped,not_reviewed,,,,2026.1
CPX-OCC-ENG-009,CPX-SKL-AUTO-8B69B6C3,esco,http://data.europa.eu/esco/occupation/fcf9024e-277c-43c7-8ec8-8903e5c9c576:http://data.europa.eu/esco/skill/eaef3371-cb14-4d21-90a4-e54dc7c6391c:optional,desirable,3,,0.5,true,source_mapped,not_reviewed,,,,2026.1
CPX-OCC-ENG-009,CPX-SKL-AUTO-68FBBA12,esco,http://data.europa.eu/esco/occupation/fcf9024e-277c-43c7-8ec8-8903e5c9c576:http://data.europa.eu/esco/skill/eb6b7a26-69ab-43f5-9ab4-d09f8904f8e0:optional,desirable,3,,0.5,true,source_mapped,not_reviewed,,,,2026.1
CPX-OCC-ENG-009,CPX-SKL-AUTO-B02F484F,esco,http://data.europa.eu/esco/occupation/fcf9024e-277c-43c7-8ec8-8903e5c9c576:http://data.europa.eu/esco/skill/ebab1997-4e08-4c9a-a3be-3a32fe3b5aa1:optional,desirable,3,,0.5,true,source_mapped,not_reviewed,,,,2026.1
CPX-OCC-ENG-009,CPX-SKL-AUTO-D82A5A70,esco,http://data.europa.eu/esco/occupation/fcf9024e-277c-43c7-8ec8-8903e5c9c576:http://data.europa.eu/esco/skill/f54c10e4-630d-4e50-95e9-4e9e268e8f12:essential,essential,3,,0.5,true,source_mapped,not_reviewed,,,,2026.1
CPX-OCC-ENG-009,CPX-SKL-AUTO-3182B7BD,esco,http://data.europa.eu/esco/occupation/fcf9024e-277c-43c7-8ec8-8903e5c9c576:http://data.europa.eu/esco/skill/f874149a-1d76-43ba-a3b9-338c6d83da30:optional,desirable,3,,0.5,true,source_mapped,not_reviewed,,,,2026.1
CPX-OCC-ENG-009,CPX-SKL-AUTO-7894BD02,esco,http://data.europa.eu/esco/occupation/fcf9024e-277c-43c7-8ec8-8903e5c9c576:http://data.europa.eu/esco/skill/fbe6232a-e2b2-4830-a5e6-ed6415f01e85:essential,essential,3,,0.5,true,source_mapped,not_reviewed,,,,2026.1
CPX-OCC-ENG-009,CPX-SKL-AUTO-6D8C4162,esco,http://data.europa.eu/esco/occupation/fcf9024e-277c-43c7-8ec8-8903e5c9c576:http://data.europa.eu/esco/skill/fcc29203-1f8d-4c54-90ee-78cb18467695:optional,desirable,3,,0.5,true,source_mapped,not_reviewed,,,,2026.1
CPX-OCC-ENG-009,CPX-SKL-AUTO-352E63D5,esco,http://data.europa.eu/esco/occupation/fcf9024e-277c-43c7-8ec8-8903e5c9c576:http://data.europa.eu/esco/skill/fd2930ce-cd21-4eb2-87f7-115c3d197e24:essential,essential,3,,0.5,true,source_mapped,not_reviewed,,,,2026.1
CPX-OCC-BOP-007,CPX-SKL-AUTO-217B3D30,esco,http://data.europa.eu/esco/occupation/fdb16700-109e-4d02-949e-3213f278df93:http://data.europa.eu/esco/skill/03b9b491-fc9b-4868-914a-bf7cd47b5041:essential,essential,3,,0.5,true,source_mapped,not_reviewed,,,,2026.1
CPX-OCC-BOP-007,CPX-SKL-AUTO-0319B6D4,esco,http://data.europa.eu/esco/occupation/fdb16700-109e-4d02-949e-3213f278df93:http://data.europa.eu/esco/skill/1a3660c2-011c-4e96-9b1d-529afc305428:optional,desirable,3,,0.5,true,source_mapped,not_reviewed,,,,2026.1
CPX-OCC-BOP-007,CPX-SKL-AUTO-AF38D05B,esco,http://data.europa.eu/esco/occupation/fdb16700-109e-4d02-949e-3213f278df93:http://data.europa.eu/esco/skill/21c5790c-0930-4d74-b3b0-84caf5af12ea:optional,desirable,3,,0.5,true,source_mapped,not_reviewed,,,,2026.1
CPX-OCC-BOP-007,CPX-SKL-AUTO-959DB502,esco,http://data.europa.eu/esco/occupation/fdb16700-109e-4d02-949e-3213f278df93:http://data.europa.eu/esco/skill/328733a7-6d84-420d-a65c-2a8014fadc60:optional,desirable,3,,0.5,true,source_mapped,not_reviewed,,,,2026.1
CPX-OCC-BOP-007,CPX-SKL-AUTO-BF04DD1D,esco,http://data.europa.eu/esco/occupation/fdb16700-109e-4d02-949e-3213f278df93:http://data.europa.eu/esco/skill/37520413-563e-4d99-a14c-1c6dca3cf833:optional,desirable,3,,0.5,true,source_mapped,not_reviewed,,,,2026.1
CPX-OCC-BOP-007,CPX-SKL-AUTO-F260B394,esco,http://data.europa.eu/esco/occupation/fdb16700-109e-4d02-949e-3213f278df93:http://data.europa.eu/esco/skill/3786b61f-f22e-48d1-af8d-ad4c354534db:optional,desirable,3,,0.5,true,source_mapped,not_reviewed,,,,2026.1
CPX-OCC-BOP-007,CPX-SKL-AUTO-384488DD,esco,http://data.europa.eu/esco/occupation/fdb16700-109e-4d02-949e-3213f278df93:http://data.europa.eu/esco/skill/3edfcb2b-2d0e-4673-87ce-f55c37eb5fca:essential,essential,3,,0.5,true,source_mapped,not_reviewed,,,,2026.1
CPX-OCC-BOP-007,CPX-SKL-AUTO-33359F29,esco,http://data.europa.eu/esco/occupation/fdb16700-109e-4d02-949e-3213f278df93:http://data.europa.eu/esco/skill/46e1b714-94f4-462d-88e6-31f442708812:essential,essential,3,,0.5,true,source_mapped,not_reviewed,,,,2026.1
CPX-OCC-BOP-007,CPX-SKL-AUTO-BAE16BC2,esco,http://data.europa.eu/esco/occupation/fdb16700-109e-4d02-949e-3213f278df93:http://data.europa.eu/esco/skill/5d34adde-0b78-42b4-9d3d-69e9388d8398:essential,essential,3,,0.5,true,source_mapped,not_reviewed,,,,2026.1
CPX-OCC-BOP-007,CPX-SKL-AUTO-48381918,esco,http://data.europa.eu/esco/occupation/fdb16700-109e-4d02-949e-3213f278df93:http://data.europa.eu/esco/skill/5d9e766b-8f17-4e17-bfab-3bb0e0719791:optional,desirable,3,,0.5,true,source_mapped,not_reviewed,,,,2026.1
CPX-OCC-BOP-007,CPX-SKL-AUTO-759F200D,esco,http://data.europa.eu/esco/occupation/fdb16700-109e-4d02-949e-3213f278df93:http://data.europa.eu/esco/skill/764db027-9063-4468-acb3-c73ecfc76f35:optional,desirable,3,,0.5,true,source_mapped,not_reviewed,,,,2026.1
CPX-OCC-BOP-007,CPX-SKL-AUTO-550464DF,esco,http://data.europa.eu/esco/occupation/fdb16700-109e-4d02-949e-3213f278df93:http://data.europa.eu/esco/skill/81a2db2c-7e55-44d0-9cd9-74c25147d7cd:essential,essential,3,,0.5,true,source_mapped,not_reviewed,,,,2026.1
CPX-OCC-BOP-007,CPX-SKL-AUTO-8695F01D,esco,http://data.europa.eu/esco/occupation/fdb16700-109e-4d02-949e-3213f278df93:http://data.europa.eu/esco/skill/8d4271ca-c9fd-40b3-875f-15f78332a49e:essential,essential,3,,0.5,true,source_mapped,not_reviewed,,,,2026.1
CPX-OCC-BOP-007,CPX-SKL-AUTO-D343E1C2,esco,http://data.europa.eu/esco/occupation/fdb16700-109e-4d02-949e-3213f278df93:http://data.europa.eu/esco/skill/96ec2d53-4f41-4172-8ef2-70742c4bb540:optional,desirable,3,,0.5,true,source_mapped,not_reviewed,,,,2026.1
CPX-OCC-BOP-007,CPX-SKL-AUTO-54FB3524,esco,http://data.europa.eu/esco/occupation/fdb16700-109e-4d02-949e-3213f278df93:http://data.europa.eu/esco/skill/a1816dfd-dbdc-4499-bef3-ff81dd895b33:essential,essential,3,,0.5,true,source_mapped,not_reviewed,,,,2026.1
CPX-OCC-BOP-007,CPX-SKL-AUTO-0BD6497B,esco,http://data.europa.eu/esco/occupation/fdb16700-109e-4d02-949e-3213f278df93:http://data.europa.eu/esco/skill/c69587b4-05d3-45bb-b79b-9b85e6603fc2:essential,essential,3,,0.5,true,source_mapped,not_reviewed,,,,2026.1
CPX-OCC-BOP-007,CPX-SKL-AUTO-8C767E60,esco,http://data.europa.eu/esco/occupation/fdb16700-109e-4d02-949e-3213f278df93:http://data.europa.eu/esco/skill/cd5efa8c-e44d-4cbc-91c6-796018dbed68:optional,desirable,3,,0.5,true,source_mapped,not_reviewed,,,,2026.1
