code,canonical_name,slug,description,skill_category,parent_skill_code,proficiency_framework,verification_status,review_status,reviewed_by,reviewed_at,review_notes,is_active,taxonomy_version
CPX-SKL-AUTO-0012B616,Event scheduling software,event-scheduling-software,Calendar and scheduling software,tool,,cpx_1_5,source_mapped,not_reviewed,,,,true,2026.1
CPX-SKL-AUTO-00450073,Management of Material Resources,management-of-material-resources,"Obtaining and seeing to the appropriate use of equipment, facilities, and materials needed to do certain work.",transferable,,cpx_1_5,source_mapped,not_reviewed,,,,true,2026.1
CPX-SKL-AUTO-006521C2,Multilimb Coordination,multilimb-coordination,"The ability to coordinate two or more limbs (for example, two arms, two legs, or one leg and one arm) while sitting, standing, or lying down. It does not involve performing the activities while the whole body is in motion.",transferable,,cpx_1_5,source_mapped,not_reviewed,,,,true,2026.1
CPX-SKL-AUTO-00CA60A1,ensure regulatory compliance in pipeline infrastructures,ensure-regulatory-compliance-in-pipeline-infrastructures,ESCO skill linked to selected occupations.,regulatory,,cpx_1_5,source_mapped,not_reviewed,,,,true,2026.1
CPX-SKL-AUTO-010E3D29,adhere to organisational guidelines,adhere-to-organisational-guidelines,ESCO skill linked to selected occupations.,transferable,,cpx_1_5,source_mapped,not_reviewed,,,,true,2026.1
CPX-SKL-AUTO-0123F583,CGI-AMS BureauLink Enterprise,cgi-ams-bureaulink-enterprise,Information retrieval or search software,tool,,cpx_1_5,source_mapped,not_reviewed,,,,true,2026.1
CPX-SKL-AUTO-0128A4B5,advise on environmental remediation,advise-on-environmental-remediation,ESCO skill linked to selected occupations.,transferable,,cpx_1_5,source_mapped,not_reviewed,,,,true,2026.1
CPX-SKL-AUTO-0157CCD9,transportation methods,transportation-methods,ESCO knowledge linked to selected occupations.,domain_knowledge,,cpx_1_5,source_mapped,not_reviewed,,,,true,2026.1
CPX-SKL-AUTO-01A6F020,design microelectronics,design-microelectronics,ESCO skill linked to selected occupations.,transferable,,cpx_1_5,source_mapped,not_reviewed,,,,true,2026.1
CPX-SKL-AUTO-01B92F1B,geodesy,geodesy,ESCO knowledge linked to selected occupations.,domain_knowledge,,cpx_1_5,source_mapped,not_reviewed,,,,true,2026.1
CPX-SKL-AUTO-01DE95B3,Accelerated life testing software,accelerated-life-testing-software,Analytical or scientific software,tool,,cpx_1_5,source_mapped,not_reviewed,,,,true,2026.1
CPX-SKL-AUTO-02174F4C,perform surveying calculations,perform-surveying-calculations,ESCO skill linked to selected occupations.,transferable,,cpx_1_5,source_mapped,not_reviewed,,,,true,2026.1
CPX-SKL-AUTO-021C61CC,promote environmental awareness,promote-environmental-awareness,ESCO skill linked to selected occupations.,transferable,,cpx_1_5,source_mapped,not_reviewed,,,,true,2026.1
CPX-SKL-AUTO-021D5DB6,Apache Tomcat,apache-tomcat,Web platform development software,tool,,cpx_1_5,source_mapped,not_reviewed,,,,true,2026.1
CPX-SKL-AUTO-0279C024,engineering principles,engineering-principles,ESCO knowledge linked to selected occupations.,domain_knowledge,,cpx_1_5,source_mapped,not_reviewed,,,,true,2026.1
CPX-SKL-AUTO-028612FC,Apollo Photonics APSS,apollo-photonics-apss,Computer aided design CAD software,tool,,cpx_1_5,source_mapped,not_reviewed,,,,true,2026.1
CPX-SKL-AUTO-02BEABBF,mine safety legislation,mine-safety-legislation,ESCO knowledge linked to selected occupations.,domain_knowledge,,cpx_1_5,source_mapped,not_reviewed,,,,true,2026.1
CPX-SKL-AUTO-02C0F723,Negotiation,negotiation,Bringing others together and trying to reconcile differences.,transferable,,cpx_1_5,source_mapped,not_reviewed,,,,true,2026.1
CPX-SKL-AUTO-02EE932D,apply soldering techniques,apply-soldering-techniques,ESCO skill linked to selected occupations.,transferable,,cpx_1_5,source_mapped,not_reviewed,,,,true,2026.1
CPX-SKL-AUTO-0319B6D4,inspect quality of products,inspect-quality-of-products,ESCO skill linked to selected occupations.,transferable,,cpx_1_5,source_mapped,not_reviewed,,,,true,2026.1
CPX-SKL-AUTO-0384E53A,multimodal transport logistics,multimodal-transport-logistics,ESCO knowledge linked to selected occupations.,domain_knowledge,,cpx_1_5,source_mapped,not_reviewed,,,,true,2026.1
CPX-SKL-AUTO-038CEC42,operate road roller,operate-road-roller,ESCO skill linked to selected occupations.,transferable,,cpx_1_5,source_mapped,not_reviewed,,,,true,2026.1
CPX-SKL-AUTO-0408DD49,types of electronics,types-of-electronics,ESCO knowledge linked to selected occupations.,domain_knowledge,,cpx_1_5,source_mapped,not_reviewed,,,,true,2026.1
CPX-SKL-AUTO-04466A42,Analyse-it,analyse-it,Analytical or scientific software,tool,,cpx_1_5,source_mapped,not_reviewed,,,,true,2026.1
CPX-SKL-AUTO-04FFB2F8,work in a fishery team,work-in-a-fishery-team,ESCO skill linked to selected occupations.,transferable,,cpx_1_5,source_mapped,not_reviewed,,,,true,2026.1
CPX-SKL-AUTO-052B962E,use CAD software,use-cad-software,ESCO skill linked to selected occupations.,technical,,cpx_1_5,source_mapped,not_reviewed,,,,true,2026.1
CPX-SKL-AUTO-05505988,Coordination,coordination,Adjusting actions in relation to others' actions.,transferable,,cpx_1_5,source_mapped,not_reviewed,,,,true,2026.1
CPX-SKL-AUTO-056270FE,process incoming construction supplies,process-incoming-construction-supplies,ESCO skill linked to selected occupations.,transferable,,cpx_1_5,source_mapped,not_reviewed,,,,true,2026.1
CPX-SKL-AUTO-05B3D8F2,Business and Management,business-and-management,"Knowledge of principles and facts related to business administration and accounting, human and material resource management in organizations, sales and marketing, economics, and office information and organizing systems",domain_knowledge,,cpx_1_5,source_mapped,not_reviewed,,,,true,2026.1
CPX-SKL-AUTO-05B6A341,keep personal administration,keep-personal-administration,ESCO skill linked to selected occupations.,transferable,,cpx_1_5,source_mapped,not_reviewed,,,,true,2026.1
CPX-SKL-AUTO-0610C50A,Industrial control systems software,industrial-control-systems-software,Industrial control software,tool,,cpx_1_5,source_mapped,not_reviewed,,,,true,2026.1
CPX-SKL-AUTO-062466C6,Bite analysis software,bite-analysis-software,Analytical or scientific software,tool,,cpx_1_5,source_mapped,not_reviewed,,,,true,2026.1
CPX-SKL-AUTO-06719520,Engineering and Technology,engineering-and-technology,"Knowledge of the design, development, and application of technology for specific purposes.",domain_knowledge,,cpx_1_5,source_mapped,not_reviewed,,,,true,2026.1
CPX-SKL-AUTO-067EB21B,maintain electromechanical equipment,maintain-electromechanical-equipment,ESCO skill linked to selected occupations.,transferable,,cpx_1_5,source_mapped,not_reviewed,,,,true,2026.1
CPX-SKL-AUTO-06DC0CB9,manage product testing,manage-product-testing,ESCO skill linked to selected occupations.,transferable,,cpx_1_5,source_mapped,not_reviewed,,,,true,2026.1
CPX-SKL-AUTO-073A34F6,prepare timelines for pipeline development projects,prepare-timelines-for-pipeline-development-projects,ESCO skill linked to selected occupations.,transferable,,cpx_1_5,source_mapped,not_reviewed,,,,true,2026.1
CPX-SKL-AUTO-073DE116,manoeuvre heavy trucks,manoeuvre-heavy-trucks,ESCO skill linked to selected occupations.,transferable,,cpx_1_5,source_mapped,not_reviewed,,,,true,2026.1
CPX-SKL-AUTO-077C58F7,test microelectromechanical systems,test-microelectromechanical-systems,ESCO skill linked to selected occupations.,transferable,,cpx_1_5,source_mapped,not_reviewed,,,,true,2026.1
CPX-SKL-AUTO-07D3E689,assemble microelectromechanical systems,assemble-microelectromechanical-systems,ESCO skill linked to selected occupations.,transferable,,cpx_1_5,source_mapped,not_reviewed,,,,true,2026.1
CPX-SKL-AUTO-07F149B8,design electromagnets,design-electromagnets,ESCO skill linked to selected occupations.,transferable,,cpx_1_5,source_mapped,not_reviewed,,,,true,2026.1
CPX-SKL-AUTO-081400C1,electromechanics,electromechanics,ESCO knowledge linked to selected occupations.,domain_knowledge,,cpx_1_5,source_mapped,not_reviewed,,,,true,2026.1
CPX-SKL-AUTO-085F11EF,geographic information systems,geographic-information-systems,ESCO knowledge linked to selected occupations.,domain_knowledge,,cpx_1_5,source_mapped,not_reviewed,,,,true,2026.1
CPX-SKL-AUTO-088ADB45,guide operation of heavy construction equipment,guide-operation-of-heavy-construction-equipment,ESCO skill linked to selected occupations.,transferable,,cpx_1_5,source_mapped,not_reviewed,,,,true,2026.1
CPX-SKL-AUTO-088F39E3,coordinate fire fighting,coordinate-fire-fighting,ESCO skill linked to selected occupations.,transferable,,cpx_1_5,source_mapped,not_reviewed,,,,true,2026.1
CPX-SKL-AUTO-08BA3BD8,Apple AppleWorks,apple-appleworks,Spreadsheet software,tool,,cpx_1_5,source_mapped,not_reviewed,,,,true,2026.1
CPX-SKL-AUTO-08C04917,test microelectronics,test-microelectronics,ESCO skill linked to selected occupations.,transferable,,cpx_1_5,source_mapped,not_reviewed,,,,true,2026.1
CPX-SKL-AUTO-091726A7,components of air conditioning systems,components-of-air-conditioning-systems,ESCO knowledge linked to selected occupations.,domain_knowledge,,cpx_1_5,source_mapped,not_reviewed,,,,true,2026.1
CPX-SKL-AUTO-0940A444,product data management,product-data-management,ESCO knowledge linked to selected occupations.,domain_knowledge,,cpx_1_5,source_mapped,not_reviewed,,,,true,2026.1
CPX-SKL-AUTO-09485647,micromechanics,micromechanics,ESCO knowledge linked to selected occupations.,domain_knowledge,,cpx_1_5,source_mapped,not_reviewed,,,,true,2026.1
CPX-SKL-AUTO-0969BBF7,robotics,robotics,ESCO knowledge linked to selected occupations.,domain_knowledge,,cpx_1_5,source_mapped,not_reviewed,,,,true,2026.1
CPX-SKL-AUTO-09AE6D10,Ab Initio,ab-initio,Enterprise resource planning ERP software,tool,,cpx_1_5,source_mapped,not_reviewed,,,,true,2026.1
CPX-SKL-AUTO-09B2615A,CDC Supply Chain,cdc-supply-chain,Materials requirements planning logistics and supply chain software,tool,,cpx_1_5,source_mapped,not_reviewed,,,,true,2026.1
CPX-SKL-AUTO-09B61CE4,work in a construction team,work-in-a-construction-team,ESCO skill linked to selected occupations.,transferable,,cpx_1_5,source_mapped,not_reviewed,,,,true,2026.1
CPX-SKL-AUTO-09D9D6C3,parking regulations,parking-regulations,ESCO knowledge linked to selected occupations.,domain_knowledge,,cpx_1_5,source_mapped,not_reviewed,,,,true,2026.1
CPX-SKL-AUTO-0A32DEDA,Foundational Areas,foundational-areas,Areas that support learning and applying skills across many types of work.,technical,,cpx_1_5,source_mapped,not_reviewed,,,,true,2026.1
CPX-SKL-AUTO-0A6657BC,microsystem test procedures,microsystem-test-procedures,ESCO knowledge linked to selected occupations.,domain_knowledge,,cpx_1_5,source_mapped,not_reviewed,,,,true,2026.1
CPX-SKL-AUTO-0A7245FE,microsensors,microsensors,ESCO knowledge linked to selected occupations.,domain_knowledge,,cpx_1_5,source_mapped,not_reviewed,,,,true,2026.1
CPX-SKL-AUTO-0A83E75B,document survey operations,document-survey-operations,ESCO skill linked to selected occupations.,transferable,,cpx_1_5,source_mapped,not_reviewed,,,,true,2026.1
CPX-SKL-AUTO-0A8A4D92,Chemistry,chemistry,"Knowledge of the chemical composition, structure, and properties of substances and of the chemical processes and transformations that they undergo. This includes uses of chemicals and their interactions, danger signs, production techniques, and disposal methods.",domain_knowledge,,cpx_1_5,source_mapped,not_reviewed,,,,true,2026.1
CPX-SKL-AUTO-0ACD7FB4,transmission technology,transmission-technology,ESCO knowledge linked to selected occupations.,domain_knowledge,,cpx_1_5,source_mapped,not_reviewed,,,,true,2026.1
CPX-SKL-AUTO-0AE4E961,evaluate engine performance,evaluate-engine-performance,ESCO skill linked to selected occupations.,transferable,,cpx_1_5,source_mapped,not_reviewed,,,,true,2026.1
CPX-SKL-AUTO-0AF0AB73,3PL Central,3pl-central,Materials requirements planning logistics and supply chain software,tool,,cpx_1_5,source_mapped,not_reviewed,,,,true,2026.1
CPX-SKL-AUTO-0B37E863,energy,energy,ESCO knowledge linked to selected occupations.,domain_knowledge,,cpx_1_5,source_mapped,not_reviewed,,,,true,2026.1
CPX-SKL-AUTO-0B41388E,AccessData FTK,accessdata-ftk,Network monitoring software,tool,,cpx_1_5,source_mapped,not_reviewed,,,,true,2026.1
CPX-SKL-AUTO-0BB8877C,monitor mine production,monitor-mine-production,ESCO skill linked to selected occupations.,transferable,,cpx_1_5,source_mapped,not_reviewed,,,,true,2026.1
CPX-SKL-AUTO-0BBB8BC2,AEC Software FastTrack Schedule,aec-software-fasttrack-schedule,Calendar and scheduling software,tool,,cpx_1_5,source_mapped,not_reviewed,,,,true,2026.1
CPX-SKL-AUTO-0BC2C23E,Static Strength,static-strength,"The ability to exert maximum muscle force to lift, push, pull, or carry objects.",transferable,,cpx_1_5,source_mapped,not_reviewed,,,,true,2026.1
CPX-SKL-AUTO-0BD6497B,provide technical expertise,provide-technical-expertise,ESCO skill linked to selected occupations.,transferable,,cpx_1_5,source_mapped,not_reviewed,,,,true,2026.1
CPX-SKL-AUTO-0C187978,Critical Thinking,critical-thinking,"Using logic and reasoning to identify the strengths and weaknesses of alternative solutions, conclusions, or approaches to problems.",technical,,cpx_1_5,source_mapped,not_reviewed,,,,true,2026.1
CPX-SKL-AUTO-0C2372BD,design electronic systems,design-electronic-systems,ESCO skill linked to selected occupations.,transferable,,cpx_1_5,source_mapped,not_reviewed,,,,true,2026.1
CPX-SKL-AUTO-0C722B17,Pascal (computer programming),pascal-computer-programming,ESCO knowledge linked to selected occupations.,domain_knowledge,,cpx_1_5,source_mapped,not_reviewed,,,,true,2026.1
CPX-SKL-AUTO-0C99F9B8,conserve natural resources,conserve-natural-resources,ESCO skill linked to selected occupations.,transferable,,cpx_1_5,source_mapped,not_reviewed,,,,true,2026.1
CPX-SKL-AUTO-0CDA09A8,operate railway warning systems,operate-railway-warning-systems,ESCO skill linked to selected occupations.,transferable,,cpx_1_5,source_mapped,not_reviewed,,,,true,2026.1
CPX-SKL-AUTO-0CE30C7C,production processes,production-processes,ESCO knowledge linked to selected occupations.,domain_knowledge,,cpx_1_5,source_mapped,not_reviewed,,,,true,2026.1
CPX-SKL-AUTO-0D42E145,perform water treatment procedures,perform-water-treatment-procedures,ESCO skill linked to selected occupations.,transferable,,cpx_1_5,source_mapped,not_reviewed,,,,true,2026.1
CPX-SKL-AUTO-0E015E52,Telecommunications,telecommunications,"Knowledge of transmission, broadcasting, switching, control, and operation of telecommunications systems.",domain_knowledge,,cpx_1_5,source_mapped,not_reviewed,,,,true,2026.1
CPX-SKL-AUTO-0E1D5981,adapt energy distribution schedules,adapt-energy-distribution-schedules,ESCO skill linked to selected occupations.,transferable,,cpx_1_5,source_mapped,not_reviewed,,,,true,2026.1
CPX-SKL-AUTO-0EC9F61C,Adaptive conjoint analysis ACA software,adaptive-conjoint-analysis-aca-software,Analytical or scientific software,tool,,cpx_1_5,source_mapped,not_reviewed,,,,true,2026.1
CPX-SKL-AUTO-0F27BB87,1003 Uniform Residential Loan Application,1003-uniform-residential-loan-application,Financial analysis software,tool,,cpx_1_5,source_mapped,not_reviewed,,,,true,2026.1
CPX-SKL-AUTO-0F3B3F9C,Near Vision,near-vision,The ability to see details at close range (within a few feet of the observer).,transferable,,cpx_1_5,source_mapped,not_reviewed,,,,true,2026.1
CPX-SKL-AUTO-0F420CA2,24SevenOffice Project,24sevenoffice-project,Project management software,tool,,cpx_1_5,source_mapped,not_reviewed,,,,true,2026.1
CPX-SKL-AUTO-0F492352,digital camera sensors,digital-camera-sensors,ESCO knowledge linked to selected occupations.,domain_knowledge,,cpx_1_5,source_mapped,not_reviewed,,,,true,2026.1
CPX-SKL-AUTO-0F91113D,use a computer,use-a-computer,ESCO skill linked to selected occupations.,transferable,,cpx_1_5,source_mapped,not_reviewed,,,,true,2026.1
CPX-SKL-AUTO-0FBF48C0,use technical drawing software,use-technical-drawing-software,ESCO skill linked to selected occupations.,technical,,cpx_1_5,source_mapped,not_reviewed,,,,true,2026.1
CPX-SKL-AUTO-0FE93BD2,scientific research methodology,scientific-research-methodology,ESCO knowledge linked to selected occupations.,domain_knowledge,,cpx_1_5,source_mapped,not_reviewed,,,,true,2026.1
CPX-SKL-AUTO-0FF256A5,measure water quality parameters,measure-water-quality-parameters,ESCO skill linked to selected occupations.,transferable,,cpx_1_5,source_mapped,not_reviewed,,,,true,2026.1
CPX-SKL-AUTO-0FFF9E3F,Advantos Systems DataTrust Enterprise,advantos-systems-datatrust-enterprise,Data base user interface and query software,tool,,cpx_1_5,source_mapped,not_reviewed,,,,true,2026.1
CPX-SKL-AUTO-1014C414,build a product's physical model,build-a-product-s-physical-model,ESCO skill linked to selected occupations.,transferable,,cpx_1_5,source_mapped,not_reviewed,,,,true,2026.1
CPX-SKL-AUTO-1028DCE2,Originality,originality,"The ability to come up with unusual or clever ideas about a given topic or situation, or to develop creative ways to solve a problem.",transferable,,cpx_1_5,source_mapped,not_reviewed,,,,true,2026.1
CPX-SKL-AUTO-102FFBEC,manage emergency procedures,manage-emergency-procedures,ESCO skill linked to selected occupations.,transferable,,cpx_1_5,source_mapped,not_reviewed,,,,true,2026.1
CPX-SKL-AUTO-1048CB27,AcmeStudio,acmestudio,Requirements analysis and system architecture software,tool,,cpx_1_5,source_mapped,not_reviewed,,,,true,2026.1
CPX-SKL-AUTO-106BEC19,Automated purchase order software,automated-purchase-order-software,Procurement software,tool,,cpx_1_5,source_mapped,not_reviewed,,,,true,2026.1
CPX-SKL-AUTO-1083AFD4,mechanics of trains,mechanics-of-trains,ESCO knowledge linked to selected occupations.,domain_knowledge,,cpx_1_5,source_mapped,not_reviewed,,,,true,2026.1
CPX-SKL-AUTO-10A93E87,domestic heating systems,domestic-heating-systems,ESCO knowledge linked to selected occupations.,domain_knowledge,,cpx_1_5,source_mapped,not_reviewed,,,,true,2026.1
CPX-SKL-AUTO-10E7FEFE,Microsoft Office software,microsoft-office-software,Office suite software,tool,,cpx_1_5,source_mapped,not_reviewed,,,,true,2026.1
CPX-SKL-AUTO-11280C09,Education and Training,education-and-training,"Knowledge of principles and methods for curriculum and training design, teaching and instruction for individuals and groups, and the measurement of training effects.",domain_knowledge,,cpx_1_5,source_mapped,not_reviewed,,,,true,2026.1
CPX-SKL-AUTO-114ACB44,construction product regulation,construction-product-regulation,ESCO knowledge linked to selected occupations.,domain_knowledge,,cpx_1_5,source_mapped,not_reviewed,,,,true,2026.1
CPX-SKL-AUTO-11564E33,use non-destructive testing equipment,use-non-destructive-testing-equipment,ESCO skill linked to selected occupations.,transferable,,cpx_1_5,source_mapped,not_reviewed,,,,true,2026.1
CPX-SKL-AUTO-1158D781,Assembly (computer programming),assembly-computer-programming,ESCO knowledge linked to selected occupations.,domain_knowledge,,cpx_1_5,source_mapped,not_reviewed,,,,true,2026.1
CPX-SKL-AUTO-1162CD2D,design integrated circuits,design-integrated-circuits,ESCO skill linked to selected occupations.,transferable,,cpx_1_5,source_mapped,not_reviewed,,,,true,2026.1
CPX-SKL-AUTO-128B4945,Geography,geography,"Knowledge of principles and methods for describing the features of land, sea, and air masses, including their physical characteristics, locations, interrelationships, and distribution of plant, animal, and human life.",domain_knowledge,,cpx_1_5,source_mapped,not_reviewed,,,,true,2026.1
CPX-SKL-AUTO-129F0440,impact of geological factors on mining operations,impact-of-geological-factors-on-mining-operations,ESCO knowledge linked to selected occupations.,domain_knowledge,,cpx_1_5,source_mapped,not_reviewed,,,,true,2026.1
CPX-SKL-AUTO-12B97C9E,Mathematics and Science,mathematics-and-science,"Knowledge of the history, theories, methods, and applications of the physical, biological, social, mathematical, and geography",domain_knowledge,,cpx_1_5,source_mapped,not_reviewed,,,,true,2026.1
CPX-SKL-AUTO-1324BECE,use precision tools,use-precision-tools,ESCO skill linked to selected occupations.,transferable,,cpx_1_5,source_mapped,not_reviewed,,,,true,2026.1
CPX-SKL-AUTO-13772A32,pollution prevention,pollution-prevention,ESCO knowledge linked to selected occupations.,domain_knowledge,,cpx_1_5,source_mapped,not_reviewed,,,,true,2026.1
CPX-SKL-AUTO-13E424E6,geophysics,geophysics,ESCO knowledge linked to selected occupations.,domain_knowledge,,cpx_1_5,source_mapped,not_reviewed,,,,true,2026.1
CPX-SKL-AUTO-143C994F,Manual Dexterity,manual-dexterity,"The ability to quickly move your hand, your hand together with your arm, or your two hands to grasp, manipulate, or assemble objects.",transferable,,cpx_1_5,source_mapped,not_reviewed,,,,true,2026.1
CPX-SKL-AUTO-14505B4A,Actano Rplan,actano-rplan,Project management software,tool,,cpx_1_5,source_mapped,not_reviewed,,,,true,2026.1
CPX-SKL-AUTO-1469D77E,Hearing Sensitivity,hearing-sensitivity,The ability to detect or tell the differences between sounds that vary in pitch and loudness.,transferable,,cpx_1_5,source_mapped,not_reviewed,,,,true,2026.1
CPX-SKL-AUTO-1485C224,CoffeeScript,coffeescript,ESCO knowledge linked to selected occupations.,domain_knowledge,,cpx_1_5,source_mapped,not_reviewed,,,,true,2026.1
CPX-SKL-AUTO-1485E59B,AIRMaster+,airmaster,Analytical or scientific software,tool,,cpx_1_5,source_mapped,not_reviewed,,,,true,2026.1
CPX-SKL-AUTO-14AFF5E6,Advanced Portfolio Technologies Report Builder,advanced-portfolio-technologies-report-builder,Financial analysis software,tool,,cpx_1_5,source_mapped,not_reviewed,,,,true,2026.1
CPX-SKL-AUTO-14F4C55C,give live presentation,give-live-presentation,ESCO skill linked to selected occupations.,transferable,,cpx_1_5,source_mapped,not_reviewed,,,,true,2026.1
CPX-SKL-AUTO-14F72D18,prevent damage to utility infrastructure,prevent-damage-to-utility-infrastructure,ESCO skill linked to selected occupations.,transferable,,cpx_1_5,source_mapped,not_reviewed,,,,true,2026.1
CPX-SKL-AUTO-1508EE9B,bicycle mechanics,bicycle-mechanics,ESCO knowledge linked to selected occupations.,domain_knowledge,,cpx_1_5,source_mapped,not_reviewed,,,,true,2026.1
CPX-SKL-AUTO-153CBA2C,Aldata Warehouse Management,aldata-warehouse-management,Materials requirements planning logistics and supply chain software,tool,,cpx_1_5,source_mapped,not_reviewed,,,,true,2026.1
CPX-SKL-AUTO-15656B11,Bostonpost Technology Property Manager,bostonpost-technology-property-manager,Data base user interface and query software,tool,,cpx_1_5,source_mapped,not_reviewed,,,,true,2026.1
CPX-SKL-AUTO-15DA0D24,Transferable Skills,transferable-skills,"Skills you can use across different jobs such as communication, problem solving, and team work.",transferable,,cpx_1_5,source_mapped,not_reviewed,,,,true,2026.1
CPX-SKL-AUTO-15E75009,Biomechanical imaging software,biomechanical-imaging-software,Analytical or scientific software,tool,,cpx_1_5,source_mapped,not_reviewed,,,,true,2026.1
CPX-SKL-AUTO-1698F006,design customised maps,design-customised-maps,ESCO skill linked to selected occupations.,transferable,,cpx_1_5,source_mapped,not_reviewed,,,,true,2026.1
CPX-SKL-AUTO-16990971,Apple macOS,apple-macos,Operating system software,tool,,cpx_1_5,source_mapped,not_reviewed,,,,true,2026.1
CPX-SKL-AUTO-16A15640,maintain relationship with suppliers,maintain-relationship-with-suppliers,ESCO skill linked to selected occupations.,transferable,,cpx_1_5,source_mapped,not_reviewed,,,,true,2026.1
CPX-SKL-AUTO-16CB42CA,regulate traffic,regulate-traffic,ESCO skill linked to selected occupations.,transferable,,cpx_1_5,source_mapped,not_reviewed,,,,true,2026.1
CPX-SKL-AUTO-1723287C,Science,science,Using scientific rules and methods to solve problems.,technical,,cpx_1_5,source_mapped,not_reviewed,,,,true,2026.1
CPX-SKL-AUTO-174310DB,acoustics,acoustics,ESCO knowledge linked to selected occupations.,domain_knowledge,,cpx_1_5,source_mapped,not_reviewed,,,,true,2026.1
CPX-SKL-AUTO-183D026F,train employees,train-employees,ESCO skill linked to selected occupations.,transferable,,cpx_1_5,source_mapped,not_reviewed,,,,true,2026.1
CPX-SKL-AUTO-183F3A28,topography,topography,ESCO knowledge linked to selected occupations.,domain_knowledge,,cpx_1_5,source_mapped,not_reviewed,,,,true,2026.1
CPX-SKL-AUTO-188D24EA,design hardware,design-hardware,ESCO skill linked to selected occupations.,transferable,,cpx_1_5,source_mapped,not_reviewed,,,,true,2026.1
CPX-SKL-AUTO-18906EC9,Autopsy information databases,autopsy-information-databases,Data base user interface and query software,tool,,cpx_1_5,source_mapped,not_reviewed,,,,true,2026.1
CPX-SKL-AUTO-189AD04A,provide technical documentation,provide-technical-documentation,ESCO skill linked to selected occupations.,transferable,,cpx_1_5,source_mapped,not_reviewed,,,,true,2026.1
CPX-SKL-AUTO-199FECE2,Auditory Attention,auditory-attention,The ability to focus on a single source of sound in the presence of other distracting sounds.,transferable,,cpx_1_5,source_mapped,not_reviewed,,,,true,2026.1
CPX-SKL-AUTO-19BAA3E7,Operation and Control,operation-and-control,Controlling operations of equipment or systems.,transferable,,cpx_1_5,source_mapped,not_reviewed,,,,true,2026.1
CPX-SKL-AUTO-1A411F9F,inspect facility sites,inspect-facility-sites,ESCO skill linked to selected occupations.,transferable,,cpx_1_5,source_mapped,not_reviewed,,,,true,2026.1
CPX-SKL-AUTO-1A488A36,Dynamic Strength,dynamic-strength,The ability to exert muscle force repeatedly or continuously over time. This involves muscular endurance and resistance to muscle fatigue.,transferable,,cpx_1_5,source_mapped,not_reviewed,,,,true,2026.1
CPX-SKL-AUTO-1AB650F3,Public Safety and Security,public-safety-and-security,"Knowledge of relevant equipment, policies, procedures, and strategies to promote effective local, state, or national security operations for the protection of people, data, property, and institutions.",domain_knowledge,,cpx_1_5,source_mapped,not_reviewed,,,,true,2026.1
CPX-SKL-AUTO-1AF38B0B,Gross Body Coordination,gross-body-coordination,"The ability to coordinate the movement of your arms, legs, and torso together when the whole body is in motion.",transferable,,cpx_1_5,source_mapped,not_reviewed,,,,true,2026.1
CPX-SKL-AUTO-1AFBD2E9,use diagnostic tools for electronic repairs,use-diagnostic-tools-for-electronic-repairs,ESCO skill linked to selected occupations.,transferable,,cpx_1_5,source_mapped,not_reviewed,,,,true,2026.1
CPX-SKL-AUTO-1B65795E,multimedia systems,multimedia-systems,ESCO knowledge linked to selected occupations.,domain_knowledge,,cpx_1_5,source_mapped,not_reviewed,,,,true,2026.1
CPX-SKL-AUTO-1B7A43FB,Advanced business application programming ABAP,advanced-business-application-programming-abap,Object or component oriented development software,tool,,cpx_1_5,source_mapped,not_reviewed,,,,true,2026.1
CPX-SKL-AUTO-1B8DD252,work safely with chemicals,work-safely-with-chemicals,ESCO skill linked to selected occupations.,transferable,,cpx_1_5,source_mapped,not_reviewed,,,,true,2026.1
CPX-SKL-AUTO-1BDCB4BA,Dassault Systemes CATIA,dassault-systemes-catia,Computer aided manufacturing CAM software,tool,,cpx_1_5,source_mapped,not_reviewed,,,,true,2026.1
CPX-SKL-AUTO-1C66B8B9,health and safety hazards underground,health-and-safety-hazards-underground,ESCO knowledge linked to selected occupations.,domain_knowledge,,cpx_1_5,source_mapped,not_reviewed,,,,true,2026.1
CPX-SKL-AUTO-1C7AD15E,model electromechanical systems,model-electromechanical-systems,ESCO skill linked to selected occupations.,transferable,,cpx_1_5,source_mapped,not_reviewed,,,,true,2026.1
CPX-SKL-AUTO-1C9466DD,Basic Local Alignment Search Tool BLAST,basic-local-alignment-search-tool-blast,Analytical or scientific software,tool,,cpx_1_5,source_mapped,not_reviewed,,,,true,2026.1
CPX-SKL-AUTO-1CA2A377,manage instrumentation systems,manage-instrumentation-systems,ESCO skill linked to selected occupations.,transferable,,cpx_1_5,source_mapped,not_reviewed,,,,true,2026.1
CPX-SKL-AUTO-1CD0852D,plan surface slope,plan-surface-slope,ESCO skill linked to selected occupations.,transferable,,cpx_1_5,source_mapped,not_reviewed,,,,true,2026.1
CPX-SKL-AUTO-1D00E6FA,C#,c,ESCO knowledge linked to selected occupations.,domain_knowledge,,cpx_1_5,source_mapped,not_reviewed,,,,true,2026.1
CPX-SKL-AUTO-1D4E2E34,electrical engineering,electrical-engineering,ESCO knowledge linked to selected occupations.,domain_knowledge,,cpx_1_5,source_mapped,not_reviewed,,,,true,2026.1
CPX-SKL-AUTO-1D5BBC3F,program firmware,program-firmware,ESCO skill linked to selected occupations.,project_delivery,,cpx_1_5,source_mapped,not_reviewed,,,,true,2026.1
CPX-SKL-AUTO-1D9F6DAA,Complex Problem Solving Skills,complex-problem-solving-skills,Skills used to solve new and challenging problems at work.,transferable,,cpx_1_5,source_mapped,not_reviewed,,,,true,2026.1
CPX-SKL-AUTO-1DAD6E01,Apple iOS,apple-ios,Operating system software,tool,,cpx_1_5,source_mapped,not_reviewed,,,,true,2026.1
CPX-SKL-AUTO-1DCB06A9,maintain electrical engines,maintain-electrical-engines,ESCO skill linked to selected occupations.,transferable,,cpx_1_5,source_mapped,not_reviewed,,,,true,2026.1
CPX-SKL-AUTO-1DD97F60,Abilities,abilities,Natural talents and capabilities that affect how well someone can perform work.,transferable,,cpx_1_5,source_mapped,not_reviewed,,,,true,2026.1
CPX-SKL-AUTO-1DE96E6D,IBM Maximo Asset Management,ibm-maximo-asset-management,Enterprise resource planning ERP software,tool,,cpx_1_5,source_mapped,not_reviewed,,,,true,2026.1
CPX-SKL-AUTO-1DF7C69C,Time Management,time-management,Managing one's own time and the time of others.,transferable,,cpx_1_5,source_mapped,not_reviewed,,,,true,2026.1
CPX-SKL-AUTO-1E0AAC08,fluid mechanics,fluid-mechanics,ESCO knowledge linked to selected occupations.,domain_knowledge,,cpx_1_5,source_mapped,not_reviewed,,,,true,2026.1
CPX-SKL-AUTO-1E1101E1,Extent Flexibility,extent-flexibility,"The ability to bend, stretch, twist, or reach with your body, arms, and/or legs.",transferable,,cpx_1_5,source_mapped,not_reviewed,,,,true,2026.1
CPX-SKL-AUTO-1E5F4600,install sprinkler systems,install-sprinkler-systems,ESCO skill linked to selected occupations.,transferable,,cpx_1_5,source_mapped,not_reviewed,,,,true,2026.1
CPX-SKL-AUTO-1E969B1A,Ansible software,ansible-software,Expert system software,tool,,cpx_1_5,source_mapped,not_reviewed,,,,true,2026.1
CPX-SKL-AUTO-1ED9183B,place temporary road signage,place-temporary-road-signage,ESCO skill linked to selected occupations.,transferable,,cpx_1_5,source_mapped,not_reviewed,,,,true,2026.1
CPX-SKL-AUTO-1F130ADC,ground segment,ground-segment,ESCO knowledge linked to selected occupations.,domain_knowledge,,cpx_1_5,source_mapped,not_reviewed,,,,true,2026.1
CPX-SKL-AUTO-1F534796,Choice Job Cost,choice-job-cost,Accounting software,tool,,cpx_1_5,source_mapped,not_reviewed,,,,true,2026.1
CPX-SKL-AUTO-1F68C0B4,model hardware,model-hardware,ESCO skill linked to selected occupations.,transferable,,cpx_1_5,source_mapped,not_reviewed,,,,true,2026.1
CPX-SKL-AUTO-1F9A12CD,ensure compliance with environmental legislation,ensure-compliance-with-environmental-legislation,ESCO skill linked to selected occupations.,regulatory,,cpx_1_5,source_mapped,not_reviewed,,,,true,2026.1
CPX-SKL-AUTO-20684240,check strength of materials,check-strength-of-materials,ESCO skill linked to selected occupations.,transferable,,cpx_1_5,source_mapped,not_reviewed,,,,true,2026.1
CPX-SKL-AUTO-20E40C9C,Arts and Humanities,arts-and-humanities,"Knowledge of facts and principles related to the branches of learning concerned with human thought, language, and the arts.",domain_knowledge,,cpx_1_5,source_mapped,not_reviewed,,,,true,2026.1
CPX-SKL-AUTO-20E8399C,green logistics,green-logistics,ESCO knowledge linked to selected occupations.,domain_knowledge,,cpx_1_5,source_mapped,not_reviewed,,,,true,2026.1
CPX-SKL-AUTO-2134CEF7,hydraulic fluid,hydraulic-fluid,ESCO knowledge linked to selected occupations.,domain_knowledge,,cpx_1_5,source_mapped,not_reviewed,,,,true,2026.1
CPX-SKL-AUTO-216D3D64,prepare visual data,prepare-visual-data,ESCO skill linked to selected occupations.,technical,,cpx_1_5,source_mapped,not_reviewed,,,,true,2026.1
CPX-SKL-AUTO-21789335,develop urban transport studies,develop-urban-transport-studies,ESCO skill linked to selected occupations.,transferable,,cpx_1_5,source_mapped,not_reviewed,,,,true,2026.1
CPX-SKL-AUTO-217B3D30,create solutions to problems,create-solutions-to-problems,ESCO skill linked to selected occupations.,transferable,,cpx_1_5,source_mapped,not_reviewed,,,,true,2026.1
CPX-SKL-AUTO-2232124A,Autodesk AutoCAD LT,autodesk-autocad-lt,Computer aided design CAD software,tool,,cpx_1_5,source_mapped,not_reviewed,,,,true,2026.1
CPX-SKL-AUTO-227982E3,test concrete,test-concrete,ESCO skill linked to selected occupations.,transferable,,cpx_1_5,source_mapped,not_reviewed,,,,true,2026.1
CPX-SKL-AUTO-22A7BF61,use tools for construction and repair,use-tools-for-construction-and-repair,ESCO skill linked to selected occupations.,transferable,,cpx_1_5,source_mapped,not_reviewed,,,,true,2026.1
CPX-SKL-AUTO-22AE3053,Ansys Fluent,ansys-fluent,Analytical or scientific software,tool,,cpx_1_5,source_mapped,not_reviewed,,,,true,2026.1
CPX-SKL-AUTO-22C84677,maintain financial records,maintain-financial-records,ESCO skill linked to selected occupations.,transferable,,cpx_1_5,source_mapped,not_reviewed,,,,true,2026.1
CPX-SKL-AUTO-22EDA541,create AutoCAD drawings,create-autocad-drawings,ESCO skill linked to selected occupations.,tool,,cpx_1_5,source_mapped,not_reviewed,,,,true,2026.1
CPX-SKL-AUTO-235ED060,Wrist-Finger Speed,wrist-finger-speed,"The ability to make fast, simple, repeated movements of the fingers, hands, and wrists.",transferable,,cpx_1_5,source_mapped,not_reviewed,,,,true,2026.1
CPX-SKL-AUTO-2374F94A,recognise signs of wood rot,recognise-signs-of-wood-rot,ESCO skill linked to selected occupations.,transferable,,cpx_1_5,source_mapped,not_reviewed,,,,true,2026.1
CPX-SKL-AUTO-237DB4BB,physics,physics,ESCO knowledge linked to selected occupations.,domain_knowledge,,cpx_1_5,source_mapped,not_reviewed,,,,true,2026.1
CPX-SKL-AUTO-237E0688,design firmware,design-firmware,ESCO skill linked to selected occupations.,transferable,,cpx_1_5,source_mapped,not_reviewed,,,,true,2026.1
CPX-SKL-AUTO-238F79D4,analyse road traffic patterns,analyse-road-traffic-patterns,ESCO skill linked to selected occupations.,transferable,,cpx_1_5,source_mapped,not_reviewed,,,,true,2026.1
CPX-SKL-AUTO-23934660,microelectromechanical systems,microelectromechanical-systems,ESCO knowledge linked to selected occupations.,domain_knowledge,,cpx_1_5,source_mapped,not_reviewed,,,,true,2026.1
CPX-SKL-AUTO-23937265,Economics and Accounting,economics-and-accounting,"Knowledge of economic and accounting principles and practices, the financial markets, banking, and the analysis and reporting of financial data.",domain_knowledge,,cpx_1_5,source_mapped,not_reviewed,,,,true,2026.1
CPX-SKL-AUTO-23FCC1EF,Sensory Abilities,sensory-abilities,"Abilities that influence visual, auditory and speech perception",transferable,,cpx_1_5,source_mapped,not_reviewed,,,,true,2026.1
CPX-SKL-AUTO-245487C5,Operations Analysis,operations-analysis,Analyzing needs and product requirements to create a design.,transferable,,cpx_1_5,source_mapped,not_reviewed,,,,true,2026.1
CPX-SKL-AUTO-247ADC43,prepare technical reports,prepare-technical-reports,ESCO skill linked to selected occupations.,transferable,,cpx_1_5,source_mapped,not_reviewed,,,,true,2026.1
CPX-SKL-AUTO-24C6BE13,drive mobile heavy construction equipment,drive-mobile-heavy-construction-equipment,ESCO skill linked to selected occupations.,transferable,,cpx_1_5,source_mapped,not_reviewed,,,,true,2026.1
CPX-SKL-AUTO-24CB2568,assist scientific research,assist-scientific-research,ESCO skill linked to selected occupations.,transferable,,cpx_1_5,source_mapped,not_reviewed,,,,true,2026.1
CPX-SKL-AUTO-24DBA435,operate surveying instruments,operate-surveying-instruments,ESCO skill linked to selected occupations.,transferable,,cpx_1_5,source_mapped,not_reviewed,,,,true,2026.1
CPX-SKL-AUTO-24F77E32,Active Listening,active-listening,"Giving full attention to what other people are saying, taking time to understand the points being made, asking questions as appropriate, and not interrupting at inappropriate times.",technical,,cpx_1_5,source_mapped,not_reviewed,,,,true,2026.1
CPX-SKL-AUTO-25182E5E,maintain records of maintenance interventions,maintain-records-of-maintenance-interventions,ESCO skill linked to selected occupations.,transferable,,cpx_1_5,source_mapped,not_reviewed,,,,true,2026.1
CPX-SKL-AUTO-25358E0C,Ways of Working,ways-of-working,Ways of doing work that support learning and building skills.,technical,,cpx_1_5,source_mapped,not_reviewed,,,,true,2026.1
CPX-SKL-AUTO-253B51AB,power engineering,power-engineering,ESCO knowledge linked to selected occupations.,domain_knowledge,,cpx_1_5,source_mapped,not_reviewed,,,,true,2026.1
CPX-SKL-AUTO-253D1188,Accela PERMITS Plus,accela-permits-plus,Compliance software,tool,,cpx_1_5,source_mapped,not_reviewed,,,,true,2026.1
CPX-SKL-AUTO-25D306DF,Time Sharing,time-sharing,"The ability to shift back and forth between two or more activities or sources of information (such as speech, sounds, touch, or other sources).",transferable,,cpx_1_5,source_mapped,not_reviewed,,,,true,2026.1
CPX-SKL-AUTO-25F7654A,computer programming,computer-programming,ESCO knowledge linked to selected occupations.,domain_knowledge,,cpx_1_5,source_mapped,not_reviewed,,,,true,2026.1
CPX-SKL-AUTO-2626F3A4,Spatial Orientation,spatial-orientation,The ability to know your location in relation to the environment or to know where other objects are in relation to you.,transferable,,cpx_1_5,source_mapped,not_reviewed,,,,true,2026.1
CPX-SKL-AUTO-26753A9A,Accounting compliance software,accounting-compliance-software,Compliance software,tool,,cpx_1_5,source_mapped,not_reviewed,,,,true,2026.1
CPX-SKL-AUTO-267D97FD,Psychomotor Abilities,psychomotor-abilities,Abilities that influence the capacity to manipulate and control objects,transferable,,cpx_1_5,source_mapped,not_reviewed,,,,true,2026.1
CPX-SKL-AUTO-26E9D067,analyse software specifications,analyse-software-specifications,ESCO skill linked to selected occupations.,technical,,cpx_1_5,source_mapped,not_reviewed,,,,true,2026.1
CPX-SKL-AUTO-27844208,inspect road signs,inspect-road-signs,ESCO skill linked to selected occupations.,transferable,,cpx_1_5,source_mapped,not_reviewed,,,,true,2026.1
CPX-SKL-AUTO-27E447A3,operate bulldozer,operate-bulldozer,ESCO skill linked to selected occupations.,transferable,,cpx_1_5,source_mapped,not_reviewed,,,,true,2026.1
CPX-SKL-AUTO-27E454BB,install kerbstones,install-kerbstones,ESCO skill linked to selected occupations.,transferable,,cpx_1_5,source_mapped,not_reviewed,,,,true,2026.1
CPX-SKL-AUTO-27ED98BB,prepare production prototypes,prepare-production-prototypes,ESCO skill linked to selected occupations.,transferable,,cpx_1_5,source_mapped,not_reviewed,,,,true,2026.1
CPX-SKL-AUTO-27F36313,follow manufacturer guidelines in use of airport equipment,follow-manufacturer-guidelines-in-use-of-airport-equipment,ESCO skill linked to selected occupations.,transferable,,cpx_1_5,source_mapped,not_reviewed,,,,true,2026.1
CPX-SKL-AUTO-283EBEE1,operate ship propulsion system,operate-ship-propulsion-system,ESCO skill linked to selected occupations.,transferable,,cpx_1_5,source_mapped,not_reviewed,,,,true,2026.1
CPX-SKL-AUTO-28630019,execute software tests,execute-software-tests,ESCO skill linked to selected occupations.,technical,,cpx_1_5,source_mapped,not_reviewed,,,,true,2026.1
CPX-SKL-AUTO-28EB40E2,educate public on road safety,educate-public-on-road-safety,ESCO skill linked to selected occupations.,regulatory,,cpx_1_5,source_mapped,not_reviewed,,,,true,2026.1
CPX-SKL-AUTO-2904C53A,ABB CPM4Metals,abb-cpm4metals,Materials requirements planning logistics and supply chain software,tool,,cpx_1_5,source_mapped,not_reviewed,,,,true,2026.1
CPX-SKL-AUTO-29111B5F,3D modelling,3d-modelling,ESCO knowledge linked to selected occupations.,domain_knowledge,,cpx_1_5,source_mapped,not_reviewed,,,,true,2026.1
CPX-SKL-AUTO-293BF304,identify wood warp,identify-wood-warp,ESCO skill linked to selected occupations.,transferable,,cpx_1_5,source_mapped,not_reviewed,,,,true,2026.1
CPX-SKL-AUTO-29477404,Apple Final Cut Pro,apple-final-cut-pro,Video creation and editing software,tool,,cpx_1_5,source_mapped,not_reviewed,,,,true,2026.1
CPX-SKL-AUTO-296147A6,advise land owners of bridge inspection,advise-land-owners-of-bridge-inspection,ESCO skill linked to selected occupations.,transferable,,cpx_1_5,source_mapped,not_reviewed,,,,true,2026.1
CPX-SKL-AUTO-2987A49E,Law and Public Safety,law-and-public-safety,"Knowledge of regulations and methods for maintaining people and property free from danger, injury, or damage; the rules of public conduct established and enforced by legislation, and the political process establishing such rules.",domain_knowledge,,cpx_1_5,source_mapped,not_reviewed,,,,true,2026.1
CPX-SKL-AUTO-299A329B,Adobe PageMaker,adobe-pagemaker,Desktop publishing software,tool,,cpx_1_5,source_mapped,not_reviewed,,,,true,2026.1
CPX-SKL-AUTO-29CA2796,design electrical systems,design-electrical-systems,ESCO skill linked to selected occupations.,transferable,,cpx_1_5,source_mapped,not_reviewed,,,,true,2026.1
CPX-SKL-AUTO-2A194807,3D urban simulation modeling software,3d-urban-simulation-modeling-software,Computer aided design CAD software,tool,,cpx_1_5,source_mapped,not_reviewed,,,,true,2026.1
CPX-SKL-AUTO-2A224924,ship related legislative requirements,ship-related-legislative-requirements,ESCO knowledge linked to selected occupations.,domain_knowledge,,cpx_1_5,source_mapped,not_reviewed,,,,true,2026.1
CPX-SKL-AUTO-2A2673AE,ABC: the AspectBench Compiler for AspectJ,abc-the-aspectbench-compiler-for-aspectj,Object or component oriented development software,tool,,cpx_1_5,source_mapped,not_reviewed,,,,true,2026.1
CPX-SKL-AUTO-2A53FE72,supply chain management,supply-chain-management,ESCO knowledge linked to selected occupations.,domain_knowledge,,cpx_1_5,source_mapped,not_reviewed,,,,true,2026.1
CPX-SKL-AUTO-2A9D11E5,perform sample testing,perform-sample-testing,ESCO skill linked to selected occupations.,transferable,,cpx_1_5,source_mapped,not_reviewed,,,,true,2026.1
CPX-SKL-AUTO-2AF9244A,manage system testing,manage-system-testing,ESCO skill linked to selected occupations.,transferable,,cpx_1_5,source_mapped,not_reviewed,,,,true,2026.1
CPX-SKL-AUTO-2B9C6998,utilise computer-aided software engineering tools,utilise-computer-aided-software-engineering-tools,ESCO skill linked to selected occupations.,technical,,cpx_1_5,source_mapped,not_reviewed,,,,true,2026.1
CPX-SKL-AUTO-2BE60248,perform physical stress tests on models,perform-physical-stress-tests-on-models,ESCO skill linked to selected occupations.,transferable,,cpx_1_5,source_mapped,not_reviewed,,,,true,2026.1
CPX-SKL-AUTO-2C71D659,perform laboratory tests,perform-laboratory-tests,ESCO skill linked to selected occupations.,transferable,,cpx_1_5,source_mapped,not_reviewed,,,,true,2026.1
CPX-SKL-AUTO-2CD33572,control compliance of railway vehicles regulations,control-compliance-of-railway-vehicles-regulations,ESCO skill linked to selected occupations.,regulatory,,cpx_1_5,source_mapped,not_reviewed,,,,true,2026.1
CPX-SKL-AUTO-2D1CDD00,fishing vessels,fishing-vessels,ESCO knowledge linked to selected occupations.,domain_knowledge,,cpx_1_5,source_mapped,not_reviewed,,,,true,2026.1
CPX-SKL-AUTO-2D1CF748,Amazon Redshift,amazon-redshift,Data base user interface and query software,tool,,cpx_1_5,source_mapped,not_reviewed,,,,true,2026.1
CPX-SKL-AUTO-2DA90841,Computers and Electronics,computers-and-electronics,"Knowledge of circuit boards, processors, chips, electronic equipment, and computer hardware and software, including applications and programming.",domain_knowledge,,cpx_1_5,source_mapped,not_reviewed,,,,true,2026.1
CPX-SKL-AUTO-2E1F94CB,"Flexibility, Balance, and Coordination",flexibility-balance-and-coordination,Abilities related to the control of gross body movements,transferable,,cpx_1_5,source_mapped,not_reviewed,,,,true,2026.1
CPX-SKL-AUTO-2E8E16D6,perform data analysis,perform-data-analysis,ESCO skill linked to selected occupations.,technical,,cpx_1_5,source_mapped,not_reviewed,,,,true,2026.1
CPX-SKL-AUTO-2EFE14EF,wood cuts,wood-cuts,ESCO knowledge linked to selected occupations.,domain_knowledge,,cpx_1_5,source_mapped,not_reviewed,,,,true,2026.1
CPX-SKL-AUTO-2F66ED38,think analytically,think-analytically,ESCO skill linked to selected occupations.,transferable,,cpx_1_5,source_mapped,not_reviewed,,,,true,2026.1
CPX-SKL-AUTO-2F6D5183,statistical analysis system software,statistical-analysis-system-software,ESCO knowledge linked to selected occupations.,domain_knowledge,,cpx_1_5,source_mapped,not_reviewed,,,,true,2026.1
CPX-SKL-AUTO-2F6D5311,Adobe InDesign,adobe-indesign,Desktop publishing software,tool,,cpx_1_5,source_mapped,not_reviewed,,,,true,2026.1
CPX-SKL-AUTO-3002B7BE,MATLAB,matlab,ESCO knowledge linked to selected occupations.,domain_knowledge,,cpx_1_5,source_mapped,not_reviewed,,,,true,2026.1
CPX-SKL-AUTO-302518D3,Antivirus software,antivirus-software,Transaction security and virus protection software,tool,,cpx_1_5,source_mapped,not_reviewed,,,,true,2026.1
CPX-SKL-AUTO-308E8C1F,identify defects in concrete,identify-defects-in-concrete,ESCO skill linked to selected occupations.,transferable,,cpx_1_5,source_mapped,not_reviewed,,,,true,2026.1
CPX-SKL-AUTO-309B0800,create designs for pipeline engineering,create-designs-for-pipeline-engineering,ESCO skill linked to selected occupations.,transferable,,cpx_1_5,source_mapped,not_reviewed,,,,true,2026.1
CPX-SKL-AUTO-30BB5DE6,oversee construction project,oversee-construction-project,ESCO skill linked to selected occupations.,project_delivery,,cpx_1_5,source_mapped,not_reviewed,,,,true,2026.1
CPX-SKL-AUTO-30D4A43E,inform on water supply,inform-on-water-supply,ESCO skill linked to selected occupations.,transferable,,cpx_1_5,source_mapped,not_reviewed,,,,true,2026.1
CPX-SKL-AUTO-3104202D,ventilation systems,ventilation-systems,ESCO knowledge linked to selected occupations.,domain_knowledge,,cpx_1_5,source_mapped,not_reviewed,,,,true,2026.1
CPX-SKL-AUTO-310683A7,Agile Product Lifecyle Management PLM,agile-product-lifecyle-management-plm,Enterprise resource planning ERP software,tool,,cpx_1_5,source_mapped,not_reviewed,,,,true,2026.1
CPX-SKL-AUTO-315B8FDF,Endurance,endurance,The ability to exert oneself physically over long periods without getting out of breath,transferable,,cpx_1_5,source_mapped,not_reviewed,,,,true,2026.1
CPX-SKL-AUTO-3182B7BD,livestock,livestock,ESCO knowledge linked to selected occupations.,domain_knowledge,,cpx_1_5,source_mapped,not_reviewed,,,,true,2026.1
CPX-SKL-AUTO-319D2011,integrated circuit types,integrated-circuit-types,ESCO knowledge linked to selected occupations.,domain_knowledge,,cpx_1_5,source_mapped,not_reviewed,,,,true,2026.1
CPX-SKL-AUTO-31C9E0EF,Business intelligence software,business-intelligence-software,Business intelligence and data analysis software,tool,,cpx_1_5,source_mapped,not_reviewed,,,,true,2026.1
CPX-SKL-AUTO-320273DB,Airline global distribution systems GDS software,airline-global-distribution-systems-gds-software,Data base user interface and query software,tool,,cpx_1_5,source_mapped,not_reviewed,,,,true,2026.1
CPX-SKL-AUTO-32338136,ecosystems,ecosystems,ESCO knowledge linked to selected occupations.,domain_knowledge,,cpx_1_5,source_mapped,not_reviewed,,,,true,2026.1
CPX-SKL-AUTO-323AAC84,advise on mine equipment,advise-on-mine-equipment,ESCO skill linked to selected occupations.,transferable,,cpx_1_5,source_mapped,not_reviewed,,,,true,2026.1
CPX-SKL-AUTO-32E86F8F,monitor mine costs,monitor-mine-costs,ESCO skill linked to selected occupations.,transferable,,cpx_1_5,source_mapped,not_reviewed,,,,true,2026.1
CPX-SKL-AUTO-32EA871F,advise on bridge replacement,advise-on-bridge-replacement,ESCO skill linked to selected occupations.,transferable,,cpx_1_5,source_mapped,not_reviewed,,,,true,2026.1
CPX-SKL-AUTO-33027CCE,record survey measurements,record-survey-measurements,ESCO skill linked to selected occupations.,transferable,,cpx_1_5,source_mapped,not_reviewed,,,,true,2026.1
CPX-SKL-AUTO-3303E435,advise on building matters,advise-on-building-matters,ESCO skill linked to selected occupations.,transferable,,cpx_1_5,source_mapped,not_reviewed,,,,true,2026.1
CPX-SKL-AUTO-33359F29,define manufacturing quality criteria,define-manufacturing-quality-criteria,ESCO skill linked to selected occupations.,transferable,,cpx_1_5,source_mapped,not_reviewed,,,,true,2026.1
CPX-SKL-AUTO-335B2ED6,communicate with customers,communicate-with-customers,ESCO skill linked to selected occupations.,transferable,,cpx_1_5,source_mapped,not_reviewed,,,,true,2026.1
CPX-SKL-AUTO-33D28B04,CAE software,cae-software,ESCO knowledge linked to selected occupations.,domain_knowledge,,cpx_1_5,source_mapped,not_reviewed,,,,true,2026.1
CPX-SKL-AUTO-3439D026,ensure equipment maintenance,ensure-equipment-maintenance,ESCO skill linked to selected occupations.,transferable,,cpx_1_5,source_mapped,not_reviewed,,,,true,2026.1
CPX-SKL-AUTO-346AB174,install frost protection materials,install-frost-protection-materials,ESCO skill linked to selected occupations.,transferable,,cpx_1_5,source_mapped,not_reviewed,,,,true,2026.1
CPX-SKL-AUTO-34961DCA,Lisp,lisp,ESCO knowledge linked to selected occupations.,domain_knowledge,,cpx_1_5,source_mapped,not_reviewed,,,,true,2026.1
CPX-SKL-AUTO-34C24CC9,Algorithmic software,algorithmic-software,Analytical or scientific software,tool,,cpx_1_5,source_mapped,not_reviewed,,,,true,2026.1
CPX-SKL-AUTO-34D8A669,Knowledge,knowledge,Information and understanding used across different areas of work.,domain_knowledge,,cpx_1_5,source_mapped,not_reviewed,,,,true,2026.1
CPX-SKL-AUTO-34E4A228,nanotechnology,nanotechnology,ESCO knowledge linked to selected occupations.,domain_knowledge,,cpx_1_5,source_mapped,not_reviewed,,,,true,2026.1
CPX-SKL-AUTO-352E63D5,conserve water resource,conserve-water-resource,ESCO skill linked to selected occupations.,transferable,,cpx_1_5,source_mapped,not_reviewed,,,,true,2026.1
CPX-SKL-AUTO-352E7A5E,nuclear energy,nuclear-energy,ESCO knowledge linked to selected occupations.,domain_knowledge,,cpx_1_5,source_mapped,not_reviewed,,,,true,2026.1
CPX-SKL-AUTO-3572B55A,AcaStat Software,acastat-software,Analytical or scientific software,tool,,cpx_1_5,source_mapped,not_reviewed,,,,true,2026.1
CPX-SKL-AUTO-35B604B8,geographical routes,geographical-routes,ESCO knowledge linked to selected occupations.,domain_knowledge,,cpx_1_5,source_mapped,not_reviewed,,,,true,2026.1
CPX-SKL-AUTO-35D32999,collect samples for analysis,collect-samples-for-analysis,ESCO skill linked to selected occupations.,transferable,,cpx_1_5,source_mapped,not_reviewed,,,,true,2026.1
CPX-SKL-AUTO-35D4A014,water chemistry analysis,water-chemistry-analysis,ESCO knowledge linked to selected occupations.,domain_knowledge,,cpx_1_5,source_mapped,not_reviewed,,,,true,2026.1
CPX-SKL-AUTO-3688C02B,write routine reports,write-routine-reports,ESCO skill linked to selected occupations.,transferable,,cpx_1_5,source_mapped,not_reviewed,,,,true,2026.1
CPX-SKL-AUTO-36F4DF22,Bowen & Groves M1 ERP,bowen-groves-m1-erp,Enterprise resource planning ERP software,tool,,cpx_1_5,source_mapped,not_reviewed,,,,true,2026.1
CPX-SKL-AUTO-370820D3,Architectural Energy Corporation VisualDOE,architectural-energy-corporation-visualdoe,Analytical or scientific software,tool,,cpx_1_5,source_mapped,not_reviewed,,,,true,2026.1
CPX-SKL-AUTO-371E7D5A,microwave principles,microwave-principles,ESCO knowledge linked to selected occupations.,domain_knowledge,,cpx_1_5,source_mapped,not_reviewed,,,,true,2026.1
CPX-SKL-AUTO-376BF1C1,design user interface,design-user-interface,ESCO skill linked to selected occupations.,transferable,,cpx_1_5,source_mapped,not_reviewed,,,,true,2026.1
CPX-SKL-AUTO-37C59428,Assembly line balancing software,assembly-line-balancing-software,Industrial control software,tool,,cpx_1_5,source_mapped,not_reviewed,,,,true,2026.1
CPX-SKL-AUTO-37EC3357,Adaptive Metadata Manager,adaptive-metadata-manager,Metadata management software,tool,,cpx_1_5,source_mapped,not_reviewed,,,,true,2026.1
CPX-SKL-AUTO-383BFE3F,carry out navigational calculations,carry-out-navigational-calculations,ESCO skill linked to selected occupations.,transferable,,cpx_1_5,source_mapped,not_reviewed,,,,true,2026.1
CPX-SKL-AUTO-384488DD,monitor manufacturing quality standards,monitor-manufacturing-quality-standards,ESCO skill linked to selected occupations.,transferable,,cpx_1_5,source_mapped,not_reviewed,,,,true,2026.1
CPX-SKL-AUTO-38698A12,Deductive Reasoning,deductive-reasoning,The ability to apply general rules to specific problems to produce answers that make sense.,transferable,,cpx_1_5,source_mapped,not_reviewed,,,,true,2026.1
CPX-SKL-AUTO-38A054F6,inspect pipelines,inspect-pipelines,ESCO skill linked to selected occupations.,transferable,,cpx_1_5,source_mapped,not_reviewed,,,,true,2026.1
CPX-SKL-AUTO-38CDFCC2,advise on waste management procedures,advise-on-waste-management-procedures,ESCO skill linked to selected occupations.,transferable,,cpx_1_5,source_mapped,not_reviewed,,,,true,2026.1
CPX-SKL-AUTO-38F1F9C2,Accountants Templates JAZZ-It!,accountants-templates-jazz-it,Enterprise resource planning ERP software,tool,,cpx_1_5,source_mapped,not_reviewed,,,,true,2026.1
CPX-SKL-AUTO-38F4056C,Accutech Systems Corporation AccuFarm-MGR,accutech-systems-corporation-accufarm-mgr,Enterprise resource planning ERP software,tool,,cpx_1_5,source_mapped,not_reviewed,,,,true,2026.1
CPX-SKL-AUTO-3951517D,Mathematics,mathematics,Using mathematics to solve problems.,technical,,cpx_1_5,source_mapped,not_reviewed,,,,true,2026.1
CPX-SKL-AUTO-39BD4F62,Borland SilkTest,borland-silktest,Program testing software,tool,,cpx_1_5,source_mapped,not_reviewed,,,,true,2026.1
CPX-SKL-AUTO-39D19D17,firmware,firmware,ESCO knowledge linked to selected occupations.,domain_knowledge,,cpx_1_5,source_mapped,not_reviewed,,,,true,2026.1
CPX-SKL-AUTO-39D52C94,Arc Second PocketCAD,arc-second-pocketcad,Computer aided design CAD software,tool,,cpx_1_5,source_mapped,not_reviewed,,,,true,2026.1
CPX-SKL-AUTO-3A39BE64,Equipment Selection,equipment-selection,Determining the kind of tools and equipment needed to do a job.,transferable,,cpx_1_5,source_mapped,not_reviewed,,,,true,2026.1
CPX-SKL-AUTO-3A4298F8,electronic equipment standards,electronic-equipment-standards,ESCO knowledge linked to selected occupations.,domain_knowledge,,cpx_1_5,source_mapped,not_reviewed,,,,true,2026.1
CPX-SKL-AUTO-3A91AE7D,ensure compliance with safety legislation,ensure-compliance-with-safety-legislation,ESCO skill linked to selected occupations.,regulatory,,cpx_1_5,source_mapped,not_reviewed,,,,true,2026.1
CPX-SKL-AUTO-3BC6E8A6,Amazon Elastic Container Service ECS,amazon-elastic-container-service-ecs,Application server software,tool,,cpx_1_5,source_mapped,not_reviewed,,,,true,2026.1
CPX-SKL-AUTO-3BE17436,Memory,memory,Abilities related to the recall of available information,transferable,,cpx_1_5,source_mapped,not_reviewed,,,,true,2026.1
CPX-SKL-AUTO-3BFF5F37,Adobe Acrobat Pro Extended,adobe-acrobat-pro-extended,Document management software,tool,,cpx_1_5,source_mapped,not_reviewed,,,,true,2026.1
CPX-SKL-AUTO-3C19E555,Customer and Personal Service,customer-and-personal-service,"Knowledge of principles and processes for providing customer and personal services. This includes customer needs assessment, meeting quality standards for services, and evaluation of customer satisfaction.",domain_knowledge,,cpx_1_5,source_mapped,not_reviewed,,,,true,2026.1
CPX-SKL-AUTO-3C7D6A55,microoptics,microoptics,ESCO knowledge linked to selected occupations.,domain_knowledge,,cpx_1_5,source_mapped,not_reviewed,,,,true,2026.1
CPX-SKL-AUTO-3C846C82,Bookkeeping software,bookkeeping-software,Accounting software,tool,,cpx_1_5,source_mapped,not_reviewed,,,,true,2026.1
CPX-SKL-AUTO-3D4E6289,Application-specific integrated circuit ASIC logic synthesis software,application-specific-integrated-circuit-asic-logic-synthesis-software,Analytical or scientific software,tool,,cpx_1_5,source_mapped,not_reviewed,,,,true,2026.1
CPX-SKL-AUTO-3DD46D2B,estimate repair priority,estimate-repair-priority,ESCO skill linked to selected occupations.,transferable,,cpx_1_5,source_mapped,not_reviewed,,,,true,2026.1
CPX-SKL-AUTO-3DE722C1,check compatibility of materials,check-compatibility-of-materials,ESCO skill linked to selected occupations.,transferable,,cpx_1_5,source_mapped,not_reviewed,,,,true,2026.1
CPX-SKL-AUTO-3E5ACE59,identify energy needs,identify-energy-needs,ESCO skill linked to selected occupations.,transferable,,cpx_1_5,source_mapped,not_reviewed,,,,true,2026.1
CPX-SKL-AUTO-3E770F62,electrical equipment regulations,electrical-equipment-regulations,ESCO knowledge linked to selected occupations.,domain_knowledge,,cpx_1_5,source_mapped,not_reviewed,,,,true,2026.1
CPX-SKL-AUTO-3F2E058C,ensure compliance with construction project deadline,ensure-compliance-with-construction-project-deadline,ESCO skill linked to selected occupations.,regulatory,,cpx_1_5,source_mapped,not_reviewed,,,,true,2026.1
CPX-SKL-AUTO-3F73EB7A,Far Vision,far-vision,The ability to see details at a distance.,transferable,,cpx_1_5,source_mapped,not_reviewed,,,,true,2026.1
CPX-SKL-AUTO-3F771FD9,apply statistical analysis techniques,apply-statistical-analysis-techniques,ESCO skill linked to selected occupations.,transferable,,cpx_1_5,source_mapped,not_reviewed,,,,true,2026.1
CPX-SKL-AUTO-3F931A3E,aircraft mechanics,aircraft-mechanics,ESCO knowledge linked to selected occupations.,domain_knowledge,,cpx_1_5,source_mapped,not_reviewed,,,,true,2026.1
CPX-SKL-AUTO-3F9941F6,maintain electronic equipment,maintain-electronic-equipment,ESCO skill linked to selected occupations.,transferable,,cpx_1_5,source_mapped,not_reviewed,,,,true,2026.1
CPX-SKL-AUTO-3FC90475,ABAP,abap,ESCO knowledge linked to selected occupations.,domain_knowledge,,cpx_1_5,source_mapped,not_reviewed,,,,true,2026.1
CPX-SKL-AUTO-3FE65072,advise on soil and water protection,advise-on-soil-and-water-protection,ESCO skill linked to selected occupations.,transferable,,cpx_1_5,source_mapped,not_reviewed,,,,true,2026.1
CPX-SKL-AUTO-3FEAAEDC,hardware materials,hardware-materials,ESCO knowledge linked to selected occupations.,domain_knowledge,,cpx_1_5,source_mapped,not_reviewed,,,,true,2026.1
CPX-SKL-AUTO-40609B4B,Reaction Time,reaction-time,"The ability to quickly respond (with the hand, finger, or foot) to a signal (sound, light, picture) when it appears.",transferable,,cpx_1_5,source_mapped,not_reviewed,,,,true,2026.1
CPX-SKL-AUTO-40628FD9,engineering processes,engineering-processes,ESCO knowledge linked to selected occupations.,domain_knowledge,,cpx_1_5,source_mapped,not_reviewed,,,,true,2026.1
CPX-SKL-AUTO-40783115,Bankers Systems Rembrandt Lending System,bankers-systems-rembrandt-lending-system,Financial analysis software,tool,,cpx_1_5,source_mapped,not_reviewed,,,,true,2026.1
CPX-SKL-AUTO-408380BB,design electric power systems,design-electric-power-systems,ESCO skill linked to selected occupations.,transferable,,cpx_1_5,source_mapped,not_reviewed,,,,true,2026.1
CPX-SKL-AUTO-4083B082,Advanced Veterinary Services Ranch Vision,advanced-veterinary-services-ranch-vision,Enterprise resource planning ERP software,tool,,cpx_1_5,source_mapped,not_reviewed,,,,true,2026.1
CPX-SKL-AUTO-40AA1A5B,write work-related reports,write-work-related-reports,ESCO skill linked to selected occupations.,transferable,,cpx_1_5,source_mapped,not_reviewed,,,,true,2026.1
CPX-SKL-AUTO-41C5A873,Control Movement Abilities,control-movement-abilities,Abilities related to the control and manipulation of objects in time and space,transferable,,cpx_1_5,source_mapped,not_reviewed,,,,true,2026.1
CPX-SKL-AUTO-41EE425A,collaborate with engineers,collaborate-with-engineers,ESCO skill linked to selected occupations.,transferable,,cpx_1_5,source_mapped,not_reviewed,,,,true,2026.1
CPX-SKL-AUTO-4244DC7D,monitor traffic flow,monitor-traffic-flow,ESCO skill linked to selected occupations.,transferable,,cpx_1_5,source_mapped,not_reviewed,,,,true,2026.1
CPX-SKL-AUTO-427CACBC,promote sustainability,promote-sustainability,ESCO skill linked to selected occupations.,transferable,,cpx_1_5,source_mapped,not_reviewed,,,,true,2026.1
CPX-SKL-AUTO-42C1BBE8,CAM software,cam-software,ESCO knowledge linked to selected occupations.,domain_knowledge,,cpx_1_5,source_mapped,not_reviewed,,,,true,2026.1
CPX-SKL-AUTO-42D634FD,Acronis Recovery Expert,acronis-recovery-expert,Backup or archival software,tool,,cpx_1_5,source_mapped,not_reviewed,,,,true,2026.1
CPX-SKL-AUTO-432C5A6A,solve ICT system problems,solve-ict-system-problems,ESCO skill linked to selected occupations.,transferable,,cpx_1_5,source_mapped,not_reviewed,,,,true,2026.1
CPX-SKL-AUTO-4368D578,Technology Design,technology-design,Generating or adapting equipment and technology to serve user needs.,transferable,,cpx_1_5,source_mapped,not_reviewed,,,,true,2026.1
CPX-SKL-AUTO-438DFC5F,Idea Generation and Reasoning Abilities,idea-generation-and-reasoning-abilities,Abilities that influence the application and manipulation of information in problem solving,transferable,,cpx_1_5,source_mapped,not_reviewed,,,,true,2026.1
CPX-SKL-AUTO-43906F91,optoelectronics,optoelectronics,ESCO knowledge linked to selected occupations.,domain_knowledge,,cpx_1_5,source_mapped,not_reviewed,,,,true,2026.1
CPX-SKL-AUTO-43D079AB,Amazon Web Services AWS CloudFormation,amazon-web-services-aws-cloudformation,Cloud-based management software,tool,,cpx_1_5,source_mapped,not_reviewed,,,,true,2026.1
CPX-SKL-AUTO-44474693,design weirs,design-weirs,ESCO skill linked to selected occupations.,transferable,,cpx_1_5,source_mapped,not_reviewed,,,,true,2026.1
CPX-SKL-AUTO-44828BCE,read 3D displays,read-3d-displays,ESCO skill linked to selected occupations.,transferable,,cpx_1_5,source_mapped,not_reviewed,,,,true,2026.1
CPX-SKL-AUTO-44F08C05,provide advice to technicians,provide-advice-to-technicians,ESCO skill linked to selected occupations.,transferable,,cpx_1_5,source_mapped,not_reviewed,,,,true,2026.1
CPX-SKL-AUTO-451E0722,Reaction Time and Speed Abilities,reaction-time-and-speed-abilities,Abilities related to speed of manipulation of objects,transferable,,cpx_1_5,source_mapped,not_reviewed,,,,true,2026.1
CPX-SKL-AUTO-452A8F50,Instructing,instructing,Teaching others how to do something.,transferable,,cpx_1_5,source_mapped,not_reviewed,,,,true,2026.1
CPX-SKL-AUTO-454C1FEF,principles of mechanical engineering,principles-of-mechanical-engineering,ESCO knowledge linked to selected occupations.,domain_knowledge,,cpx_1_5,source_mapped,not_reviewed,,,,true,2026.1
CPX-SKL-AUTO-4562170B,non-destructive testing,non-destructive-testing,ESCO knowledge linked to selected occupations.,domain_knowledge,,cpx_1_5,source_mapped,not_reviewed,,,,true,2026.1
CPX-SKL-AUTO-45AD02AB,operate scientific measuring equipment,operate-scientific-measuring-equipment,ESCO skill linked to selected occupations.,transferable,,cpx_1_5,source_mapped,not_reviewed,,,,true,2026.1
CPX-SKL-AUTO-45BD37E4,read engineering drawings,read-engineering-drawings,ESCO skill linked to selected occupations.,transferable,,cpx_1_5,source_mapped,not_reviewed,,,,true,2026.1
CPX-SKL-AUTO-460663FB,AJAX,ajax,ESCO knowledge linked to selected occupations.,domain_knowledge,,cpx_1_5,source_mapped,not_reviewed,,,,true,2026.1
CPX-SKL-AUTO-46A8E745,COBOL,cobol,ESCO knowledge linked to selected occupations.,domain_knowledge,,cpx_1_5,source_mapped,not_reviewed,,,,true,2026.1
CPX-SKL-AUTO-4702B189,Adobe Illustrator,adobe-illustrator,Graphics or photo imaging software,tool,,cpx_1_5,source_mapped,not_reviewed,,,,true,2026.1
CPX-SKL-AUTO-4741D9D7,Extensible markup language XML,extensible-markup-language-xml,Enterprise application integration software,tool,,cpx_1_5,source_mapped,not_reviewed,,,,true,2026.1
CPX-SKL-AUTO-478B3389,Systems Analysis,systems-analysis,"Determining how a system should work and how changes in conditions, operations, and the environment will affect outcomes.",transferable,,cpx_1_5,source_mapped,not_reviewed,,,,true,2026.1
CPX-SKL-AUTO-479F8458,electromagnetism,electromagnetism,ESCO knowledge linked to selected occupations.,domain_knowledge,,cpx_1_5,source_mapped,not_reviewed,,,,true,2026.1
CPX-SKL-AUTO-47B76213,report test findings,report-test-findings,ESCO skill linked to selected occupations.,transferable,,cpx_1_5,source_mapped,not_reviewed,,,,true,2026.1
CPX-SKL-AUTO-47BCBF08,advise architects,advise-architects,ESCO skill linked to selected occupations.,transferable,,cpx_1_5,source_mapped,not_reviewed,,,,true,2026.1
CPX-SKL-AUTO-47D615F6,Adobe AIR,adobe-air,Development environment software,tool,,cpx_1_5,source_mapped,not_reviewed,,,,true,2026.1
CPX-SKL-AUTO-48381918,define quality standards,define-quality-standards,ESCO skill linked to selected occupations.,transferable,,cpx_1_5,source_mapped,not_reviewed,,,,true,2026.1
CPX-SKL-AUTO-48B178F1,Spatial Abilities,spatial-abilities,Abilities related to the manipulation and organization of spatial information,transferable,,cpx_1_5,source_mapped,not_reviewed,,,,true,2026.1
CPX-SKL-AUTO-490C79DA,electrical mine machinery manuals,electrical-mine-machinery-manuals,ESCO knowledge linked to selected occupations.,domain_knowledge,,cpx_1_5,source_mapped,not_reviewed,,,,true,2026.1
CPX-SKL-AUTO-49884F2D,communication,communication,ESCO knowledge linked to selected occupations.,domain_knowledge,,cpx_1_5,source_mapped,not_reviewed,,,,true,2026.1
CPX-SKL-AUTO-49E44668,R,r,ESCO knowledge linked to selected occupations.,domain_knowledge,,cpx_1_5,source_mapped,not_reviewed,,,,true,2026.1
CPX-SKL-AUTO-4A18059D,blueprints,blueprints,ESCO knowledge linked to selected occupations.,domain_knowledge,,cpx_1_5,source_mapped,not_reviewed,,,,true,2026.1
CPX-SKL-AUTO-4A2A4DEB,process customer orders,process-customer-orders,ESCO skill linked to selected occupations.,transferable,,cpx_1_5,source_mapped,not_reviewed,,,,true,2026.1
CPX-SKL-AUTO-4A664C7B,ensure material compliance,ensure-material-compliance,ESCO skill linked to selected occupations.,regulatory,,cpx_1_5,source_mapped,not_reviewed,,,,true,2026.1
CPX-SKL-AUTO-4A94D3C2,manage geotechnical staff,manage-geotechnical-staff,ESCO skill linked to selected occupations.,transferable,,cpx_1_5,source_mapped,not_reviewed,,,,true,2026.1
CPX-SKL-AUTO-4AAD9842,Perceptual Speed,perceptual-speed,"The ability to quickly and accurately compare similarities and differences among sets of letters, numbers, objects, pictures, or patterns. The things to be compared may be presented at the same time or one after the other. This ability also includes comparing a presented object with a remembered object.",transferable,,cpx_1_5,source_mapped,not_reviewed,,,,true,2026.1
CPX-SKL-AUTO-4ABD26E9,surveying,surveying,ESCO knowledge linked to selected occupations.,domain_knowledge,,cpx_1_5,source_mapped,not_reviewed,,,,true,2026.1
CPX-SKL-AUTO-4AEB8976,Autodesk Land Desktop,autodesk-land-desktop,Computer aided design CAD software,tool,,cpx_1_5,source_mapped,not_reviewed,,,,true,2026.1
CPX-SKL-AUTO-4AF447CA,monitor machine operations,monitor-machine-operations,ESCO skill linked to selected occupations.,transferable,,cpx_1_5,source_mapped,not_reviewed,,,,true,2026.1
CPX-SKL-AUTO-4B1DA3C3,quality of fish products,quality-of-fish-products,ESCO knowledge linked to selected occupations.,domain_knowledge,,cpx_1_5,source_mapped,not_reviewed,,,,true,2026.1
CPX-SKL-AUTO-4B8771DE,monitor legislation developments,monitor-legislation-developments,ESCO skill linked to selected occupations.,transferable,,cpx_1_5,source_mapped,not_reviewed,,,,true,2026.1
CPX-SKL-AUTO-4C159E21,airport planning,airport-planning,ESCO knowledge linked to selected occupations.,domain_knowledge,,cpx_1_5,source_mapped,not_reviewed,,,,true,2026.1
CPX-SKL-AUTO-4C268F11,construction industry,construction-industry,ESCO knowledge linked to selected occupations.,domain_knowledge,,cpx_1_5,source_mapped,not_reviewed,,,,true,2026.1
CPX-SKL-AUTO-4C323985,Speed of Closure,speed-of-closure,"The ability to quickly make sense of, combine, and organize information into meaningful patterns.",transferable,,cpx_1_5,source_mapped,not_reviewed,,,,true,2026.1
CPX-SKL-AUTO-4C3937BF,Visual Abilities,visual-abilities,Abilities related to visual sensory input,transferable,,cpx_1_5,source_mapped,not_reviewed,,,,true,2026.1
CPX-SKL-AUTO-4C82933D,operate marine machinery systems,operate-marine-machinery-systems,ESCO skill linked to selected occupations.,transferable,,cpx_1_5,source_mapped,not_reviewed,,,,true,2026.1
CPX-SKL-AUTO-4C98B987,comply with legal regulations,comply-with-legal-regulations,ESCO skill linked to selected occupations.,transferable,,cpx_1_5,source_mapped,not_reviewed,,,,true,2026.1
CPX-SKL-AUTO-4C9EBF89,carry out statistical forecasts,carry-out-statistical-forecasts,ESCO skill linked to selected occupations.,transferable,,cpx_1_5,source_mapped,not_reviewed,,,,true,2026.1
CPX-SKL-AUTO-4CDB9A90,mechanical tools,mechanical-tools,ESCO knowledge linked to selected occupations.,domain_knowledge,,cpx_1_5,source_mapped,not_reviewed,,,,true,2026.1
CPX-SKL-AUTO-4CFE160A,Oral Expression,oral-expression,The ability to communicate information and ideas in speaking so others will understand.,transferable,,cpx_1_5,source_mapped,not_reviewed,,,,true,2026.1
CPX-SKL-AUTO-4D910082,analyse production processes for improvement,analyse-production-processes-for-improvement,ESCO skill linked to selected occupations.,transferable,,cpx_1_5,source_mapped,not_reviewed,,,,true,2026.1
CPX-SKL-AUTO-4DC4C2BE,ADP Workforce Now,adp-workforce-now,Human resources software,tool,,cpx_1_5,source_mapped,not_reviewed,,,,true,2026.1
CPX-SKL-AUTO-4DF13081,instrumentation equipment,instrumentation-equipment,ESCO knowledge linked to selected occupations.,domain_knowledge,,cpx_1_5,source_mapped,not_reviewed,,,,true,2026.1
CPX-SKL-AUTO-4DF71AA5,lay base courses,lay-base-courses,ESCO skill linked to selected occupations.,transferable,,cpx_1_5,source_mapped,not_reviewed,,,,true,2026.1
CPX-SKL-AUTO-4E119AE5,Erlang,erlang,ESCO knowledge linked to selected occupations.,domain_knowledge,,cpx_1_5,source_mapped,not_reviewed,,,,true,2026.1
CPX-SKL-AUTO-4E6E590A,create GIS reports,create-gis-reports,ESCO skill linked to selected occupations.,transferable,,cpx_1_5,source_mapped,not_reviewed,,,,true,2026.1
CPX-SKL-AUTO-4E7AB23B,ActionWare,actionware,Customer relationship management CRM software,tool,,cpx_1_5,source_mapped,not_reviewed,,,,true,2026.1
CPX-SKL-AUTO-4E8960AB,perform test run,perform-test-run,ESCO skill linked to selected occupations.,transferable,,cpx_1_5,source_mapped,not_reviewed,,,,true,2026.1
CPX-SKL-AUTO-4E97DFD7,study aerial photos,study-aerial-photos,ESCO skill linked to selected occupations.,transferable,,cpx_1_5,source_mapped,not_reviewed,,,,true,2026.1
CPX-SKL-AUTO-4F296121,Corel Paradox,corel-paradox,Data base user interface and query software,tool,,cpx_1_5,source_mapped,not_reviewed,,,,true,2026.1
CPX-SKL-AUTO-4F463D91,collect geological data,collect-geological-data,ESCO skill linked to selected occupations.,technical,,cpx_1_5,source_mapped,not_reviewed,,,,true,2026.1
CPX-SKL-AUTO-4FF55D0A,ANSYS LS-DYNA,ansys-ls-dyna,Analytical or scientific software,tool,,cpx_1_5,source_mapped,not_reviewed,,,,true,2026.1
CPX-SKL-AUTO-5044BB24,ensure vessel compliance with regulations,ensure-vessel-compliance-with-regulations,ESCO skill linked to selected occupations.,regulatory,,cpx_1_5,source_mapped,not_reviewed,,,,true,2026.1
CPX-SKL-AUTO-50A9BF5A,Inductive Reasoning,inductive-reasoning,The ability to combine pieces of information to form general rules or conclusions (includes finding a relationship among seemingly unrelated events).,transferable,,cpx_1_5,source_mapped,not_reviewed,,,,true,2026.1
CPX-SKL-AUTO-50AA1896,remove road surface,remove-road-surface,ESCO skill linked to selected occupations.,transferable,,cpx_1_5,source_mapped,not_reviewed,,,,true,2026.1
CPX-SKL-AUTO-50B4998D,disassemble engines,disassemble-engines,ESCO skill linked to selected occupations.,transferable,,cpx_1_5,source_mapped,not_reviewed,,,,true,2026.1
CPX-SKL-AUTO-50E60467,project management principles,project-management-principles,ESCO knowledge linked to selected occupations.,domain_knowledge,,cpx_1_5,source_mapped,not_reviewed,,,,true,2026.1
CPX-SKL-AUTO-511A6364,Aljex Inventory,aljex-inventory,Inventory management software,tool,,cpx_1_5,source_mapped,not_reviewed,,,,true,2026.1
CPX-SKL-AUTO-51493DB2,align software with system architectures,align-software-with-system-architectures,ESCO skill linked to selected occupations.,technical,,cpx_1_5,source_mapped,not_reviewed,,,,true,2026.1
CPX-SKL-AUTO-514A6DD1,install operating system,install-operating-system,ESCO skill linked to selected occupations.,transferable,,cpx_1_5,source_mapped,not_reviewed,,,,true,2026.1
CPX-SKL-AUTO-515FCA4E,Altair Engineering MotionSolve,altair-engineering-motionsolve,Analytical or scientific software,tool,,cpx_1_5,source_mapped,not_reviewed,,,,true,2026.1
CPX-SKL-AUTO-518B0746,analyse stress resistance of materials,analyse-stress-resistance-of-materials,ESCO skill linked to selected occupations.,transferable,,cpx_1_5,source_mapped,not_reviewed,,,,true,2026.1
CPX-SKL-AUTO-51938C91,create thematic maps,create-thematic-maps,ESCO skill linked to selected occupations.,transferable,,cpx_1_5,source_mapped,not_reviewed,,,,true,2026.1
CPX-SKL-AUTO-519712A0,water policies,water-policies,ESCO knowledge linked to selected occupations.,domain_knowledge,,cpx_1_5,source_mapped,not_reviewed,,,,true,2026.1
CPX-SKL-AUTO-51D1FA61,1ST Pricing Window & Door Toolkit,1st-pricing-window-door-toolkit,Procurement software,tool,,cpx_1_5,source_mapped,not_reviewed,,,,true,2026.1
CPX-SKL-AUTO-51EE5619,lead a team in water management,lead-a-team-in-water-management,ESCO skill linked to selected occupations.,transferable,,cpx_1_5,source_mapped,not_reviewed,,,,true,2026.1
CPX-SKL-AUTO-520A0747,advise on site selection,advise-on-site-selection,ESCO skill linked to selected occupations.,transferable,,cpx_1_5,source_mapped,not_reviewed,,,,true,2026.1
CPX-SKL-AUTO-522D495D,Allen Bradley PanelView,allen-bradley-panelview,Industrial control software,tool,,cpx_1_5,source_mapped,not_reviewed,,,,true,2026.1
CPX-SKL-AUTO-5268705C,ADO.NET,ado-net,Data base management system software,tool,,cpx_1_5,source_mapped,not_reviewed,,,,true,2026.1
CPX-SKL-AUTO-526A2907,apply digital mapping,apply-digital-mapping,ESCO skill linked to selected occupations.,transferable,,cpx_1_5,source_mapped,not_reviewed,,,,true,2026.1
CPX-SKL-AUTO-528283E3,circuit diagrams,circuit-diagrams,ESCO knowledge linked to selected occupations.,domain_knowledge,,cpx_1_5,source_mapped,not_reviewed,,,,true,2026.1
CPX-SKL-AUTO-52AB5668,MOEM,moem,ESCO knowledge linked to selected occupations.,domain_knowledge,,cpx_1_5,source_mapped,not_reviewed,,,,true,2026.1
CPX-SKL-AUTO-52D184BE,types of asphalt coverings,types-of-asphalt-coverings,ESCO knowledge linked to selected occupations.,domain_knowledge,,cpx_1_5,source_mapped,not_reviewed,,,,true,2026.1
CPX-SKL-AUTO-53198C86,maintain safe engineering watches,maintain-safe-engineering-watches,ESCO skill linked to selected occupations.,transferable,,cpx_1_5,source_mapped,not_reviewed,,,,true,2026.1
CPX-SKL-AUTO-53393FDE,maintain irrigation controllers,maintain-irrigation-controllers,ESCO skill linked to selected occupations.,transferable,,cpx_1_5,source_mapped,not_reviewed,,,,true,2026.1
CPX-SKL-AUTO-533A5BCA,report on production results,report-on-production-results,ESCO skill linked to selected occupations.,transferable,,cpx_1_5,source_mapped,not_reviewed,,,,true,2026.1
CPX-SKL-AUTO-5376555E,Operations Monitoring,operations-monitoring,"Watching gauges, dials, or other indicators to make sure a machine is working properly.",transferable,,cpx_1_5,source_mapped,not_reviewed,,,,true,2026.1
CPX-SKL-AUTO-539CF12F,Computer numerical control CNC software,computer-numerical-control-cnc-software,Industrial control software,tool,,cpx_1_5,source_mapped,not_reviewed,,,,true,2026.1
CPX-SKL-AUTO-546EEF69,provide information on wind turbines,provide-information-on-wind-turbines,ESCO skill linked to selected occupations.,transferable,,cpx_1_5,source_mapped,not_reviewed,,,,true,2026.1
CPX-SKL-AUTO-54A2C268,biotechnology,biotechnology,ESCO knowledge linked to selected occupations.,domain_knowledge,,cpx_1_5,source_mapped,not_reviewed,,,,true,2026.1
CPX-SKL-AUTO-54DD00B8,address problems critically,address-problems-critically,ESCO skill linked to selected occupations.,transferable,,cpx_1_5,source_mapped,not_reviewed,,,,true,2026.1
CPX-SKL-AUTO-54FB3524,industrial engineering,industrial-engineering,ESCO knowledge linked to selected occupations.,domain_knowledge,,cpx_1_5,source_mapped,not_reviewed,,,,true,2026.1
CPX-SKL-AUTO-550464DF,analyse test data,analyse-test-data,ESCO skill linked to selected occupations.,technical,,cpx_1_5,source_mapped,not_reviewed,,,,true,2026.1
CPX-SKL-AUTO-553DFEE6,provide information on geological characteristics,provide-information-on-geological-characteristics,ESCO skill linked to selected occupations.,transferable,,cpx_1_5,source_mapped,not_reviewed,,,,true,2026.1
CPX-SKL-AUTO-55DD3C70,perform underwater bridge inspection,perform-underwater-bridge-inspection,ESCO skill linked to selected occupations.,transferable,,cpx_1_5,source_mapped,not_reviewed,,,,true,2026.1
CPX-SKL-AUTO-5632F3DE,Scala,scala,ESCO knowledge linked to selected occupations.,domain_knowledge,,cpx_1_5,source_mapped,not_reviewed,,,,true,2026.1
CPX-SKL-AUTO-5644E61F,use maritime English,use-maritime-english,ESCO skill linked to selected occupations.,transferable,,cpx_1_5,source_mapped,not_reviewed,,,,true,2026.1
CPX-SKL-AUTO-56E30735,meet deadlines,meet-deadlines,ESCO skill linked to selected occupations.,transferable,,cpx_1_5,source_mapped,not_reviewed,,,,true,2026.1
CPX-SKL-AUTO-56F77140,Altova MapForce,altova-mapforce,Metadata management software,tool,,cpx_1_5,source_mapped,not_reviewed,,,,true,2026.1
CPX-SKL-AUTO-57202730,100 Plus Hatch Pattern Library,100-plus-hatch-pattern-library,Pattern design software,tool,,cpx_1_5,source_mapped,not_reviewed,,,,true,2026.1
CPX-SKL-AUTO-57534B0A,Abbott Informatics STARLIMS:LIMS,abbott-informatics-starlims-lims,Analytical or scientific software,tool,,cpx_1_5,source_mapped,not_reviewed,,,,true,2026.1
CPX-SKL-AUTO-578BB98A,interpret scientific data to assess water quality,interpret-scientific-data-to-assess-water-quality,ESCO skill linked to selected occupations.,technical,,cpx_1_5,source_mapped,not_reviewed,,,,true,2026.1
CPX-SKL-AUTO-57B8D6DB,test ground system performance,test-ground-system-performance,ESCO skill linked to selected occupations.,transferable,,cpx_1_5,source_mapped,not_reviewed,,,,true,2026.1
CPX-SKL-AUTO-57D39D47,Category Flexibility,category-flexibility,The ability to generate or use different sets of rules for combining or grouping things in different ways.,transferable,,cpx_1_5,source_mapped,not_reviewed,,,,true,2026.1
CPX-SKL-AUTO-57FE72D9,Sales and Marketing,sales-and-marketing,"Knowledge of principles and methods for showing, promoting, and selling products or services. This includes marketing strategy and tactics, product demonstration, sales techniques, and sales control systems.",domain_knowledge,,cpx_1_5,source_mapped,not_reviewed,,,,true,2026.1
CPX-SKL-AUTO-5836997E,material mechanics,material-mechanics,ESCO knowledge linked to selected occupations.,domain_knowledge,,cpx_1_5,source_mapped,not_reviewed,,,,true,2026.1
CPX-SKL-AUTO-5842956D,manage airport workshops,manage-airport-workshops,ESCO skill linked to selected occupations.,transferable,,cpx_1_5,source_mapped,not_reviewed,,,,true,2026.1
CPX-SKL-AUTO-588B8FBB,OpenEdge Advanced Business Language,openedge-advanced-business-language,ESCO knowledge linked to selected occupations.,domain_knowledge,,cpx_1_5,source_mapped,not_reviewed,,,,true,2026.1
CPX-SKL-AUTO-58DC12FC,apply proofing membranes,apply-proofing-membranes,ESCO skill linked to selected occupations.,transferable,,cpx_1_5,source_mapped,not_reviewed,,,,true,2026.1
CPX-SKL-AUTO-59549FFD,use personal protection equipment,use-personal-protection-equipment,ESCO skill linked to selected occupations.,transferable,,cpx_1_5,source_mapped,not_reviewed,,,,true,2026.1
CPX-SKL-AUTO-599DD157,zoning codes,zoning-codes,ESCO knowledge linked to selected occupations.,domain_knowledge,,cpx_1_5,source_mapped,not_reviewed,,,,true,2026.1
CPX-SKL-AUTO-5A0CF7BD,Computer-aided drafting or design software,computer-aided-drafting-or-design-software,Computer aided design CAD software,tool,,cpx_1_5,source_mapped,not_reviewed,,,,true,2026.1
CPX-SKL-AUTO-5A3F6FDF,Administrative,administrative,"Knowledge of administrative and office procedures and systems such as word processing, managing files and records, stenography and transcription, designing forms, and workplace terminology.",domain_knowledge,,cpx_1_5,source_mapped,not_reviewed,,,,true,2026.1
CPX-SKL-AUTO-5A43D3EC,eBuy,ebuy,Procurement software,tool,,cpx_1_5,source_mapped,not_reviewed,,,,true,2026.1
CPX-SKL-AUTO-5A5A6A14,Personnel and Human Resources,personnel-and-human-resources,"Knowledge of principles and procedures for personnel recruitment, selection, training, compensation and benefits, labor relations and negotiation, and personnel information systems.",domain_knowledge,,cpx_1_5,source_mapped,not_reviewed,,,,true,2026.1
CPX-SKL-AUTO-5AEA39DB,Distributed control system DCS,distributed-control-system-dcs,Industrial control software,tool,,cpx_1_5,source_mapped,not_reviewed,,,,true,2026.1
CPX-SKL-AUTO-5B0E2959,develop irrigation strategies,develop-irrigation-strategies,ESCO skill linked to selected occupations.,transferable,,cpx_1_5,source_mapped,not_reviewed,,,,true,2026.1
CPX-SKL-AUTO-5BD88274,ABOL Manifest Systems,abol-manifest-systems,Label making software,tool,,cpx_1_5,source_mapped,not_reviewed,,,,true,2026.1
CPX-SKL-AUTO-5C33599D,building codes,building-codes,ESCO knowledge linked to selected occupations.,domain_knowledge,,cpx_1_5,source_mapped,not_reviewed,,,,true,2026.1
CPX-SKL-AUTO-5C79F42B,ArcSight Enterprise Threat and Risk Management,arcsight-enterprise-threat-and-risk-management,Risk management data and analysis software,tool,,cpx_1_5,source_mapped,not_reviewed,,,,true,2026.1
CPX-SKL-AUTO-5C8936F8,Autodesk AutoCAD Civil 3D,autodesk-autocad-civil-3d,Computer aided design CAD software,tool,,cpx_1_5,source_mapped,not_reviewed,,,,true,2026.1
CPX-SKL-AUTO-5CCCEBCC,detect malfunctions in train control systems,detect-malfunctions-in-train-control-systems,ESCO skill linked to selected occupations.,transferable,,cpx_1_5,source_mapped,not_reviewed,,,,true,2026.1
CPX-SKL-AUTO-5D643581,solder electronics,solder-electronics,ESCO skill linked to selected occupations.,transferable,,cpx_1_5,source_mapped,not_reviewed,,,,true,2026.1
CPX-SKL-AUTO-5DF4FCDC,Architectural Energy Corporation ENFORMA Building Diagnostics,architectural-energy-corporation-enforma-building-diagnostics,Analytical or scientific software,tool,,cpx_1_5,source_mapped,not_reviewed,,,,true,2026.1
CPX-SKL-AUTO-5E22A328,levels of software testing,levels-of-software-testing,ESCO knowledge linked to selected occupations.,domain_knowledge,,cpx_1_5,source_mapped,not_reviewed,,,,true,2026.1
CPX-SKL-AUTO-5ED566B6,work in an aviation team,work-in-an-aviation-team,ESCO skill linked to selected occupations.,transferable,,cpx_1_5,source_mapped,not_reviewed,,,,true,2026.1
CPX-SKL-AUTO-5F426C84,work in a rail transport team,work-in-a-rail-transport-team,ESCO skill linked to selected occupations.,transferable,,cpx_1_5,source_mapped,not_reviewed,,,,true,2026.1
CPX-SKL-AUTO-5F80F43B,interpret seismic data,interpret-seismic-data,ESCO skill linked to selected occupations.,technical,,cpx_1_5,source_mapped,not_reviewed,,,,true,2026.1
CPX-SKL-AUTO-5F81FAEA,Problem Sensitivity,problem-sensitivity,"The ability to tell when something is wrong or is likely to go wrong. It does not involve solving the problem, only recognizing that there is a problem.",transferable,,cpx_1_5,source_mapped,not_reviewed,,,,true,2026.1
CPX-SKL-AUTO-5F843E05,advise on irrigation projects,advise-on-irrigation-projects,ESCO skill linked to selected occupations.,transferable,,cpx_1_5,source_mapped,not_reviewed,,,,true,2026.1
CPX-SKL-AUTO-5FD8B76E,Apache Accumulo,apache-accumulo,Data base user interface and query software,tool,,cpx_1_5,source_mapped,not_reviewed,,,,true,2026.1
CPX-SKL-AUTO-607894E4,Bottom Line LoanMaster Loan Servicing,bottom-line-loanmaster-loan-servicing,Accounting software,tool,,cpx_1_5,source_mapped,not_reviewed,,,,true,2026.1
CPX-SKL-AUTO-60BCDAD0,assess operating cost,assess-operating-cost,ESCO skill linked to selected occupations.,commercial,,cpx_1_5,source_mapped,not_reviewed,,,,true,2026.1
CPX-SKL-AUTO-60BF5C1D,Agilent ChemStation,agilent-chemstation,Analytical or scientific software,tool,,cpx_1_5,source_mapped,not_reviewed,,,,true,2026.1
CPX-SKL-AUTO-6109699C,power plant instrumentation,power-plant-instrumentation,ESCO knowledge linked to selected occupations.,domain_knowledge,,cpx_1_5,source_mapped,not_reviewed,,,,true,2026.1
CPX-SKL-AUTO-6120613D,!Trak-it Solutions !Trak-it HR,trak-it-solutions-trak-it-hr,Human resources software,tool,,cpx_1_5,source_mapped,not_reviewed,,,,true,2026.1
CPX-SKL-AUTO-6177AB53,Scratch (computer programming),scratch-computer-programming,ESCO knowledge linked to selected occupations.,domain_knowledge,,cpx_1_5,source_mapped,not_reviewed,,,,true,2026.1
CPX-SKL-AUTO-61F7D83B,traffic engineering,traffic-engineering,ESCO knowledge linked to selected occupations.,domain_knowledge,,cpx_1_5,source_mapped,not_reviewed,,,,true,2026.1
CPX-SKL-AUTO-62453CBF,conduct environmental surveys,conduct-environmental-surveys,ESCO skill linked to selected occupations.,transferable,,cpx_1_5,source_mapped,not_reviewed,,,,true,2026.1
CPX-SKL-AUTO-6294BC9A,Advanced numerical software,advanced-numerical-software,Analytical or scientific software,tool,,cpx_1_5,source_mapped,not_reviewed,,,,true,2026.1
CPX-SKL-AUTO-62B47F83,comprehend financial business terminology,comprehend-financial-business-terminology,ESCO skill linked to selected occupations.,transferable,,cpx_1_5,source_mapped,not_reviewed,,,,true,2026.1
CPX-SKL-AUTO-62EAFAFF,Biometric reader software,biometric-reader-software,Access software,tool,,cpx_1_5,source_mapped,not_reviewed,,,,true,2026.1
CPX-SKL-AUTO-632C8F97,Transportation,transportation,"Knowledge of principles and methods for moving people or goods by air, rail, sea, or road, including the relative costs and benefits.",domain_knowledge,,cpx_1_5,source_mapped,not_reviewed,,,,true,2026.1
CPX-SKL-AUTO-6346BE56,Employee scheduling software,employee-scheduling-software,Calendar and scheduling software,tool,,cpx_1_5,source_mapped,not_reviewed,,,,true,2026.1
CPX-SKL-AUTO-636AEDCD,Medicine and Dentistry,medicine-and-dentistry,"Knowledge of the information and techniques needed to diagnose and treat human injuries, diseases, and deformities. This includes symptoms, treatment alternatives, drug properties and interactions, and preventive health-care measures.",domain_knowledge,,cpx_1_5,source_mapped,not_reviewed,,,,true,2026.1
CPX-SKL-AUTO-63D33878,promote sustainable energy,promote-sustainable-energy,ESCO skill linked to selected occupations.,transferable,,cpx_1_5,source_mapped,not_reviewed,,,,true,2026.1
CPX-SKL-AUTO-63FA6956,sensors,sensors,ESCO knowledge linked to selected occupations.,domain_knowledge,,cpx_1_5,source_mapped,not_reviewed,,,,true,2026.1
CPX-SKL-AUTO-65117BD7,CGI-AMS CACS Enterprise,cgi-ams-cacs-enterprise,Financial analysis software,tool,,cpx_1_5,source_mapped,not_reviewed,,,,true,2026.1
CPX-SKL-AUTO-656B7CFF,consider the impact of material characteristics on pipeline flows,consider-the-impact-of-material-characteristics-on-pipeline-flows,ESCO skill linked to selected occupations.,transferable,,cpx_1_5,source_mapped,not_reviewed,,,,true,2026.1
CPX-SKL-AUTO-6597191C,test electronic units,test-electronic-units,ESCO skill linked to selected occupations.,transferable,,cpx_1_5,source_mapped,not_reviewed,,,,true,2026.1
CPX-SKL-AUTO-65B22154,Accela Tidemark Advantage,accela-tidemark-advantage,Compliance software,tool,,cpx_1_5,source_mapped,not_reviewed,,,,true,2026.1
CPX-SKL-AUTO-65B434D8,A programming language APL,a-programming-language-apl,Development environment software,tool,,cpx_1_5,source_mapped,not_reviewed,,,,true,2026.1
CPX-SKL-AUTO-65B537DC,liaise with managers,liaise-with-managers,ESCO skill linked to selected occupations.,transferable,,cpx_1_5,source_mapped,not_reviewed,,,,true,2026.1
CPX-SKL-AUTO-65CFECFD,Adobe Audition,adobe-audition,Music or sound editing software,tool,,cpx_1_5,source_mapped,not_reviewed,,,,true,2026.1
CPX-SKL-AUTO-65D79D0F,Agiliance Compliance Manager,agiliance-compliance-manager,Compliance software,tool,,cpx_1_5,source_mapped,not_reviewed,,,,true,2026.1
CPX-SKL-AUTO-668C6195,Acarda ForbiddenCalls,acarda-forbiddencalls,Data base user interface and query software,tool,,cpx_1_5,source_mapped,not_reviewed,,,,true,2026.1
CPX-SKL-AUTO-6731604A,Adobe Acrobat Reader,adobe-acrobat-reader,Document management software,tool,,cpx_1_5,source_mapped,not_reviewed,,,,true,2026.1
CPX-SKL-AUTO-67703997,operate control systems,operate-control-systems,ESCO skill linked to selected occupations.,transferable,,cpx_1_5,source_mapped,not_reviewed,,,,true,2026.1
CPX-SKL-AUTO-67BD8C74,design drawings,design-drawings,ESCO knowledge linked to selected occupations.,domain_knowledge,,cpx_1_5,source_mapped,not_reviewed,,,,true,2026.1
CPX-SKL-AUTO-67BD941A,Calendar management software,calendar-management-software,Calendar and scheduling software,tool,,cpx_1_5,source_mapped,not_reviewed,,,,true,2026.1
CPX-SKL-AUTO-68005987,photogrammetry,photogrammetry,ESCO knowledge linked to selected occupations.,domain_knowledge,,cpx_1_5,source_mapped,not_reviewed,,,,true,2026.1
CPX-SKL-AUTO-68BAE8B6,Auditory and Speech Abilities,auditory-and-speech-abilities,Abilities related to auditory and oral input,transferable,,cpx_1_5,source_mapped,not_reviewed,,,,true,2026.1
CPX-SKL-AUTO-68F157A3,electric generators,electric-generators,ESCO knowledge linked to selected occupations.,domain_knowledge,,cpx_1_5,source_mapped,not_reviewed,,,,true,2026.1
CPX-SKL-AUTO-68FBBA12,follow up pipeline integrity management priorities,follow-up-pipeline-integrity-management-priorities,ESCO skill linked to selected occupations.,transferable,,cpx_1_5,source_mapped,not_reviewed,,,,true,2026.1
CPX-SKL-AUTO-6916E7CE,create software design,create-software-design,ESCO skill linked to selected occupations.,technical,,cpx_1_5,source_mapped,not_reviewed,,,,true,2026.1
CPX-SKL-AUTO-6922584D,Credit adjudication and lending management system CALMS,credit-adjudication-and-lending-management-system-calms,Document management software,tool,,cpx_1_5,source_mapped,not_reviewed,,,,true,2026.1
CPX-SKL-AUTO-69338A4B,conduct literature research,conduct-literature-research,ESCO skill linked to selected occupations.,transferable,,cpx_1_5,source_mapped,not_reviewed,,,,true,2026.1
CPX-SKL-AUTO-693888EE,Information Ordering,information-ordering,"The ability to arrange things or actions in a certain order or pattern according to a specific rule or set of rules (e.g., patterns of numbers, letters, words, pictures, mathematical operations).",transferable,,cpx_1_5,source_mapped,not_reviewed,,,,true,2026.1
CPX-SKL-AUTO-696E3DCA,Atlassian Confluence,atlassian-confluence,Project management software,tool,,cpx_1_5,source_mapped,not_reviewed,,,,true,2026.1
CPX-SKL-AUTO-697C37D7,Written Expression,written-expression,The ability to communicate information and ideas in writing so others will understand.,transferable,,cpx_1_5,source_mapped,not_reviewed,,,,true,2026.1
CPX-SKL-AUTO-69DCCE78,operate soldering equipment,operate-soldering-equipment,ESCO skill linked to selected occupations.,transferable,,cpx_1_5,source_mapped,not_reviewed,,,,true,2026.1
CPX-SKL-AUTO-6A35ABA1,Systems Evaluation,systems-evaluation,"Identifying measures or indicators of system performance and the actions needed to improve or correct performance, relative to the goals of the system.",transferable,,cpx_1_5,source_mapped,not_reviewed,,,,true,2026.1
CPX-SKL-AUTO-6A5DD82E,robotic components,robotic-components,ESCO knowledge linked to selected occupations.,domain_knowledge,,cpx_1_5,source_mapped,not_reviewed,,,,true,2026.1
CPX-SKL-AUTO-6A63FF77,mining engineering,mining-engineering,ESCO knowledge linked to selected occupations.,domain_knowledge,,cpx_1_5,source_mapped,not_reviewed,,,,true,2026.1
CPX-SKL-AUTO-6AEB9ACD,SAP R3,sap-r3,ESCO knowledge linked to selected occupations.,domain_knowledge,,cpx_1_5,source_mapped,not_reviewed,,,,true,2026.1
CPX-SKL-AUTO-6B3BE3A8,perform resource planning,perform-resource-planning,ESCO skill linked to selected occupations.,project_delivery,,cpx_1_5,source_mapped,not_reviewed,,,,true,2026.1
CPX-SKL-AUTO-6BE79619,Human resources management system HRMS,human-resources-management-system-hrms,Human resources software,tool,,cpx_1_5,source_mapped,not_reviewed,,,,true,2026.1
CPX-SKL-AUTO-6C107287,Visual Studio .NET,visual-studio-net,ESCO knowledge linked to selected occupations.,domain_knowledge,,cpx_1_5,source_mapped,not_reviewed,,,,true,2026.1
CPX-SKL-AUTO-6D09C357,check stability of materials,check-stability-of-materials,ESCO skill linked to selected occupations.,transferable,,cpx_1_5,source_mapped,not_reviewed,,,,true,2026.1
CPX-SKL-AUTO-6D5479C0,"heating, ventilation, air conditioning and refrigeration parts",heating-ventilation-air-conditioning-and-refrigeration-parts,ESCO knowledge linked to selected occupations.,domain_knowledge,,cpx_1_5,source_mapped,not_reviewed,,,,true,2026.1
CPX-SKL-AUTO-6D555B1E,perform water testing procedures,perform-water-testing-procedures,ESCO skill linked to selected occupations.,transferable,,cpx_1_5,source_mapped,not_reviewed,,,,true,2026.1
CPX-SKL-AUTO-6D72BBD3,compile GIS-data,compile-gis-data,ESCO skill linked to selected occupations.,technical,,cpx_1_5,source_mapped,not_reviewed,,,,true,2026.1
CPX-SKL-AUTO-6D8C4162,supervise waste water treatments,supervise-waste-water-treatments,ESCO skill linked to selected occupations.,transferable,,cpx_1_5,source_mapped,not_reviewed,,,,true,2026.1
CPX-SKL-AUTO-6DB6D576,Autocoders,autocoders,Categorization or classification software,tool,,cpx_1_5,source_mapped,not_reviewed,,,,true,2026.1
CPX-SKL-AUTO-6DD71513,advise on geology for mineral extraction,advise-on-geology-for-mineral-extraction,ESCO skill linked to selected occupations.,transferable,,cpx_1_5,source_mapped,not_reviewed,,,,true,2026.1
CPX-SKL-AUTO-6E1EC101,Amazon Elastic Compute Cloud EC2,amazon-elastic-compute-cloud-ec2,Data base user interface and query software,tool,,cpx_1_5,source_mapped,not_reviewed,,,,true,2026.1
CPX-SKL-AUTO-6E20DB4D,transport construction supplies,transport-construction-supplies,ESCO skill linked to selected occupations.,transferable,,cpx_1_5,source_mapped,not_reviewed,,,,true,2026.1
CPX-SKL-AUTO-6E906103,rail design engineering,rail-design-engineering,ESCO knowledge linked to selected occupations.,domain_knowledge,,cpx_1_5,source_mapped,not_reviewed,,,,true,2026.1
CPX-SKL-AUTO-6EB75794,manage staff,manage-staff,ESCO skill linked to selected occupations.,transferable,,cpx_1_5,source_mapped,not_reviewed,,,,true,2026.1
CPX-SKL-AUTO-6EBE0BFA,nanoelectronics,nanoelectronics,ESCO knowledge linked to selected occupations.,domain_knowledge,,cpx_1_5,source_mapped,not_reviewed,,,,true,2026.1
CPX-SKL-AUTO-6ED6A9CC,engine components,engine-components,ESCO knowledge linked to selected occupations.,domain_knowledge,,cpx_1_5,source_mapped,not_reviewed,,,,true,2026.1
CPX-SKL-AUTO-6F647F1B,adjust engineering designs,adjust-engineering-designs,ESCO skill linked to selected occupations.,transferable,,cpx_1_5,source_mapped,not_reviewed,,,,true,2026.1
CPX-SKL-AUTO-6FB1597E,report analysis results,report-analysis-results,ESCO skill linked to selected occupations.,transferable,,cpx_1_5,source_mapped,not_reviewed,,,,true,2026.1
CPX-SKL-AUTO-6FCD6C0C,operate radio equipment,operate-radio-equipment,ESCO skill linked to selected occupations.,transferable,,cpx_1_5,source_mapped,not_reviewed,,,,true,2026.1
CPX-SKL-AUTO-6FDB5F63,promote innovative infrastructure design,promote-innovative-infrastructure-design,ESCO skill linked to selected occupations.,transferable,,cpx_1_5,source_mapped,not_reviewed,,,,true,2026.1
CPX-SKL-AUTO-6FF47E3E,react to events in time-critical environments,react-to-events-in-time-critical-environments,ESCO skill linked to selected occupations.,transferable,,cpx_1_5,source_mapped,not_reviewed,,,,true,2026.1
CPX-SKL-AUTO-702A4388,Advanced boolean expression language ABEL,advanced-boolean-expression-language-abel,Development environment software,tool,,cpx_1_5,source_mapped,not_reviewed,,,,true,2026.1
CPX-SKL-AUTO-7038BBCA,DQO-PRO,dqo-pro,Analytical or scientific software,tool,,cpx_1_5,source_mapped,not_reviewed,,,,true,2026.1
CPX-SKL-AUTO-7039CB61,Number Facility,number-facility,"The ability to add, subtract, multiply, or divide quickly and correctly.",transferable,,cpx_1_5,source_mapped,not_reviewed,,,,true,2026.1
CPX-SKL-AUTO-70526123,Alteryx software,alteryx-software,Business intelligence and data analysis software,tool,,cpx_1_5,source_mapped,not_reviewed,,,,true,2026.1
CPX-SKL-AUTO-706081E9,hardware testing methods,hardware-testing-methods,ESCO knowledge linked to selected occupations.,domain_knowledge,,cpx_1_5,source_mapped,not_reviewed,,,,true,2026.1
CPX-SKL-AUTO-706A68B1,Facility database software,facility-database-software,Data base user interface and query software,tool,,cpx_1_5,source_mapped,not_reviewed,,,,true,2026.1
CPX-SKL-AUTO-71287767,Verbal Abilities,verbal-abilities,Abilities that influence the acquisition and application of verbal information in problem solving,transferable,,cpx_1_5,source_mapped,not_reviewed,,,,true,2026.1
CPX-SKL-AUTO-713DC208,Data logging software,data-logging-software,Data base user interface and query software,tool,,cpx_1_5,source_mapped,not_reviewed,,,,true,2026.1
CPX-SKL-AUTO-71AE5542,Cost estimating software,cost-estimating-software,Project management software,tool,,cpx_1_5,source_mapped,not_reviewed,,,,true,2026.1
CPX-SKL-AUTO-71E260B7,collect mapping data,collect-mapping-data,ESCO skill linked to selected occupations.,technical,,cpx_1_5,source_mapped,not_reviewed,,,,true,2026.1
CPX-SKL-AUTO-7219AF63,Acarda CallAssist,acarda-callassist,Expert system software,tool,,cpx_1_5,source_mapped,not_reviewed,,,,true,2026.1
CPX-SKL-AUTO-721BFB02,Health Services,health-services,"Knowledge of principles and facts regarding diagnosing, curing, and preventing disease, and improving and preserving physical and mental health and well-being",domain_knowledge,,cpx_1_5,source_mapped,not_reviewed,,,,true,2026.1
CPX-SKL-AUTO-729B70AB,supervise maintenance activities in airports,supervise-maintenance-activities-in-airports,ESCO skill linked to selected occupations.,transferable,,cpx_1_5,source_mapped,not_reviewed,,,,true,2026.1
CPX-SKL-AUTO-72AD8FD7,operate rust proofing spray gun,operate-rust-proofing-spray-gun,ESCO skill linked to selected occupations.,transferable,,cpx_1_5,source_mapped,not_reviewed,,,,true,2026.1
CPX-SKL-AUTO-73468814,work ergonomically,work-ergonomically,ESCO skill linked to selected occupations.,transferable,,cpx_1_5,source_mapped,not_reviewed,,,,true,2026.1
CPX-SKL-AUTO-73CC6C3B,English Language,english-language,"Knowledge of the structure and content of the English language including the meaning and spelling of words, and rules of composition and grammar.",domain_knowledge,,cpx_1_5,source_mapped,not_reviewed,,,,true,2026.1
CPX-SKL-AUTO-741349F8,ensure safety of mobile electrical systems,ensure-safety-of-mobile-electrical-systems,ESCO skill linked to selected occupations.,regulatory,,cpx_1_5,source_mapped,not_reviewed,,,,true,2026.1
CPX-SKL-AUTO-741D5840,prepare subgrade for road pavement,prepare-subgrade-for-road-pavement,ESCO skill linked to selected occupations.,transferable,,cpx_1_5,source_mapped,not_reviewed,,,,true,2026.1
CPX-SKL-AUTO-74358B8D,EcoLogic ADAM Indoor Air Quality and Analytical Data Management,ecologic-adam-indoor-air-quality-and-analytical-data-management,Data base user interface and query software,tool,,cpx_1_5,source_mapped,not_reviewed,,,,true,2026.1
CPX-SKL-AUTO-74BF389C,1099 ProsSoftware,1099-prossoftware,Tax preparation software,tool,,cpx_1_5,source_mapped,not_reviewed,,,,true,2026.1
CPX-SKL-AUTO-753A5153,Perl,perl,ESCO knowledge linked to selected occupations.,domain_knowledge,,cpx_1_5,source_mapped,not_reviewed,,,,true,2026.1
CPX-SKL-AUTO-75710C61,VBScript,vbscript,ESCO knowledge linked to selected occupations.,domain_knowledge,,cpx_1_5,source_mapped,not_reviewed,,,,true,2026.1
CPX-SKL-AUTO-75882CB9,Aurora HelioScope,aurora-helioscope,Analytical or scientific software,tool,,cpx_1_5,source_mapped,not_reviewed,,,,true,2026.1
CPX-SKL-AUTO-759F200D,develop manufacturing policies,develop-manufacturing-policies,ESCO skill linked to selected occupations.,transferable,,cpx_1_5,source_mapped,not_reviewed,,,,true,2026.1
CPX-SKL-AUTO-75E7C22D,analyse transportation costs,analyse-transportation-costs,ESCO skill linked to selected occupations.,transferable,,cpx_1_5,source_mapped,not_reviewed,,,,true,2026.1
CPX-SKL-AUTO-75F5246B,Assured Software JPP,assured-software-jpp,Data base user interface and query software,tool,,cpx_1_5,source_mapped,not_reviewed,,,,true,2026.1
CPX-SKL-AUTO-76133A17,Apache Hive,apache-hive,Data base management system software,tool,,cpx_1_5,source_mapped,not_reviewed,,,,true,2026.1
CPX-SKL-AUTO-769CA215,Adobe Experience Manager (AEM),adobe-experience-manager-aem,Web page creation and editing software,tool,,cpx_1_5,source_mapped,not_reviewed,,,,true,2026.1
CPX-SKL-AUTO-76A30230,Applied Flow Technology AFT Fathom,applied-flow-technology-aft-fathom,Analytical or scientific software,tool,,cpx_1_5,source_mapped,not_reviewed,,,,true,2026.1
CPX-SKL-AUTO-76D822CE,Anti-spyware software,anti-spyware-software,Transaction security and virus protection software,tool,,cpx_1_5,source_mapped,not_reviewed,,,,true,2026.1
CPX-SKL-AUTO-772726C6,manage health and safety standards,manage-health-and-safety-standards,ESCO skill linked to selected occupations.,regulatory,,cpx_1_5,source_mapped,not_reviewed,,,,true,2026.1
CPX-SKL-AUTO-774D11F5,CGI-AMS Strata,cgi-ams-strata,Financial analysis software,tool,,cpx_1_5,source_mapped,not_reviewed,,,,true,2026.1
CPX-SKL-AUTO-77877106,Trunk Strength,trunk-strength,"The ability to use your abdominal and lower back muscles to support part of the body repeatedly or continuously over time without ""giving out"" or fatiguing.",transferable,,cpx_1_5,source_mapped,not_reviewed,,,,true,2026.1
CPX-SKL-AUTO-77C8FC1F,set management priorities in pipeline networks,set-management-priorities-in-pipeline-networks,ESCO skill linked to selected occupations.,transferable,,cpx_1_5,source_mapped,not_reviewed,,,,true,2026.1
CPX-SKL-AUTO-7894BD02,analyse community needs,analyse-community-needs,ESCO skill linked to selected occupations.,transferable,,cpx_1_5,source_mapped,not_reviewed,,,,true,2026.1
CPX-SKL-AUTO-78A9AF33,ANSYS Mechanical,ansys-mechanical,Analytical or scientific software,tool,,cpx_1_5,source_mapped,not_reviewed,,,,true,2026.1
CPX-SKL-AUTO-78AFBA64,Adobe Acrobat,adobe-acrobat,Document management software,tool,,cpx_1_5,source_mapped,not_reviewed,,,,true,2026.1
CPX-SKL-AUTO-7944A78E,perform drainage work,perform-drainage-work,ESCO skill linked to selected occupations.,transferable,,cpx_1_5,source_mapped,not_reviewed,,,,true,2026.1
CPX-SKL-AUTO-7956F1A5,electrical machines,electrical-machines,ESCO knowledge linked to selected occupations.,domain_knowledge,,cpx_1_5,source_mapped,not_reviewed,,,,true,2026.1
CPX-SKL-AUTO-79886E47,carry out energy management of facilities,carry-out-energy-management-of-facilities,ESCO skill linked to selected occupations.,transferable,,cpx_1_5,source_mapped,not_reviewed,,,,true,2026.1
CPX-SKL-AUTO-79A7D6ED,apply medical first aid on board ship,apply-medical-first-aid-on-board-ship,ESCO skill linked to selected occupations.,transferable,,cpx_1_5,source_mapped,not_reviewed,,,,true,2026.1
CPX-SKL-AUTO-79D5A7D6,Global Maritime Distress and Safety System,global-maritime-distress-and-safety-system,ESCO knowledge linked to selected occupations.,domain_knowledge,,cpx_1_5,source_mapped,not_reviewed,,,,true,2026.1
CPX-SKL-AUTO-79D76ED5,Visualization,visualization,The ability to imagine how something will look after it is moved around or when its parts are moved or rearranged.,transferable,,cpx_1_5,source_mapped,not_reviewed,,,,true,2026.1
CPX-SKL-AUTO-79ED8C2F,Worker Requirements,worker-requirements,"Skills and knowledge people need for work, developed through education and experience.",transferable,,cpx_1_5,source_mapped,not_reviewed,,,,true,2026.1
CPX-SKL-AUTO-7A290080,ASI DATAMYTE GageMetrics,asi-datamyte-gagemetrics,Industrial control software,tool,,cpx_1_5,source_mapped,not_reviewed,,,,true,2026.1
CPX-SKL-AUTO-7A382179,CNC Mastercam,cnc-mastercam,Computer aided manufacturing CAM software,tool,,cpx_1_5,source_mapped,not_reviewed,,,,true,2026.1
CPX-SKL-AUTO-7A776DDF,maintain records of mining operations,maintain-records-of-mining-operations,ESCO skill linked to selected occupations.,transferable,,cpx_1_5,source_mapped,not_reviewed,,,,true,2026.1
CPX-SKL-AUTO-7AB7B7A0,Graphics software,graphics-software,Graphics or photo imaging software,tool,,cpx_1_5,source_mapped,not_reviewed,,,,true,2026.1
CPX-SKL-AUTO-7ABA4D07,Mathematical Reasoning,mathematical-reasoning,The ability to choose the right mathematical methods or formulas to solve a problem.,transferable,,cpx_1_5,source_mapped,not_reviewed,,,,true,2026.1
CPX-SKL-AUTO-7AD032F8,Adobe ColdFusion,adobe-coldfusion,Web page creation and editing software,tool,,cpx_1_5,source_mapped,not_reviewed,,,,true,2026.1
CPX-SKL-AUTO-7AFBA776,architecture regulations,architecture-regulations,ESCO knowledge linked to selected occupations.,domain_knowledge,,cpx_1_5,source_mapped,not_reviewed,,,,true,2026.1
CPX-SKL-AUTO-7B6DEC51,hardware architectures,hardware-architectures,ESCO knowledge linked to selected occupations.,domain_knowledge,,cpx_1_5,source_mapped,not_reviewed,,,,true,2026.1
CPX-SKL-AUTO-7B7AEF32,test electromechanical systems,test-electromechanical-systems,ESCO skill linked to selected occupations.,transferable,,cpx_1_5,source_mapped,not_reviewed,,,,true,2026.1
CPX-SKL-AUTO-7B7BA3EE,hybrid control systems,hybrid-control-systems,ESCO knowledge linked to selected occupations.,domain_knowledge,,cpx_1_5,source_mapped,not_reviewed,,,,true,2026.1
CPX-SKL-AUTO-7BA81C23,inspect aircraft for airworthiness,inspect-aircraft-for-airworthiness,ESCO skill linked to selected occupations.,transferable,,cpx_1_5,source_mapped,not_reviewed,,,,true,2026.1
CPX-SKL-AUTO-7C31C384,ensure maintenance of trains,ensure-maintenance-of-trains,ESCO skill linked to selected occupations.,transferable,,cpx_1_5,source_mapped,not_reviewed,,,,true,2026.1
CPX-SKL-AUTO-7C45F541,3D graphics software,3d-graphics-software,Graphics or photo imaging software,tool,,cpx_1_5,source_mapped,not_reviewed,,,,true,2026.1
CPX-SKL-AUTO-7CC048ED,electric drives,electric-drives,ESCO knowledge linked to selected occupations.,domain_knowledge,,cpx_1_5,source_mapped,not_reviewed,,,,true,2026.1
CPX-SKL-AUTO-7CF19E65,supervise sewerage systems construction,supervise-sewerage-systems-construction,ESCO skill linked to selected occupations.,transferable,,cpx_1_5,source_mapped,not_reviewed,,,,true,2026.1
CPX-SKL-AUTO-7D034EC4,Therapy and Counseling,therapy-and-counseling,"Knowledge of principles, methods, and procedures for diagnosis, treatment, and rehabilitation of physical and mental dysfunctions, and for career counseling and guidance.",domain_knowledge,,cpx_1_5,source_mapped,not_reviewed,,,,true,2026.1
CPX-SKL-AUTO-7D41BAA8,Arm-Hand Steadiness,arm-hand-steadiness,The ability to keep your hand and arm steady while moving your arm or while holding your arm and hand in one position.,transferable,,cpx_1_5,source_mapped,not_reviewed,,,,true,2026.1
CPX-SKL-AUTO-7D48A604,energy performance of buildings,energy-performance-of-buildings,ESCO knowledge linked to selected occupations.,domain_knowledge,,cpx_1_5,source_mapped,not_reviewed,,,,true,2026.1
CPX-SKL-AUTO-7D6C44B8,mechanics of vessels,mechanics-of-vessels,ESCO knowledge linked to selected occupations.,domain_knowledge,,cpx_1_5,source_mapped,not_reviewed,,,,true,2026.1
CPX-SKL-AUTO-7D8312DA,install rock movement monitoring devices,install-rock-movement-monitoring-devices,ESCO skill linked to selected occupations.,transferable,,cpx_1_5,source_mapped,not_reviewed,,,,true,2026.1
CPX-SKL-AUTO-7DBC57CB,ESS Compliance Suite,ess-compliance-suite,Compliance software,tool,,cpx_1_5,source_mapped,not_reviewed,,,,true,2026.1
CPX-SKL-AUTO-7DE32953,set up temporary construction site infrastructure,set-up-temporary-construction-site-infrastructure,ESCO skill linked to selected occupations.,transferable,,cpx_1_5,source_mapped,not_reviewed,,,,true,2026.1
CPX-SKL-AUTO-7DF694BA,Mechanical,mechanical,"Knowledge of machines and tools, including their designs, uses, repair, and maintenance.",domain_knowledge,,cpx_1_5,source_mapped,not_reviewed,,,,true,2026.1
CPX-SKL-AUTO-7E23F03D,industrial heating systems,industrial-heating-systems,ESCO knowledge linked to selected occupations.,domain_knowledge,,cpx_1_5,source_mapped,not_reviewed,,,,true,2026.1
CPX-SKL-AUTO-7E351D62,conduct performance tests,conduct-performance-tests,ESCO skill linked to selected occupations.,transferable,,cpx_1_5,source_mapped,not_reviewed,,,,true,2026.1
CPX-SKL-AUTO-7E61BF02,cartography,cartography,ESCO knowledge linked to selected occupations.,domain_knowledge,,cpx_1_5,source_mapped,not_reviewed,,,,true,2026.1
CPX-SKL-AUTO-7E6CE9D9,Microsoft Excel,microsoft-excel,Spreadsheet software,tool,,cpx_1_5,source_mapped,not_reviewed,,,,true,2026.1
CPX-SKL-AUTO-7E75E2E9,geomatics,geomatics,ESCO knowledge linked to selected occupations.,domain_knowledge,,cpx_1_5,source_mapped,not_reviewed,,,,true,2026.1
CPX-SKL-AUTO-7E8FDD1D,ABB Optimize IT Predict & Control,abb-optimize-it-predict-control,Facilities management software,tool,,cpx_1_5,source_mapped,not_reviewed,,,,true,2026.1
CPX-SKL-AUTO-7EA174F6,fire-fighting systems,fire-fighting-systems,ESCO knowledge linked to selected occupations.,domain_knowledge,,cpx_1_5,source_mapped,not_reviewed,,,,true,2026.1
CPX-SKL-AUTO-7FB626F5,ACT! Premium,act-premium,Customer relationship management CRM software,tool,,cpx_1_5,source_mapped,not_reviewed,,,,true,2026.1
CPX-SKL-AUTO-7FEEC36F,use geographic information systems,use-geographic-information-systems,ESCO skill linked to selected occupations.,transferable,,cpx_1_5,source_mapped,not_reviewed,,,,true,2026.1
CPX-SKL-AUTO-7FF89B32,Business software applications,business-software-applications,Office suite software,tool,,cpx_1_5,source_mapped,not_reviewed,,,,true,2026.1
CPX-SKL-AUTO-7FFE78CD,coordinate environmental efforts,coordinate-environmental-efforts,ESCO skill linked to selected occupations.,transferable,,cpx_1_5,source_mapped,not_reviewed,,,,true,2026.1
CPX-SKL-AUTO-80041166,write technical reports,write-technical-reports,ESCO skill linked to selected occupations.,transferable,,cpx_1_5,source_mapped,not_reviewed,,,,true,2026.1
CPX-SKL-AUTO-800B1348,measure software usability,measure-software-usability,ESCO skill linked to selected occupations.,technical,,cpx_1_5,source_mapped,not_reviewed,,,,true,2026.1
CPX-SKL-AUTO-8018132A,develop test procedures,develop-test-procedures,ESCO skill linked to selected occupations.,transferable,,cpx_1_5,source_mapped,not_reviewed,,,,true,2026.1
CPX-SKL-AUTO-80515BE9,Adexa eGPS Suite,adexa-egps-suite,Enterprise resource planning ERP software,tool,,cpx_1_5,source_mapped,not_reviewed,,,,true,2026.1
CPX-SKL-AUTO-8070B6BC,liaise with rail experts,liaise-with-rail-experts,ESCO skill linked to selected occupations.,transferable,,cpx_1_5,source_mapped,not_reviewed,,,,true,2026.1
CPX-SKL-AUTO-80C8C91B,test hardware,test-hardware,ESCO skill linked to selected occupations.,transferable,,cpx_1_5,source_mapped,not_reviewed,,,,true,2026.1
CPX-SKL-AUTO-8216034E,Actimize Brokerage Compliance Solutions,actimize-brokerage-compliance-solutions,Compliance software,tool,,cpx_1_5,source_mapped,not_reviewed,,,,true,2026.1
CPX-SKL-AUTO-824246CF,provide improvement strategies,provide-improvement-strategies,ESCO skill linked to selected occupations.,transferable,,cpx_1_5,source_mapped,not_reviewed,,,,true,2026.1
CPX-SKL-AUTO-82B64530,Smalltalk (computer programming),smalltalk-computer-programming,ESCO knowledge linked to selected occupations.,domain_knowledge,,cpx_1_5,source_mapped,not_reviewed,,,,true,2026.1
CPX-SKL-AUTO-82C7686C,manage airport development resources,manage-airport-development-resources,ESCO skill linked to selected occupations.,transferable,,cpx_1_5,source_mapped,not_reviewed,,,,true,2026.1
CPX-SKL-AUTO-8306A238,optics,optics,ESCO knowledge linked to selected occupations.,domain_knowledge,,cpx_1_5,source_mapped,not_reviewed,,,,true,2026.1
CPX-SKL-AUTO-8308E008,create a product's virtual model,create-a-product-s-virtual-model,ESCO skill linked to selected occupations.,transferable,,cpx_1_5,source_mapped,not_reviewed,,,,true,2026.1
CPX-SKL-AUTO-833F0AC8,design transportation systems,design-transportation-systems,ESCO skill linked to selected occupations.,transferable,,cpx_1_5,source_mapped,not_reviewed,,,,true,2026.1
CPX-SKL-AUTO-834C099D,Autodesk AutoCAD,autodesk-autocad,Computer aided design CAD software,tool,,cpx_1_5,source_mapped,not_reviewed,,,,true,2026.1
CPX-SKL-AUTO-83549F13,possess visual literacy,possess-visual-literacy,ESCO skill linked to selected occupations.,transferable,,cpx_1_5,source_mapped,not_reviewed,,,,true,2026.1
CPX-SKL-AUTO-83A7E9C5,test sensors,test-sensors,ESCO skill linked to selected occupations.,transferable,,cpx_1_5,source_mapped,not_reviewed,,,,true,2026.1
CPX-SKL-AUTO-83CB120A,build business relationships,build-business-relationships,ESCO skill linked to selected occupations.,transferable,,cpx_1_5,source_mapped,not_reviewed,,,,true,2026.1
CPX-SKL-AUTO-83D33509,Python (computer programming),python-computer-programming,ESCO knowledge linked to selected occupations.,domain_knowledge,,cpx_1_5,source_mapped,not_reviewed,,,,true,2026.1
CPX-SKL-AUTO-83FC6E1A,A mathematical programming language AMPL,a-mathematical-programming-language-ampl,Analytical or scientific software,tool,,cpx_1_5,source_mapped,not_reviewed,,,,true,2026.1
CPX-SKL-AUTO-846BD406,continuous improvement philosophies,continuous-improvement-philosophies,ESCO knowledge linked to selected occupations.,domain_knowledge,,cpx_1_5,source_mapped,not_reviewed,,,,true,2026.1
CPX-SKL-AUTO-85417D45,5AM Glassbox Translational Research,5am-glassbox-translational-research,Data base user interface and query software,tool,,cpx_1_5,source_mapped,not_reviewed,,,,true,2026.1
CPX-SKL-AUTO-8596933D,operate railway vehicles,operate-railway-vehicles,ESCO skill linked to selected occupations.,transferable,,cpx_1_5,source_mapped,not_reviewed,,,,true,2026.1
CPX-SKL-AUTO-85AEDFB3,Autodesk Revit,autodesk-revit,Computer aided design CAD software,tool,,cpx_1_5,source_mapped,not_reviewed,,,,true,2026.1
CPX-SKL-AUTO-86244057,surveying methods,surveying-methods,ESCO knowledge linked to selected occupations.,domain_knowledge,,cpx_1_5,source_mapped,not_reviewed,,,,true,2026.1
CPX-SKL-AUTO-8674B20B,engineering control theory,engineering-control-theory,ESCO knowledge linked to selected occupations.,domain_knowledge,,cpx_1_5,source_mapped,not_reviewed,,,,true,2026.1
CPX-SKL-AUTO-867C2031,types of wind turbines,types-of-wind-turbines,ESCO knowledge linked to selected occupations.,domain_knowledge,,cpx_1_5,source_mapped,not_reviewed,,,,true,2026.1
CPX-SKL-AUTO-8695F01D,quality standards,quality-standards,ESCO knowledge linked to selected occupations.,domain_knowledge,,cpx_1_5,source_mapped,not_reviewed,,,,true,2026.1
CPX-SKL-AUTO-86BF8A47,ACCA Manual J,acca-manual-j,Analytical or scientific software,tool,,cpx_1_5,source_mapped,not_reviewed,,,,true,2026.1
CPX-SKL-AUTO-86C67F1C,plan manufacturing processes,plan-manufacturing-processes,ESCO skill linked to selected occupations.,transferable,,cpx_1_5,source_mapped,not_reviewed,,,,true,2026.1
CPX-SKL-AUTO-86CD4ABE,Apache Subversion SVN,apache-subversion-svn,File versioning software,tool,,cpx_1_5,source_mapped,not_reviewed,,,,true,2026.1
CPX-SKL-AUTO-86D6D7A8,Budgeting software,budgeting-software,Accounting software,tool,,cpx_1_5,source_mapped,not_reviewed,,,,true,2026.1
CPX-SKL-AUTO-871E6AB9,write stress analysis reports,write-stress-analysis-reports,ESCO skill linked to selected occupations.,transferable,,cpx_1_5,source_mapped,not_reviewed,,,,true,2026.1
CPX-SKL-AUTO-872A612F,CAD software,cad-software,ESCO knowledge linked to selected occupations.,domain_knowledge,,cpx_1_5,source_mapped,not_reviewed,,,,true,2026.1
CPX-SKL-AUTO-8735930F,Dassault Systemes SolidWorks,dassault-systemes-solidworks,Computer aided design CAD software,tool,,cpx_1_5,source_mapped,not_reviewed,,,,true,2026.1
CPX-SKL-AUTO-87617883,use technical documentation,use-technical-documentation,ESCO skill linked to selected occupations.,transferable,,cpx_1_5,source_mapped,not_reviewed,,,,true,2026.1
CPX-SKL-AUTO-8766C1B8,design electromechanical systems,design-electromechanical-systems,ESCO skill linked to selected occupations.,transferable,,cpx_1_5,source_mapped,not_reviewed,,,,true,2026.1
CPX-SKL-AUTO-87CE8557,supervise staff,supervise-staff,ESCO skill linked to selected occupations.,transferable,,cpx_1_5,source_mapped,not_reviewed,,,,true,2026.1
CPX-SKL-AUTO-884F43ED,electromagnets,electromagnets,ESCO knowledge linked to selected occupations.,domain_knowledge,,cpx_1_5,source_mapped,not_reviewed,,,,true,2026.1
CPX-SKL-AUTO-8859E9D2,detect flaws in pipeline infrastructure,detect-flaws-in-pipeline-infrastructure,ESCO skill linked to selected occupations.,transferable,,cpx_1_5,source_mapped,not_reviewed,,,,true,2026.1
CPX-SKL-AUTO-88624383,Computer aided design and drafting CADD software,computer-aided-design-and-drafting-cadd-software,Computer aided design CAD software,tool,,cpx_1_5,source_mapped,not_reviewed,,,,true,2026.1
CPX-SKL-AUTO-88B31B98,Alcestis,alcestis,Data base user interface and query software,tool,,cpx_1_5,source_mapped,not_reviewed,,,,true,2026.1
CPX-SKL-AUTO-88C35319,Artificial intelligence software,artificial-intelligence-software,Industrial control software,tool,,cpx_1_5,source_mapped,not_reviewed,,,,true,2026.1
CPX-SKL-AUTO-88F5680B,analyse transport studies,analyse-transport-studies,ESCO skill linked to selected occupations.,transferable,,cpx_1_5,source_mapped,not_reviewed,,,,true,2026.1
CPX-SKL-AUTO-89F3C417,aircraft flight control systems,aircraft-flight-control-systems,ESCO knowledge linked to selected occupations.,domain_knowledge,,cpx_1_5,source_mapped,not_reviewed,,,,true,2026.1
CPX-SKL-AUTO-8A0127E7,render 3D images,render-3d-images,ESCO skill linked to selected occupations.,transferable,,cpx_1_5,source_mapped,not_reviewed,,,,true,2026.1
CPX-SKL-AUTO-8A07032B,develop watering schedules,develop-watering-schedules,ESCO skill linked to selected occupations.,transferable,,cpx_1_5,source_mapped,not_reviewed,,,,true,2026.1
CPX-SKL-AUTO-8A2A2EA6,Alstom ESARAD,alstom-esarad,Analytical or scientific software,tool,,cpx_1_5,source_mapped,not_reviewed,,,,true,2026.1
CPX-SKL-AUTO-8A2E34AA,Fine Manipulative Abilities,fine-manipulative-abilities,Abilities related to the manipulation of objects,transferable,,cpx_1_5,source_mapped,not_reviewed,,,,true,2026.1
CPX-SKL-AUTO-8A8352EA,advise on construction materials,advise-on-construction-materials,ESCO skill linked to selected occupations.,transferable,,cpx_1_5,source_mapped,not_reviewed,,,,true,2026.1
CPX-SKL-AUTO-8AA0B588,Gross Body Equilibrium,gross-body-equilibrium,The ability to keep or regain your body balance or stay upright when in an unstable position.,transferable,,cpx_1_5,source_mapped,not_reviewed,,,,true,2026.1
CPX-SKL-AUTO-8AB730BB,apply health and safety standards,apply-health-and-safety-standards,ESCO skill linked to selected occupations.,regulatory,,cpx_1_5,source_mapped,not_reviewed,,,,true,2026.1
CPX-SKL-AUTO-8AD90170,identify external risks to bridge integrity,identify-external-risks-to-bridge-integrity,ESCO skill linked to selected occupations.,transferable,,cpx_1_5,source_mapped,not_reviewed,,,,true,2026.1
CPX-SKL-AUTO-8AE6A31F,conduct quality control analysis,conduct-quality-control-analysis,ESCO skill linked to selected occupations.,transferable,,cpx_1_5,source_mapped,not_reviewed,,,,true,2026.1
CPX-SKL-AUTO-8B20186D,identify customer's needs,identify-customer-s-needs,ESCO skill linked to selected occupations.,transferable,,cpx_1_5,source_mapped,not_reviewed,,,,true,2026.1
CPX-SKL-AUTO-8B2616BA,carry out research on ground systems,carry-out-research-on-ground-systems,ESCO skill linked to selected occupations.,transferable,,cpx_1_5,source_mapped,not_reviewed,,,,true,2026.1
CPX-SKL-AUTO-8B69B6C3,manage desalination control system,manage-desalination-control-system,ESCO skill linked to selected occupations.,transferable,,cpx_1_5,source_mapped,not_reviewed,,,,true,2026.1
CPX-SKL-AUTO-8B87A263,Amazon Kinesis,amazon-kinesis,Data base management system software,tool,,cpx_1_5,source_mapped,not_reviewed,,,,true,2026.1
CPX-SKL-AUTO-8BD82A3B,follow written instructions,follow-written-instructions,ESCO skill linked to selected occupations.,transferable,,cpx_1_5,source_mapped,not_reviewed,,,,true,2026.1
CPX-SKL-AUTO-8C1CD5DD,recommend product improvements,recommend-product-improvements,ESCO skill linked to selected occupations.,transferable,,cpx_1_5,source_mapped,not_reviewed,,,,true,2026.1
CPX-SKL-AUTO-8C38C854,liaise with local authorities,liaise-with-local-authorities,ESCO skill linked to selected occupations.,transferable,,cpx_1_5,source_mapped,not_reviewed,,,,true,2026.1
CPX-SKL-AUTO-8C5C088A,hardware platforms,hardware-platforms,ESCO knowledge linked to selected occupations.,domain_knowledge,,cpx_1_5,source_mapped,not_reviewed,,,,true,2026.1
CPX-SKL-AUTO-8C73E38B,follow health and safety procedures in construction,follow-health-and-safety-procedures-in-construction,ESCO skill linked to selected occupations.,regulatory,,cpx_1_5,source_mapped,not_reviewed,,,,true,2026.1
CPX-SKL-AUTO-8C767E60,perform project management,perform-project-management,ESCO skill linked to selected occupations.,project_delivery,,cpx_1_5,source_mapped,not_reviewed,,,,true,2026.1
CPX-SKL-AUTO-8CE5CD83,Troubleshooting,troubleshooting,Determining causes of operating errors and deciding what to do about it.,transferable,,cpx_1_5,source_mapped,not_reviewed,,,,true,2026.1
CPX-SKL-AUTO-8D03CB54,Abbott,abbott,Program testing software,tool,,cpx_1_5,source_mapped,not_reviewed,,,,true,2026.1
CPX-SKL-AUTO-8D0D91A2,strive for company growth,strive-for-company-growth,ESCO skill linked to selected occupations.,transferable,,cpx_1_5,source_mapped,not_reviewed,,,,true,2026.1
CPX-SKL-AUTO-8D6A5875,Worker Characteristics,worker-characteristics,Personal traits and abilities that affect how people learn and perform at work.,transferable,,cpx_1_5,source_mapped,not_reviewed,,,,true,2026.1
CPX-SKL-AUTO-8D973383,Artisan Studio,artisan-studio,Development environment software,tool,,cpx_1_5,source_mapped,not_reviewed,,,,true,2026.1
CPX-SKL-AUTO-8E015803,Apian SurveyPro,apian-surveypro,Data base user interface and query software,tool,,cpx_1_5,source_mapped,not_reviewed,,,,true,2026.1
CPX-SKL-AUTO-8EBBE447,Social Skills,social-skills,Skills used to work with others to achieve goals at work.,transferable,,cpx_1_5,source_mapped,not_reviewed,,,,true,2026.1
CPX-SKL-AUTO-8F3B6753,adjust surveying equipment,adjust-surveying-equipment,ESCO skill linked to selected occupations.,transferable,,cpx_1_5,source_mapped,not_reviewed,,,,true,2026.1
CPX-SKL-AUTO-8F428304,pave asphalt layers,pave-asphalt-layers,ESCO skill linked to selected occupations.,transferable,,cpx_1_5,source_mapped,not_reviewed,,,,true,2026.1
CPX-SKL-AUTO-8F67D96C,use CAE software,use-cae-software,ESCO skill linked to selected occupations.,technical,,cpx_1_5,source_mapped,not_reviewed,,,,true,2026.1
CPX-SKL-AUTO-8FAF5FF8,develop sewerage networks,develop-sewerage-networks,ESCO skill linked to selected occupations.,transferable,,cpx_1_5,source_mapped,not_reviewed,,,,true,2026.1
CPX-SKL-AUTO-8FB08392,Judgment and Decision Making,judgment-and-decision-making,Considering the relative costs and benefits of potential actions to choose the most appropriate one.,transferable,,cpx_1_5,source_mapped,not_reviewed,,,,true,2026.1
CPX-SKL-AUTO-8FB8D9B8,Automated permit system software,automated-permit-system-software,Compliance software,tool,,cpx_1_5,source_mapped,not_reviewed,,,,true,2026.1
CPX-SKL-AUTO-8FCA62AE,ClearTrial,cleartrial,Data base user interface and query software,tool,,cpx_1_5,source_mapped,not_reviewed,,,,true,2026.1
CPX-SKL-AUTO-902FF101,air traffic management,air-traffic-management,ESCO knowledge linked to selected occupations.,domain_knowledge,,cpx_1_5,source_mapped,not_reviewed,,,,true,2026.1
CPX-SKL-AUTO-9030E6C1,Quantitative Abilities,quantitative-abilities,Abilities that influence the solution of problems involving mathematical relationships,transferable,,cpx_1_5,source_mapped,not_reviewed,,,,true,2026.1
CPX-SKL-AUTO-9064FEF8,Act!,act,Customer relationship management CRM software,tool,,cpx_1_5,source_mapped,not_reviewed,,,,true,2026.1
CPX-SKL-AUTO-90820302,Atlassian JIRA,atlassian-jira,Content workflow software,tool,,cpx_1_5,source_mapped,not_reviewed,,,,true,2026.1
CPX-SKL-AUTO-90B25506,risks associated with undertaking fishing operations,risks-associated-with-undertaking-fishing-operations,ESCO knowledge linked to selected occupations.,domain_knowledge,,cpx_1_5,source_mapped,not_reviewed,,,,true,2026.1
CPX-SKL-AUTO-90C5D36F,maintain electrical mine machinery,maintain-electrical-mine-machinery,ESCO skill linked to selected occupations.,transferable,,cpx_1_5,source_mapped,not_reviewed,,,,true,2026.1
CPX-SKL-AUTO-90F2D09A,check durability of materials,check-durability-of-materials,ESCO skill linked to selected occupations.,transferable,,cpx_1_5,source_mapped,not_reviewed,,,,true,2026.1
CPX-SKL-AUTO-9155F52E,Adobe After Effects,adobe-after-effects,Video creation and editing software,tool,,cpx_1_5,source_mapped,not_reviewed,,,,true,2026.1
CPX-SKL-AUTO-91564FFD,Depth Perception,depth-perception,"The ability to judge which of several objects is closer or farther away from you, or to judge the distance between you and an object.",transferable,,cpx_1_5,source_mapped,not_reviewed,,,,true,2026.1
CPX-SKL-AUTO-91C43F3B,compare survey computations,compare-survey-computations,ESCO skill linked to selected occupations.,transferable,,cpx_1_5,source_mapped,not_reviewed,,,,true,2026.1
CPX-SKL-AUTO-91DC5F0A,manage railway construction projects,manage-railway-construction-projects,ESCO skill linked to selected occupations.,transferable,,cpx_1_5,source_mapped,not_reviewed,,,,true,2026.1
CPX-SKL-AUTO-91EA45D2,work safely with hot materials,work-safely-with-hot-materials,ESCO skill linked to selected occupations.,transferable,,cpx_1_5,source_mapped,not_reviewed,,,,true,2026.1
CPX-SKL-AUTO-925BE284,advise on pollution prevention,advise-on-pollution-prevention,ESCO skill linked to selected occupations.,transferable,,cpx_1_5,source_mapped,not_reviewed,,,,true,2026.1
CPX-SKL-AUTO-9297C42C,develop improvements to the electrical systems,develop-improvements-to-the-electrical-systems,ESCO skill linked to selected occupations.,transferable,,cpx_1_5,source_mapped,not_reviewed,,,,true,2026.1
CPX-SKL-AUTO-92E846A3,Abacus Tax,abacus-tax,Tax preparation software,tool,,cpx_1_5,source_mapped,not_reviewed,,,,true,2026.1
CPX-SKL-AUTO-94114C07,follow company standards,follow-company-standards,ESCO skill linked to selected occupations.,transferable,,cpx_1_5,source_mapped,not_reviewed,,,,true,2026.1
CPX-SKL-AUTO-94239DBE,SAS language,sas-language,ESCO knowledge linked to selected occupations.,domain_knowledge,,cpx_1_5,source_mapped,not_reviewed,,,,true,2026.1
CPX-SKL-AUTO-94597C1A,Psychology,psychology,"Knowledge of human behavior and performance; individual differences in ability, personality, and interests; learning and motivation; psychological research methods; and the assessment and treatment of behavioral and affective disorders.",domain_knowledge,,cpx_1_5,source_mapped,not_reviewed,,,,true,2026.1
CPX-SKL-AUTO-94701D2A,History and Archeology,history-and-archeology,"Knowledge of historical events and their causes, indicators, and effects on civilizations and cultures.",domain_knowledge,,cpx_1_5,source_mapped,not_reviewed,,,,true,2026.1
CPX-SKL-AUTO-94B7AE2E,supervise laboratory operations,supervise-laboratory-operations,ESCO skill linked to selected occupations.,transferable,,cpx_1_5,source_mapped,not_reviewed,,,,true,2026.1
CPX-SKL-AUTO-94EACC18,Objective-C,objective-c,ESCO knowledge linked to selected occupations.,domain_knowledge,,cpx_1_5,source_mapped,not_reviewed,,,,true,2026.1
CPX-SKL-AUTO-95187A22,examine geochemical samples,examine-geochemical-samples,ESCO skill linked to selected occupations.,transferable,,cpx_1_5,source_mapped,not_reviewed,,,,true,2026.1
CPX-SKL-AUTO-959A4BA8,Bentley MicroStation,bentley-microstation,Computer aided design CAD software,tool,,cpx_1_5,source_mapped,not_reviewed,,,,true,2026.1
CPX-SKL-AUTO-959DB502,record test data,record-test-data,ESCO skill linked to selected occupations.,technical,,cpx_1_5,source_mapped,not_reviewed,,,,true,2026.1
CPX-SKL-AUTO-95A8C5DC,computer engineering,computer-engineering,ESCO knowledge linked to selected occupations.,domain_knowledge,,cpx_1_5,source_mapped,not_reviewed,,,,true,2026.1
CPX-SKL-AUTO-95C21AA3,rail construction engineering,rail-construction-engineering,ESCO knowledge linked to selected occupations.,domain_knowledge,,cpx_1_5,source_mapped,not_reviewed,,,,true,2026.1
CPX-SKL-AUTO-95CE0977,Bloomberg Professional,bloomberg-professional,Financial analysis software,tool,,cpx_1_5,source_mapped,not_reviewed,,,,true,2026.1
CPX-SKL-AUTO-95EBD1BD,Social Perceptiveness,social-perceptiveness,Being aware of others' reactions and understanding why they react as they do.,transferable,,cpx_1_5,source_mapped,not_reviewed,,,,true,2026.1
CPX-SKL-AUTO-963468E9,monitor automated machines,monitor-automated-machines,ESCO skill linked to selected occupations.,transferable,,cpx_1_5,source_mapped,not_reviewed,,,,true,2026.1
CPX-SKL-AUTO-9732E449,use mine planning software,use-mine-planning-software,ESCO skill linked to selected occupations.,project_delivery,,cpx_1_5,source_mapped,not_reviewed,,,,true,2026.1
CPX-SKL-AUTO-9751A58B,environmental engineering,environmental-engineering,ESCO knowledge linked to selected occupations.,domain_knowledge,,cpx_1_5,source_mapped,not_reviewed,,,,true,2026.1
CPX-SKL-AUTO-9761C7D2,ANSYS ASAS,ansys-asas,Analytical or scientific software,tool,,cpx_1_5,source_mapped,not_reviewed,,,,true,2026.1
CPX-SKL-AUTO-9787DE2D,hardware components,hardware-components,ESCO knowledge linked to selected occupations.,domain_knowledge,,cpx_1_5,source_mapped,not_reviewed,,,,true,2026.1
CPX-SKL-AUTO-97CA9C90,advise on architectural matters,advise-on-architectural-matters,ESCO skill linked to selected occupations.,transferable,,cpx_1_5,source_mapped,not_reviewed,,,,true,2026.1
CPX-SKL-AUTO-97EC1A18,perform small vessel safety procedures,perform-small-vessel-safety-procedures,ESCO skill linked to selected occupations.,regulatory,,cpx_1_5,source_mapped,not_reviewed,,,,true,2026.1
CPX-SKL-AUTO-98EAC897,develop flood remediation strategies,develop-flood-remediation-strategies,ESCO skill linked to selected occupations.,transferable,,cpx_1_5,source_mapped,not_reviewed,,,,true,2026.1
CPX-SKL-AUTO-9918DFB6,use computer-aided engineering systems,use-computer-aided-engineering-systems,ESCO skill linked to selected occupations.,transferable,,cpx_1_5,source_mapped,not_reviewed,,,,true,2026.1
CPX-SKL-AUTO-9968D2F8,Apache Kafka,apache-kafka,Development environment software,tool,,cpx_1_5,source_mapped,not_reviewed,,,,true,2026.1
CPX-SKL-AUTO-99A27A44,road traffic laws,road-traffic-laws,ESCO knowledge linked to selected occupations.,domain_knowledge,,cpx_1_5,source_mapped,not_reviewed,,,,true,2026.1
CPX-SKL-AUTO-99E1469A,semiconductors,semiconductors,ESCO knowledge linked to selected occupations.,domain_knowledge,,cpx_1_5,source_mapped,not_reviewed,,,,true,2026.1
CPX-SKL-AUTO-9A22D3CE,hire new personnel,hire-new-personnel,ESCO skill linked to selected occupations.,transferable,,cpx_1_5,source_mapped,not_reviewed,,,,true,2026.1
CPX-SKL-AUTO-9A3392C7,ensure maintenance of railway machinery,ensure-maintenance-of-railway-machinery,ESCO skill linked to selected occupations.,transferable,,cpx_1_5,source_mapped,not_reviewed,,,,true,2026.1
CPX-SKL-AUTO-9A57A331,renewable energy technologies,renewable-energy-technologies,ESCO knowledge linked to selected occupations.,domain_knowledge,,cpx_1_5,source_mapped,not_reviewed,,,,true,2026.1
CPX-SKL-AUTO-9A59B6D0,Microsoft Access,microsoft-access,Data base user interface and query software,tool,,cpx_1_5,source_mapped,not_reviewed,,,,true,2026.1
CPX-SKL-AUTO-9A942D11,Computerized maintenance management system CMMS,computerized-maintenance-management-system-cmms,Facilities management software,tool,,cpx_1_5,source_mapped,not_reviewed,,,,true,2026.1
CPX-SKL-AUTO-9AB83EEE,Building and Construction,building-and-construction,"Knowledge of materials, methods, and the tools involved in the construction or repair of houses, buildings, or other structures such as highways and roads.",domain_knowledge,,cpx_1_5,source_mapped,not_reviewed,,,,true,2026.1
CPX-SKL-AUTO-9AD964BB,operate excavator,operate-excavator,ESCO skill linked to selected occupations.,transferable,,cpx_1_5,source_mapped,not_reviewed,,,,true,2026.1
CPX-SKL-AUTO-9B041FBA,interpret geophysical data,interpret-geophysical-data,ESCO skill linked to selected occupations.,technical,,cpx_1_5,source_mapped,not_reviewed,,,,true,2026.1
CPX-SKL-AUTO-9B234D72,model electromagnetic products,model-electromagnetic-products,ESCO skill linked to selected occupations.,transferable,,cpx_1_5,source_mapped,not_reviewed,,,,true,2026.1
CPX-SKL-AUTO-9B4A74F3,Ansoft Simplorer,ansoft-simplorer,Analytical or scientific software,tool,,cpx_1_5,source_mapped,not_reviewed,,,,true,2026.1
CPX-SKL-AUTO-9BB9BA8A,Adobe Creative Cloud software,adobe-creative-cloud-software,Graphics or photo imaging software,tool,,cpx_1_5,source_mapped,not_reviewed,,,,true,2026.1
CPX-SKL-AUTO-9BF7F092,urban planning law,urban-planning-law,ESCO knowledge linked to selected occupations.,domain_knowledge,,cpx_1_5,source_mapped,not_reviewed,,,,true,2026.1
CPX-SKL-AUTO-9C2EFC31,Airtable,airtable,Data base user interface and query software,tool,,cpx_1_5,source_mapped,not_reviewed,,,,true,2026.1
CPX-SKL-AUTO-9C3BC1EA,Clinical trial management software,clinical-trial-management-software,Data base user interface and query software,tool,,cpx_1_5,source_mapped,not_reviewed,,,,true,2026.1
CPX-SKL-AUTO-9C3F9224,Air dispersion modeling software,air-dispersion-modeling-software,Analytical or scientific software,tool,,cpx_1_5,source_mapped,not_reviewed,,,,true,2026.1
CPX-SKL-AUTO-9C4561CF,rail infrastructure,rail-infrastructure,ESCO knowledge linked to selected occupations.,domain_knowledge,,cpx_1_5,source_mapped,not_reviewed,,,,true,2026.1
CPX-SKL-AUTO-9CECC1F0,Rate Control,rate-control,The ability to time your movements or the movement of a piece of equipment in anticipation of changes in the speed and/or direction of a moving object or scene.,transferable,,cpx_1_5,source_mapped,not_reviewed,,,,true,2026.1
CPX-SKL-AUTO-9D02064F,ESRI ArcMap,esri-arcmap,Geographic information system,tool,,cpx_1_5,source_mapped,not_reviewed,,,,true,2026.1
CPX-SKL-AUTO-9D3EC878,survey techniques,survey-techniques,ESCO knowledge linked to selected occupations.,domain_knowledge,,cpx_1_5,source_mapped,not_reviewed,,,,true,2026.1
CPX-SKL-AUTO-9D4A9B81,Persuasion,persuasion,Persuading others to change their minds or behavior.,transferable,,cpx_1_5,source_mapped,not_reviewed,,,,true,2026.1
CPX-SKL-AUTO-9DBBE0D9,diagnose defective engines,diagnose-defective-engines,ESCO skill linked to selected occupations.,transferable,,cpx_1_5,source_mapped,not_reviewed,,,,true,2026.1
CPX-SKL-AUTO-9E0BDF5E,Availability prediction modeling software,availability-prediction-modeling-software,Analytical or scientific software,tool,,cpx_1_5,source_mapped,not_reviewed,,,,true,2026.1
CPX-SKL-AUTO-9E5100F6,plan health and safety procedures,plan-health-and-safety-procedures,ESCO skill linked to selected occupations.,regulatory,,cpx_1_5,source_mapped,not_reviewed,,,,true,2026.1
CPX-SKL-AUTO-9EA1A8D4,manage water treatment,manage-water-treatment,ESCO skill linked to selected occupations.,transferable,,cpx_1_5,source_mapped,not_reviewed,,,,true,2026.1
CPX-SKL-AUTO-9EA72479,Financial reporting software,financial-reporting-software,Accounting software,tool,,cpx_1_5,source_mapped,not_reviewed,,,,true,2026.1
CPX-SKL-AUTO-9EB95764,Haskell,haskell,ESCO knowledge linked to selected occupations.,domain_knowledge,,cpx_1_5,source_mapped,not_reviewed,,,,true,2026.1
CPX-SKL-AUTO-9F1A0CDE,Adobe Photoshop,adobe-photoshop,Graphics or photo imaging software,tool,,cpx_1_5,source_mapped,not_reviewed,,,,true,2026.1
CPX-SKL-AUTO-9F831EBC,inspect supplied concrete,inspect-supplied-concrete,ESCO skill linked to selected occupations.,transferable,,cpx_1_5,source_mapped,not_reviewed,,,,true,2026.1
CPX-SKL-AUTO-9F8679E4,Adeptia ETL Suite,adeptia-etl-suite,Development environment software,tool,,cpx_1_5,source_mapped,not_reviewed,,,,true,2026.1
CPX-SKL-AUTO-9FA443C7,conduct field work,conduct-field-work,ESCO skill linked to selected occupations.,transferable,,cpx_1_5,source_mapped,not_reviewed,,,,true,2026.1
CPX-SKL-AUTO-9FAC0B50,Active Learning,active-learning,Understanding the implications of new information for both current and future problem-solving and decision-making.,technical,,cpx_1_5,source_mapped,not_reviewed,,,,true,2026.1
CPX-SKL-AUTO-9FBE7F69,Amortization loan software,amortization-loan-software,Financial analysis software,tool,,cpx_1_5,source_mapped,not_reviewed,,,,true,2026.1
CPX-SKL-AUTO-9FE874CA,maintain water treatment equipment,maintain-water-treatment-equipment,ESCO skill linked to selected occupations.,transferable,,cpx_1_5,source_mapped,not_reviewed,,,,true,2026.1
CPX-SKL-AUTO-A0B5EAE5,run simulations,run-simulations,ESCO skill linked to selected occupations.,transferable,,cpx_1_5,source_mapped,not_reviewed,,,,true,2026.1
CPX-SKL-AUTO-A0CC4688,mechanics of motor vehicles,mechanics-of-motor-vehicles,ESCO knowledge linked to selected occupations.,domain_knowledge,,cpx_1_5,source_mapped,not_reviewed,,,,true,2026.1
CPX-SKL-AUTO-A0D3D1D2,Programming,programming,Writing computer programs for various purposes.,transferable,,cpx_1_5,source_mapped,not_reviewed,,,,true,2026.1
CPX-SKL-AUTO-A1250330,recognise signs of corrosion,recognise-signs-of-corrosion,ESCO skill linked to selected occupations.,transferable,,cpx_1_5,source_mapped,not_reviewed,,,,true,2026.1
CPX-SKL-AUTO-A166F55A,ensure equipment availability,ensure-equipment-availability,ESCO skill linked to selected occupations.,transferable,,cpx_1_5,source_mapped,not_reviewed,,,,true,2026.1
CPX-SKL-AUTO-A16A9B91,define technical requirements,define-technical-requirements,ESCO skill linked to selected occupations.,transferable,,cpx_1_5,source_mapped,not_reviewed,,,,true,2026.1
CPX-SKL-AUTO-A176B1E7,analyse energy consumption,analyse-energy-consumption,ESCO skill linked to selected occupations.,transferable,,cpx_1_5,source_mapped,not_reviewed,,,,true,2026.1
CPX-SKL-AUTO-A1A7D238,Appletree,appletree,Computer based training software,tool,,cpx_1_5,source_mapped,not_reviewed,,,,true,2026.1
CPX-SKL-AUTO-A1AFC7CA,1CadCam Unigraphics,1cadcam-unigraphics,Computer aided manufacturing CAM software,tool,,cpx_1_5,source_mapped,not_reviewed,,,,true,2026.1
CPX-SKL-AUTO-A21B8983,statistics,statistics,ESCO knowledge linked to selected occupations.,domain_knowledge,,cpx_1_5,source_mapped,not_reviewed,,,,true,2026.1
CPX-SKL-AUTO-A2E58A67,Bentley GEOPAK Civil Engineering Suite,bentley-geopak-civil-engineering-suite,Computer aided design CAD software,tool,,cpx_1_5,source_mapped,not_reviewed,,,,true,2026.1
CPX-SKL-AUTO-A3003D10,consumer protection,consumer-protection,ESCO knowledge linked to selected occupations.,domain_knowledge,,cpx_1_5,source_mapped,not_reviewed,,,,true,2026.1
CPX-SKL-AUTO-A304DE4D,manage water quality testing,manage-water-quality-testing,ESCO skill linked to selected occupations.,transferable,,cpx_1_5,source_mapped,not_reviewed,,,,true,2026.1
CPX-SKL-AUTO-A331B015,develop product design,develop-product-design,ESCO skill linked to selected occupations.,transferable,,cpx_1_5,source_mapped,not_reviewed,,,,true,2026.1
CPX-SKL-AUTO-A368D806,Cognitive Abilities,cognitive-abilities,Abilities that influence the acquisition and application of knowledge in problem solving,transferable,,cpx_1_5,source_mapped,not_reviewed,,,,true,2026.1
CPX-SKL-AUTO-A38B79EF,write leaflets,write-leaflets,ESCO skill linked to selected occupations.,transferable,,cpx_1_5,source_mapped,not_reviewed,,,,true,2026.1
CPX-SKL-AUTO-A39B3F68,prepare surveying report,prepare-surveying-report,ESCO skill linked to selected occupations.,transferable,,cpx_1_5,source_mapped,not_reviewed,,,,true,2026.1
CPX-SKL-AUTO-A3A7AAD2,biomedical engineering,biomedical-engineering,ESCO knowledge linked to selected occupations.,domain_knowledge,,cpx_1_5,source_mapped,not_reviewed,,,,true,2026.1
CPX-SKL-AUTO-A4FF2DF3,Anthropometric databases,anthropometric-databases,Data base user interface and query software,tool,,cpx_1_5,source_mapped,not_reviewed,,,,true,2026.1
CPX-SKL-AUTO-A60D49DB,electrical testing methods,electrical-testing-methods,ESCO knowledge linked to selected occupations.,domain_knowledge,,cpx_1_5,source_mapped,not_reviewed,,,,true,2026.1
CPX-SKL-AUTO-A61DD5AC,Adlib Express,adlib-express,Document management software,tool,,cpx_1_5,source_mapped,not_reviewed,,,,true,2026.1
CPX-SKL-AUTO-A66F8B9D,Allscripts healthcare automation software,allscripts-healthcare-automation-software,Medical software,tool,,cpx_1_5,source_mapped,not_reviewed,,,,true,2026.1
CPX-SKL-AUTO-A7B0C059,use water disinfection equipment,use-water-disinfection-equipment,ESCO skill linked to selected occupations.,transferable,,cpx_1_5,source_mapped,not_reviewed,,,,true,2026.1
CPX-SKL-AUTO-A7EF16C3,Bottomline Technologies Bottomline Sprinter Purchasing Manager,bottomline-technologies-bottomline-sprinter-purchasing-manager,Procurement software,tool,,cpx_1_5,source_mapped,not_reviewed,,,,true,2026.1
CPX-SKL-AUTO-A808E37D,Advanced Dimensional Management 3D-GD&T,advanced-dimensional-management-3d-gd-t,Analytical or scientific software,tool,,cpx_1_5,source_mapped,not_reviewed,,,,true,2026.1
CPX-SKL-AUTO-A837FD62,design circuits using CAD,design-circuits-using-cad,ESCO skill linked to selected occupations.,transferable,,cpx_1_5,source_mapped,not_reviewed,,,,true,2026.1
CPX-SKL-AUTO-A85F5A61,Oral Comprehension,oral-comprehension,The ability to listen to and understand information and ideas presented through spoken words and sentences.,transferable,,cpx_1_5,source_mapped,not_reviewed,,,,true,2026.1
CPX-SKL-AUTO-A86AACE0,give instructions to staff,give-instructions-to-staff,ESCO skill linked to selected occupations.,transferable,,cpx_1_5,source_mapped,not_reviewed,,,,true,2026.1
CPX-SKL-AUTO-A89BD321,analyse route possibilities in pipeline projects,analyse-route-possibilities-in-pipeline-projects,ESCO skill linked to selected occupations.,transferable,,cpx_1_5,source_mapped,not_reviewed,,,,true,2026.1
CPX-SKL-AUTO-A8E0E9C1,Biology,biology,"Knowledge of plant and animal organisms, their tissues, cells, functions, interdependencies, and interactions with each other and the environment.",domain_knowledge,,cpx_1_5,source_mapped,not_reviewed,,,,true,2026.1
CPX-SKL-AUTO-A9093D61,environmental policy,environmental-policy,ESCO knowledge linked to selected occupations.,domain_knowledge,,cpx_1_5,source_mapped,not_reviewed,,,,true,2026.1
CPX-SKL-AUTO-A944E90C,Resource Management Skills,resource-management-skills,"Skills used to manage time, money, materials, and people effectively at work.",transferable,,cpx_1_5,source_mapped,not_reviewed,,,,true,2026.1
CPX-SKL-AUTO-A9BA2117,Bash,bash,Operating system software,tool,,cpx_1_5,source_mapped,not_reviewed,,,,true,2026.1
CPX-SKL-AUTO-AA1D8BA1,ASI DATAMYTE QDA,asi-datamyte-qda,Industrial control software,tool,,cpx_1_5,source_mapped,not_reviewed,,,,true,2026.1
CPX-SKL-AUTO-AA25BFD8,project management,project-management,ESCO knowledge linked to selected occupations.,domain_knowledge,,cpx_1_5,source_mapped,not_reviewed,,,,true,2026.1
CPX-SKL-AUTO-AA405638,liaise with engineers,liaise-with-engineers,ESCO skill linked to selected occupations.,transferable,,cpx_1_5,source_mapped,not_reviewed,,,,true,2026.1
CPX-SKL-AUTO-AA73F5E5,develop material testing procedures,develop-material-testing-procedures,ESCO skill linked to selected occupations.,transferable,,cpx_1_5,source_mapped,not_reviewed,,,,true,2026.1
CPX-SKL-AUTO-AAB80125,recruit employees,recruit-employees,ESCO skill linked to selected occupations.,transferable,,cpx_1_5,source_mapped,not_reviewed,,,,true,2026.1
CPX-SKL-AUTO-AABAD769,Advanced Portfolio Technologies Simulator,advanced-portfolio-technologies-simulator,Financial analysis software,tool,,cpx_1_5,source_mapped,not_reviewed,,,,true,2026.1
CPX-SKL-AUTO-AAD4B544,automotive engineering,automotive-engineering,ESCO skill linked to selected occupations.,transferable,,cpx_1_5,source_mapped,not_reviewed,,,,true,2026.1
CPX-SKL-AUTO-AB93901D,Philosophy and Theology,philosophy-and-theology,"Knowledge of different philosophical systems and religions. This includes their basic principles, values, ethics, ways of thinking, customs, practices, and their impact on human culture.",domain_knowledge,,cpx_1_5,source_mapped,not_reviewed,,,,true,2026.1
CPX-SKL-AUTO-AB97BB1F,lubricate engines,lubricate-engines,ESCO skill linked to selected occupations.,transferable,,cpx_1_5,source_mapped,not_reviewed,,,,true,2026.1
CPX-SKL-AUTO-ABBA0008,Speech Recognition,speech-recognition,The ability to identify and understand the speech of another person.,transferable,,cpx_1_5,source_mapped,not_reviewed,,,,true,2026.1
CPX-SKL-AUTO-ABC47006,control systems,control-systems,ESCO knowledge linked to selected occupations.,domain_knowledge,,cpx_1_5,source_mapped,not_reviewed,,,,true,2026.1
CPX-SKL-AUTO-AC2FA9DF,maintain railway signal equipment,maintain-railway-signal-equipment,ESCO skill linked to selected occupations.,transferable,,cpx_1_5,source_mapped,not_reviewed,,,,true,2026.1
CPX-SKL-AUTO-AC35A950,power electronics,power-electronics,ESCO knowledge linked to selected occupations.,domain_knowledge,,cpx_1_5,source_mapped,not_reviewed,,,,true,2026.1
CPX-SKL-AUTO-AD1957AD,Java (computer programming),java-computer-programming,ESCO knowledge linked to selected occupations.,domain_knowledge,,cpx_1_5,source_mapped,not_reviewed,,,,true,2026.1
CPX-SKL-AUTO-AD5134A1,electrical power safety regulations,electrical-power-safety-regulations,ESCO knowledge linked to selected occupations.,domain_knowledge,,cpx_1_5,source_mapped,not_reviewed,,,,true,2026.1
CPX-SKL-AUTO-AD78C101,inspect building systems,inspect-building-systems,ESCO skill linked to selected occupations.,transferable,,cpx_1_5,source_mapped,not_reviewed,,,,true,2026.1
CPX-SKL-AUTO-AE0F3FE2,types of pipelines,types-of-pipelines,ESCO knowledge linked to selected occupations.,domain_knowledge,,cpx_1_5,source_mapped,not_reviewed,,,,true,2026.1
CPX-SKL-AUTO-AEBD6FC6,"mining, construction and civil engineering machinery products",mining-construction-and-civil-engineering-machinery-products,ESCO knowledge linked to selected occupations.,domain_knowledge,,cpx_1_5,source_mapped,not_reviewed,,,,true,2026.1
CPX-SKL-AUTO-AEDDE0A3,survey sites for pipeline installation,survey-sites-for-pipeline-installation,ESCO skill linked to selected occupations.,transferable,,cpx_1_5,source_mapped,not_reviewed,,,,true,2026.1
CPX-SKL-AUTO-AEE2A471,monitor heavy machinery,monitor-heavy-machinery,ESCO skill linked to selected occupations.,transferable,,cpx_1_5,source_mapped,not_reviewed,,,,true,2026.1
CPX-SKL-AUTO-AF057CB4,electric motors,electric-motors,ESCO knowledge linked to selected occupations.,domain_knowledge,,cpx_1_5,source_mapped,not_reviewed,,,,true,2026.1
CPX-SKL-AUTO-AF38D05B,manage budgets,manage-budgets,ESCO skill linked to selected occupations.,transferable,,cpx_1_5,source_mapped,not_reviewed,,,,true,2026.1
CPX-SKL-AUTO-AF950849,apply technical communication skills,apply-technical-communication-skills,ESCO skill linked to selected occupations.,transferable,,cpx_1_5,source_mapped,not_reviewed,,,,true,2026.1
CPX-SKL-AUTO-AFBCFF24,design control systems,design-control-systems,ESCO skill linked to selected occupations.,transferable,,cpx_1_5,source_mapped,not_reviewed,,,,true,2026.1
CPX-SKL-AUTO-AFC6ADF5,inspect construction supplies,inspect-construction-supplies,ESCO skill linked to selected occupations.,transferable,,cpx_1_5,source_mapped,not_reviewed,,,,true,2026.1
CPX-SKL-AUTO-AFC90865,electrical systems used in transportation,electrical-systems-used-in-transportation,ESCO knowledge linked to selected occupations.,domain_knowledge,,cpx_1_5,source_mapped,not_reviewed,,,,true,2026.1
CPX-SKL-AUTO-AFDBE3F3,Altera hardware description language AHDL,altera-hardware-description-language-ahdl,Development environment software,tool,,cpx_1_5,source_mapped,not_reviewed,,,,true,2026.1
CPX-SKL-AUTO-B02F484F,compute irrigation pressure,compute-irrigation-pressure,ESCO skill linked to selected occupations.,transferable,,cpx_1_5,source_mapped,not_reviewed,,,,true,2026.1
CPX-SKL-AUTO-B03D6270,electronic test procedures,electronic-test-procedures,ESCO knowledge linked to selected occupations.,domain_knowledge,,cpx_1_5,source_mapped,not_reviewed,,,,true,2026.1
CPX-SKL-AUTO-B0843D34,develop water supply schedule,develop-water-supply-schedule,ESCO skill linked to selected occupations.,transferable,,cpx_1_5,source_mapped,not_reviewed,,,,true,2026.1
CPX-SKL-AUTO-B09A0A4E,Fine Arts,fine-arts,"Knowledge of the theory and techniques required to compose, produce, and perform works of music, dance, visual arts, drama, and sculpture.",domain_knowledge,,cpx_1_5,source_mapped,not_reviewed,,,,true,2026.1
CPX-SKL-AUTO-B0BD1CFC,ESRI ArcGIS software,esri-arcgis-software,Geographic information system,tool,,cpx_1_5,source_mapped,not_reviewed,,,,true,2026.1
CPX-SKL-AUTO-B1004634,Design,design,"Knowledge of design techniques, tools, and principles involved in production of precision technical plans, blueprints, drawings, and models.",domain_knowledge,,cpx_1_5,source_mapped,not_reviewed,,,,true,2026.1
CPX-SKL-AUTO-B140629A,ASSET JTAG ScanWorks,asset-jtag-scanworks,Analytical or scientific software,tool,,cpx_1_5,source_mapped,not_reviewed,,,,true,2026.1
CPX-SKL-AUTO-B1A03763,Microsoft Visual C++,microsoft-visual-c,ESCO knowledge linked to selected occupations.,domain_knowledge,,cpx_1_5,source_mapped,not_reviewed,,,,true,2026.1
CPX-SKL-AUTO-B1EF8FE9,advise on use of land,advise-on-use-of-land,ESCO skill linked to selected occupations.,transferable,,cpx_1_5,source_mapped,not_reviewed,,,,true,2026.1
CPX-SKL-AUTO-B218B2B4,Amazon Web Services AWS software,amazon-web-services-aws-software,Data base user interface and query software,tool,,cpx_1_5,source_mapped,not_reviewed,,,,true,2026.1
CPX-SKL-AUTO-B2218D77,develop efficiency plans for logistics operations,develop-efficiency-plans-for-logistics-operations,ESCO skill linked to selected occupations.,transferable,,cpx_1_5,source_mapped,not_reviewed,,,,true,2026.1
CPX-SKL-AUTO-B257C61C,read standard blueprints,read-standard-blueprints,ESCO skill linked to selected occupations.,transferable,,cpx_1_5,source_mapped,not_reviewed,,,,true,2026.1
CPX-SKL-AUTO-B25A8613,control production,control-production,ESCO skill linked to selected occupations.,transferable,,cpx_1_5,source_mapped,not_reviewed,,,,true,2026.1
CPX-SKL-AUTO-B2CA1FA3,Card key management software,card-key-management-software,Access software,tool,,cpx_1_5,source_mapped,not_reviewed,,,,true,2026.1
CPX-SKL-AUTO-B336A470,Flexibility of Closure,flexibility-of-closure,"The ability to identify or detect a known pattern (a figure, object, word, or sound) that is hidden in other distracting material.",transferable,,cpx_1_5,source_mapped,not_reviewed,,,,true,2026.1
CPX-SKL-AUTO-B36EC8A8,Brady Lockout Pro,brady-lockout-pro,Data base user interface and query software,tool,,cpx_1_5,source_mapped,not_reviewed,,,,true,2026.1
CPX-SKL-AUTO-B38F4836,3D Static Strength Prediction Program 3DSSPP,3d-static-strength-prediction-program-3dsspp,Analytical or scientific software,tool,,cpx_1_5,source_mapped,not_reviewed,,,,true,2026.1
CPX-SKL-AUTO-B4028266,electronics principles,electronics-principles,ESCO knowledge linked to selected occupations.,domain_knowledge,,cpx_1_5,source_mapped,not_reviewed,,,,true,2026.1
CPX-SKL-AUTO-B40B55C3,construction methods,construction-methods,ESCO knowledge linked to selected occupations.,domain_knowledge,,cpx_1_5,source_mapped,not_reviewed,,,,true,2026.1
CPX-SKL-AUTO-B4142F9E,analyse transport business networks,analyse-transport-business-networks,ESCO skill linked to selected occupations.,transferable,,cpx_1_5,source_mapped,not_reviewed,,,,true,2026.1
CPX-SKL-AUTO-B4A976C3,assemble electromechanical systems,assemble-electromechanical-systems,ESCO skill linked to selected occupations.,transferable,,cpx_1_5,source_mapped,not_reviewed,,,,true,2026.1
CPX-SKL-AUTO-B4EC5AB6,process collected survey data,process-collected-survey-data,ESCO skill linked to selected occupations.,technical,,cpx_1_5,source_mapped,not_reviewed,,,,true,2026.1
CPX-SKL-AUTO-B543A4E9,Management of Financial Resources,management-of-financial-resources,"Determining how money will be spent to get the work done, and accounting for these expenditures.",transferable,,cpx_1_5,source_mapped,not_reviewed,,,,true,2026.1
CPX-SKL-AUTO-B584E07E,Memorization,memorization,"The ability to remember information such as words, numbers, pictures, and procedures.",transferable,,cpx_1_5,source_mapped,not_reviewed,,,,true,2026.1
CPX-SKL-AUTO-B5F2C927,Communications,communications,Knowledge of the science and art of delivering information,domain_knowledge,,cpx_1_5,source_mapped,not_reviewed,,,,true,2026.1
CPX-SKL-AUTO-B62E0B21,install software,install-software,ESCO skill linked to selected occupations.,technical,,cpx_1_5,source_mapped,not_reviewed,,,,true,2026.1
CPX-SKL-AUTO-B6796883,present reports,present-reports,ESCO skill linked to selected occupations.,transferable,,cpx_1_5,source_mapped,not_reviewed,,,,true,2026.1
CPX-SKL-AUTO-B6A6E95A,follow ethical code of conduct in transport services,follow-ethical-code-of-conduct-in-transport-services,ESCO skill linked to selected occupations.,transferable,,cpx_1_5,source_mapped,not_reviewed,,,,true,2026.1
CPX-SKL-AUTO-B6AB82A3,Actuate Eclipse BIRT,actuate-eclipse-birt,Data base reporting software,tool,,cpx_1_5,source_mapped,not_reviewed,,,,true,2026.1
CPX-SKL-AUTO-B6D8D6C0,mitigate environmental impact of pipeline projects,mitigate-environmental-impact-of-pipeline-projects,ESCO skill linked to selected occupations.,transferable,,cpx_1_5,source_mapped,not_reviewed,,,,true,2026.1
CPX-SKL-AUTO-B701B8CC,Writing,writing,Communicating effectively in writing as appropriate for the needs of the audience.,technical,,cpx_1_5,source_mapped,not_reviewed,,,,true,2026.1
CPX-SKL-AUTO-B710833B,prepare assembly drawings,prepare-assembly-drawings,ESCO skill linked to selected occupations.,transferable,,cpx_1_5,source_mapped,not_reviewed,,,,true,2026.1
CPX-SKL-AUTO-B71E6F0D,Accela KIVA DMS,accela-kiva-dms,Enterprise resource planning ERP software,tool,,cpx_1_5,source_mapped,not_reviewed,,,,true,2026.1
CPX-SKL-AUTO-B7A8AF32,perform scientific research,perform-scientific-research,ESCO skill linked to selected occupations.,transferable,,cpx_1_5,source_mapped,not_reviewed,,,,true,2026.1
CPX-SKL-AUTO-B83CDA08,use CAM software,use-cam-software,ESCO skill linked to selected occupations.,technical,,cpx_1_5,source_mapped,not_reviewed,,,,true,2026.1
CPX-SKL-AUTO-B8700F8E,manage tender processes,manage-tender-processes,ESCO skill linked to selected occupations.,transferable,,cpx_1_5,source_mapped,not_reviewed,,,,true,2026.1
CPX-SKL-AUTO-B88E7B47,Management of Personnel Resources,management-of-personnel-resources,"Motivating, developing, and directing people as they work, identifying the best people for the job.",transferable,,cpx_1_5,source_mapped,not_reviewed,,,,true,2026.1
CPX-SKL-AUTO-B89755B4,ensure compliance with railway regulation,ensure-compliance-with-railway-regulation,ESCO skill linked to selected occupations.,regulatory,,cpx_1_5,source_mapped,not_reviewed,,,,true,2026.1
CPX-SKL-AUTO-B8EA0179,design microelectromechanical systems,design-microelectromechanical-systems,ESCO skill linked to selected occupations.,transferable,,cpx_1_5,source_mapped,not_reviewed,,,,true,2026.1
CPX-SKL-AUTO-B8ED49CA,Clinical data management system CDMS,clinical-data-management-system-cdms,Data base user interface and query software,tool,,cpx_1_5,source_mapped,not_reviewed,,,,true,2026.1
CPX-SKL-AUTO-B9114043,Abraxas Energy Consulting Metrix,abraxas-energy-consulting-metrix,Data base user interface and query software,tool,,cpx_1_5,source_mapped,not_reviewed,,,,true,2026.1
CPX-SKL-AUTO-B96852D1,electricity,electricity,ESCO knowledge linked to selected occupations.,domain_knowledge,,cpx_1_5,source_mapped,not_reviewed,,,,true,2026.1
CPX-SKL-AUTO-B9A2341F,develop environmental remediation strategies,develop-environmental-remediation-strategies,ESCO skill linked to selected occupations.,transferable,,cpx_1_5,source_mapped,not_reviewed,,,,true,2026.1
CPX-SKL-AUTO-BA240AE5,assessment of risks and threats,assessment-of-risks-and-threats,ESCO knowledge linked to selected occupations.,domain_knowledge,,cpx_1_5,source_mapped,not_reviewed,,,,true,2026.1
CPX-SKL-AUTO-BA27F563,mechanical systems,mechanical-systems,ESCO knowledge linked to selected occupations.,domain_knowledge,,cpx_1_5,source_mapped,not_reviewed,,,,true,2026.1
CPX-SKL-AUTO-BA385187,design dams,design-dams,ESCO skill linked to selected occupations.,transferable,,cpx_1_5,source_mapped,not_reviewed,,,,true,2026.1
CPX-SKL-AUTO-BAD2D617,electrical wiring plans,electrical-wiring-plans,ESCO knowledge linked to selected occupations.,domain_knowledge,,cpx_1_5,source_mapped,not_reviewed,,,,true,2026.1
CPX-SKL-AUTO-BAE16BC2,oversee quality control,oversee-quality-control,ESCO skill linked to selected occupations.,transferable,,cpx_1_5,source_mapped,not_reviewed,,,,true,2026.1
CPX-SKL-AUTO-BB3FEAB2,Adobe ActionScript,adobe-actionscript,Development environment software,tool,,cpx_1_5,source_mapped,not_reviewed,,,,true,2026.1
CPX-SKL-AUTO-BB6690B7,develop instrumentation systems,develop-instrumentation-systems,ESCO skill linked to selected occupations.,transferable,,cpx_1_5,source_mapped,not_reviewed,,,,true,2026.1
CPX-SKL-AUTO-BBAFB008,Finger Dexterity,finger-dexterity,"The ability to make precisely coordinated movements of the fingers of one or both hands to grasp, manipulate, or assemble very small objects.",transferable,,cpx_1_5,source_mapped,not_reviewed,,,,true,2026.1
CPX-SKL-AUTO-BC16F782,Failure modes and effects analysis FMEA software,failure-modes-and-effects-analysis-fmea-software,Analytical or scientific software,tool,,cpx_1_5,source_mapped,not_reviewed,,,,true,2026.1
CPX-SKL-AUTO-BC270433,troubleshoot,troubleshoot,ESCO skill linked to selected occupations.,transferable,,cpx_1_5,source_mapped,not_reviewed,,,,true,2026.1
CPX-SKL-AUTO-BC39FD06,remove rust from motor vehicles,remove-rust-from-motor-vehicles,ESCO skill linked to selected occupations.,transferable,,cpx_1_5,source_mapped,not_reviewed,,,,true,2026.1
CPX-SKL-AUTO-BC946289,Perceptual Abilities,perceptual-abilities,Abilities related to the acquisition and organization of visual information,transferable,,cpx_1_5,source_mapped,not_reviewed,,,,true,2026.1
CPX-SKL-AUTO-BCC2505C,ensure compliance with airport security measures,ensure-compliance-with-airport-security-measures,ESCO skill linked to selected occupations.,regulatory,,cpx_1_5,source_mapped,not_reviewed,,,,true,2026.1
CPX-SKL-AUTO-BD0F1A41,Ambient Design ArtRage,ambient-design-artrage,Graphics or photo imaging software,tool,,cpx_1_5,source_mapped,not_reviewed,,,,true,2026.1
CPX-SKL-AUTO-BD469EC3,water reuse,water-reuse,ESCO knowledge linked to selected occupations.,domain_knowledge,,cpx_1_5,source_mapped,not_reviewed,,,,true,2026.1
CPX-SKL-AUTO-BD75BC02,flood remediation equipment,flood-remediation-equipment,ESCO knowledge linked to selected occupations.,domain_knowledge,,cpx_1_5,source_mapped,not_reviewed,,,,true,2026.1
CPX-SKL-AUTO-BD907184,mine dump design,mine-dump-design,ESCO skill linked to selected occupations.,transferable,,cpx_1_5,source_mapped,not_reviewed,,,,true,2026.1
CPX-SKL-AUTO-BD92DC72,prevent fires on board,prevent-fires-on-board,ESCO skill linked to selected occupations.,transferable,,cpx_1_5,source_mapped,not_reviewed,,,,true,2026.1
CPX-SKL-AUTO-BDA121A2,Law and Government,law-and-government,"Knowledge of laws, legal codes, court procedures, precedents, government regulations, executive orders, agency rules, and the democratic political process.",domain_knowledge,,cpx_1_5,source_mapped,not_reviewed,,,,true,2026.1
CPX-SKL-AUTO-BDC2E760,run preventive simulations,run-preventive-simulations,ESCO skill linked to selected occupations.,transferable,,cpx_1_5,source_mapped,not_reviewed,,,,true,2026.1
CPX-SKL-AUTO-BDD3759C,Fluency of Ideas,fluency-of-ideas,"The ability to come up with a number of ideas about a topic (the number of ideas is important, not their quality, correctness, or creativity).",transferable,,cpx_1_5,source_mapped,not_reviewed,,,,true,2026.1
CPX-SKL-AUTO-BE0AACB6,use different communication channels,use-different-communication-channels,ESCO skill linked to selected occupations.,transferable,,cpx_1_5,source_mapped,not_reviewed,,,,true,2026.1
CPX-SKL-AUTO-BE313C3E,AspenTech aspenONE,aspentech-aspenone,Analytical or scientific software,tool,,cpx_1_5,source_mapped,not_reviewed,,,,true,2026.1
CPX-SKL-AUTO-BE5D3BF9,Production and Processing,production-and-processing,"Knowledge of raw materials, production processes, quality control, costs, and other techniques for maximizing the effective manufacture and distribution of goods.",domain_knowledge,,cpx_1_5,source_mapped,not_reviewed,,,,true,2026.1
CPX-SKL-AUTO-BE6DE825,ADP Enterprise HR,adp-enterprise-hr,Human resources software,tool,,cpx_1_5,source_mapped,not_reviewed,,,,true,2026.1
CPX-SKL-AUTO-BE9FAE55,study traffic flow,study-traffic-flow,ESCO skill linked to selected occupations.,transferable,,cpx_1_5,source_mapped,not_reviewed,,,,true,2026.1
CPX-SKL-AUTO-BEAE4466,Angoss KnowledgeSEEKER,angoss-knowledgeseeker,Data mining software,tool,,cpx_1_5,source_mapped,not_reviewed,,,,true,2026.1
CPX-SKL-AUTO-BEBCCC96,precision measuring instruments,precision-measuring-instruments,ESCO knowledge linked to selected occupations.,domain_knowledge,,cpx_1_5,source_mapped,not_reviewed,,,,true,2026.1
CPX-SKL-AUTO-BF04DD1D,create manufacturing guidelines,create-manufacturing-guidelines,ESCO skill linked to selected occupations.,transferable,,cpx_1_5,source_mapped,not_reviewed,,,,true,2026.1
CPX-SKL-AUTO-BF3021B8,Monitoring,monitoring,"Monitoring/Assessing performance of yourself, other individuals, or organizations to make improvements or take corrective action.",technical,,cpx_1_5,source_mapped,not_reviewed,,,,true,2026.1
CPX-SKL-AUTO-BF40B45A,Essential Skills,essential-skills,"Skills you need for most jobs such as reading, writing, math, and learning.",technical,,cpx_1_5,source_mapped,not_reviewed,,,,true,2026.1
CPX-SKL-AUTO-BFDE851A,global navigation satellite system performance parameters,global-navigation-satellite-system-performance-parameters,ESCO knowledge linked to selected occupations.,domain_knowledge,,cpx_1_5,source_mapped,not_reviewed,,,,true,2026.1
CPX-SKL-AUTO-BFE5E548,Prolog (computer programming),prolog-computer-programming,ESCO knowledge linked to selected occupations.,domain_knowledge,,cpx_1_5,source_mapped,not_reviewed,,,,true,2026.1
CPX-SKL-AUTO-C0814724,building automation,building-automation,ESCO knowledge linked to selected occupations.,domain_knowledge,,cpx_1_5,source_mapped,not_reviewed,,,,true,2026.1
CPX-SKL-AUTO-C082D723,CodeJam MemoriesOnTV,codejam-memoriesontv,Video creation and editing software,tool,,cpx_1_5,source_mapped,not_reviewed,,,,true,2026.1
CPX-SKL-AUTO-C1052C79,inspect asphalt,inspect-asphalt,ESCO skill linked to selected occupations.,transferable,,cpx_1_5,source_mapped,not_reviewed,,,,true,2026.1
CPX-SKL-AUTO-C16AA3F2,360 Analytics eQUEST,360-analytics-equest,Analytical or scientific software,tool,,cpx_1_5,source_mapped,not_reviewed,,,,true,2026.1
CPX-SKL-AUTO-C1B857DC,operate railway control panels,operate-railway-control-panels,ESCO skill linked to selected occupations.,transferable,,cpx_1_5,source_mapped,not_reviewed,,,,true,2026.1
CPX-SKL-AUTO-C1D0734E,Service Orientation,service-orientation,Actively looking for ways to help people.,transferable,,cpx_1_5,source_mapped,not_reviewed,,,,true,2026.1
CPX-SKL-AUTO-C1FE13A0,perform water chemistry analysis,perform-water-chemistry-analysis,ESCO skill linked to selected occupations.,transferable,,cpx_1_5,source_mapped,not_reviewed,,,,true,2026.1
CPX-SKL-AUTO-C218EB29,investigate road accidents,investigate-road-accidents,ESCO skill linked to selected occupations.,transferable,,cpx_1_5,source_mapped,not_reviewed,,,,true,2026.1
CPX-SKL-AUTO-C25F13D2,electricity principles,electricity-principles,ESCO knowledge linked to selected occupations.,domain_knowledge,,cpx_1_5,source_mapped,not_reviewed,,,,true,2026.1
CPX-SKL-AUTO-C2AFEA82,mechatronics,mechatronics,ESCO knowledge linked to selected occupations.,domain_knowledge,,cpx_1_5,source_mapped,not_reviewed,,,,true,2026.1
CPX-SKL-AUTO-C2CBA25C,Accelrys Pipeline Pilot,accelrys-pipeline-pilot,Analytical or scientific software,tool,,cpx_1_5,source_mapped,not_reviewed,,,,true,2026.1
CPX-SKL-AUTO-C2CD85FB,Adobe LifeCycle ES,adobe-lifecycle-es,Document management software,tool,,cpx_1_5,source_mapped,not_reviewed,,,,true,2026.1
CPX-SKL-AUTO-C30B841B,materials science,materials-science,ESCO knowledge linked to selected occupations.,domain_knowledge,,cpx_1_5,source_mapped,not_reviewed,,,,true,2026.1
CPX-SKL-AUTO-C3115E1E,Administration and Management,administration-and-management,"Knowledge of business and management principles involved in strategic planning, resource allocation, human resources modeling, leadership technique, production methods, and coordination of people and resources.",domain_knowledge,,cpx_1_5,source_mapped,not_reviewed,,,,true,2026.1
CPX-SKL-AUTO-C3A5C9D7,Stamina,stamina,The ability to exert yourself physically over long periods of time without getting winded or out of breath.,transferable,,cpx_1_5,source_mapped,not_reviewed,,,,true,2026.1
CPX-SKL-AUTO-C3D3578F,install hardware,install-hardware,ESCO skill linked to selected occupations.,transferable,,cpx_1_5,source_mapped,not_reviewed,,,,true,2026.1
CPX-SKL-AUTO-C432DB20,landscape design,landscape-design,ESCO knowledge linked to selected occupations.,domain_knowledge,,cpx_1_5,source_mapped,not_reviewed,,,,true,2026.1
CPX-SKL-AUTO-C49D1C12,plan geotechnical investigations in the field,plan-geotechnical-investigations-in-the-field,ESCO skill linked to selected occupations.,transferable,,cpx_1_5,source_mapped,not_reviewed,,,,true,2026.1
CPX-SKL-AUTO-C4A41611,identify risk of flooding,identify-risk-of-flooding,ESCO skill linked to selected occupations.,transferable,,cpx_1_5,source_mapped,not_reviewed,,,,true,2026.1
CPX-SKL-AUTO-C4F287B5,Visual Color Discrimination,visual-color-discrimination,"The ability to match or detect differences between colors, including shades of color and brightness.",transferable,,cpx_1_5,source_mapped,not_reviewed,,,,true,2026.1
CPX-SKL-AUTO-C5355881,instrumentation engineering,instrumentation-engineering,ESCO knowledge linked to selected occupations.,domain_knowledge,,cpx_1_5,source_mapped,not_reviewed,,,,true,2026.1
CPX-SKL-AUTO-C5376691,advise on heating systems energy efficiency,advise-on-heating-systems-energy-efficiency,ESCO skill linked to selected occupations.,transferable,,cpx_1_5,source_mapped,not_reviewed,,,,true,2026.1
CPX-SKL-AUTO-C646A7C3,design infrastructure for surface mines,design-infrastructure-for-surface-mines,ESCO skill linked to selected occupations.,transferable,,cpx_1_5,source_mapped,not_reviewed,,,,true,2026.1
CPX-SKL-AUTO-C65354BE,ANSYS simulation software,ansys-simulation-software,Analytical or scientific software,tool,,cpx_1_5,source_mapped,not_reviewed,,,,true,2026.1
CPX-SKL-AUTO-C69066D1,assemble electrical components,assemble-electrical-components,ESCO skill linked to selected occupations.,transferable,,cpx_1_5,source_mapped,not_reviewed,,,,true,2026.1
CPX-SKL-AUTO-C74C4BF1,conduct land surveys,conduct-land-surveys,ESCO skill linked to selected occupations.,transferable,,cpx_1_5,source_mapped,not_reviewed,,,,true,2026.1
CPX-SKL-AUTO-C82664CA,design sensors,design-sensors,ESCO skill linked to selected occupations.,transferable,,cpx_1_5,source_mapped,not_reviewed,,,,true,2026.1
CPX-SKL-AUTO-C8D98075,train routes,train-routes,ESCO knowledge linked to selected occupations.,domain_knowledge,,cpx_1_5,source_mapped,not_reviewed,,,,true,2026.1
CPX-SKL-AUTO-C96112D6,integrated circuits,integrated-circuits,ESCO knowledge linked to selected occupations.,domain_knowledge,,cpx_1_5,source_mapped,not_reviewed,,,,true,2026.1
CPX-SKL-AUTO-C999ABAC,apply advanced manufacturing,apply-advanced-manufacturing,ESCO skill linked to selected occupations.,transferable,,cpx_1_5,source_mapped,not_reviewed,,,,true,2026.1
CPX-SKL-AUTO-C9B467F9,restrict bridge traffic,restrict-bridge-traffic,ESCO skill linked to selected occupations.,transferable,,cpx_1_5,source_mapped,not_reviewed,,,,true,2026.1
CPX-SKL-AUTO-C9FEFCA6,Adobe Flex,adobe-flex,Web platform development software,tool,,cpx_1_5,source_mapped,not_reviewed,,,,true,2026.1
CPX-SKL-AUTO-CA0ABA50,supervise waste disposal,supervise-waste-disposal,ESCO skill linked to selected occupations.,transferable,,cpx_1_5,source_mapped,not_reviewed,,,,true,2026.1
CPX-SKL-AUTO-CA23ABC2,Absorption process simulation software,absorption-process-simulation-software,Analytical or scientific software,tool,,cpx_1_5,source_mapped,not_reviewed,,,,true,2026.1
CPX-SKL-AUTO-CA4D7BCC,Active directory software,active-directory-software,Internet directory services software,tool,,cpx_1_5,source_mapped,not_reviewed,,,,true,2026.1
CPX-SKL-AUTO-CA752BC5,operate railway communication systems,operate-railway-communication-systems,ESCO skill linked to selected occupations.,transferable,,cpx_1_5,source_mapped,not_reviewed,,,,true,2026.1
CPX-SKL-AUTO-CA75B61D,Database software,database-software,Data base user interface and query software,tool,,cpx_1_5,source_mapped,not_reviewed,,,,true,2026.1
CPX-SKL-AUTO-CAD1E350,monitor water quality,monitor-water-quality,ESCO skill linked to selected occupations.,transferable,,cpx_1_5,source_mapped,not_reviewed,,,,true,2026.1
CPX-SKL-AUTO-CB01B914,use power tools,use-power-tools,ESCO skill linked to selected occupations.,transferable,,cpx_1_5,source_mapped,not_reviewed,,,,true,2026.1
CPX-SKL-AUTO-CB33A6BF,Selective Attention,selective-attention,The ability to concentrate on a task over a period of time without being distracted.,transferable,,cpx_1_5,source_mapped,not_reviewed,,,,true,2026.1
CPX-SKL-AUTO-CC7014C4,apply a protective layer,apply-a-protective-layer,ESCO skill linked to selected occupations.,transferable,,cpx_1_5,source_mapped,not_reviewed,,,,true,2026.1
CPX-SKL-AUTO-CD2BF6FC,geological time scale,geological-time-scale,ESCO knowledge linked to selected occupations.,domain_knowledge,,cpx_1_5,source_mapped,not_reviewed,,,,true,2026.1
CPX-SKL-AUTO-CD397929,design piers,design-piers,ESCO skill linked to selected occupations.,transferable,,cpx_1_5,source_mapped,not_reviewed,,,,true,2026.1
CPX-SKL-AUTO-CD4124BE,maintain shipboard machinery,maintain-shipboard-machinery,ESCO skill linked to selected occupations.,transferable,,cpx_1_5,source_mapped,not_reviewed,,,,true,2026.1
CPX-SKL-AUTO-CD7335A8,analyse stress resistance of products,analyse-stress-resistance-of-products,ESCO skill linked to selected occupations.,transferable,,cpx_1_5,source_mapped,not_reviewed,,,,true,2026.1
CPX-SKL-AUTO-CD7D1479,install electrical and electronic equipment,install-electrical-and-electronic-equipment,ESCO skill linked to selected occupations.,transferable,,cpx_1_5,source_mapped,not_reviewed,,,,true,2026.1
CPX-SKL-AUTO-CDC234AF,heat transfer processes,heat-transfer-processes,ESCO knowledge linked to selected occupations.,domain_knowledge,,cpx_1_5,source_mapped,not_reviewed,,,,true,2026.1
CPX-SKL-AUTO-CDD70154,make numerical calculations,make-numerical-calculations,ESCO skill linked to selected occupations.,transferable,,cpx_1_5,source_mapped,not_reviewed,,,,true,2026.1
CPX-SKL-AUTO-CDF01952,cost management,cost-management,ESCO knowledge linked to selected occupations.,domain_knowledge,,cpx_1_5,source_mapped,not_reviewed,,,,true,2026.1
CPX-SKL-AUTO-CE4D1432,PHP,php,ESCO knowledge linked to selected occupations.,domain_knowledge,,cpx_1_5,source_mapped,not_reviewed,,,,true,2026.1
CPX-SKL-AUTO-CEBC803D,determine boundaries,determine-boundaries,ESCO skill linked to selected occupations.,transferable,,cpx_1_5,source_mapped,not_reviewed,,,,true,2026.1
CPX-SKL-AUTO-CEE11DA6,identify statistical patterns,identify-statistical-patterns,ESCO skill linked to selected occupations.,transferable,,cpx_1_5,source_mapped,not_reviewed,,,,true,2026.1
CPX-SKL-AUTO-CEEBA88B,Alstom ESATAN,alstom-esatan,Analytical or scientific software,tool,,cpx_1_5,source_mapped,not_reviewed,,,,true,2026.1
CPX-SKL-AUTO-CEF8C1DF,Complex Problem Solving,complex-problem-solving,Identifying complex problems and reviewing related information to develop and evaluate options and implement solutions.,transferable,,cpx_1_5,source_mapped,not_reviewed,,,,true,2026.1
CPX-SKL-AUTO-CF35F4AE,model sensor,model-sensor,ESCO skill linked to selected occupations.,transferable,,cpx_1_5,source_mapped,not_reviewed,,,,true,2026.1
CPX-SKL-AUTO-CFC4C6AB,use testing equipment,use-testing-equipment,ESCO skill linked to selected occupations.,transferable,,cpx_1_5,source_mapped,not_reviewed,,,,true,2026.1
CPX-SKL-AUTO-CFC81E0F,coordinate engineering teams,coordinate-engineering-teams,ESCO skill linked to selected occupations.,transferable,,cpx_1_5,source_mapped,not_reviewed,,,,true,2026.1
CPX-SKL-AUTO-CFD967E8,electronics,electronics,ESCO knowledge linked to selected occupations.,domain_knowledge,,cpx_1_5,source_mapped,not_reviewed,,,,true,2026.1
CPX-SKL-AUTO-D0001062,create technical plans,create-technical-plans,ESCO skill linked to selected occupations.,transferable,,cpx_1_5,source_mapped,not_reviewed,,,,true,2026.1
CPX-SKL-AUTO-D0190BF6,Manufacturing and Production,manufacturing-and-production,"Knowledge of principles and facts related to the production, processing, storage, and distribution of manufactured and agricultural goods",domain_knowledge,,cpx_1_5,source_mapped,not_reviewed,,,,true,2026.1
CPX-SKL-AUTO-D0363562,manage car park operations,manage-car-park-operations,ESCO skill linked to selected occupations.,transferable,,cpx_1_5,source_mapped,not_reviewed,,,,true,2026.1
CPX-SKL-AUTO-D04C893E,enforce railway safety regulations,enforce-railway-safety-regulations,ESCO skill linked to selected occupations.,regulatory,,cpx_1_5,source_mapped,not_reviewed,,,,true,2026.1
CPX-SKL-AUTO-D0928101,Anisotropic Crystalline Etch Simulation ACES,anisotropic-crystalline-etch-simulation-aces,Analytical or scientific software,tool,,cpx_1_5,source_mapped,not_reviewed,,,,true,2026.1
CPX-SKL-AUTO-D0BDFF3E,ML (computer programming),ml-computer-programming,ESCO knowledge linked to selected occupations.,domain_knowledge,,cpx_1_5,source_mapped,not_reviewed,,,,true,2026.1
CPX-SKL-AUTO-D191EDF5,test raw minerals,test-raw-minerals,ESCO skill linked to selected occupations.,transferable,,cpx_1_5,source_mapped,not_reviewed,,,,true,2026.1
CPX-SKL-AUTO-D2071E24,audit contractors,audit-contractors,ESCO skill linked to selected occupations.,transferable,,cpx_1_5,source_mapped,not_reviewed,,,,true,2026.1
CPX-SKL-AUTO-D2B4C318,TypeScript,typescript,ESCO knowledge linked to selected occupations.,domain_knowledge,,cpx_1_5,source_mapped,not_reviewed,,,,true,2026.1
CPX-SKL-AUTO-D2DA541D,design sprinkler systems,design-sprinkler-systems,ESCO skill linked to selected occupations.,transferable,,cpx_1_5,source_mapped,not_reviewed,,,,true,2026.1
CPX-SKL-AUTO-D2F19421,draft bill of materials,draft-bill-of-materials,ESCO skill linked to selected occupations.,transferable,,cpx_1_5,source_mapped,not_reviewed,,,,true,2026.1
CPX-SKL-AUTO-D343E1C2,assess supplier risks,assess-supplier-risks,ESCO skill linked to selected occupations.,transferable,,cpx_1_5,source_mapped,not_reviewed,,,,true,2026.1
CPX-SKL-AUTO-D37D43A0,Communications and Media,communications-and-media,"Knowledge of media production, communication, and dissemination techniques and methods. This includes alternative ways to inform and entertain via written, oral, and visual media.",domain_knowledge,,cpx_1_5,source_mapped,not_reviewed,,,,true,2026.1
CPX-SKL-AUTO-D3F2F308,ABC Compiler,abc-compiler,Development environment software,tool,,cpx_1_5,source_mapped,not_reviewed,,,,true,2026.1
CPX-SKL-AUTO-D4B66987,CSR Consultants Cemetery Management SC,csr-consultants-cemetery-management-sc,Data base user interface and query software,tool,,cpx_1_5,source_mapped,not_reviewed,,,,true,2026.1
CPX-SKL-AUTO-D4C5566D,hydraulics,hydraulics,ESCO knowledge linked to selected occupations.,domain_knowledge,,cpx_1_5,source_mapped,not_reviewed,,,,true,2026.1
CPX-SKL-AUTO-D4C8A993,Adept Scientific GRAMS,adept-scientific-grams,Analytical or scientific software,tool,,cpx_1_5,source_mapped,not_reviewed,,,,true,2026.1
CPX-SKL-AUTO-D4D4A52D,gather technical information,gather-technical-information,ESCO skill linked to selected occupations.,transferable,,cpx_1_5,source_mapped,not_reviewed,,,,true,2026.1
CPX-SKL-AUTO-D515D9E5,maintain relationship with customers,maintain-relationship-with-customers,ESCO skill linked to selected occupations.,transferable,,cpx_1_5,source_mapped,not_reviewed,,,,true,2026.1
CPX-SKL-AUTO-D53E390B,Infostat RIMBase,infostat-rimbase,Data base user interface and query software,tool,,cpx_1_5,source_mapped,not_reviewed,,,,true,2026.1
CPX-SKL-AUTO-D5420881,Amazon DynamoDB,amazon-dynamodb,Data base management system software,tool,,cpx_1_5,source_mapped,not_reviewed,,,,true,2026.1
CPX-SKL-AUTO-D5750072,thermodynamics,thermodynamics,ESCO knowledge linked to selected occupations.,domain_knowledge,,cpx_1_5,source_mapped,not_reviewed,,,,true,2026.1
CPX-SKL-AUTO-D58496D9,abide by regulations on banned materials,abide-by-regulations-on-banned-materials,ESCO skill linked to selected occupations.,transferable,,cpx_1_5,source_mapped,not_reviewed,,,,true,2026.1
CPX-SKL-AUTO-D5BCEB6C,Continuous emissions monitoring systems CEMS,continuous-emissions-monitoring-systems-cems,Industrial control software,tool,,cpx_1_5,source_mapped,not_reviewed,,,,true,2026.1
CPX-SKL-AUTO-D5CBD41C,mechanical engineering,mechanical-engineering,ESCO knowledge linked to selected occupations.,domain_knowledge,,cpx_1_5,source_mapped,not_reviewed,,,,true,2026.1
CPX-SKL-AUTO-D6521966,AVEVA InTouch HMI,aveva-intouch-hmi,Industrial control software,tool,,cpx_1_5,source_mapped,not_reviewed,,,,true,2026.1
CPX-SKL-AUTO-D6769A8D,Ag Connections Land.db,ag-connections-land-db,Data base user interface and query software,tool,,cpx_1_5,source_mapped,not_reviewed,,,,true,2026.1
CPX-SKL-AUTO-D6BADC98,design circuit boards,design-circuit-boards,ESCO skill linked to selected occupations.,transferable,,cpx_1_5,source_mapped,not_reviewed,,,,true,2026.1
CPX-SKL-AUTO-D6C102D0,install electronic communication devices on trains,install-electronic-communication-devices-on-trains,ESCO skill linked to selected occupations.,transferable,,cpx_1_5,source_mapped,not_reviewed,,,,true,2026.1
CPX-SKL-AUTO-D6E69107,international regulations for preventing collisions at sea,international-regulations-for-preventing-collisions-at-sea,ESCO knowledge linked to selected occupations.,domain_knowledge,,cpx_1_5,source_mapped,not_reviewed,,,,true,2026.1
CPX-SKL-AUTO-D7318B6A,Physical Abilities,physical-abilities,"Abilities that influence strength, endurance, flexibility, balance and coordination",transferable,,cpx_1_5,source_mapped,not_reviewed,,,,true,2026.1
CPX-SKL-AUTO-D734993E,process customer requests based on the REACh Regulation 1907 2006,process-customer-requests-based-on-the-reach-regulation-1907-2006,ESCO skill linked to selected occupations.,transferable,,cpx_1_5,source_mapped,not_reviewed,,,,true,2026.1
CPX-SKL-AUTO-D762815A,inspect construction sites,inspect-construction-sites,ESCO skill linked to selected occupations.,transferable,,cpx_1_5,source_mapped,not_reviewed,,,,true,2026.1
CPX-SKL-AUTO-D78AC5BE,perform risk analysis,perform-risk-analysis,ESCO skill linked to selected occupations.,transferable,,cpx_1_5,source_mapped,not_reviewed,,,,true,2026.1
CPX-SKL-AUTO-D78D6565,operate precision measuring equipment,operate-precision-measuring-equipment,ESCO skill linked to selected occupations.,transferable,,cpx_1_5,source_mapped,not_reviewed,,,,true,2026.1
CPX-SKL-AUTO-D7F587B8,design prototypes,design-prototypes,ESCO skill linked to selected occupations.,transferable,,cpx_1_5,source_mapped,not_reviewed,,,,true,2026.1
CPX-SKL-AUTO-D8111E1C,Equipment Maintenance,equipment-maintenance,Performing routine maintenance on equipment and determining when and what kind of maintenance is needed.,transferable,,cpx_1_5,source_mapped,not_reviewed,,,,true,2026.1
CPX-SKL-AUTO-D82A5A70,approve engineering design,approve-engineering-design,ESCO skill linked to selected occupations.,transferable,,cpx_1_5,source_mapped,not_reviewed,,,,true,2026.1
CPX-SKL-AUTO-D83939F5,Curtis Management Resources Training Management System,curtis-management-resources-training-management-system,Data base user interface and query software,tool,,cpx_1_5,source_mapped,not_reviewed,,,,true,2026.1
CPX-SKL-AUTO-D91E090F,value properties,value-properties,ESCO skill linked to selected occupations.,transferable,,cpx_1_5,source_mapped,not_reviewed,,,,true,2026.1
CPX-SKL-AUTO-D9ADEFFB,precision mechanics,precision-mechanics,ESCO knowledge linked to selected occupations.,domain_knowledge,,cpx_1_5,source_mapped,not_reviewed,,,,true,2026.1
CPX-SKL-AUTO-D9B66F47,Electronic health record EHR software,electronic-health-record-ehr-software,Medical software,tool,,cpx_1_5,source_mapped,not_reviewed,,,,true,2026.1
CPX-SKL-AUTO-D9D89D38,conduct engineering site audits,conduct-engineering-site-audits,ESCO skill linked to selected occupations.,transferable,,cpx_1_5,source_mapped,not_reviewed,,,,true,2026.1
CPX-SKL-AUTO-D9EE1594,Speaking,speaking,Talking to others to convey information effectively.,technical,,cpx_1_5,source_mapped,not_reviewed,,,,true,2026.1
CPX-SKL-AUTO-D9FE7820,AeroHydro MultiSurf,aerohydro-multisurf,Computer aided design CAD software,tool,,cpx_1_5,source_mapped,not_reviewed,,,,true,2026.1
CPX-SKL-AUTO-DA0A87CC,execute feasibility study,execute-feasibility-study,ESCO skill linked to selected occupations.,transferable,,cpx_1_5,source_mapped,not_reviewed,,,,true,2026.1
CPX-SKL-AUTO-DA579DE3,geology,geology,ESCO knowledge linked to selected occupations.,domain_knowledge,,cpx_1_5,source_mapped,not_reviewed,,,,true,2026.1
CPX-SKL-AUTO-DA580D49,use consulting techniques,use-consulting-techniques,ESCO skill linked to selected occupations.,transferable,,cpx_1_5,source_mapped,not_reviewed,,,,true,2026.1
CPX-SKL-AUTO-DA8F9AD6,Response Orientation,response-orientation,"The ability to choose quickly between two or more movements in response to two or more different signals (lights, sounds, pictures). It includes the speed with which the correct response is started with the hand, foot, or other body part.",transferable,,cpx_1_5,source_mapped,not_reviewed,,,,true,2026.1
CPX-SKL-AUTO-DB34AB73,draw blueprints,draw-blueprints,ESCO skill linked to selected occupations.,transferable,,cpx_1_5,source_mapped,not_reviewed,,,,true,2026.1
CPX-SKL-AUTO-DB7134EA,ensure proper water storage,ensure-proper-water-storage,ESCO skill linked to selected occupations.,transferable,,cpx_1_5,source_mapped,not_reviewed,,,,true,2026.1
CPX-SKL-AUTO-DBA749C2,Avaya Identity Engines,avaya-identity-engines,Access software,tool,,cpx_1_5,source_mapped,not_reviewed,,,,true,2026.1
CPX-SKL-AUTO-DBB58236,railway framework legislation,railway-framework-legislation,ESCO knowledge linked to selected occupations.,domain_knowledge,,cpx_1_5,source_mapped,not_reviewed,,,,true,2026.1
CPX-SKL-AUTO-DBD10ADB,Ada,ada,Development environment software,tool,,cpx_1_5,source_mapped,not_reviewed,,,,true,2026.1
CPX-SKL-AUTO-DBE44076,communicate using the global maritime distress and safety system,communicate-using-the-global-maritime-distress-and-safety-system,ESCO skill linked to selected occupations.,regulatory,,cpx_1_5,source_mapped,not_reviewed,,,,true,2026.1
CPX-SKL-AUTO-DBED925D,survive at sea in the event of ship abandonment,survive-at-sea-in-the-event-of-ship-abandonment,ESCO skill linked to selected occupations.,transferable,,cpx_1_5,source_mapped,not_reviewed,,,,true,2026.1
CPX-SKL-AUTO-DBF814A1,Attentiveness,attentiveness,Abilities related to application of attention,transferable,,cpx_1_5,source_mapped,not_reviewed,,,,true,2026.1
CPX-SKL-AUTO-DC815371,soil science,soil-science,ESCO knowledge linked to selected occupations.,domain_knowledge,,cpx_1_5,source_mapped,not_reviewed,,,,true,2026.1
CPX-SKL-AUTO-DCA6C688,simulate transport problems,simulate-transport-problems,ESCO skill linked to selected occupations.,transferable,,cpx_1_5,source_mapped,not_reviewed,,,,true,2026.1
CPX-SKL-AUTO-DCAAA5C3,monitor work site,monitor-work-site,ESCO skill linked to selected occupations.,transferable,,cpx_1_5,source_mapped,not_reviewed,,,,true,2026.1
CPX-SKL-AUTO-DD032DA9,risk management,risk-management,ESCO knowledge linked to selected occupations.,domain_knowledge,,cpx_1_5,source_mapped,not_reviewed,,,,true,2026.1
CPX-SKL-AUTO-DD353AC9,Physical Strength Abilities,physical-strength-abilities,Abilities related to the capacity to exert force,transferable,,cpx_1_5,source_mapped,not_reviewed,,,,true,2026.1
CPX-SKL-AUTO-DD3C76B8,Speech Clarity,speech-clarity,The ability to speak clearly so others can understand you.,transferable,,cpx_1_5,source_mapped,not_reviewed,,,,true,2026.1
CPX-SKL-AUTO-DD66215C,develop electronic test procedures,develop-electronic-test-procedures,ESCO skill linked to selected occupations.,transferable,,cpx_1_5,source_mapped,not_reviewed,,,,true,2026.1
CPX-SKL-AUTO-DD77166F,design process,design-process,ESCO skill linked to selected occupations.,transferable,,cpx_1_5,source_mapped,not_reviewed,,,,true,2026.1
CPX-SKL-AUTO-DD84947A,manage water distribution procedures,manage-water-distribution-procedures,ESCO skill linked to selected occupations.,transferable,,cpx_1_5,source_mapped,not_reviewed,,,,true,2026.1
CPX-SKL-AUTO-DD9D7F4C,electromagnetic spectrum,electromagnetic-spectrum,ESCO knowledge linked to selected occupations.,domain_knowledge,,cpx_1_5,source_mapped,not_reviewed,,,,true,2026.1
CPX-SKL-AUTO-DDF7D144,Facebook,facebook,Web page creation and editing software,tool,,cpx_1_5,source_mapped,not_reviewed,,,,true,2026.1
CPX-SKL-AUTO-DEA1FDBE,electrical wiring diagrams,electrical-wiring-diagrams,ESCO knowledge linked to selected occupations.,domain_knowledge,,cpx_1_5,source_mapped,not_reviewed,,,,true,2026.1
CPX-SKL-AUTO-DF270841,Access management software,access-management-software,Access software,tool,,cpx_1_5,source_mapped,not_reviewed,,,,true,2026.1
CPX-SKL-AUTO-DF812341,Autodesk AutoCAD Mechanical,autodesk-autocad-mechanical,Computer aided design CAD software,tool,,cpx_1_5,source_mapped,not_reviewed,,,,true,2026.1
CPX-SKL-AUTO-E118CD93,Apache Groovy,apache-groovy,Object or component oriented development software,tool,,cpx_1_5,source_mapped,not_reviewed,,,,true,2026.1
CPX-SKL-AUTO-E13154B7,solar energy,solar-energy,ESCO knowledge linked to selected occupations.,domain_knowledge,,cpx_1_5,source_mapped,not_reviewed,,,,true,2026.1
CPX-SKL-AUTO-E15E0AC1,Sociology and Anthropology,sociology-and-anthropology,"Knowledge of group behavior and dynamics, societal trends and influences, human migrations, ethnicity, cultures, and their history and origins.",domain_knowledge,,cpx_1_5,source_mapped,not_reviewed,,,,true,2026.1
CPX-SKL-AUTO-E1DD763A,Google Workspace software,google-workspace-software,Office suite software,tool,,cpx_1_5,source_mapped,not_reviewed,,,,true,2026.1
CPX-SKL-AUTO-E1F4AA2D,Amazon Simple Storage Service S3,amazon-simple-storage-service-s3,Storage networking software,tool,,cpx_1_5,source_mapped,not_reviewed,,,,true,2026.1
CPX-SKL-AUTO-E22DCBD2,automation technology,automation-technology,ESCO knowledge linked to selected occupations.,domain_knowledge,,cpx_1_5,source_mapped,not_reviewed,,,,true,2026.1
CPX-SKL-AUTO-E2304D04,APL,apl,ESCO knowledge linked to selected occupations.,domain_knowledge,,cpx_1_5,source_mapped,not_reviewed,,,,true,2026.1
CPX-SKL-AUTO-E2348734,urban planning,urban-planning,ESCO knowledge linked to selected occupations.,domain_knowledge,,cpx_1_5,source_mapped,not_reviewed,,,,true,2026.1
CPX-SKL-AUTO-E2AD0CCE,perform pipeline routing studies,perform-pipeline-routing-studies,ESCO skill linked to selected occupations.,transferable,,cpx_1_5,source_mapped,not_reviewed,,,,true,2026.1
CPX-SKL-AUTO-E2BF03CB,design drainage well systems,design-drainage-well-systems,ESCO skill linked to selected occupations.,transferable,,cpx_1_5,source_mapped,not_reviewed,,,,true,2026.1
CPX-SKL-AUTO-E32B64DB,use methods of logistical data analysis,use-methods-of-logistical-data-analysis,ESCO skill linked to selected occupations.,technical,,cpx_1_5,source_mapped,not_reviewed,,,,true,2026.1
CPX-SKL-AUTO-E35E18BE,Email software,email-software,Electronic mail software,tool,,cpx_1_5,source_mapped,not_reviewed,,,,true,2026.1
CPX-SKL-AUTO-E3F6715B,operate mobile crane,operate-mobile-crane,ESCO skill linked to selected occupations.,transferable,,cpx_1_5,source_mapped,not_reviewed,,,,true,2026.1
CPX-SKL-AUTO-E470E871,technical drawings,technical-drawings,ESCO knowledge linked to selected occupations.,domain_knowledge,,cpx_1_5,source_mapped,not_reviewed,,,,true,2026.1
CPX-SKL-AUTO-E4C046B0,Apache Hadoop,apache-hadoop,Data base management system software,tool,,cpx_1_5,source_mapped,not_reviewed,,,,true,2026.1
CPX-SKL-AUTO-E524BC52,Installation,installation,"Installing equipment, machines, wiring, or programs to meet specifications.",transferable,,cpx_1_5,source_mapped,not_reviewed,,,,true,2026.1
CPX-SKL-AUTO-E566691A,Adobe Distiller,adobe-distiller,Desktop publishing software,tool,,cpx_1_5,source_mapped,not_reviewed,,,,true,2026.1
CPX-SKL-AUTO-E58DBE55,collect data using GPS,collect-data-using-gps,ESCO skill linked to selected occupations.,technical,,cpx_1_5,source_mapped,not_reviewed,,,,true,2026.1
CPX-SKL-AUTO-E5A934CA,assess environmental impact,assess-environmental-impact,ESCO skill linked to selected occupations.,transferable,,cpx_1_5,source_mapped,not_reviewed,,,,true,2026.1
CPX-SKL-AUTO-E5ECD5C7,Reading Comprehension,reading-comprehension,Understanding written sentences and paragraphs in work-related documents.,technical,,cpx_1_5,source_mapped,not_reviewed,,,,true,2026.1
CPX-SKL-AUTO-E65DC7A8,Computerized diagnostic software,computerized-diagnostic-software,Analytical or scientific software,tool,,cpx_1_5,source_mapped,not_reviewed,,,,true,2026.1
CPX-SKL-AUTO-E66D8FAF,assess financial viability,assess-financial-viability,ESCO skill linked to selected occupations.,transferable,,cpx_1_5,source_mapped,not_reviewed,,,,true,2026.1
CPX-SKL-AUTO-E6E2C0DD,irrigation systems,irrigation-systems,ESCO knowledge linked to selected occupations.,domain_knowledge,,cpx_1_5,source_mapped,not_reviewed,,,,true,2026.1
CPX-SKL-AUTO-E7427129,control engineering,control-engineering,ESCO knowledge linked to selected occupations.,domain_knowledge,,cpx_1_5,source_mapped,not_reviewed,,,,true,2026.1
CPX-SKL-AUTO-E784FB58,Applied Flow Technology AFT Arrow,applied-flow-technology-aft-arrow,Analytical or scientific software,tool,,cpx_1_5,source_mapped,not_reviewed,,,,true,2026.1
CPX-SKL-AUTO-E7948D2D,mechanics,mechanics,ESCO knowledge linked to selected occupations.,domain_knowledge,,cpx_1_5,source_mapped,not_reviewed,,,,true,2026.1
CPX-SKL-AUTO-E7E96E1F,radars,radars,ESCO knowledge linked to selected occupations.,domain_knowledge,,cpx_1_5,source_mapped,not_reviewed,,,,true,2026.1
CPX-SKL-AUTO-E833ED69,have computer literacy,have-computer-literacy,ESCO skill linked to selected occupations.,transferable,,cpx_1_5,source_mapped,not_reviewed,,,,true,2026.1
CPX-SKL-AUTO-E83CC35C,fuel distribution systems,fuel-distribution-systems,ESCO knowledge linked to selected occupations.,domain_knowledge,,cpx_1_5,source_mapped,not_reviewed,,,,true,2026.1
CPX-SKL-AUTO-E85B6D05,Repairing,repairing,Repairing machines or systems using the needed tools.,transferable,,cpx_1_5,source_mapped,not_reviewed,,,,true,2026.1
CPX-SKL-AUTO-E85FC060,environmental threats,environmental-threats,ESCO knowledge linked to selected occupations.,domain_knowledge,,cpx_1_5,source_mapped,not_reviewed,,,,true,2026.1
CPX-SKL-AUTO-E8CC8FBC,AspenTech Aspen InfoPlus,aspentech-aspen-infoplus,Materials requirements planning logistics and supply chain software,tool,,cpx_1_5,source_mapped,not_reviewed,,,,true,2026.1
CPX-SKL-AUTO-E8CFE1E7,execute analytical mathematical calculations,execute-analytical-mathematical-calculations,ESCO skill linked to selected occupations.,transferable,,cpx_1_5,source_mapped,not_reviewed,,,,true,2026.1
CPX-SKL-AUTO-E900B26A,design principles,design-principles,ESCO knowledge linked to selected occupations.,domain_knowledge,,cpx_1_5,source_mapped,not_reviewed,,,,true,2026.1
CPX-SKL-AUTO-E9272939,develop water purification methods,develop-water-purification-methods,ESCO skill linked to selected occupations.,transferable,,cpx_1_5,source_mapped,not_reviewed,,,,true,2026.1
CPX-SKL-AUTO-EA566CB4,2AB iLock Security Services,2ab-ilock-security-services,Access software,tool,,cpx_1_5,source_mapped,not_reviewed,,,,true,2026.1
CPX-SKL-AUTO-EAEAC96A,Groovy,groovy,ESCO knowledge linked to selected occupations.,domain_knowledge,,cpx_1_5,source_mapped,not_reviewed,,,,true,2026.1
CPX-SKL-AUTO-EBB2F940,install electrical mining machinery,install-electrical-mining-machinery,ESCO skill linked to selected occupations.,transferable,,cpx_1_5,source_mapped,not_reviewed,,,,true,2026.1
CPX-SKL-AUTO-EBE5DD16,draft design specifications,draft-design-specifications,ESCO skill linked to selected occupations.,transferable,,cpx_1_5,source_mapped,not_reviewed,,,,true,2026.1
CPX-SKL-AUTO-EBF91B1B,Written Comprehension,written-comprehension,The ability to read and understand information and ideas presented in writing.,transferable,,cpx_1_5,source_mapped,not_reviewed,,,,true,2026.1
CPX-SKL-AUTO-EC70200E,Ruby (computer programming),ruby-computer-programming,ESCO knowledge linked to selected occupations.,domain_knowledge,,cpx_1_5,source_mapped,not_reviewed,,,,true,2026.1
CPX-SKL-AUTO-ECC917F4,Aris Global Register,aris-global-register,Compliance software,tool,,cpx_1_5,source_mapped,not_reviewed,,,,true,2026.1
CPX-SKL-AUTO-ECF7F63F,Adexa Supply Chain Planning,adexa-supply-chain-planning,Materials requirements planning logistics and supply chain software,tool,,cpx_1_5,source_mapped,not_reviewed,,,,true,2026.1
CPX-SKL-AUTO-ED29323F,assemble instrumentation equipment,assemble-instrumentation-equipment,ESCO skill linked to selected occupations.,transferable,,cpx_1_5,source_mapped,not_reviewed,,,,true,2026.1
CPX-SKL-AUTO-ED4CAF51,3M Post-it App,3m-post-it-app,Word processing software,tool,,cpx_1_5,source_mapped,not_reviewed,,,,true,2026.1
CPX-SKL-AUTO-EDCE5C5F,use welding equipment,use-welding-equipment,ESCO skill linked to selected occupations.,transferable,,cpx_1_5,source_mapped,not_reviewed,,,,true,2026.1
CPX-SKL-AUTO-EDE8287D,read railway circuit plans,read-railway-circuit-plans,ESCO skill linked to selected occupations.,transferable,,cpx_1_5,source_mapped,not_reviewed,,,,true,2026.1
CPX-SKL-AUTO-EE13CF61,electricity consumption,electricity-consumption,ESCO knowledge linked to selected occupations.,domain_knowledge,,cpx_1_5,source_mapped,not_reviewed,,,,true,2026.1
CPX-SKL-AUTO-EEDCE0AE,computer technology,computer-technology,ESCO knowledge linked to selected occupations.,domain_knowledge,,cpx_1_5,source_mapped,not_reviewed,,,,true,2026.1
CPX-SKL-AUTO-EEE9AE51,Atlassian Bamboo,atlassian-bamboo,Enterprise application integration software,tool,,cpx_1_5,source_mapped,not_reviewed,,,,true,2026.1
CPX-SKL-AUTO-EEFF1DED,prepare railway technical studies,prepare-railway-technical-studies,ESCO skill linked to selected occupations.,transferable,,cpx_1_5,source_mapped,not_reviewed,,,,true,2026.1
CPX-SKL-AUTO-EF0BCFF3,operate precision machinery,operate-precision-machinery,ESCO skill linked to selected occupations.,transferable,,cpx_1_5,source_mapped,not_reviewed,,,,true,2026.1
CPX-SKL-AUTO-EF6C8C81,printed circuit boards,printed-circuit-boards,ESCO knowledge linked to selected occupations.,domain_knowledge,,cpx_1_5,source_mapped,not_reviewed,,,,true,2026.1
CPX-SKL-AUTO-EF6FF02D,procure electrical machinery,procure-electrical-machinery,ESCO skill linked to selected occupations.,transferable,,cpx_1_5,source_mapped,not_reviewed,,,,true,2026.1
CPX-SKL-AUTO-EFAB8781,Control Precision,control-precision,The ability to quickly and repeatedly adjust the controls of a machine or a vehicle to exact positions.,transferable,,cpx_1_5,source_mapped,not_reviewed,,,,true,2026.1
CPX-SKL-AUTO-EFFC6A71,calibrate precision instrument,calibrate-precision-instrument,ESCO skill linked to selected occupations.,transferable,,cpx_1_5,source_mapped,not_reviewed,,,,true,2026.1
CPX-SKL-AUTO-F031E13A,BPM_CAD,bpm-cad,Analytical or scientific software,tool,,cpx_1_5,source_mapped,not_reviewed,,,,true,2026.1
CPX-SKL-AUTO-F0A2A524,JavaScript,javascript,ESCO knowledge linked to selected occupations.,domain_knowledge,,cpx_1_5,source_mapped,not_reviewed,,,,true,2026.1
CPX-SKL-AUTO-F0F40460,geochemistry,geochemistry,ESCO knowledge linked to selected occupations.,domain_knowledge,,cpx_1_5,source_mapped,not_reviewed,,,,true,2026.1
CPX-SKL-AUTO-F17D0712,types of wood,types-of-wood,ESCO knowledge linked to selected occupations.,domain_knowledge,,cpx_1_5,source_mapped,not_reviewed,,,,true,2026.1
CPX-SKL-AUTO-F1FF4953,Food Production,food-production,"Knowledge of techniques and equipment for planting, growing, and harvesting food products (both plant and animal) for consumption, including storage/handling techniques.",domain_knowledge,,cpx_1_5,source_mapped,not_reviewed,,,,true,2026.1
CPX-SKL-AUTO-F260B394,manufacturing processes,manufacturing-processes,ESCO knowledge linked to selected occupations.,domain_knowledge,,cpx_1_5,source_mapped,not_reviewed,,,,true,2026.1
CPX-SKL-AUTO-F2885F17,use safety equipment in construction,use-safety-equipment-in-construction,ESCO skill linked to selected occupations.,regulatory,,cpx_1_5,source_mapped,not_reviewed,,,,true,2026.1
CPX-SKL-AUTO-F2A5DD0B,wear appropriate protective gear,wear-appropriate-protective-gear,ESCO skill linked to selected occupations.,transferable,,cpx_1_5,source_mapped,not_reviewed,,,,true,2026.1
CPX-SKL-AUTO-F3FF8851,Swift (computer programming),swift-computer-programming,ESCO knowledge linked to selected occupations.,domain_knowledge,,cpx_1_5,source_mapped,not_reviewed,,,,true,2026.1
CPX-SKL-AUTO-F4DBDF24,assess railway operations,assess-railway-operations,ESCO skill linked to selected occupations.,transferable,,cpx_1_5,source_mapped,not_reviewed,,,,true,2026.1
CPX-SKL-AUTO-F4E3C8E4,Actuate BIRT,actuate-birt,Business intelligence and data analysis software,tool,,cpx_1_5,source_mapped,not_reviewed,,,,true,2026.1
CPX-SKL-AUTO-F579CFF6,local geography,local-geography,ESCO knowledge linked to selected occupations.,domain_knowledge,,cpx_1_5,source_mapped,not_reviewed,,,,true,2026.1
CPX-SKL-AUTO-F5A252C7,use computerised maintenance management systems,use-computerised-maintenance-management-systems,ESCO skill linked to selected occupations.,transferable,,cpx_1_5,source_mapped,not_reviewed,,,,true,2026.1
CPX-SKL-AUTO-F5B7B96A,match vehicles with routes,match-vehicles-with-routes,ESCO skill linked to selected occupations.,transferable,,cpx_1_5,source_mapped,not_reviewed,,,,true,2026.1
CPX-SKL-AUTO-F5C6D64A,lay concrete slabs,lay-concrete-slabs,ESCO skill linked to selected occupations.,transferable,,cpx_1_5,source_mapped,not_reviewed,,,,true,2026.1
CPX-SKL-AUTO-F5CFEC1E,Apache Ant,apache-ant,Development environment software,tool,,cpx_1_5,source_mapped,not_reviewed,,,,true,2026.1
CPX-SKL-AUTO-F62AF20F,ASP.NET,asp-net,ESCO knowledge linked to selected occupations.,domain_knowledge,,cpx_1_5,source_mapped,not_reviewed,,,,true,2026.1
CPX-SKL-AUTO-F6536A51,analyse environmental data,analyse-environmental-data,ESCO skill linked to selected occupations.,technical,,cpx_1_5,source_mapped,not_reviewed,,,,true,2026.1
CPX-SKL-AUTO-F6FC5E79,examine engineering principles,examine-engineering-principles,ESCO skill linked to selected occupations.,transferable,,cpx_1_5,source_mapped,not_reviewed,,,,true,2026.1
CPX-SKL-AUTO-F7762CDA,ICT software specifications,ict-software-specifications,ESCO knowledge linked to selected occupations.,domain_knowledge,,cpx_1_5,source_mapped,not_reviewed,,,,true,2026.1
CPX-SKL-AUTO-F7DA1A32,energy market,energy-market,ESCO knowledge linked to selected occupations.,domain_knowledge,,cpx_1_5,source_mapped,not_reviewed,,,,true,2026.1
CPX-SKL-AUTO-F80022F4,microelectronics,microelectronics,ESCO knowledge linked to selected occupations.,domain_knowledge,,cpx_1_5,source_mapped,not_reviewed,,,,true,2026.1
CPX-SKL-AUTO-F85A3FDE,negotiate supplier arrangements,negotiate-supplier-arrangements,ESCO skill linked to selected occupations.,transferable,,cpx_1_5,source_mapped,not_reviewed,,,,true,2026.1
CPX-SKL-AUTO-F862C595,Collection Point Management System CPMS,collection-point-management-system-cpms,Data base user interface and query software,tool,,cpx_1_5,source_mapped,not_reviewed,,,,true,2026.1
CPX-SKL-AUTO-F8BF04A0,Common Lisp,common-lisp,ESCO knowledge linked to selected occupations.,domain_knowledge,,cpx_1_5,source_mapped,not_reviewed,,,,true,2026.1
CPX-SKL-AUTO-F8C25EF2,collaborate with designers,collaborate-with-designers,ESCO skill linked to selected occupations.,transferable,,cpx_1_5,source_mapped,not_reviewed,,,,true,2026.1
CPX-SKL-AUTO-F906F498,develop microelectromechanical system test procedures,develop-microelectromechanical-system-test-procedures,ESCO skill linked to selected occupations.,transferable,,cpx_1_5,source_mapped,not_reviewed,,,,true,2026.1
CPX-SKL-AUTO-F9398449,microassembly,microassembly,ESCO knowledge linked to selected occupations.,domain_knowledge,,cpx_1_5,source_mapped,not_reviewed,,,,true,2026.1
CPX-SKL-AUTO-F945B106,regulations on substances,regulations-on-substances,ESCO knowledge linked to selected occupations.,domain_knowledge,,cpx_1_5,source_mapped,not_reviewed,,,,true,2026.1
CPX-SKL-AUTO-F9461521,Adobe Dreamweaver,adobe-dreamweaver,Web page creation and editing software,tool,,cpx_1_5,source_mapped,not_reviewed,,,,true,2026.1
CPX-SKL-AUTO-F99C5CDA,monitor contractor performance,monitor-contractor-performance,ESCO skill linked to selected occupations.,transferable,,cpx_1_5,source_mapped,not_reviewed,,,,true,2026.1
CPX-SKL-AUTO-F99FA6C2,80-20 Software Leaders4,80-20-software-leaders4,Compliance software,tool,,cpx_1_5,source_mapped,not_reviewed,,,,true,2026.1
CPX-SKL-AUTO-FA1782F6,model microelectronics,model-microelectronics,ESCO skill linked to selected occupations.,transferable,,cpx_1_5,source_mapped,not_reviewed,,,,true,2026.1
CPX-SKL-AUTO-FA2D4962,write inspection reports,write-inspection-reports,ESCO skill linked to selected occupations.,transferable,,cpx_1_5,source_mapped,not_reviewed,,,,true,2026.1
CPX-SKL-AUTO-FAA6CE4C,environmental legislation,environmental-legislation,ESCO knowledge linked to selected occupations.,domain_knowledge,,cpx_1_5,source_mapped,not_reviewed,,,,true,2026.1
CPX-SKL-AUTO-FAE93037,Technical Skills,technical-skills,"Skills used to design, set up, operate, and fix machines and systems at work.",transferable,,cpx_1_5,source_mapped,not_reviewed,,,,true,2026.1
CPX-SKL-AUTO-FB03F0F4,manage engineering project,manage-engineering-project,ESCO skill linked to selected occupations.,project_delivery,,cpx_1_5,source_mapped,not_reviewed,,,,true,2026.1
CPX-SKL-AUTO-FB0488C1,conduct research before survey,conduct-research-before-survey,ESCO skill linked to selected occupations.,transferable,,cpx_1_5,source_mapped,not_reviewed,,,,true,2026.1
CPX-SKL-AUTO-FB2446BF,Learning Strategies,learning-strategies,Selecting and using training/instructional methods and procedures appropriate for the situation when learning or teaching new things.,technical,,cpx_1_5,source_mapped,not_reviewed,,,,true,2026.1
CPX-SKL-AUTO-FB54B8DC,design solar energy systems,design-solar-energy-systems,ESCO skill linked to selected occupations.,transferable,,cpx_1_5,source_mapped,not_reviewed,,,,true,2026.1
CPX-SKL-AUTO-FB9548FF,Systems Skills,systems-skills,"Skills used to understand and improve systems at work, such as processes, decision making, or workflows.",transferable,,cpx_1_5,source_mapped,not_reviewed,,,,true,2026.1
CPX-SKL-AUTO-FBA7AB70,repair engines,repair-engines,ESCO skill linked to selected occupations.,transferable,,cpx_1_5,source_mapped,not_reviewed,,,,true,2026.1
CPX-SKL-AUTO-FBD5DCB4,Quality Control Analysis,quality-control-analysis,"Conducting tests and inspections of products, services, or processes to evaluate quality or performance.",transferable,,cpx_1_5,source_mapped,not_reviewed,,,,true,2026.1
CPX-SKL-AUTO-FBEA047F,microprocessors,microprocessors,ESCO knowledge linked to selected occupations.,domain_knowledge,,cpx_1_5,source_mapped,not_reviewed,,,,true,2026.1
CPX-SKL-AUTO-FC09EE69,perform follow-up on pipeline route services,perform-follow-up-on-pipeline-route-services,ESCO skill linked to selected occupations.,transferable,,cpx_1_5,source_mapped,not_reviewed,,,,true,2026.1
CPX-SKL-AUTO-FC1FD883,consumer electronics,consumer-electronics,ESCO knowledge linked to selected occupations.,domain_knowledge,,cpx_1_5,source_mapped,not_reviewed,,,,true,2026.1
CPX-SKL-AUTO-FC24CEEA,assess project resource needs,assess-project-resource-needs,ESCO skill linked to selected occupations.,project_delivery,,cpx_1_5,source_mapped,not_reviewed,,,,true,2026.1
CPX-SKL-AUTO-FC872E3D,prepare geological map sections,prepare-geological-map-sections,ESCO skill linked to selected occupations.,transferable,,cpx_1_5,source_mapped,not_reviewed,,,,true,2026.1
CPX-SKL-AUTO-FD4864F4,transportation engineering,transportation-engineering,ESCO knowledge linked to selected occupations.,domain_knowledge,,cpx_1_5,source_mapped,not_reviewed,,,,true,2026.1
CPX-SKL-AUTO-FD725E3B,manage engine-room resources,manage-engine-room-resources,ESCO skill linked to selected occupations.,transferable,,cpx_1_5,source_mapped,not_reviewed,,,,true,2026.1
CPX-SKL-AUTO-FD7A082E,provide training,provide-training,ESCO skill linked to selected occupations.,transferable,,cpx_1_5,source_mapped,not_reviewed,,,,true,2026.1
CPX-SKL-AUTO-FDD48A42,civil engineering,civil-engineering,ESCO knowledge linked to selected occupations.,domain_knowledge,,cpx_1_5,source_mapped,not_reviewed,,,,true,2026.1
CPX-SKL-AUTO-FDFD0728,use ICT equipment in maintenance activities,use-ict-equipment-in-maintenance-activities,ESCO skill linked to selected occupations.,transferable,,cpx_1_5,source_mapped,not_reviewed,,,,true,2026.1
CPX-SKL-AUTO-FE22E975,Foreign Language,foreign-language,"Knowledge of the structure and content of a foreign (non-English) language including the meaning and spelling of words, rules of composition and grammar, and pronunciation.",domain_knowledge,,cpx_1_5,source_mapped,not_reviewed,,,,true,2026.1
CPX-SKL-AUTO-FE3BE470,public law,public-law,ESCO knowledge linked to selected occupations.,domain_knowledge,,cpx_1_5,source_mapped,not_reviewed,,,,true,2026.1
CPX-SKL-AUTO-FE58BCFF,develop geological databases,develop-geological-databases,ESCO skill linked to selected occupations.,transferable,,cpx_1_5,source_mapped,not_reviewed,,,,true,2026.1
CPX-SKL-AUTO-FEB129DD,ANSYS AQWA,ansys-aqwa,Analytical or scientific software,tool,,cpx_1_5,source_mapped,not_reviewed,,,,true,2026.1
CPX-SKL-AUTO-FED6A33E,manage supplies,manage-supplies,ESCO skill linked to selected occupations.,transferable,,cpx_1_5,source_mapped,not_reviewed,,,,true,2026.1
CPX-SKL-AUTO-FF41219D,keep records of work progress,keep-records-of-work-progress,ESCO skill linked to selected occupations.,transferable,,cpx_1_5,source_mapped,not_reviewed,,,,true,2026.1
CPX-SKL-AUTO-FF7F2BA1,promote public transport,promote-public-transport,ESCO skill linked to selected occupations.,transferable,,cpx_1_5,source_mapped,not_reviewed,,,,true,2026.1
CPX-SKL-AUTO-FFA7CD6D,level earth surface,level-earth-surface,ESCO skill linked to selected occupations.,transferable,,cpx_1_5,source_mapped,not_reviewed,,,,true,2026.1
