skill_code,alias,normalised_alias,language_code,country_code,industry_context,source_id,source_record_id,source_name,confidence,verification_status,review_status,reviewed_by,reviewed_at,review_notes,taxonomy_version
CPX-SKL-AUTO-57202730,100 Plus Hatch Pattern Library,100 plus hatch pattern library,en,US,tool,onet,onet/skills.csv:311,O*NET database,0.35,source_mapped,not_reviewed,,,,2026.1
CPX-SKL-AUTO-0F27BB87,1003 Uniform Residential Loan Application,1003 uniform residential loan application,en,US,tool,onet,onet/skills.csv:364,O*NET database,0.35,source_mapped,not_reviewed,,,,2026.1
CPX-SKL-AUTO-74BF389C,1099 ProsSoftware,1099 prossoftware,en,US,tool,onet,onet/skills.csv:232,O*NET database,0.35,source_mapped,not_reviewed,,,,2026.1
CPX-SKL-AUTO-A1AFC7CA,1CadCam Unigraphics,1cadcam unigraphics,en,US,tool,onet,onet/skills.csv:263,O*NET database,0.35,source_mapped,not_reviewed,,,,2026.1
CPX-SKL-AUTO-51D1FA61,1ST Pricing Window & Door Toolkit,1st pricing window and door toolkit,en,US,tool,onet,onet/skills.csv:355,O*NET database,0.35,source_mapped,not_reviewed,,,,2026.1
CPX-SKL-AUTO-0F420CA2,24SevenOffice Project,24sevenoffice project,en,US,tool,onet,onet/skills.csv:157,O*NET database,0.35,source_mapped,not_reviewed,,,,2026.1
CPX-SKL-AUTO-EA566CB4,2AB iLock Security Services,2ab ilock security services,en,US,tool,onet,onet/skills.csv:300,O*NET database,0.35,source_mapped,not_reviewed,,,,2026.1
CPX-SKL-AUTO-C16AA3F2,360 Analytics eQUEST,360 analytics equest,en,US,tool,onet,onet/skills.csv:331,O*NET database,0.35,source_mapped,not_reviewed,,,,2026.1
CPX-SKL-AUTO-7C45F541,3D graphics software,3d graphics software,en,US,tool,onet,onet/skills.csv:213,O*NET database,0.35,source_mapped,not_reviewed,,,,2026.1
CPX-SKL-AUTO-29111B5F,3D modelling,3d modeling,en,EU,domain_knowledge,esco,http://data.europa.eu/esco/skill/97965983-0da4-4902-9daf-d5cd2693ef73,ESCO occupations and skills,0.35,source_mapped,not_reviewed,,,,2026.1
CPX-SKL-AUTO-B38F4836,3D Static Strength Prediction Program 3DSSPP,3d static strength prediction program 3dsspp,en,US,tool,onet,onet/skills.csv:345,O*NET database,0.35,source_mapped,not_reviewed,,,,2026.1
CPX-SKL-AUTO-2A194807,3D urban simulation modeling software,3d urban simulation modeling software,en,US,tool,onet,onet/skills.csv:207,O*NET database,0.35,source_mapped,not_reviewed,,,,2026.1
CPX-SKL-AUTO-ED4CAF51,3M Post-it App,3m post-it app,en,US,tool,onet,onet/skills.csv:402,O*NET database,0.35,source_mapped,not_reviewed,,,,2026.1
CPX-SKL-AUTO-0AF0AB73,3PL Central,3pl central,en,US,tool,onet,onet/skills.csv:340,O*NET database,0.35,source_mapped,not_reviewed,,,,2026.1
CPX-SKL-AUTO-85417D45,5AM Glassbox Translational Research,5am glassbox translational research,en,US,tool,onet,onet/skills.csv:182,O*NET database,0.35,source_mapped,not_reviewed,,,,2026.1
CPX-SKL-AUTO-F99FA6C2,80-20 Software Leaders4,80-20 software leaders4,en,US,tool,onet,onet/skills.csv:267,O*NET database,0.35,source_mapped,not_reviewed,,,,2026.1
CPX-SKL-AUTO-83FC6E1A,A mathematical programming language AMPL,a mathematical programming language ampl,en,US,tool,onet,onet/skills.csv:230,O*NET database,0.35,source_mapped,not_reviewed,,,,2026.1
CPX-SKL-AUTO-65B434D8,A programming language APL,a programming language apl,en,US,tool,onet,onet/skills.csv:277,O*NET database,0.35,source_mapped,not_reviewed,,,,2026.1
CPX-SKL-AUTO-09AE6D10,Ab Initio,ab initio,en,US,tool,onet,onet/skills.csv:400,O*NET database,0.35,source_mapped,not_reviewed,,,,2026.1
CPX-SKL-AUTO-92E846A3,Abacus Tax,abacus tax,en,US,tool,onet,onet/skills.csv:203,O*NET database,0.35,source_mapped,not_reviewed,,,,2026.1
CPX-SKL-AUTO-3FC90475,ABAP,abap,en,EU,domain_knowledge,esco,http://data.europa.eu/esco/skill/eb0e5615-1575-4a86-a1a2-7d39595033c5,ESCO occupations and skills,0.35,source_mapped,not_reviewed,,,,2026.1
CPX-SKL-AUTO-2904C53A,ABB CPM4Metals,abb cpm4metals,en,US,tool,onet,onet/skills.csv:344,O*NET database,0.35,source_mapped,not_reviewed,,,,2026.1
CPX-SKL-AUTO-7E8FDD1D,ABB Optimize IT Predict & Control,abb optimize it predict and control,en,US,tool,onet,onet/skills.csv:191,O*NET database,0.35,source_mapped,not_reviewed,,,,2026.1
CPX-SKL-AUTO-8D03CB54,Abbott,abbott,en,US,tool,onet,onet/skills.csv:262,O*NET database,0.35,source_mapped,not_reviewed,,,,2026.1
CPX-SKL-AUTO-57534B0A,Abbott Informatics STARLIMS:LIMS,abbott informatics starlims lims,en,US,tool,onet,onet/skills.csv:297,O*NET database,0.35,source_mapped,not_reviewed,,,,2026.1
CPX-SKL-AUTO-D3F2F308,ABC Compiler,abc compiler,en,US,tool,onet,onet/skills.csv:370,O*NET database,0.35,source_mapped,not_reviewed,,,,2026.1
CPX-SKL-AUTO-2A2673AE,ABC: the AspectBench Compiler for AspectJ,abc the aspectbench compiler for aspectj,en,US,tool,onet,onet/skills.csv:307,O*NET database,0.35,source_mapped,not_reviewed,,,,2026.1
CPX-SKL-AUTO-D58496D9,abide by regulations on banned materials,abide by regulations on banned materials,en,EU,transferable,esco,http://data.europa.eu/esco/skill/c0ccbd15-36f3-4515-ae0b-b4062d225ee2,ESCO occupations and skills,0.35,source_mapped,not_reviewed,,,,2026.1
CPX-SKL-AUTO-1DD97F60,Abilities,abilities,en,US,transferable,onet,onet/skills.csv:3,O*NET database,0.35,source_mapped,not_reviewed,,,,2026.1
CPX-SKL-AUTO-5BD88274,ABOL Manifest Systems,abol manifest systems,en,US,tool,onet,onet/skills.csv:183,O*NET database,0.35,source_mapped,not_reviewed,,,,2026.1
CPX-SKL-AUTO-B9114043,Abraxas Energy Consulting Metrix,abraxas energy consulting metrix,en,US,tool,onet,onet/skills.csv:343,O*NET database,0.35,source_mapped,not_reviewed,,,,2026.1
CPX-SKL-AUTO-CA23ABC2,Absorption process simulation software,absorption process simulation software,en,US,tool,onet,onet/skills.csv:399,O*NET database,0.35,source_mapped,not_reviewed,,,,2026.1
CPX-SKL-AUTO-7219AF63,Acarda CallAssist,acarda callassist,en,US,tool,onet,onet/skills.csv:239,O*NET database,0.35,source_mapped,not_reviewed,,,,2026.1
CPX-SKL-AUTO-668C6195,Acarda ForbiddenCalls,acarda forbiddencalls,en,US,tool,onet,onet/skills.csv:286,O*NET database,0.35,source_mapped,not_reviewed,,,,2026.1
CPX-SKL-AUTO-3572B55A,AcaStat Software,acastat software,en,US,tool,onet,onet/skills.csv:373,O*NET database,0.35,source_mapped,not_reviewed,,,,2026.1
CPX-SKL-AUTO-86BF8A47,ACCA Manual J,acca manual j,en,US,tool,onet,onet/skills.csv:337,O*NET database,0.35,source_mapped,not_reviewed,,,,2026.1
CPX-SKL-AUTO-B71E6F0D,Accela KIVA DMS,accela kiva dms,en,US,tool,onet,onet/skills.csv:278,O*NET database,0.35,source_mapped,not_reviewed,,,,2026.1
CPX-SKL-AUTO-253D1188,Accela PERMITS Plus,accela permits plus,en,US,tool,onet,onet/skills.csv:166,O*NET database,0.35,source_mapped,not_reviewed,,,,2026.1
CPX-SKL-AUTO-65B22154,Accela Tidemark Advantage,accela tidemark advantage,en,US,tool,onet,onet/skills.csv:217,O*NET database,0.35,source_mapped,not_reviewed,,,,2026.1
CPX-SKL-AUTO-01DE95B3,Accelerated life testing software,accelerated life testing software,en,US,tool,onet,onet/skills.csv:202,O*NET database,0.35,source_mapped,not_reviewed,,,,2026.1
CPX-SKL-AUTO-C2CBA25C,Accelrys Pipeline Pilot,accelrys pipeline pilot,en,US,tool,onet,onet/skills.csv:382,O*NET database,0.35,source_mapped,not_reviewed,,,,2026.1
CPX-SKL-AUTO-DF270841,Access management software,access management software,en,US,tool,onet,onet/skills.csv:390,O*NET database,0.35,source_mapped,not_reviewed,,,,2026.1
CPX-SKL-AUTO-0B41388E,AccessData FTK,accessdata ftk,en,US,tool,onet,onet/skills.csv:216,O*NET database,0.35,source_mapped,not_reviewed,,,,2026.1
CPX-SKL-AUTO-38F1F9C2,Accountants Templates JAZZ-It!,accountants templates jazz-it,en,US,tool,onet,onet/skills.csv:254,O*NET database,0.35,source_mapped,not_reviewed,,,,2026.1
CPX-SKL-AUTO-26753A9A,Accounting compliance software,accounting compliance software,en,US,tool,onet,onet/skills.csv:273,O*NET database,0.35,source_mapped,not_reviewed,,,,2026.1
CPX-SKL-AUTO-38F4056C,Accutech Systems Corporation AccuFarm-MGR,accutech systems corporation accufarm-mgr,en,US,tool,onet,onet/skills.csv:367,O*NET database,0.35,source_mapped,not_reviewed,,,,2026.1
CPX-SKL-AUTO-1048CB27,AcmeStudio,acmestudio,en,US,tool,onet,onet/skills.csv:351,O*NET database,0.35,source_mapped,not_reviewed,,,,2026.1
CPX-SKL-AUTO-174310DB,acoustics,acoustics,en,EU,domain_knowledge,esco,http://data.europa.eu/esco/skill/26879b10-1df9-4071-a4c5-cb8e32eddb99,ESCO occupations and skills,0.35,source_mapped,not_reviewed,,,,2026.1
CPX-SKL-AUTO-42D634FD,Acronis Recovery Expert,acronis recovery expert,en,US,tool,onet,onet/skills.csv:404,O*NET database,0.35,source_mapped,not_reviewed,,,,2026.1
CPX-SKL-AUTO-9064FEF8,Act!,act,en,US,tool,onet,onet/skills.csv:306,O*NET database,0.35,source_mapped,not_reviewed,,,,2026.1
CPX-SKL-AUTO-7FB626F5,ACT! Premium,act premium,en,US,tool,onet,onet/skills.csv:322,O*NET database,0.35,source_mapped,not_reviewed,,,,2026.1
CPX-SKL-AUTO-14505B4A,Actano Rplan,actano rplan,en,US,tool,onet,onet/skills.csv:226,O*NET database,0.35,source_mapped,not_reviewed,,,,2026.1
CPX-SKL-AUTO-8216034E,Actimize Brokerage Compliance Solutions,actimize brokerage compliance solutions,en,US,tool,onet,onet/skills.csv:327,O*NET database,0.35,source_mapped,not_reviewed,,,,2026.1
CPX-SKL-AUTO-4E7AB23B,ActionWare,actionware,en,US,tool,onet,onet/skills.csv:261,O*NET database,0.35,source_mapped,not_reviewed,,,,2026.1
CPX-SKL-AUTO-CA4D7BCC,Active directory software,active directory software,en,US,tool,onet,onet/skills.csv:229,O*NET database,0.35,source_mapped,not_reviewed,,,,2026.1
CPX-SKL-AUTO-9FAC0B50,Active Learning,active learning,en,US,technical,onet,onet/skills.csv:79,O*NET database,0.35,source_mapped,not_reviewed,,,,2026.1
CPX-SKL-AUTO-24F77E32,Active Listening,active listening,en,US,technical,onet,onet/skills.csv:72,O*NET database,0.35,source_mapped,not_reviewed,,,,2026.1
CPX-SKL-AUTO-F4E3C8E4,Actuate BIRT,actuate birt,en,US,tool,onet,onet/skills.csv:187,O*NET database,0.35,source_mapped,not_reviewed,,,,2026.1
CPX-SKL-AUTO-B6AB82A3,Actuate Eclipse BIRT,actuate eclipse birt,en,US,tool,onet,onet/skills.csv:181,O*NET database,0.35,source_mapped,not_reviewed,,,,2026.1
CPX-SKL-AUTO-DBD10ADB,Ada,ada,en,US,tool,onet,onet/skills.csv:318,O*NET database,0.35,source_mapped,not_reviewed,,,,2026.1
CPX-SKL-AUTO-0E1D5981,adapt energy distribution schedules,adapt energy distribution schedules,en,EU,transferable,esco,http://data.europa.eu/esco/skill/f191c306-f0eb-4cb8-82fb-3331adbbc6f1,ESCO occupations and skills,0.35,source_mapped,not_reviewed,,,,2026.1
CPX-SKL-AUTO-0EC9F61C,Adaptive conjoint analysis ACA software,adaptive conjoint analysis aca software,en,US,tool,onet,onet/skills.csv:406,O*NET database,0.35,source_mapped,not_reviewed,,,,2026.1
CPX-SKL-AUTO-37EC3357,Adaptive Metadata Manager,adaptive metadata manager,en,US,tool,onet,onet/skills.csv:248,O*NET database,0.35,source_mapped,not_reviewed,,,,2026.1
CPX-SKL-AUTO-54DD00B8,address problems critically,address problems critically,en,EU,transferable,esco,http://data.europa.eu/esco/skill/b9f16465-56a9-426b-a047-0f9f1f95ec92,ESCO occupations and skills,0.35,source_mapped,not_reviewed,,,,2026.1
CPX-SKL-AUTO-D4C8A993,Adept Scientific GRAMS,adept scientific grams,en,US,tool,onet,onet/skills.csv:407,O*NET database,0.35,source_mapped,not_reviewed,,,,2026.1
CPX-SKL-AUTO-9F8679E4,Adeptia ETL Suite,adeptia etl suite,en,US,tool,onet,onet/skills.csv:385,O*NET database,0.35,source_mapped,not_reviewed,,,,2026.1
CPX-SKL-AUTO-80515BE9,Adexa eGPS Suite,adexa egps suite,en,US,tool,onet,onet/skills.csv:285,O*NET database,0.35,source_mapped,not_reviewed,,,,2026.1
CPX-SKL-AUTO-ECF7F63F,Adexa Supply Chain Planning,adexa supply chain planning,en,US,tool,onet,onet/skills.csv:201,O*NET database,0.35,source_mapped,not_reviewed,,,,2026.1
CPX-SKL-AUTO-010E3D29,adhere to organisational guidelines,adhere to organisational guidelines,en,EU,transferable,esco,http://data.europa.eu/esco/skill/aa238394-8126-4ada-be2f-9dfe065cf314,ESCO occupations and skills,0.35,source_mapped,not_reviewed,,,,2026.1
CPX-SKL-AUTO-6F647F1B,adjust engineering designs,adjust engineering designs,en,EU,transferable,esco,http://data.europa.eu/esco/skill/42b23922-1c40-4dbe-9e0c-7a568dfdf06b,ESCO occupations and skills,0.35,source_mapped,not_reviewed,,,,2026.1
CPX-SKL-AUTO-8F3B6753,adjust surveying equipment,adjust surveying equipment,en,EU,transferable,esco,http://data.europa.eu/esco/skill/bb0069d2-0953-43d4-923b-18ad370bc2f3,ESCO occupations and skills,0.35,source_mapped,not_reviewed,,,,2026.1
CPX-SKL-AUTO-A61DD5AC,Adlib Express,adlib express,en,US,tool,onet,onet/skills.csv:329,O*NET database,0.35,source_mapped,not_reviewed,,,,2026.1
CPX-SKL-AUTO-C3115E1E,Administration and Management,administration and management,en,US,domain_knowledge,onet,onet/skills.csv:115,O*NET database,0.35,source_mapped,not_reviewed,,,,2026.1
CPX-SKL-AUTO-5A3F6FDF,Administrative,administrative,en,US,domain_knowledge,onet,onet/skills.csv:116,O*NET database,0.35,source_mapped,not_reviewed,,,,2026.1
CPX-SKL-AUTO-5268705C,ADO.NET,ado.net,en,US,tool,onet,onet/skills.csv:264,O*NET database,0.35,source_mapped,not_reviewed,,,,2026.1
CPX-SKL-AUTO-78AFBA64,Adobe Acrobat,adobe acrobat,en,US,tool,onet,onet/skills.csv:336,O*NET database,0.35,source_mapped,not_reviewed,,,,2026.1
CPX-SKL-AUTO-3BFF5F37,Adobe Acrobat Pro Extended,adobe acrobat pro extended,en,US,tool,onet,onet/skills.csv:301,O*NET database,0.35,source_mapped,not_reviewed,,,,2026.1
CPX-SKL-AUTO-6731604A,Adobe Acrobat Reader,adobe acrobat reader,en,US,tool,onet,onet/skills.csv:231,O*NET database,0.35,source_mapped,not_reviewed,,,,2026.1
CPX-SKL-AUTO-BB3FEAB2,Adobe ActionScript,adobe actionscript,en,US,tool,onet,onet/skills.csv:164,O*NET database,0.35,source_mapped,not_reviewed,,,,2026.1
CPX-SKL-AUTO-9155F52E,Adobe After Effects,adobe after effects,en,US,tool,onet,onet/skills.csv:302,O*NET database,0.35,source_mapped,not_reviewed,,,,2026.1
CPX-SKL-AUTO-47D615F6,Adobe AIR,adobe air,en,US,tool,onet,onet/skills.csv:253,O*NET database,0.35,source_mapped,not_reviewed,,,,2026.1
CPX-SKL-AUTO-65CFECFD,Adobe Audition,adobe audition,en,US,tool,onet,onet/skills.csv:325,O*NET database,0.35,source_mapped,not_reviewed,,,,2026.1
CPX-SKL-AUTO-7AD032F8,Adobe ColdFusion,adobe coldfusion,en,US,tool,onet,onet/skills.csv:339,O*NET database,0.35,source_mapped,not_reviewed,,,,2026.1
CPX-SKL-AUTO-9BB9BA8A,Adobe Creative Cloud software,adobe creative cloud software,en,US,tool,onet,onet/skills.csv:161,O*NET database,0.35,source_mapped,not_reviewed,,,,2026.1
CPX-SKL-AUTO-E566691A,Adobe Distiller,adobe distiller,en,US,tool,onet,onet/skills.csv:312,O*NET database,0.35,source_mapped,not_reviewed,,,,2026.1
CPX-SKL-AUTO-F9461521,Adobe Dreamweaver,adobe dreamweaver,en,US,tool,onet,onet/skills.csv:274,O*NET database,0.35,source_mapped,not_reviewed,,,,2026.1
CPX-SKL-AUTO-769CA215,Adobe Experience Manager (AEM),adobe experience manager aem,en,US,tool,onet,onet/skills.csv:314,O*NET database,0.35,source_mapped,not_reviewed,,,,2026.1
CPX-SKL-AUTO-C9FEFCA6,Adobe Flex,adobe flex,en,US,tool,onet,onet/skills.csv:356,O*NET database,0.35,source_mapped,not_reviewed,,,,2026.1
CPX-SKL-AUTO-4702B189,Adobe Illustrator,adobe illustrator,en,US,tool,onet,onet/skills.csv:219,O*NET database,0.35,source_mapped,not_reviewed,,,,2026.1
CPX-SKL-AUTO-2F6D5311,Adobe InDesign,adobe indesign,en,US,tool,onet,onet/skills.csv:284,O*NET database,0.35,source_mapped,not_reviewed,,,,2026.1
CPX-SKL-AUTO-C2CD85FB,Adobe LifeCycle ES,adobe lifecycle es,en,US,tool,onet,onet/skills.csv:280,O*NET database,0.35,source_mapped,not_reviewed,,,,2026.1
CPX-SKL-AUTO-299A329B,Adobe PageMaker,adobe pagemaker,en,US,tool,onet,onet/skills.csv:395,O*NET database,0.35,source_mapped,not_reviewed,,,,2026.1
CPX-SKL-AUTO-9F1A0CDE,Adobe Photoshop,adobe photoshop,en,US,tool,onet,onet/skills.csv:156,O*NET database,0.35,source_mapped,not_reviewed,,,,2026.1
CPX-SKL-AUTO-BE6DE825,ADP Enterprise HR,adp enterprise hr,en,US,tool,onet,onet/skills.csv:194,O*NET database,0.35,source_mapped,not_reviewed,,,,2026.1
CPX-SKL-AUTO-4DC4C2BE,ADP Workforce Now,adp workforce now,en,US,tool,onet,onet/skills.csv:401,O*NET database,0.35,source_mapped,not_reviewed,,,,2026.1
CPX-SKL-AUTO-702A4388,Advanced boolean expression language ABEL,advanced boolean expression language abel,en,US,tool,onet,onet/skills.csv:244,O*NET database,0.35,source_mapped,not_reviewed,,,,2026.1
CPX-SKL-AUTO-1B7A43FB,Advanced business application programming ABAP,advanced business application programming abap,en,US,tool,onet,onet/skills.csv:398,O*NET database,0.35,source_mapped,not_reviewed,,,,2026.1
CPX-SKL-AUTO-A808E37D,Advanced Dimensional Management 3D-GD&T,advanced dimensional management 3d-gd and t,en,US,tool,onet,onet/skills.csv:324,O*NET database,0.35,source_mapped,not_reviewed,,,,2026.1
CPX-SKL-AUTO-6294BC9A,Advanced numerical software,advanced numerical software,en,US,tool,onet,onet/skills.csv:358,O*NET database,0.35,source_mapped,not_reviewed,,,,2026.1
CPX-SKL-AUTO-14AFF5E6,Advanced Portfolio Technologies Report Builder,advanced portfolio technologies report builder,en,US,tool,onet,onet/skills.csv:172,O*NET database,0.35,source_mapped,not_reviewed,,,,2026.1
CPX-SKL-AUTO-AABAD769,Advanced Portfolio Technologies Simulator,advanced portfolio technologies simulator,en,US,tool,onet,onet/skills.csv:212,O*NET database,0.35,source_mapped,not_reviewed,,,,2026.1
CPX-SKL-AUTO-4083B082,Advanced Veterinary Services Ranch Vision,advanced veterinary services ranch vision,en,US,tool,onet,onet/skills.csv:221,O*NET database,0.35,source_mapped,not_reviewed,,,,2026.1
CPX-SKL-AUTO-0FFF9E3F,Advantos Systems DataTrust Enterprise,advantos systems datatrust enterprise,en,US,tool,onet,onet/skills.csv:193,O*NET database,0.35,source_mapped,not_reviewed,,,,2026.1
CPX-SKL-AUTO-47BCBF08,advise architects,advise architects,en,EU,transferable,esco,http://data.europa.eu/esco/skill/d329b1ed-6e7a-400e-bca2-7c1936fbfbcb,ESCO occupations and skills,0.35,source_mapped,not_reviewed,,,,2026.1
CPX-SKL-AUTO-296147A6,advise land owners of bridge inspection,advise land owners of bridge inspection,en,EU,transferable,esco,http://data.europa.eu/esco/skill/172112b9-1cf8-4b7c-818b-06f0205e52b3,ESCO occupations and skills,0.35,source_mapped,not_reviewed,,,,2026.1
CPX-SKL-AUTO-97CA9C90,advise on architectural matters,advise on architectural matters,en,EU,transferable,esco,http://data.europa.eu/esco/skill/910b818b-bc24-4d17-844e-941a8bc997a9,ESCO occupations and skills,0.35,source_mapped,not_reviewed,,,,2026.1
CPX-SKL-AUTO-32EA871F,advise on bridge replacement,advise on bridge replacement,en,EU,transferable,esco,http://data.europa.eu/esco/skill/3bc2f41c-fd12-4e01-b60f-4b257fe6a7f0,ESCO occupations and skills,0.35,source_mapped,not_reviewed,,,,2026.1
CPX-SKL-AUTO-3303E435,advise on building matters,advise on building matters,en,EU,transferable,esco,http://data.europa.eu/esco/skill/3b64ab47-a874-403a-b781-7b23c2fc3c6c,ESCO occupations and skills,0.35,source_mapped,not_reviewed,,,,2026.1
CPX-SKL-AUTO-8A8352EA,advise on construction materials,advise on construction materials,en,EU,transferable,esco,http://data.europa.eu/esco/skill/01c03003-516d-43c6-8477-45c472413521,ESCO occupations and skills,0.35,source_mapped,not_reviewed,,,,2026.1
CPX-SKL-AUTO-0128A4B5,advise on environmental remediation,advise on environmental remediation,en,EU,transferable,esco,http://data.europa.eu/esco/skill/b422efe7-b151-4120-86ae-db11a48dd0fa,ESCO occupations and skills,0.35,source_mapped,not_reviewed,,,,2026.1
CPX-SKL-AUTO-6DD71513,advise on geology for mineral extraction,advise on geology for mineral extraction,en,EU,transferable,esco,http://data.europa.eu/esco/skill/ed1d2fed-92c4-47d6-9d6d-34d501c55572,ESCO occupations and skills,0.35,source_mapped,not_reviewed,,,,2026.1
CPX-SKL-AUTO-C5376691,advise on heating systems energy efficiency,advise on heating systems energy efficiency,en,EU,transferable,esco,http://data.europa.eu/esco/skill/8614b988-b907-473e-a701-47b525959dc8,ESCO occupations and skills,0.35,source_mapped,not_reviewed,,,,2026.1
CPX-SKL-AUTO-5F843E05,advise on irrigation projects,advise on irrigation projects,en,EU,transferable,esco,http://data.europa.eu/esco/skill/5b8d63ff-a58b-4331-a53b-b1925acae4dc,ESCO occupations and skills,0.35,source_mapped,not_reviewed,,,,2026.1
CPX-SKL-AUTO-323AAC84,advise on mine equipment,advise on mine equipment,en,EU,transferable,esco,http://data.europa.eu/esco/skill/f4482d36-86d0-422d-aeb2-59d1bbebb6ff,ESCO occupations and skills,0.35,source_mapped,not_reviewed,,,,2026.1
CPX-SKL-AUTO-925BE284,advise on pollution prevention,advise on pollution prevention,en,EU,transferable,esco,http://data.europa.eu/esco/skill/4d032f82-6279-48e6-9892-116440a071e3,ESCO occupations and skills,0.35,source_mapped,not_reviewed,,,,2026.1
CPX-SKL-AUTO-520A0747,advise on site selection,advise on site selection,en,EU,transferable,esco,http://data.europa.eu/esco/skill/9e4dc918-cc74-432e-9b39-53b1b606748a,ESCO occupations and skills,0.35,source_mapped,not_reviewed,,,,2026.1
CPX-SKL-AUTO-3FE65072,advise on soil and water protection,advise on soil and water protection,en,EU,transferable,esco,http://data.europa.eu/esco/skill/3e25fd3e-2bcd-4320-9587-0aadf7fb93b1,ESCO occupations and skills,0.35,source_mapped,not_reviewed,,,,2026.1
CPX-SKL-AUTO-B1EF8FE9,advise on use of land,advise on use of land,en,EU,transferable,esco,http://data.europa.eu/esco/skill/8b46636e-e201-4086-a8d5-049b65eaf40e,ESCO occupations and skills,0.35,source_mapped,not_reviewed,,,,2026.1
CPX-SKL-AUTO-38CDFCC2,advise on waste management procedures,advise on waste management procedures,en,EU,transferable,esco,http://data.europa.eu/esco/skill/f82b05a7-128b-4a72-a815-044ff6062f62,ESCO occupations and skills,0.35,source_mapped,not_reviewed,,,,2026.1
CPX-SKL-AUTO-0BBB8BC2,AEC Software FastTrack Schedule,aec software fasttrack schedule,en,US,tool,onet,onet/skills.csv:279,O*NET database,0.35,source_mapped,not_reviewed,,,,2026.1
CPX-SKL-AUTO-D9FE7820,AeroHydro MultiSurf,aerohydro multisurf,en,US,tool,onet,onet/skills.csv:384,O*NET database,0.35,source_mapped,not_reviewed,,,,2026.1
CPX-SKL-AUTO-D6769A8D,Ag Connections Land.db,ag connections land.db,en,US,tool,onet,onet/skills.csv:287,O*NET database,0.35,source_mapped,not_reviewed,,,,2026.1
CPX-SKL-AUTO-310683A7,Agile Product Lifecyle Management PLM,agile product lifecyle management plm,en,US,tool,onet,onet/skills.csv:371,O*NET database,0.35,source_mapped,not_reviewed,,,,2026.1
CPX-SKL-AUTO-60BF5C1D,Agilent ChemStation,agilent chemstation,en,US,tool,onet,onet/skills.csv:292,O*NET database,0.35,source_mapped,not_reviewed,,,,2026.1
CPX-SKL-AUTO-65D79D0F,Agiliance Compliance Manager,agiliance compliance manager,en,US,tool,onet,onet/skills.csv:178,O*NET database,0.35,source_mapped,not_reviewed,,,,2026.1
CPX-SKL-AUTO-9C3F9224,Air dispersion modeling software,air dispersion modeling software,en,US,tool,onet,onet/skills.csv:228,O*NET database,0.35,source_mapped,not_reviewed,,,,2026.1
CPX-SKL-AUTO-902FF101,air traffic management,air traffic management,en,EU,domain_knowledge,esco,http://data.europa.eu/esco/skill/34330a42-eeb0-44c3-a41e-670e9b20c7c7,ESCO occupations and skills,0.35,source_mapped,not_reviewed,,,,2026.1
CPX-SKL-AUTO-89F3C417,aircraft flight control systems,aircraft flight control systems,en,EU,domain_knowledge,esco,http://data.europa.eu/esco/skill/2672f6a9-1e70-43c5-859d-e6a0fc9ea0f1,ESCO occupations and skills,0.35,source_mapped,not_reviewed,,,,2026.1
CPX-SKL-AUTO-3F931A3E,aircraft mechanics,aircraft mechanics,en,EU,domain_knowledge,esco,http://data.europa.eu/esco/skill/532bcdca-a889-4dea-8f7f-4e03d8cfd0d2,ESCO occupations and skills,0.35,source_mapped,not_reviewed,,,,2026.1
CPX-SKL-AUTO-320273DB,Airline global distribution systems GDS software,airline global distribution systems gds software,en,US,tool,onet,onet/skills.csv:403,O*NET database,0.35,source_mapped,not_reviewed,,,,2026.1
CPX-SKL-AUTO-1485E59B,AIRMaster+,airmaster+,en,US,tool,onet,onet/skills.csv:387,O*NET database,0.35,source_mapped,not_reviewed,,,,2026.1
CPX-SKL-AUTO-4C159E21,airport planning,airport planning,en,EU,domain_knowledge,esco,http://data.europa.eu/esco/skill/137833bd-aa42-47b5-8005-dd004060c8b5,ESCO occupations and skills,0.35,source_mapped,not_reviewed,,,,2026.1
CPX-SKL-AUTO-9C2EFC31,Airtable,airtable,en,US,tool,onet,onet/skills.csv:240,O*NET database,0.35,source_mapped,not_reviewed,,,,2026.1
CPX-SKL-AUTO-460663FB,AJAX,ajax,en,EU,domain_knowledge,esco,http://data.europa.eu/esco/skill/b4dc6e4f-dc7d-445f-8ce2-d7b9d225e282,ESCO occupations and skills,0.35,source_mapped,not_reviewed,,,,2026.1
CPX-SKL-AUTO-88B31B98,Alcestis,alcestis,en,US,tool,onet,onet/skills.csv:218,O*NET database,0.35,source_mapped,not_reviewed,,,,2026.1
CPX-SKL-AUTO-153CBA2C,Aldata Warehouse Management,aldata warehouse management,en,US,tool,onet,onet/skills.csv:249,O*NET database,0.35,source_mapped,not_reviewed,,,,2026.1
CPX-SKL-AUTO-34C24CC9,Algorithmic software,algorithmic software,en,US,tool,onet,onet/skills.csv:288,O*NET database,0.35,source_mapped,not_reviewed,,,,2026.1
CPX-SKL-AUTO-51493DB2,align software with system architectures,align software with system architectures,en,EU,technical,esco,http://data.europa.eu/esco/skill/2857540c-180b-4208-9127-e94a01871966,ESCO occupations and skills,0.35,source_mapped,not_reviewed,,,,2026.1
CPX-SKL-AUTO-511A6364,Aljex Inventory,aljex inventory,en,US,tool,onet,onet/skills.csv:361,O*NET database,0.35,source_mapped,not_reviewed,,,,2026.1
CPX-SKL-AUTO-522D495D,Allen Bradley PanelView,allen bradley panelview,en,US,tool,onet,onet/skills.csv:237,O*NET database,0.35,source_mapped,not_reviewed,,,,2026.1
CPX-SKL-AUTO-A66F8B9D,Allscripts healthcare automation software,allscripts healthcare automation software,en,US,tool,onet,onet/skills.csv:372,O*NET database,0.35,source_mapped,not_reviewed,,,,2026.1
CPX-SKL-AUTO-8A2A2EA6,Alstom ESARAD,alstom esarad,en,US,tool,onet,onet/skills.csv:169,O*NET database,0.35,source_mapped,not_reviewed,,,,2026.1
CPX-SKL-AUTO-CEEBA88B,Alstom ESATAN,alstom esatan,en,US,tool,onet,onet/skills.csv:396,O*NET database,0.35,source_mapped,not_reviewed,,,,2026.1
CPX-SKL-AUTO-515FCA4E,Altair Engineering MotionSolve,altair engineering motionsolve,en,US,tool,onet,onet/skills.csv:377,O*NET database,0.35,source_mapped,not_reviewed,,,,2026.1
CPX-SKL-AUTO-AFDBE3F3,Altera hardware description language AHDL,altera hardware description language ahdl,en,US,tool,onet,onet/skills.csv:296,O*NET database,0.35,source_mapped,not_reviewed,,,,2026.1
CPX-SKL-AUTO-70526123,Alteryx software,alteryx software,en,US,tool,onet,onet/skills.csv:233,O*NET database,0.35,source_mapped,not_reviewed,,,,2026.1
CPX-SKL-AUTO-56F77140,Altova MapForce,altova mapforce,en,US,tool,onet,onet/skills.csv:410,O*NET database,0.35,source_mapped,not_reviewed,,,,2026.1
CPX-SKL-AUTO-D5420881,Amazon DynamoDB,amazon dynamodb,en,US,tool,onet,onet/skills.csv:227,O*NET database,0.35,source_mapped,not_reviewed,,,,2026.1
CPX-SKL-AUTO-6E1EC101,Amazon Elastic Compute Cloud EC2,amazon elastic compute cloud ec2,en,US,tool,onet,onet/skills.csv:206,O*NET database,0.35,source_mapped,not_reviewed,,,,2026.1
CPX-SKL-AUTO-3BC6E8A6,Amazon Elastic Container Service ECS,amazon elastic container service ecs,en,US,tool,onet,onet/skills.csv:415,O*NET database,0.35,source_mapped,not_reviewed,,,,2026.1
CPX-SKL-AUTO-8B87A263,Amazon Kinesis,amazon kinesis,en,US,tool,onet,onet/skills.csv:168,O*NET database,0.35,source_mapped,not_reviewed,,,,2026.1
CPX-SKL-AUTO-2D1CF748,Amazon Redshift,amazon redshift,en,US,tool,onet,onet/skills.csv:315,O*NET database,0.35,source_mapped,not_reviewed,,,,2026.1
CPX-SKL-AUTO-E1F4AA2D,Amazon Simple Storage Service S3,amazon simple storage service s3,en,US,tool,onet,onet/skills.csv:243,O*NET database,0.35,source_mapped,not_reviewed,,,,2026.1
CPX-SKL-AUTO-43D079AB,Amazon Web Services AWS CloudFormation,amazon web services aws cloudformation,en,US,tool,onet,onet/skills.csv:369,O*NET database,0.35,source_mapped,not_reviewed,,,,2026.1
CPX-SKL-AUTO-B218B2B4,Amazon Web Services AWS software,amazon web services aws software,en,US,tool,onet,onet/skills.csv:365,O*NET database,0.35,source_mapped,not_reviewed,,,,2026.1
CPX-SKL-AUTO-BD0F1A41,Ambient Design ArtRage,ambient design artrage,en,US,tool,onet,onet/skills.csv:291,O*NET database,0.35,source_mapped,not_reviewed,,,,2026.1
CPX-SKL-AUTO-9FBE7F69,Amortization loan software,amortization loan software,en,US,tool,onet,onet/skills.csv:192,O*NET database,0.35,source_mapped,not_reviewed,,,,2026.1
CPX-SKL-AUTO-7894BD02,analyse community needs,analyse community needs,en,EU,transferable,esco,http://data.europa.eu/esco/skill/fbe6232a-e2b2-4830-a5e6-ed6415f01e85,ESCO occupations and skills,0.35,source_mapped,not_reviewed,,,,2026.1
CPX-SKL-AUTO-A176B1E7,analyse energy consumption,analyse energy consumption,en,EU,transferable,esco,http://data.europa.eu/esco/skill/29bfe2cd-f011-4f94-a3aa-f77768e60460,ESCO occupations and skills,0.35,source_mapped,not_reviewed,,,,2026.1
CPX-SKL-AUTO-F6536A51,analyse environmental data,analyse environmental data,en,EU,technical,esco,http://data.europa.eu/esco/skill/77f109c4-3107-4d2a-a512-5160ac103933,ESCO occupations and skills,0.35,source_mapped,not_reviewed,,,,2026.1
CPX-SKL-AUTO-4D910082,analyse production processes for improvement,analyse production processes for improvement,en,EU,transferable,esco,http://data.europa.eu/esco/skill/f1b5800e-b763-4740-9586-3fef30568e81,ESCO occupations and skills,0.35,source_mapped,not_reviewed,,,,2026.1
CPX-SKL-AUTO-238F79D4,analyse road traffic patterns,analyse road traffic patterns,en,EU,transferable,esco,http://data.europa.eu/esco/skill/95f4631e-fcde-467f-8277-01e824b40a06,ESCO occupations and skills,0.35,source_mapped,not_reviewed,,,,2026.1
CPX-SKL-AUTO-A89BD321,analyse route possibilities in pipeline projects,analyse route possibilities in pipeline projects,en,EU,transferable,esco,http://data.europa.eu/esco/skill/bc946ebd-caa8-4e18-b5c5-5928768f45fa,ESCO occupations and skills,0.35,source_mapped,not_reviewed,,,,2026.1
CPX-SKL-AUTO-26E9D067,analyse software specifications,analyse software specifications,en,EU,technical,esco,http://data.europa.eu/esco/skill/f28617ad-afdd-4041-814c-216153a38998,ESCO occupations and skills,0.35,source_mapped,not_reviewed,,,,2026.1
CPX-SKL-AUTO-518B0746,analyse stress resistance of materials,analyse stress resistance of materials,en,EU,transferable,esco,http://data.europa.eu/esco/skill/a9d2af37-f208-4ce8-8cc2-24de0b02b555,ESCO occupations and skills,0.35,source_mapped,not_reviewed,,,,2026.1
CPX-SKL-AUTO-CD7335A8,analyse stress resistance of products,analyse stress resistance of products,en,EU,transferable,esco,http://data.europa.eu/esco/skill/632843be-2872-47b4-a92e-352629f9bd88,ESCO occupations and skills,0.35,source_mapped,not_reviewed,,,,2026.1
CPX-SKL-AUTO-550464DF,analyse test data,analyse test data,en,EU,technical,esco,http://data.europa.eu/esco/skill/81a2db2c-7e55-44d0-9cd9-74c25147d7cd,ESCO occupations and skills,0.35,source_mapped,not_reviewed,,,,2026.1
CPX-SKL-AUTO-B4142F9E,analyse transport business networks,analyse transport business networks,en,EU,transferable,esco,http://data.europa.eu/esco/skill/b8316819-feca-403d-902f-a86562fd91e9,ESCO occupations and skills,0.35,source_mapped,not_reviewed,,,,2026.1
CPX-SKL-AUTO-88F5680B,analyse transport studies,analyse transport studies,en,EU,transferable,esco,http://data.europa.eu/esco/skill/99095ca0-1218-462d-9e95-79e334ba8b63,ESCO occupations and skills,0.35,source_mapped,not_reviewed,,,,2026.1
CPX-SKL-AUTO-75E7C22D,analyse transportation costs,analyse transportation costs,en,EU,transferable,esco,http://data.europa.eu/esco/skill/620b7a6a-2231-4fea-b175-fd7ff16cce0a,ESCO occupations and skills,0.35,source_mapped,not_reviewed,,,,2026.1
CPX-SKL-AUTO-04466A42,Analyse-it,analyse-it,en,US,tool,onet,onet/skills.csv:251,O*NET database,0.35,source_mapped,not_reviewed,,,,2026.1
CPX-SKL-AUTO-BEAE4466,Angoss KnowledgeSEEKER,angoss knowledgeseeker,en,US,tool,onet,onet/skills.csv:308,O*NET database,0.35,source_mapped,not_reviewed,,,,2026.1
CPX-SKL-AUTO-D0928101,Anisotropic Crystalline Etch Simulation ACES,anisotropic crystalline etch simulation aces,en,US,tool,onet,onet/skills.csv:352,O*NET database,0.35,source_mapped,not_reviewed,,,,2026.1
CPX-SKL-AUTO-1E969B1A,Ansible software,ansible software,en,US,tool,onet,onet/skills.csv:159,O*NET database,0.35,source_mapped,not_reviewed,,,,2026.1
CPX-SKL-AUTO-9B4A74F3,Ansoft Simplorer,ansoft simplorer,en,US,tool,onet,onet/skills.csv:334,O*NET database,0.35,source_mapped,not_reviewed,,,,2026.1
CPX-SKL-AUTO-FEB129DD,ANSYS AQWA,ansys aqwa,en,US,tool,onet,onet/skills.csv:289,O*NET database,0.35,source_mapped,not_reviewed,,,,2026.1
CPX-SKL-AUTO-9761C7D2,ANSYS ASAS,ansys asas,en,US,tool,onet,onet/skills.csv:171,O*NET database,0.35,source_mapped,not_reviewed,,,,2026.1
CPX-SKL-AUTO-22AE3053,Ansys Fluent,ansys fluent,en,US,tool,onet,onet/skills.csv:163,O*NET database,0.35,source_mapped,not_reviewed,,,,2026.1
CPX-SKL-AUTO-4FF55D0A,ANSYS LS-DYNA,ansys ls-dyna,en,US,tool,onet,onet/skills.csv:175,O*NET database,0.35,source_mapped,not_reviewed,,,,2026.1
CPX-SKL-AUTO-78A9AF33,ANSYS Mechanical,ansys mechanical,en,US,tool,onet,onet/skills.csv:245,O*NET database,0.35,source_mapped,not_reviewed,,,,2026.1
CPX-SKL-AUTO-C65354BE,ANSYS simulation software,ansys simulation software,en,US,tool,onet,onet/skills.csv:283,O*NET database,0.35,source_mapped,not_reviewed,,,,2026.1
CPX-SKL-AUTO-A4FF2DF3,Anthropometric databases,anthropometric databases,en,US,tool,onet,onet/skills.csv:383,O*NET database,0.35,source_mapped,not_reviewed,,,,2026.1
CPX-SKL-AUTO-76D822CE,Anti-spyware software,anti-spyware software,en,US,tool,onet,onet/skills.csv:247,O*NET database,0.35,source_mapped,not_reviewed,,,,2026.1
CPX-SKL-AUTO-302518D3,Antivirus software,antivirus software,en,US,tool,onet,onet/skills.csv:354,O*NET database,0.35,source_mapped,not_reviewed,,,,2026.1
CPX-SKL-AUTO-5FD8B76E,Apache Accumulo,apache accumulo,en,US,tool,onet,onet/skills.csv:204,O*NET database,0.35,source_mapped,not_reviewed,,,,2026.1
CPX-SKL-AUTO-F5CFEC1E,Apache Ant,apache ant,en,US,tool,onet,onet/skills.csv:295,O*NET database,0.35,source_mapped,not_reviewed,,,,2026.1
CPX-SKL-AUTO-E118CD93,Apache Groovy,apache groovy,en,US,tool,onet,onet/skills.csv:269,O*NET database,0.35,source_mapped,not_reviewed,,,,2026.1
CPX-SKL-AUTO-E4C046B0,Apache Hadoop,apache hadoop,en,US,tool,onet,onet/skills.csv:290,O*NET database,0.35,source_mapped,not_reviewed,,,,2026.1
CPX-SKL-AUTO-76133A17,Apache Hive,apache hive,en,US,tool,onet,onet/skills.csv:303,O*NET database,0.35,source_mapped,not_reviewed,,,,2026.1
CPX-SKL-AUTO-9968D2F8,Apache Kafka,apache kafka,en,US,tool,onet,onet/skills.csv:258,O*NET database,0.35,source_mapped,not_reviewed,,,,2026.1
CPX-SKL-AUTO-86CD4ABE,Apache Subversion SVN,apache subversion svn,en,US,tool,onet,onet/skills.csv:241,O*NET database,0.35,source_mapped,not_reviewed,,,,2026.1
CPX-SKL-AUTO-021D5DB6,Apache Tomcat,apache tomcat,en,US,tool,onet,onet/skills.csv:360,O*NET database,0.35,source_mapped,not_reviewed,,,,2026.1
CPX-SKL-AUTO-8E015803,Apian SurveyPro,apian surveypro,en,US,tool,onet,onet/skills.csv:250,O*NET database,0.35,source_mapped,not_reviewed,,,,2026.1
CPX-SKL-AUTO-E2304D04,APL,apl,en,EU,domain_knowledge,esco,http://data.europa.eu/esco/skill/58d7a289-dafd-4363-833f-d1dc4140885e,ESCO occupations and skills,0.35,source_mapped,not_reviewed,,,,2026.1
CPX-SKL-AUTO-028612FC,Apollo Photonics APSS,apollo photonics apss,en,US,tool,onet,onet/skills.csv:412,O*NET database,0.35,source_mapped,not_reviewed,,,,2026.1
CPX-SKL-AUTO-08BA3BD8,Apple AppleWorks,apple appleworks,en,US,tool,onet,onet/skills.csv:298,O*NET database,0.35,source_mapped,not_reviewed,,,,2026.1
CPX-SKL-AUTO-29477404,Apple Final Cut Pro,apple final cut pro,en,US,tool,onet,onet/skills.csv:391,O*NET database,0.35,source_mapped,not_reviewed,,,,2026.1
CPX-SKL-AUTO-1DAD6E01,Apple iOS,apple ios,en,US,tool,onet,onet/skills.csv:414,O*NET database,0.35,source_mapped,not_reviewed,,,,2026.1
CPX-SKL-AUTO-16990971,Apple macOS,apple macos,en,US,tool,onet,onet/skills.csv:388,O*NET database,0.35,source_mapped,not_reviewed,,,,2026.1
CPX-SKL-AUTO-A1A7D238,Appletree,appletree,en,US,tool,onet,onet/skills.csv:205,O*NET database,0.35,source_mapped,not_reviewed,,,,2026.1
CPX-SKL-AUTO-3D4E6289,Application-specific integrated circuit ASIC logic synthesis software,application-specific integrated circuit asic logic synthesis software,en,US,tool,onet,onet/skills.csv:341,O*NET database,0.35,source_mapped,not_reviewed,,,,2026.1
CPX-SKL-AUTO-E784FB58,Applied Flow Technology AFT Arrow,applied flow technology aft arrow,en,US,tool,onet,onet/skills.csv:378,O*NET database,0.35,source_mapped,not_reviewed,,,,2026.1
CPX-SKL-AUTO-76A30230,Applied Flow Technology AFT Fathom,applied flow technology aft fathom,en,US,tool,onet,onet/skills.csv:242,O*NET database,0.35,source_mapped,not_reviewed,,,,2026.1
CPX-SKL-AUTO-CC7014C4,apply a protective layer,apply a protective layer,en,EU,transferable,esco,http://data.europa.eu/esco/skill/87ebb1d4-3aab-4257-b2bd-7b7f2008eea2,ESCO occupations and skills,0.35,source_mapped,not_reviewed,,,,2026.1
CPX-SKL-AUTO-C999ABAC,apply advanced manufacturing,apply advanced manufacturing,en,EU,transferable,esco,http://data.europa.eu/esco/skill/4f0e579d-ca7b-427c-ace6-9e2de3eb19c7,ESCO occupations and skills,0.35,source_mapped,not_reviewed,,,,2026.1
CPX-SKL-AUTO-526A2907,apply digital mapping,apply digital mapping,en,EU,transferable,esco,http://data.europa.eu/esco/skill/9295d1c5-8d7d-423e-a6ce-dfbc1d991f88,ESCO occupations and skills,0.35,source_mapped,not_reviewed,,,,2026.1
CPX-SKL-AUTO-8AB730BB,apply health and safety standards,apply health and safety standards,en,EU,regulatory,esco,http://data.europa.eu/esco/skill/dcc96a49-0bac-4a9c-8f8e-a32b4e47e6eb,ESCO occupations and skills,0.35,source_mapped,not_reviewed,,,,2026.1
CPX-SKL-AUTO-79A7D6ED,apply medical first aid on board ship,apply medical first aid on board ship,en,EU,transferable,esco,http://data.europa.eu/esco/skill/1544dfaf-3059-479d-a7d9-6b4b2d902212,ESCO occupations and skills,0.35,source_mapped,not_reviewed,,,,2026.1
CPX-SKL-AUTO-58DC12FC,apply proofing membranes,apply proofing membranes,en,EU,transferable,esco,http://data.europa.eu/esco/skill/16801a68-549b-4eaf-9531-f2d516a9380c,ESCO occupations and skills,0.35,source_mapped,not_reviewed,,,,2026.1
CPX-SKL-AUTO-02EE932D,apply soldering techniques,apply soldering techniques,en,EU,transferable,esco,http://data.europa.eu/esco/skill/136596a4-00b5-4ed3-bb6e-717198c1ccbe,ESCO occupations and skills,0.35,source_mapped,not_reviewed,,,,2026.1
CPX-SKL-AUTO-3F771FD9,apply statistical analysis techniques,apply statistical analysis techniques,en,EU,transferable,esco,http://data.europa.eu/esco/skill/382c11ed-20d5-4ae7-b60e-15fec527fa6c,ESCO occupations and skills,0.35,source_mapped,not_reviewed,,,,2026.1
CPX-SKL-AUTO-AF950849,apply technical communication skills,apply technical communication skills,en,EU,transferable,esco,http://data.europa.eu/esco/skill/c32ad607-0c4d-4e34-b73f-668298f7bf13,ESCO occupations and skills,0.35,source_mapped,not_reviewed,,,,2026.1
CPX-SKL-AUTO-D82A5A70,approve engineering design,approve engineering design,en,EU,transferable,esco,http://data.europa.eu/esco/skill/f54c10e4-630d-4e50-95e9-4e9e268e8f12,ESCO occupations and skills,0.35,source_mapped,not_reviewed,,,,2026.1
CPX-SKL-AUTO-39D52C94,Arc Second PocketCAD,arc second pocketcad,en,US,tool,onet,onet/skills.csv:220,O*NET database,0.35,source_mapped,not_reviewed,,,,2026.1
CPX-SKL-AUTO-5DF4FCDC,Architectural Energy Corporation ENFORMA Building Diagnostics,architectural energy corporation enforma building diagnostics,en,US,tool,onet,onet/skills.csv:211,O*NET database,0.35,source_mapped,not_reviewed,,,,2026.1
CPX-SKL-AUTO-370820D3,Architectural Energy Corporation VisualDOE,architectural energy corporation visualdoe,en,US,tool,onet,onet/skills.csv:376,O*NET database,0.35,source_mapped,not_reviewed,,,,2026.1
CPX-SKL-AUTO-7AFBA776,architecture regulations,architecture regulations,en,EU,domain_knowledge,esco,http://data.europa.eu/esco/skill/88680a21-57f9-46b6-8268-7d8e42aef849,ESCO occupations and skills,0.35,source_mapped,not_reviewed,,,,2026.1
CPX-SKL-AUTO-5C79F42B,ArcSight Enterprise Threat and Risk Management,arcsight enterprise threat and risk management,en,US,tool,onet,onet/skills.csv:411,O*NET database,0.35,source_mapped,not_reviewed,,,,2026.1
CPX-SKL-AUTO-ECC917F4,Aris Global Register,aris global register,en,US,tool,onet,onet/skills.csv:392,O*NET database,0.35,source_mapped,not_reviewed,,,,2026.1
CPX-SKL-AUTO-7D41BAA8,Arm-Hand Steadiness,arm-hand steadiness,en,US,transferable,onet,onet/skills.csv:35,O*NET database,0.35,source_mapped,not_reviewed,,,,2026.1
CPX-SKL-AUTO-88C35319,Artificial intelligence software,artificial intelligence software,en,US,tool,onet,onet/skills.csv:350,O*NET database,0.35,source_mapped,not_reviewed,,,,2026.1
CPX-SKL-AUTO-8D973383,Artisan Studio,artisan studio,en,US,tool,onet,onet/skills.csv:236,O*NET database,0.35,source_mapped,not_reviewed,,,,2026.1
CPX-SKL-AUTO-20E40C9C,Arts and Humanities,arts and humanities,en,US,domain_knowledge,onet,onet/skills.csv:143,O*NET database,0.35,source_mapped,not_reviewed,,,,2026.1
CPX-SKL-AUTO-7A290080,ASI DATAMYTE GageMetrics,asi datamyte gagemetrics,en,US,tool,onet,onet/skills.csv:335,O*NET database,0.35,source_mapped,not_reviewed,,,,2026.1
CPX-SKL-AUTO-AA1D8BA1,ASI DATAMYTE QDA,asi datamyte qda,en,US,tool,onet,onet/skills.csv:200,O*NET database,0.35,source_mapped,not_reviewed,,,,2026.1
CPX-SKL-AUTO-F62AF20F,ASP.NET,asp.net,en,EU,domain_knowledge,esco,http://data.europa.eu/esco/skill/56a7f561-1d55-43c9-9cd7-36a0a9bc6c50,ESCO occupations and skills,0.35,source_mapped,not_reviewed,,,,2026.1
CPX-SKL-AUTO-E8CC8FBC,AspenTech Aspen InfoPlus,aspentech aspen infoplus,en,US,tool,onet,onet/skills.csv:208,O*NET database,0.35,source_mapped,not_reviewed,,,,2026.1
CPX-SKL-AUTO-BE313C3E,AspenTech aspenONE,aspentech aspenone,en,US,tool,onet,onet/skills.csv:386,O*NET database,0.35,source_mapped,not_reviewed,,,,2026.1
CPX-SKL-AUTO-C69066D1,assemble electrical components,assemble electrical components,en,EU,transferable,esco,http://data.europa.eu/esco/skill/415cb0c2-e169-4f99-ba3e-d1c433b75368,ESCO occupations and skills,0.35,source_mapped,not_reviewed,,,,2026.1
CPX-SKL-AUTO-B4A976C3,assemble electromechanical systems,assemble electromechanical systems,en,EU,transferable,esco,http://data.europa.eu/esco/skill/78aeeab7-f22f-4fcd-8543-d11340e3ee3c,ESCO occupations and skills,0.35,source_mapped,not_reviewed,,,,2026.1
CPX-SKL-AUTO-ED29323F,assemble instrumentation equipment,assemble instrumentation equipment,en,EU,transferable,esco,http://data.europa.eu/esco/skill/af0b1937-7538-434f-871b-7e8f72e04117,ESCO occupations and skills,0.35,source_mapped,not_reviewed,,,,2026.1
CPX-SKL-AUTO-07D3E689,assemble microelectromechanical systems,assemble microelectromechanical systems,en,EU,transferable,esco,http://data.europa.eu/esco/skill/2c11a7eb-f1fc-4df6-909d-7aeff35ff1a4,ESCO occupations and skills,0.35,source_mapped,not_reviewed,,,,2026.1
CPX-SKL-AUTO-1158D781,Assembly (computer programming),assembly computer programming,en,EU,domain_knowledge,esco,http://data.europa.eu/esco/skill/47b9bbcf-356c-4782-83a4-7f5a1b2b51a3,ESCO occupations and skills,0.35,source_mapped,not_reviewed,,,,2026.1
CPX-SKL-AUTO-37C59428,Assembly line balancing software,assembly line balancing software,en,US,tool,onet,onet/skills.csv:190,O*NET database,0.35,source_mapped,not_reviewed,,,,2026.1
CPX-SKL-AUTO-E5A934CA,assess environmental impact,assess environmental impact,en,EU,transferable,esco,http://data.europa.eu/esco/skill/e541c69c-ea80-4b17-87cb-4001d0b9d303,ESCO occupations and skills,0.35,source_mapped,not_reviewed,,,,2026.1
CPX-SKL-AUTO-E66D8FAF,assess financial viability,assess financial viability,en,EU,transferable,esco,http://data.europa.eu/esco/skill/e95058a6-e139-42e7-a470-72038a606649,ESCO occupations and skills,0.35,source_mapped,not_reviewed,,,,2026.1
CPX-SKL-AUTO-60BCDAD0,assess operating cost,assess operating cost,en,EU,commercial,esco,http://data.europa.eu/esco/skill/cfbde1b6-8e47-4b83-b430-3d5f7f38d69a,ESCO occupations and skills,0.35,source_mapped,not_reviewed,,,,2026.1
CPX-SKL-AUTO-FC24CEEA,assess project resource needs,assess project resource needs,en,EU,project_delivery,esco,http://data.europa.eu/esco/skill/b2235ce8-d0f0-4954-9b60-e2c1aeeadab5,ESCO occupations and skills,0.35,source_mapped,not_reviewed,,,,2026.1
CPX-SKL-AUTO-F4DBDF24,assess railway operations,assess railway operations,en,EU,transferable,esco,http://data.europa.eu/esco/skill/016cee6c-9e95-466c-bd51-d63327751aa2,ESCO occupations and skills,0.35,source_mapped,not_reviewed,,,,2026.1
CPX-SKL-AUTO-D343E1C2,assess supplier risks,assess supplier risks,en,EU,transferable,esco,http://data.europa.eu/esco/skill/96ec2d53-4f41-4172-8ef2-70742c4bb540,ESCO occupations and skills,0.35,source_mapped,not_reviewed,,,,2026.1
CPX-SKL-AUTO-BA240AE5,assessment of risks and threats,assessment of risks and threats,en,EU,domain_knowledge,esco,http://data.europa.eu/esco/skill/7f27f1ff-2e17-4b69-990e-c23334478313,ESCO occupations and skills,0.35,source_mapped,not_reviewed,,,,2026.1
CPX-SKL-AUTO-B140629A,ASSET JTAG ScanWorks,asset jtag scanworks,en,US,tool,onet,onet/skills.csv:394,O*NET database,0.35,source_mapped,not_reviewed,,,,2026.1
CPX-SKL-AUTO-24CB2568,assist scientific research,assist scientific research,en,EU,transferable,esco,http://data.europa.eu/esco/skill/d6179c4b-ff5a-4bbb-a3c8-e0acf0de1f56,ESCO occupations and skills,0.35,source_mapped,not_reviewed,,,,2026.1
CPX-SKL-AUTO-75F5246B,Assured Software JPP,assured software jpp,en,US,tool,onet,onet/skills.csv:275,O*NET database,0.35,source_mapped,not_reviewed,,,,2026.1
CPX-SKL-AUTO-EEE9AE51,Atlassian Bamboo,atlassian bamboo,en,US,tool,onet,onet/skills.csv:393,O*NET database,0.35,source_mapped,not_reviewed,,,,2026.1
CPX-SKL-AUTO-696E3DCA,Atlassian Confluence,atlassian confluence,en,US,tool,onet,onet/skills.csv:170,O*NET database,0.35,source_mapped,not_reviewed,,,,2026.1
CPX-SKL-AUTO-90820302,Atlassian JIRA,atlassian jira,en,US,tool,onet,onet/skills.csv:265,O*NET database,0.35,source_mapped,not_reviewed,,,,2026.1
CPX-SKL-AUTO-DBF814A1,Attentiveness,attentiveness,en,US,transferable,onet,onet/skills.csv:30,O*NET database,0.35,source_mapped,not_reviewed,,,,2026.1
CPX-SKL-AUTO-D2071E24,audit contractors,audit contractors,en,EU,transferable,esco,http://data.europa.eu/esco/skill/0520d8ba-3c24-4f75-a8b0-f883ddeed82d,ESCO occupations and skills,0.35,source_mapped,not_reviewed,,,,2026.1
CPX-SKL-AUTO-68BAE8B6,Auditory and Speech Abilities,auditory and speech abilities,en,US,transferable,onet,onet/skills.csv:63,O*NET database,0.35,source_mapped,not_reviewed,,,,2026.1
CPX-SKL-AUTO-199FECE2,Auditory Attention,auditory attention,en,US,transferable,onet,onet/skills.csv:65,O*NET database,0.35,source_mapped,not_reviewed,,,,2026.1
CPX-SKL-AUTO-75882CB9,Aurora HelioScope,aurora helioscope,en,US,tool,onet,onet/skills.csv:389,O*NET database,0.35,source_mapped,not_reviewed,,,,2026.1
CPX-SKL-AUTO-6DB6D576,Autocoders,autocoders,en,US,tool,onet,onet/skills.csv:379,O*NET database,0.35,source_mapped,not_reviewed,,,,2026.1
CPX-SKL-AUTO-834C099D,Autodesk AutoCAD,autodesk autocad,en,US,tool,onet,onet/skills.csv:173,O*NET database,0.35,source_mapped,not_reviewed,,,,2026.1
CPX-SKL-AUTO-5C8936F8,Autodesk AutoCAD Civil 3D,autodesk autocad civil 3d,en,US,tool,onet,onet/skills.csv:357,O*NET database,0.35,source_mapped,not_reviewed,,,,2026.1
CPX-SKL-AUTO-2232124A,Autodesk AutoCAD LT,autodesk autocad lt,en,US,tool,onet,onet/skills.csv:189,O*NET database,0.35,source_mapped,not_reviewed,,,,2026.1
CPX-SKL-AUTO-DF812341,Autodesk AutoCAD Mechanical,autodesk autocad mechanical,en,US,tool,onet,onet/skills.csv:188,O*NET database,0.35,source_mapped,not_reviewed,,,,2026.1
CPX-SKL-AUTO-4AEB8976,Autodesk Land Desktop,autodesk land desktop,en,US,tool,onet,onet/skills.csv:326,O*NET database,0.35,source_mapped,not_reviewed,,,,2026.1
CPX-SKL-AUTO-85AEDFB3,Autodesk Revit,autodesk revit,en,US,tool,onet,onet/skills.csv:162,O*NET database,0.35,source_mapped,not_reviewed,,,,2026.1
CPX-SKL-AUTO-8FB8D9B8,Automated permit system software,automated permit system software,en,US,tool,onet,onet/skills.csv:299,O*NET database,0.35,source_mapped,not_reviewed,,,,2026.1
CPX-SKL-AUTO-106BEC19,Automated purchase order software,automated purchase order software,en,US,tool,onet,onet/skills.csv:185,O*NET database,0.35,source_mapped,not_reviewed,,,,2026.1
CPX-SKL-AUTO-E22DCBD2,automation technology,automation technology,en,EU,domain_knowledge,esco,http://data.europa.eu/esco/skill/f4a6e9f7-5cff-46c0-894c-59c20bb78694,ESCO occupations and skills,0.35,source_mapped,not_reviewed,,,,2026.1
CPX-SKL-AUTO-AAD4B544,automotive engineering,automotive engineering,en,EU,transferable,esco,http://data.europa.eu/esco/skill/0e44ceb3-9dd4-4ec4-b1d7-a0e83ddba7d4,ESCO occupations and skills,0.35,source_mapped,not_reviewed,,,,2026.1
CPX-SKL-AUTO-18906EC9,Autopsy information databases,autopsy information databases,en,US,tool,onet,onet/skills.csv:158,O*NET database,0.35,source_mapped,not_reviewed,,,,2026.1
CPX-SKL-AUTO-9E0BDF5E,Availability prediction modeling software,availability prediction modeling software,en,US,tool,onet,onet/skills.csv:180,O*NET database,0.35,source_mapped,not_reviewed,,,,2026.1
CPX-SKL-AUTO-DBA749C2,Avaya Identity Engines,avaya identity engines,en,US,tool,onet,onet/skills.csv:313,O*NET database,0.35,source_mapped,not_reviewed,,,,2026.1
CPX-SKL-AUTO-D6521966,AVEVA InTouch HMI,aveva intouch hmi,en,US,tool,onet,onet/skills.csv:323,O*NET database,0.35,source_mapped,not_reviewed,,,,2026.1
CPX-SKL-AUTO-40783115,Bankers Systems Rembrandt Lending System,bankers systems rembrandt lending system,en,US,tool,onet,onet/skills.csv:215,O*NET database,0.35,source_mapped,not_reviewed,,,,2026.1
CPX-SKL-AUTO-A9BA2117,Bash,bash,en,US,tool,onet,onet/skills.csv:266,O*NET database,0.35,source_mapped,not_reviewed,,,,2026.1
CPX-SKL-AUTO-1C9466DD,Basic Local Alignment Search Tool BLAST,basic local alignment search tool blast,en,US,tool,onet,onet/skills.csv:225,O*NET database,0.35,source_mapped,not_reviewed,,,,2026.1
CPX-SKL-AUTO-A2E58A67,Bentley GEOPAK Civil Engineering Suite,bentley geopak civil engineering suite,en,US,tool,onet,onet/skills.csv:235,O*NET database,0.35,source_mapped,not_reviewed,,,,2026.1
CPX-SKL-AUTO-959A4BA8,Bentley MicroStation,bentley microstation,en,US,tool,onet,onet/skills.csv:320,O*NET database,0.35,source_mapped,not_reviewed,,,,2026.1
CPX-SKL-AUTO-1508EE9B,bicycle mechanics,bicycle mechanics,en,EU,domain_knowledge,esco,http://data.europa.eu/esco/skill/53b1dcbc-7c51-43cd-9e3a-9ca78afd2895,ESCO occupations and skills,0.35,source_mapped,not_reviewed,,,,2026.1
CPX-SKL-AUTO-A8E0E9C1,Biology,biology,en,US,domain_knowledge,onet,onet/skills.csv:135,O*NET database,0.35,source_mapped,not_reviewed,,,,2026.1
CPX-SKL-AUTO-15E75009,Biomechanical imaging software,biomechanical imaging software,en,US,tool,onet,onet/skills.csv:349,O*NET database,0.35,source_mapped,not_reviewed,,,,2026.1
CPX-SKL-AUTO-A3A7AAD2,biomedical engineering,biomedical engineering,en,EU,domain_knowledge,esco,http://data.europa.eu/esco/skill/d9b6af48-e906-4a2a-94d9-557023740180,ESCO occupations and skills,0.35,source_mapped,not_reviewed,,,,2026.1
CPX-SKL-AUTO-62EAFAFF,Biometric reader software,biometric reader software,en,US,tool,onet,onet/skills.csv:160,O*NET database,0.35,source_mapped,not_reviewed,,,,2026.1
CPX-SKL-AUTO-54A2C268,biotechnology,biotechnology,en,EU,domain_knowledge,esco,http://data.europa.eu/esco/skill/61bef658-d7f9-4759-b1b0-0f9cb3bc581a,ESCO occupations and skills,0.35,source_mapped,not_reviewed,,,,2026.1
CPX-SKL-AUTO-062466C6,Bite analysis software,bite analysis software,en,US,tool,onet,onet/skills.csv:259,O*NET database,0.35,source_mapped,not_reviewed,,,,2026.1
CPX-SKL-AUTO-95CE0977,Bloomberg Professional,bloomberg professional,en,US,tool,onet,onet/skills.csv:199,O*NET database,0.35,source_mapped,not_reviewed,,,,2026.1
CPX-SKL-AUTO-4A18059D,blueprints,blueprints,en,EU,domain_knowledge,esco,http://data.europa.eu/esco/skill/d1072655-88ce-4445-8803-e6273da273e7,ESCO occupations and skills,0.35,source_mapped,not_reviewed,,,,2026.1
CPX-SKL-AUTO-3C846C82,Bookkeeping software,bookkeeping software,en,US,tool,onet,onet/skills.csv:333,O*NET database,0.35,source_mapped,not_reviewed,,,,2026.1
CPX-SKL-AUTO-39BD4F62,Borland SilkTest,borland silktest,en,US,tool,onet,onet/skills.csv:255,O*NET database,0.35,source_mapped,not_reviewed,,,,2026.1
CPX-SKL-AUTO-15656B11,Bostonpost Technology Property Manager,bostonpost technology property manager,en,US,tool,onet,onet/skills.csv:347,O*NET database,0.35,source_mapped,not_reviewed,,,,2026.1
CPX-SKL-AUTO-607894E4,Bottom Line LoanMaster Loan Servicing,bottom line loanmaster loan servicing,en,US,tool,onet,onet/skills.csv:268,O*NET database,0.35,source_mapped,not_reviewed,,,,2026.1
CPX-SKL-AUTO-A7EF16C3,Bottomline Technologies Bottomline Sprinter Purchasing Manager,bottomline technologies bottomline sprinter purchasing manager,en,US,tool,onet,onet/skills.csv:294,O*NET database,0.35,source_mapped,not_reviewed,,,,2026.1
CPX-SKL-AUTO-36F4DF22,Bowen & Groves M1 ERP,bowen and groves m1 erp,en,US,tool,onet,onet/skills.csv:321,O*NET database,0.35,source_mapped,not_reviewed,,,,2026.1
CPX-SKL-AUTO-F031E13A,BPM_CAD,bpm cad,en,US,tool,onet,onet/skills.csv:305,O*NET database,0.35,source_mapped,not_reviewed,,,,2026.1
CPX-SKL-AUTO-B36EC8A8,Brady Lockout Pro,brady lockout pro,en,US,tool,onet,onet/skills.csv:214,O*NET database,0.35,source_mapped,not_reviewed,,,,2026.1
CPX-SKL-AUTO-86D6D7A8,Budgeting software,budgeting software,en,US,tool,onet,onet/skills.csv:234,O*NET database,0.35,source_mapped,not_reviewed,,,,2026.1
CPX-SKL-AUTO-1014C414,build a product's physical model,build a product s physical model,en,EU,transferable,esco,http://data.europa.eu/esco/skill/6ed67cf0-d8b9-4025-8b6e-a29a11e6b977,ESCO occupations and skills,0.35,source_mapped,not_reviewed,,,,2026.1
CPX-SKL-AUTO-83CB120A,build business relationships,build business relationships,en,EU,transferable,esco,http://data.europa.eu/esco/skill/dc72ad0a-c5dc-4abd-bc0d-ca43e82162e1,ESCO occupations and skills,0.35,source_mapped,not_reviewed,,,,2026.1
CPX-SKL-AUTO-9AB83EEE,Building and Construction,building and construction,en,US,domain_knowledge,onet,onet/skills.csv:129,O*NET database,0.35,source_mapped,not_reviewed,,,,2026.1
CPX-SKL-AUTO-C0814724,building automation,building automation,en,EU,domain_knowledge,esco,http://data.europa.eu/esco/skill/6709e92c-7546-46a4-aa57-5e951bd4cb0f,ESCO occupations and skills,0.35,source_mapped,not_reviewed,,,,2026.1
CPX-SKL-AUTO-5C33599D,building codes,building codes,en,EU,domain_knowledge,esco,http://data.europa.eu/esco/skill/615cfc39-797f-4229-8e92-159fcf8f3030,ESCO occupations and skills,0.35,source_mapped,not_reviewed,,,,2026.1
CPX-SKL-AUTO-05B3D8F2,Business and Management,business and management,en,US,domain_knowledge,onet,onet/skills.csv:114,O*NET database,0.35,source_mapped,not_reviewed,,,,2026.1
CPX-SKL-AUTO-31C9E0EF,Business intelligence software,business intelligence software,en,US,tool,onet,onet/skills.csv:380,O*NET database,0.35,source_mapped,not_reviewed,,,,2026.1
CPX-SKL-AUTO-7FF89B32,Business software applications,business software applications,en,US,tool,onet,onet/skills.csv:167,O*NET database,0.35,source_mapped,not_reviewed,,,,2026.1
CPX-SKL-AUTO-1D00E6FA,C#,c,en,EU,domain_knowledge,esco,http://data.europa.eu/esco/skill/4c016b68-4116-468c-9dc6-42710c239e4a,ESCO occupations and skills,0.35,source_mapped,not_reviewed,,,,2026.1
CPX-SKL-AUTO-1D00E6FA,C#,c,en,US,tool,onet,onet/skills.csv:238,O*NET database,0.225,source_mapped,not_reviewed,,,,2026.1
CPX-SKL-AUTO-1D00E6FA,C,c,en,US,tool,onet,onet/skills.csv:348,O*NET database,0.225,source_mapped,not_reviewed,,,,2026.1
CPX-SKL-AUTO-1D00E6FA,C++,c++,en,EU,domain_knowledge,esco,http://data.europa.eu/esco/skill/b633eb55-8f1f-4ae6-ab4c-2022ffe2cb7f,ESCO occupations and skills,0.35,source_mapped,not_reviewed,,,,2026.1
CPX-SKL-AUTO-1D00E6FA,C++,c++,en,US,tool,onet,onet/skills.csv:405,O*NET database,0.225,source_mapped,not_reviewed,,,,2026.1
CPX-SKL-AUTO-872A612F,CAD software,cad software,en,EU,domain_knowledge,esco,http://data.europa.eu/esco/skill/a2b5dcf3-5b6a-453d-876c-cff540c0faf1,ESCO occupations and skills,0.35,source_mapped,not_reviewed,,,,2026.1
CPX-SKL-AUTO-33D28B04,CAE software,cae software,en,EU,domain_knowledge,esco,http://data.europa.eu/esco/skill/82313e12-9d39-47d1-b7c9-78bbd6bb50e2,ESCO occupations and skills,0.35,source_mapped,not_reviewed,,,,2026.1
CPX-SKL-AUTO-67BD941A,Calendar management software,calendar management software,en,US,tool,onet,onet/skills.csv:257,O*NET database,0.35,source_mapped,not_reviewed,,,,2026.1
CPX-SKL-AUTO-EFFC6A71,calibrate precision instrument,calibrate precision instrument,en,EU,transferable,esco,http://data.europa.eu/esco/skill/6532ef3b-1685-4de7-a858-d31fdaa435ca,ESCO occupations and skills,0.35,source_mapped,not_reviewed,,,,2026.1
CPX-SKL-AUTO-42C1BBE8,CAM software,cam software,en,EU,domain_knowledge,esco,http://data.europa.eu/esco/skill/27065048-bca8-4b0a-891a-b192b9ceadfd,ESCO occupations and skills,0.35,source_mapped,not_reviewed,,,,2026.1
CPX-SKL-AUTO-B2CA1FA3,Card key management software,card key management software,en,US,tool,onet,onet/skills.csv:310,O*NET database,0.35,source_mapped,not_reviewed,,,,2026.1
CPX-SKL-AUTO-79886E47,carry out energy management of facilities,carry out energy management of facilities,en,EU,transferable,esco,http://data.europa.eu/esco/skill/885808f7-f42b-406e-95f2-28efcd45ddda,ESCO occupations and skills,0.35,source_mapped,not_reviewed,,,,2026.1
CPX-SKL-AUTO-383BFE3F,carry out navigational calculations,carry out navigational calculations,en,EU,transferable,esco,http://data.europa.eu/esco/skill/4be5ce29-9ecb-47c6-b38d-a2552230dd3f,ESCO occupations and skills,0.35,source_mapped,not_reviewed,,,,2026.1
CPX-SKL-AUTO-8B2616BA,carry out research on ground systems,carry out research on ground systems,en,EU,transferable,esco,http://data.europa.eu/esco/skill/33841903-78d8-4273-950d-755248290c2d,ESCO occupations and skills,0.35,source_mapped,not_reviewed,,,,2026.1
CPX-SKL-AUTO-4C9EBF89,carry out statistical forecasts,carry out statistical forecasts,en,EU,transferable,esco,http://data.europa.eu/esco/skill/be727774-46d7-43d7-aee9-1a51b5cd8c71,ESCO occupations and skills,0.35,source_mapped,not_reviewed,,,,2026.1
CPX-SKL-AUTO-7E61BF02,cartography,cartography,en,EU,domain_knowledge,esco,http://data.europa.eu/esco/skill/2dfa5bd5-c87c-461c-bce9-69b2c58732bd,ESCO occupations and skills,0.35,source_mapped,not_reviewed,,,,2026.1
CPX-SKL-AUTO-57D39D47,Category Flexibility,category flexibility,en,US,transferable,onet,onet/skills.csv:17,O*NET database,0.35,source_mapped,not_reviewed,,,,2026.1
CPX-SKL-AUTO-09B2615A,CDC Supply Chain,cdc supply chain,en,US,tool,onet,onet/skills.csv:197,O*NET database,0.35,source_mapped,not_reviewed,,,,2026.1
CPX-SKL-AUTO-0123F583,CGI-AMS BureauLink Enterprise,cgi-ams bureaulink enterprise,en,US,tool,onet,onet/skills.csv:252,O*NET database,0.35,source_mapped,not_reviewed,,,,2026.1
CPX-SKL-AUTO-65117BD7,CGI-AMS CACS Enterprise,cgi-ams cacs enterprise,en,US,tool,onet,onet/skills.csv:179,O*NET database,0.35,source_mapped,not_reviewed,,,,2026.1
CPX-SKL-AUTO-774D11F5,CGI-AMS Strata,cgi-ams strata,en,US,tool,onet,onet/skills.csv:155,O*NET database,0.35,source_mapped,not_reviewed,,,,2026.1
CPX-SKL-AUTO-3DE722C1,check compatibility of materials,check compatibility of materials,en,EU,transferable,esco,http://data.europa.eu/esco/skill/3892f2ff-714e-4201-823d-5d6fc5bab621,ESCO occupations and skills,0.35,source_mapped,not_reviewed,,,,2026.1
CPX-SKL-AUTO-90F2D09A,check durability of materials,check durability of materials,en,EU,transferable,esco,http://data.europa.eu/esco/skill/53e5fa5a-b619-42d9-9993-b005e4291a7a,ESCO occupations and skills,0.35,source_mapped,not_reviewed,,,,2026.1
CPX-SKL-AUTO-6D09C357,check stability of materials,check stability of materials,en,EU,transferable,esco,http://data.europa.eu/esco/skill/1aba7c4a-4e13-4fa1-905b-7ed26952fbd5,ESCO occupations and skills,0.35,source_mapped,not_reviewed,,,,2026.1
CPX-SKL-AUTO-20684240,check strength of materials,check strength of materials,en,EU,transferable,esco,http://data.europa.eu/esco/skill/82b6b024-6369-4d84-ba68-c665b9df53f8,ESCO occupations and skills,0.35,source_mapped,not_reviewed,,,,2026.1
CPX-SKL-AUTO-0A8A4D92,Chemistry,chemistry,en,US,domain_knowledge,onet,onet/skills.csv:134,O*NET database,0.35,source_mapped,not_reviewed,,,,2026.1
CPX-SKL-AUTO-1F534796,Choice Job Cost,choice job cost,en,US,tool,onet,onet/skills.csv:319,O*NET database,0.35,source_mapped,not_reviewed,,,,2026.1
CPX-SKL-AUTO-528283E3,circuit diagrams,circuit diagrams,en,EU,domain_knowledge,esco,http://data.europa.eu/esco/skill/02c71cde-f513-43da-8952-0974763c7568,ESCO occupations and skills,0.35,source_mapped,not_reviewed,,,,2026.1
CPX-SKL-AUTO-FDD48A42,civil engineering,civil engineering,en,EU,domain_knowledge,esco,http://data.europa.eu/esco/skill/82887396-e5bf-4306-af51-3fe8d82790b2,ESCO occupations and skills,0.35,source_mapped,not_reviewed,,,,2026.1
CPX-SKL-AUTO-8FCA62AE,ClearTrial,cleartrial,en,US,tool,onet,onet/skills.csv:246,O*NET database,0.35,source_mapped,not_reviewed,,,,2026.1
CPX-SKL-AUTO-B8ED49CA,Clinical data management system CDMS,clinical data management system cdms,en,US,tool,onet,onet/skills.csv:409,O*NET database,0.35,source_mapped,not_reviewed,,,,2026.1
CPX-SKL-AUTO-9C3BC1EA,Clinical trial management software,clinical trial management software,en,US,tool,onet,onet/skills.csv:363,O*NET database,0.35,source_mapped,not_reviewed,,,,2026.1
CPX-SKL-AUTO-7A382179,CNC Mastercam,cnc mastercam,en,US,tool,onet,onet/skills.csv:272,O*NET database,0.35,source_mapped,not_reviewed,,,,2026.1
CPX-SKL-AUTO-46A8E745,COBOL,cobol,en,EU,domain_knowledge,esco,http://data.europa.eu/esco/skill/def007fa-5fed-4a5f-91a2-b0d7e3db1be1,ESCO occupations and skills,0.35,source_mapped,not_reviewed,,,,2026.1
CPX-SKL-AUTO-C082D723,CodeJam MemoriesOnTV,codejam memoriesontv,en,US,tool,onet,onet/skills.csv:353,O*NET database,0.35,source_mapped,not_reviewed,,,,2026.1
CPX-SKL-AUTO-1485C224,CoffeeScript,coffeescript,en,EU,domain_knowledge,esco,http://data.europa.eu/esco/skill/993b1e23-f2de-4bd8-b33f-f86dde1c8e9d,ESCO occupations and skills,0.35,source_mapped,not_reviewed,,,,2026.1
CPX-SKL-AUTO-A368D806,Cognitive Abilities,cognitive abilities,en,US,transferable,onet,onet/skills.csv:4,O*NET database,0.35,source_mapped,not_reviewed,,,,2026.1
CPX-SKL-AUTO-F8C25EF2,collaborate with designers,collaborate with designers,en,EU,transferable,esco,http://data.europa.eu/esco/skill/d52382fe-f236-421f-95fe-34fe69d48dbd,ESCO occupations and skills,0.35,source_mapped,not_reviewed,,,,2026.1
CPX-SKL-AUTO-41EE425A,collaborate with engineers,collaborate with engineers,en,EU,transferable,esco,http://data.europa.eu/esco/skill/94b2c46e-6338-4a1d-950a-d44eef018c53,ESCO occupations and skills,0.35,source_mapped,not_reviewed,,,,2026.1
CPX-SKL-AUTO-E58DBE55,collect data using GPS,collect data using gps,en,EU,technical,esco,http://data.europa.eu/esco/skill/d89b9a3f-19bf-4b9b-9664-ed35924eb399,ESCO occupations and skills,0.35,source_mapped,not_reviewed,,,,2026.1
CPX-SKL-AUTO-4F463D91,collect geological data,collect geological data,en,EU,technical,esco,http://data.europa.eu/esco/skill/16a3d876-e330-4648-b03f-5f8d7e18ee17,ESCO occupations and skills,0.35,source_mapped,not_reviewed,,,,2026.1
CPX-SKL-AUTO-71E260B7,collect mapping data,collect mapping data,en,EU,technical,esco,http://data.europa.eu/esco/skill/2b834a98-14ff-47e1-8aef-cf8ffae912fa,ESCO occupations and skills,0.35,source_mapped,not_reviewed,,,,2026.1
CPX-SKL-AUTO-35D32999,collect samples for analysis,collect samples for analysis,en,EU,transferable,esco,http://data.europa.eu/esco/skill/4bbb309f-9162-49b9-93da-fb2c371e5c5f,ESCO occupations and skills,0.35,source_mapped,not_reviewed,,,,2026.1
CPX-SKL-AUTO-F862C595,Collection Point Management System CPMS,collection point management system cpms,en,US,tool,onet,onet/skills.csv:165,O*NET database,0.35,source_mapped,not_reviewed,,,,2026.1
CPX-SKL-AUTO-F8BF04A0,Common Lisp,common lisp,en,EU,domain_knowledge,esco,http://data.europa.eu/esco/skill/0cd6dcf1-5778-42a5-b685-4d01ae4a4871,ESCO occupations and skills,0.35,source_mapped,not_reviewed,,,,2026.1
CPX-SKL-AUTO-DBE44076,communicate using the global maritime distress and safety system,communicate using the global maritime distress and safety system,en,EU,regulatory,esco,http://data.europa.eu/esco/skill/5cf70b66-f1b4-4c50-94fb-15ec74fad028,ESCO occupations and skills,0.35,source_mapped,not_reviewed,,,,2026.1
CPX-SKL-AUTO-335B2ED6,communicate with customers,communicate with customers,en,EU,transferable,esco,http://data.europa.eu/esco/skill/0da516ee-e70e-4384-be13-f5ff80be8127,ESCO occupations and skills,0.35,source_mapped,not_reviewed,,,,2026.1
CPX-SKL-AUTO-49884F2D,communication,communication,en,EU,domain_knowledge,esco,http://data.europa.eu/esco/skill/15d76317-c71a-4fa2-aadc-2ecc34e627b7,ESCO occupations and skills,0.35,source_mapped,not_reviewed,,,,2026.1
CPX-SKL-AUTO-B5F2C927,Communications,communications,en,US,domain_knowledge,onet,onet/skills.csv:152,O*NET database,0.35,source_mapped,not_reviewed,,,,2026.1
CPX-SKL-AUTO-D37D43A0,Communications and Media,communications and media,en,US,domain_knowledge,onet,onet/skills.csv:154,O*NET database,0.35,source_mapped,not_reviewed,,,,2026.1
CPX-SKL-AUTO-91C43F3B,compare survey computations,compare survey computations,en,EU,transferable,esco,http://data.europa.eu/esco/skill/e2b82b00-f07f-4fc8-a7bb-c8febf65efe5,ESCO occupations and skills,0.35,source_mapped,not_reviewed,,,,2026.1
CPX-SKL-AUTO-6D72BBD3,compile GIS-data,compile gis-data,en,EU,technical,esco,http://data.europa.eu/esco/skill/49320ec7-65f9-4f90-bed2-2d41784f1836,ESCO occupations and skills,0.35,source_mapped,not_reviewed,,,,2026.1
CPX-SKL-AUTO-CEF8C1DF,Complex Problem Solving,complex problem solving,en,US,transferable,onet,onet/skills.csv:91,O*NET database,0.35,source_mapped,not_reviewed,,,,2026.1
CPX-SKL-AUTO-1D9F6DAA,Complex Problem Solving Skills,complex problem solving skills,en,US,transferable,onet,onet/skills.csv:90,O*NET database,0.35,source_mapped,not_reviewed,,,,2026.1
CPX-SKL-AUTO-4C98B987,comply with legal regulations,comply with legal regulations,en,EU,transferable,esco,http://data.europa.eu/esco/skill/3d3ee5c3-4286-457f-9f76-1704011f7e11,ESCO occupations and skills,0.35,source_mapped,not_reviewed,,,,2026.1
CPX-SKL-AUTO-091726A7,components of air conditioning systems,components of air conditioning systems,en,EU,domain_knowledge,esco,http://data.europa.eu/esco/skill/b112ead8-6245-49bb-879f-07b1388a1c9b,ESCO occupations and skills,0.35,source_mapped,not_reviewed,,,,2026.1
CPX-SKL-AUTO-62B47F83,comprehend financial business terminology,comprehend financial business terminology,en,EU,transferable,esco,http://data.europa.eu/esco/skill/81db5616-3c98-4317-a728-5dae08d44bd4,ESCO occupations and skills,0.35,source_mapped,not_reviewed,,,,2026.1
CPX-SKL-AUTO-B02F484F,compute irrigation pressure,compute irrigation pressure,en,EU,transferable,esco,http://data.europa.eu/esco/skill/ebab1997-4e08-4c9a-a3be-3a32fe3b5aa1,ESCO occupations and skills,0.35,source_mapped,not_reviewed,,,,2026.1
CPX-SKL-AUTO-88624383,Computer aided design and drafting CADD software,computer aided design and drafting cadd software,en,US,tool,onet,onet/skills.csv:366,O*NET database,0.35,source_mapped,not_reviewed,,,,2026.1
CPX-SKL-AUTO-95A8C5DC,computer engineering,computer engineering,en,EU,domain_knowledge,esco,http://data.europa.eu/esco/skill/89f6560b-2194-45c9-9ece-d33049a73eef,ESCO occupations and skills,0.35,source_mapped,not_reviewed,,,,2026.1
CPX-SKL-AUTO-539CF12F,Computer numerical control CNC software,computer numerical control cnc software,en,US,tool,onet,onet/skills.csv:316,O*NET database,0.35,source_mapped,not_reviewed,,,,2026.1
CPX-SKL-AUTO-25F7654A,computer programming,computer programming,en,EU,domain_knowledge,esco,http://data.europa.eu/esco/skill/21d2f96d-35f7-4e3f-9745-c533d2dd6e97,ESCO occupations and skills,0.35,source_mapped,not_reviewed,,,,2026.1
CPX-SKL-AUTO-EEDCE0AE,computer technology,computer technology,en,EU,domain_knowledge,esco,http://data.europa.eu/esco/skill/ddc3119d-1d6e-4324-9125-a3380d299ac5,ESCO occupations and skills,0.35,source_mapped,not_reviewed,,,,2026.1
CPX-SKL-AUTO-5A0CF7BD,Computer-aided drafting or design software,computer-aided drafting or design software,en,US,tool,onet,onet/skills.csv:196,O*NET database,0.35,source_mapped,not_reviewed,,,,2026.1
CPX-SKL-AUTO-E65DC7A8,Computerized diagnostic software,computerized diagnostic software,en,US,tool,onet,onet/skills.csv:198,O*NET database,0.35,source_mapped,not_reviewed,,,,2026.1
CPX-SKL-AUTO-9A942D11,Computerized maintenance management system CMMS,computerized maintenance management system cmms,en,US,tool,onet,onet/skills.csv:304,O*NET database,0.35,source_mapped,not_reviewed,,,,2026.1
CPX-SKL-AUTO-2DA90841,Computers and Electronics,computers and electronics,en,US,domain_knowledge,onet,onet/skills.csv:126,O*NET database,0.35,source_mapped,not_reviewed,,,,2026.1
CPX-SKL-AUTO-D9D89D38,conduct engineering site audits,conduct engineering site audits,en,EU,transferable,esco,http://data.europa.eu/esco/skill/09473fea-69ea-40dc-9ff4-bbaaff10840e,ESCO occupations and skills,0.35,source_mapped,not_reviewed,,,,2026.1
CPX-SKL-AUTO-62453CBF,conduct environmental surveys,conduct environmental surveys,en,EU,transferable,esco,http://data.europa.eu/esco/skill/96835f47-da71-415b-8cbf-d37386dc98d4,ESCO occupations and skills,0.35,source_mapped,not_reviewed,,,,2026.1
CPX-SKL-AUTO-9FA443C7,conduct field work,conduct field work,en,EU,transferable,esco,http://data.europa.eu/esco/skill/bc54eee1-a858-4f80-afdc-0442a617ef50,ESCO occupations and skills,0.35,source_mapped,not_reviewed,,,,2026.1
CPX-SKL-AUTO-C74C4BF1,conduct land surveys,conduct land surveys,en,EU,transferable,esco,http://data.europa.eu/esco/skill/39e71107-3aa9-41a0-809c-edea477c968f,ESCO occupations and skills,0.35,source_mapped,not_reviewed,,,,2026.1
CPX-SKL-AUTO-69338A4B,conduct literature research,conduct literature research,en,EU,transferable,esco,http://data.europa.eu/esco/skill/0d282d6e-8cb9-4339-8e7d-cfafed96b5ed,ESCO occupations and skills,0.35,source_mapped,not_reviewed,,,,2026.1
CPX-SKL-AUTO-7E351D62,conduct performance tests,conduct performance tests,en,EU,transferable,esco,http://data.europa.eu/esco/skill/bbd57056-80e0-45bb-a2c1-658ed99a1251,ESCO occupations and skills,0.35,source_mapped,not_reviewed,,,,2026.1
CPX-SKL-AUTO-8AE6A31F,conduct quality control analysis,conduct quality control analysis,en,EU,transferable,esco,http://data.europa.eu/esco/skill/41a3240f-58ba-44e2-a688-edeb21ea5c16,ESCO occupations and skills,0.35,source_mapped,not_reviewed,,,,2026.1
CPX-SKL-AUTO-FB0488C1,conduct research before survey,conduct research before survey,en,EU,transferable,esco,http://data.europa.eu/esco/skill/c6445183-6a52-49e0-a51c-6b3481ba5c54,ESCO occupations and skills,0.35,source_mapped,not_reviewed,,,,2026.1
CPX-SKL-AUTO-0C99F9B8,conserve natural resources,conserve natural resources,en,EU,transferable,esco,http://data.europa.eu/esco/skill/b25c3eb8-fd63-4d77-8308-7061dbd271c1,ESCO occupations and skills,0.35,source_mapped,not_reviewed,,,,2026.1
CPX-SKL-AUTO-352E63D5,conserve water resource,conserve water resource,en,EU,transferable,esco,http://data.europa.eu/esco/skill/fd2930ce-cd21-4eb2-87f7-115c3d197e24,ESCO occupations and skills,0.35,source_mapped,not_reviewed,,,,2026.1
CPX-SKL-AUTO-656B7CFF,consider the impact of material characteristics on pipeline flows,consider the impact of material characteristics on pipeline flows,en,EU,transferable,esco,http://data.europa.eu/esco/skill/afc7c834-8190-4b65-acc6-5c158c851c85,ESCO occupations and skills,0.35,source_mapped,not_reviewed,,,,2026.1
CPX-SKL-AUTO-4C268F11,construction industry,construction industry,en,EU,domain_knowledge,esco,http://data.europa.eu/esco/skill/fe77f9ca-7bd2-4a68-98f4-8463a4fb8301,ESCO occupations and skills,0.35,source_mapped,not_reviewed,,,,2026.1
CPX-SKL-AUTO-B40B55C3,construction methods,construction methods,en,EU,domain_knowledge,esco,http://data.europa.eu/esco/skill/cc173f61-3386-44c5-a048-3889e1ec9114,ESCO occupations and skills,0.35,source_mapped,not_reviewed,,,,2026.1
CPX-SKL-AUTO-114ACB44,construction product regulation,construction product regulation,en,EU,domain_knowledge,esco,http://data.europa.eu/esco/skill/5518db9d-4a2f-4b53-9068-4d0d61465bf4,ESCO occupations and skills,0.35,source_mapped,not_reviewed,,,,2026.1
CPX-SKL-AUTO-FC1FD883,consumer electronics,consumer electronics,en,EU,domain_knowledge,esco,http://data.europa.eu/esco/skill/6c153605-d62c-4970-81a9-49646ab32032,ESCO occupations and skills,0.35,source_mapped,not_reviewed,,,,2026.1
CPX-SKL-AUTO-A3003D10,consumer protection,consumer protection,en,EU,domain_knowledge,esco,http://data.europa.eu/esco/skill/7ae62140-fe02-4ee3-a0c5-fb5668a2870d,ESCO occupations and skills,0.35,source_mapped,not_reviewed,,,,2026.1
CPX-SKL-AUTO-D5BCEB6C,Continuous emissions monitoring systems CEMS,continuous emissions monitoring systems cems,en,US,tool,onet,onet/skills.csv:224,O*NET database,0.35,source_mapped,not_reviewed,,,,2026.1
CPX-SKL-AUTO-846BD406,continuous improvement philosophies,continuous improvement philosophies,en,EU,domain_knowledge,esco,http://data.europa.eu/esco/skill/0550431f-9c8b-4204-9c45-59bc5feacf06,ESCO occupations and skills,0.35,source_mapped,not_reviewed,,,,2026.1
CPX-SKL-AUTO-2CD33572,control compliance of railway vehicles regulations,control compliance of railway vehicles regulations,en,EU,regulatory,esco,http://data.europa.eu/esco/skill/0007bdc2-dd15-4824-b7d6-416522c46f35,ESCO occupations and skills,0.35,source_mapped,not_reviewed,,,,2026.1
CPX-SKL-AUTO-E7427129,control engineering,control engineering,en,EU,domain_knowledge,esco,http://data.europa.eu/esco/skill/bf1f763e-c505-46e7-8af3-e48f13ec5f44,ESCO occupations and skills,0.35,source_mapped,not_reviewed,,,,2026.1
CPX-SKL-AUTO-41C5A873,Control Movement Abilities,control movement abilities,en,US,transferable,onet,onet/skills.csv:38,O*NET database,0.35,source_mapped,not_reviewed,,,,2026.1
CPX-SKL-AUTO-EFAB8781,Control Precision,control precision,en,US,transferable,onet,onet/skills.csv:39,O*NET database,0.35,source_mapped,not_reviewed,,,,2026.1
CPX-SKL-AUTO-B25A8613,control production,control production,en,EU,transferable,esco,http://data.europa.eu/esco/skill/feceacee-d425-4e73-821a-02dfb85084db,ESCO occupations and skills,0.35,source_mapped,not_reviewed,,,,2026.1
CPX-SKL-AUTO-ABC47006,control systems,control systems,en,EU,domain_knowledge,esco,http://data.europa.eu/esco/skill/4ff549c3-daa5-4def-9916-301c7bdf13b8,ESCO occupations and skills,0.35,source_mapped,not_reviewed,,,,2026.1
CPX-SKL-AUTO-CFC81E0F,coordinate engineering teams,coordinate engineering teams,en,EU,transferable,esco,http://data.europa.eu/esco/skill/7af6e9e8-1e11-4c0b-b7c6-ac96bbbbc674,ESCO occupations and skills,0.35,source_mapped,not_reviewed,,,,2026.1
CPX-SKL-AUTO-7FFE78CD,coordinate environmental efforts,coordinate environmental efforts,en,EU,transferable,esco,http://data.europa.eu/esco/skill/bd70f004-e1d6-43f0-96f1-59c014a4ea01,ESCO occupations and skills,0.35,source_mapped,not_reviewed,,,,2026.1
CPX-SKL-AUTO-088F39E3,coordinate fire fighting,coordinate fire fighting,en,EU,transferable,esco,http://data.europa.eu/esco/skill/767606b1-9c54-4dbd-8a69-80cc3ab923c1,ESCO occupations and skills,0.35,source_mapped,not_reviewed,,,,2026.1
CPX-SKL-AUTO-05505988,Coordination,coordination,en,US,transferable,onet,onet/skills.csv:85,O*NET database,0.35,source_mapped,not_reviewed,,,,2026.1
CPX-SKL-AUTO-4F296121,Corel Paradox,corel paradox,en,US,tool,onet,onet/skills.csv:174,O*NET database,0.35,source_mapped,not_reviewed,,,,2026.1
CPX-SKL-AUTO-71AE5542,Cost estimating software,cost estimating software,en,US,tool,onet,onet/skills.csv:374,O*NET database,0.35,source_mapped,not_reviewed,,,,2026.1
CPX-SKL-AUTO-CDF01952,cost management,cost management,en,EU,domain_knowledge,esco,http://data.europa.eu/esco/skill/7d35602d-bc94-4975-aa7c-f4e8e05ce8e0,ESCO occupations and skills,0.35,source_mapped,not_reviewed,,,,2026.1
CPX-SKL-AUTO-8308E008,create a product's virtual model,create a product s virtual model,en,EU,transferable,esco,http://data.europa.eu/esco/skill/53403f06-6c51-4a24-9491-d8a6200526ce,ESCO occupations and skills,0.35,source_mapped,not_reviewed,,,,2026.1
CPX-SKL-AUTO-22EDA541,create AutoCAD drawings,create autocad drawings,en,EU,tool,esco,http://data.europa.eu/esco/skill/76415d7f-0fde-4364-b45f-5c044580d2aa,ESCO occupations and skills,0.35,source_mapped,not_reviewed,,,,2026.1
CPX-SKL-AUTO-309B0800,create designs for pipeline engineering,create designs for pipeline engineering,en,EU,transferable,esco,http://data.europa.eu/esco/skill/981f770c-24f1-4711-afc0-13a6fa1a33ab,ESCO occupations and skills,0.35,source_mapped,not_reviewed,,,,2026.1
CPX-SKL-AUTO-4E6E590A,create GIS reports,create gis reports,en,EU,transferable,esco,http://data.europa.eu/esco/skill/bad66a63-4e3f-41f9-9e5d-a4d5f12f8d36,ESCO occupations and skills,0.35,source_mapped,not_reviewed,,,,2026.1
CPX-SKL-AUTO-BF04DD1D,create manufacturing guidelines,create manufacturing guidelines,en,EU,transferable,esco,http://data.europa.eu/esco/skill/37520413-563e-4d99-a14c-1c6dca3cf833,ESCO occupations and skills,0.35,source_mapped,not_reviewed,,,,2026.1
CPX-SKL-AUTO-6916E7CE,create software design,create software design,en,EU,technical,esco,http://data.europa.eu/esco/skill/3bddfd7c-ab6d-40c2-883d-5e97fb7640ba,ESCO occupations and skills,0.35,source_mapped,not_reviewed,,,,2026.1
CPX-SKL-AUTO-217B3D30,create solutions to problems,create solutions to problems,en,EU,transferable,esco,http://data.europa.eu/esco/skill/03b9b491-fc9b-4868-914a-bf7cd47b5041,ESCO occupations and skills,0.35,source_mapped,not_reviewed,,,,2026.1
CPX-SKL-AUTO-D0001062,create technical plans,create technical plans,en,EU,transferable,esco,http://data.europa.eu/esco/skill/5c98825f-146d-4d35-97cf-207b2afd9ae2,ESCO occupations and skills,0.35,source_mapped,not_reviewed,,,,2026.1
CPX-SKL-AUTO-51938C91,create thematic maps,create thematic maps,en,EU,transferable,esco,http://data.europa.eu/esco/skill/9e14c1d8-72f2-45ba-815d-0d12e12d19fa,ESCO occupations and skills,0.35,source_mapped,not_reviewed,,,,2026.1
CPX-SKL-AUTO-6922584D,Credit adjudication and lending management system CALMS,credit adjudication and lending management system calms,en,US,tool,onet,onet/skills.csv:346,O*NET database,0.35,source_mapped,not_reviewed,,,,2026.1
CPX-SKL-AUTO-0C187978,Critical Thinking,critical thinking,en,US,technical,onet,onet/skills.csv:78,O*NET database,0.35,source_mapped,not_reviewed,,,,2026.1
CPX-SKL-AUTO-D4B66987,CSR Consultants Cemetery Management SC,csr consultants cemetery management sc,en,US,tool,onet,onet/skills.csv:330,O*NET database,0.35,source_mapped,not_reviewed,,,,2026.1
CPX-SKL-AUTO-D83939F5,Curtis Management Resources Training Management System,curtis management resources training management system,en,US,tool,onet,onet/skills.csv:309,O*NET database,0.35,source_mapped,not_reviewed,,,,2026.1
CPX-SKL-AUTO-3C19E555,Customer and Personal Service,customer and personal service,en,US,domain_knowledge,onet,onet/skills.csv:119,O*NET database,0.35,source_mapped,not_reviewed,,,,2026.1
CPX-SKL-AUTO-1BDCB4BA,Dassault Systemes CATIA,dassault systemes catia,en,US,tool,onet,onet/skills.csv:338,O*NET database,0.35,source_mapped,not_reviewed,,,,2026.1
CPX-SKL-AUTO-8735930F,Dassault Systemes SolidWorks,dassault systemes solidworks,en,US,tool,onet,onet/skills.csv:176,O*NET database,0.35,source_mapped,not_reviewed,,,,2026.1
CPX-SKL-AUTO-713DC208,Data logging software,data logging software,en,US,tool,onet,onet/skills.csv:317,O*NET database,0.35,source_mapped,not_reviewed,,,,2026.1
CPX-SKL-AUTO-CA75B61D,Database software,database software,en,US,tool,onet,onet/skills.csv:209,O*NET database,0.35,source_mapped,not_reviewed,,,,2026.1
CPX-SKL-AUTO-38698A12,Deductive Reasoning,deductive reasoning,en,US,transferable,onet,onet/skills.csv:14,O*NET database,0.35,source_mapped,not_reviewed,,,,2026.1
CPX-SKL-AUTO-33359F29,define manufacturing quality criteria,define manufacturing quality criteria,en,EU,transferable,esco,http://data.europa.eu/esco/skill/46e1b714-94f4-462d-88e6-31f442708812,ESCO occupations and skills,0.35,source_mapped,not_reviewed,,,,2026.1
CPX-SKL-AUTO-48381918,define quality standards,define quality standards,en,EU,transferable,esco,http://data.europa.eu/esco/skill/5d9e766b-8f17-4e17-bfab-3bb0e0719791,ESCO occupations and skills,0.35,source_mapped,not_reviewed,,,,2026.1
CPX-SKL-AUTO-A16A9B91,define technical requirements,define technical requirements,en,EU,transferable,esco,http://data.europa.eu/esco/skill/d9e5349e-8791-49c2-8ba4-839fdd1606c2,ESCO occupations and skills,0.35,source_mapped,not_reviewed,,,,2026.1
CPX-SKL-AUTO-91564FFD,Depth Perception,depth perception,en,US,transferable,onet,onet/skills.csv:62,O*NET database,0.35,source_mapped,not_reviewed,,,,2026.1
CPX-SKL-AUTO-B1004634,Design,design,en,US,domain_knowledge,onet,onet/skills.csv:128,O*NET database,0.35,source_mapped,not_reviewed,,,,2026.1
CPX-SKL-AUTO-D6BADC98,design circuit boards,design circuit boards,en,EU,transferable,esco,http://data.europa.eu/esco/skill/77bf865e-6360-424f-9d77-ce03918c7dcf,ESCO occupations and skills,0.35,source_mapped,not_reviewed,,,,2026.1
CPX-SKL-AUTO-A837FD62,design circuits using CAD,design circuits using cad,en,EU,transferable,esco,http://data.europa.eu/esco/skill/9ba355be-f119-42b6-a7d6-52f6ce2e4a3f,ESCO occupations and skills,0.35,source_mapped,not_reviewed,,,,2026.1
CPX-SKL-AUTO-AFBCFF24,design control systems,design control systems,en,EU,transferable,esco,http://data.europa.eu/esco/skill/d560df46-dda4-4407-bab2-b87353a96814,ESCO occupations and skills,0.35,source_mapped,not_reviewed,,,,2026.1
CPX-SKL-AUTO-1698F006,design customised maps,design customised maps,en,EU,transferable,esco,http://data.europa.eu/esco/skill/378b4cd5-ced1-4133-82e6-6d12bee2553b,ESCO occupations and skills,0.35,source_mapped,not_reviewed,,,,2026.1
CPX-SKL-AUTO-BA385187,design dams,design dams,en,EU,transferable,esco,http://data.europa.eu/esco/skill/d1a47422-bcf0-4f81-864c-984d08f7cf64,ESCO occupations and skills,0.35,source_mapped,not_reviewed,,,,2026.1
CPX-SKL-AUTO-E2BF03CB,design drainage well systems,design drainage well systems,en,EU,transferable,esco,http://data.europa.eu/esco/skill/397412dc-47c4-4580-82d0-15a9f9a86ea2,ESCO occupations and skills,0.35,source_mapped,not_reviewed,,,,2026.1
CPX-SKL-AUTO-67BD8C74,design drawings,design drawings,en,EU,domain_knowledge,esco,http://data.europa.eu/esco/skill/3c333552-8d89-43f5-90bd-856e15bec433,ESCO occupations and skills,0.35,source_mapped,not_reviewed,,,,2026.1
CPX-SKL-AUTO-408380BB,design electric power systems,design electric power systems,en,EU,transferable,esco,http://data.europa.eu/esco/skill/9bcff7ef-1f9e-4054-b8fa-3c640e491a11,ESCO occupations and skills,0.35,source_mapped,not_reviewed,,,,2026.1
CPX-SKL-AUTO-29CA2796,design electrical systems,design electrical systems,en,EU,transferable,esco,http://data.europa.eu/esco/skill/05010f6c-0b40-4525-ac4a-057d46a2b6f4,ESCO occupations and skills,0.35,source_mapped,not_reviewed,,,,2026.1
CPX-SKL-AUTO-07F149B8,design electromagnets,design electromagnets,en,EU,transferable,esco,http://data.europa.eu/esco/skill/8c30f212-806e-49f6-ba1d-77ec0f0df524,ESCO occupations and skills,0.35,source_mapped,not_reviewed,,,,2026.1
CPX-SKL-AUTO-8766C1B8,design electromechanical systems,design electromechanical systems,en,EU,transferable,esco,http://data.europa.eu/esco/skill/c5422318-3218-4ce9-9bdd-f38b93ff63a3,ESCO occupations and skills,0.35,source_mapped,not_reviewed,,,,2026.1
CPX-SKL-AUTO-0C2372BD,design electronic systems,design electronic systems,en,EU,transferable,esco,http://data.europa.eu/esco/skill/feb717ff-fba6-4a91-aa10-ee11cf2da6b4,ESCO occupations and skills,0.35,source_mapped,not_reviewed,,,,2026.1
CPX-SKL-AUTO-237E0688,design firmware,design firmware,en,EU,transferable,esco,http://data.europa.eu/esco/skill/162c7407-14ec-43ef-a4c2-31ccd1267850,ESCO occupations and skills,0.35,source_mapped,not_reviewed,,,,2026.1
CPX-SKL-AUTO-188D24EA,design hardware,design hardware,en,EU,transferable,esco,http://data.europa.eu/esco/skill/bee296bc-48f7-4df6-bd2c-8616c8a6c8de,ESCO occupations and skills,0.35,source_mapped,not_reviewed,,,,2026.1
CPX-SKL-AUTO-C646A7C3,design infrastructure for surface mines,design infrastructure for surface mines,en,EU,transferable,esco,http://data.europa.eu/esco/skill/28eb4689-3ba4-47a1-96b0-34a60751ea17,ESCO occupations and skills,0.35,source_mapped,not_reviewed,,,,2026.1
CPX-SKL-AUTO-1162CD2D,design integrated circuits,design integrated circuits,en,EU,transferable,esco,http://data.europa.eu/esco/skill/6d12ac9b-5ec0-49b9-bd70-5a19352585cb,ESCO occupations and skills,0.35,source_mapped,not_reviewed,,,,2026.1
CPX-SKL-AUTO-B8EA0179,design microelectromechanical systems,design microelectromechanical systems,en,EU,transferable,esco,http://data.europa.eu/esco/skill/c022ff1b-7783-4e64-89ef-0422c81ff51f,ESCO occupations and skills,0.35,source_mapped,not_reviewed,,,,2026.1
CPX-SKL-AUTO-01A6F020,design microelectronics,design microelectronics,en,EU,transferable,esco,http://data.europa.eu/esco/skill/8712b176-c063-462f-9d0f-2e3c54d9a2eb,ESCO occupations and skills,0.35,source_mapped,not_reviewed,,,,2026.1
CPX-SKL-AUTO-CD397929,design piers,design piers,en,EU,transferable,esco,http://data.europa.eu/esco/skill/977ea26a-3721-4f5e-9a99-b6676ff6ba7d,ESCO occupations and skills,0.35,source_mapped,not_reviewed,,,,2026.1
CPX-SKL-AUTO-E900B26A,design principles,design principles,en,EU,domain_knowledge,esco,http://data.europa.eu/esco/skill/4c58528e-bdaa-43ad-8f5a-8ad0b8cd4bbb,ESCO occupations and skills,0.35,source_mapped,not_reviewed,,,,2026.1
CPX-SKL-AUTO-DD77166F,design process,design process,en,EU,transferable,esco,http://data.europa.eu/esco/skill/2c28fc20-8a60-4311-8899-5ef8729c05b3,ESCO occupations and skills,0.35,source_mapped,not_reviewed,,,,2026.1
CPX-SKL-AUTO-D7F587B8,design prototypes,design prototypes,en,EU,transferable,esco,http://data.europa.eu/esco/skill/bacbfc27-4b5d-47de-8bfd-af5fa27562a2,ESCO occupations and skills,0.35,source_mapped,not_reviewed,,,,2026.1
CPX-SKL-AUTO-C82664CA,design sensors,design sensors,en,EU,transferable,esco,http://data.europa.eu/esco/skill/fe4a9fb8-2963-4b23-8a18-e033197304f2,ESCO occupations and skills,0.35,source_mapped,not_reviewed,,,,2026.1
CPX-SKL-AUTO-FB54B8DC,design solar energy systems,design solar energy systems,en,EU,transferable,esco,http://data.europa.eu/esco/skill/50ac5186-bb18-4ffb-9f29-00636853c8ea,ESCO occupations and skills,0.35,source_mapped,not_reviewed,,,,2026.1
CPX-SKL-AUTO-D2DA541D,design sprinkler systems,design sprinkler systems,en,EU,transferable,esco,http://data.europa.eu/esco/skill/065ec709-e0f4-407f-91fe-9feab66942be,ESCO occupations and skills,0.35,source_mapped,not_reviewed,,,,2026.1
CPX-SKL-AUTO-833F0AC8,design transportation systems,design transportation systems,en,EU,transferable,esco,http://data.europa.eu/esco/skill/11f364dd-0814-4398-b00e-10d1be8b27af,ESCO occupations and skills,0.35,source_mapped,not_reviewed,,,,2026.1
CPX-SKL-AUTO-376BF1C1,design user interface,design user interface,en,EU,transferable,esco,http://data.europa.eu/esco/skill/fd33c66c-70c4-40e6-b87c-5495bd3bf26e,ESCO occupations and skills,0.35,source_mapped,not_reviewed,,,,2026.1
CPX-SKL-AUTO-44474693,design weirs,design weirs,en,EU,transferable,esco,http://data.europa.eu/esco/skill/dc580b44-5099-4327-aabe-8e59b6d1ab90,ESCO occupations and skills,0.35,source_mapped,not_reviewed,,,,2026.1
CPX-SKL-AUTO-8859E9D2,detect flaws in pipeline infrastructure,detect flaws in pipeline infrastructure,en,EU,transferable,esco,http://data.europa.eu/esco/skill/414bfea8-a6bd-44e1-8820-80b1238a39cc,ESCO occupations and skills,0.35,source_mapped,not_reviewed,,,,2026.1
CPX-SKL-AUTO-5CCCEBCC,detect malfunctions in train control systems,detect malfunctions in train control systems,en,EU,transferable,esco,http://data.europa.eu/esco/skill/0e8a19c5-2f06-4a7c-b228-d4ef1021c5d0,ESCO occupations and skills,0.35,source_mapped,not_reviewed,,,,2026.1
CPX-SKL-AUTO-CEBC803D,determine boundaries,determine boundaries,en,EU,transferable,esco,http://data.europa.eu/esco/skill/a550c4e9-5773-47a2-861d-e57ceb076eb6,ESCO occupations and skills,0.35,source_mapped,not_reviewed,,,,2026.1
CPX-SKL-AUTO-B2218D77,develop efficiency plans for logistics operations,develop efficiency plans for logistics operations,en,EU,transferable,esco,http://data.europa.eu/esco/skill/f672b7a0-698e-45f1-a102-51adeaf89200,ESCO occupations and skills,0.35,source_mapped,not_reviewed,,,,2026.1
CPX-SKL-AUTO-DD66215C,develop electronic test procedures,develop electronic test procedures,en,EU,transferable,esco,http://data.europa.eu/esco/skill/0de6bca4-f3aa-452a-8e10-d355b2c1bfc4,ESCO occupations and skills,0.35,source_mapped,not_reviewed,,,,2026.1
CPX-SKL-AUTO-B9A2341F,develop environmental remediation strategies,develop environmental remediation strategies,en,EU,transferable,esco,http://data.europa.eu/esco/skill/e4ff825c-7376-4135-93cd-3892fd67b7c1,ESCO occupations and skills,0.35,source_mapped,not_reviewed,,,,2026.1
CPX-SKL-AUTO-98EAC897,develop flood remediation strategies,develop flood remediation strategies,en,EU,transferable,esco,http://data.europa.eu/esco/skill/6b5d032a-b85a-44ea-9dad-5201048d2dd2,ESCO occupations and skills,0.35,source_mapped,not_reviewed,,,,2026.1
CPX-SKL-AUTO-FE58BCFF,develop geological databases,develop geological databases,en,EU,transferable,esco,http://data.europa.eu/esco/skill/5b776f2d-cac1-437e-badd-9871876209a5,ESCO occupations and skills,0.35,source_mapped,not_reviewed,,,,2026.1
CPX-SKL-AUTO-9297C42C,develop improvements to the electrical systems,develop improvements to the electrical systems,en,EU,transferable,esco,http://data.europa.eu/esco/skill/1b6197c8-a08b-412b-8be0-ed6de108b17e,ESCO occupations and skills,0.35,source_mapped,not_reviewed,,,,2026.1
CPX-SKL-AUTO-BB6690B7,develop instrumentation systems,develop instrumentation systems,en,EU,transferable,esco,http://data.europa.eu/esco/skill/d8c19849-f4cf-458d-90cd-abe735a729bf,ESCO occupations and skills,0.35,source_mapped,not_reviewed,,,,2026.1
CPX-SKL-AUTO-5B0E2959,develop irrigation strategies,develop irrigation strategies,en,EU,transferable,esco,http://data.europa.eu/esco/skill/189777b9-6e95-4f76-b8db-f8e0f0477bc6,ESCO occupations and skills,0.35,source_mapped,not_reviewed,,,,2026.1
CPX-SKL-AUTO-759F200D,develop manufacturing policies,develop manufacturing policies,en,EU,transferable,esco,http://data.europa.eu/esco/skill/764db027-9063-4468-acb3-c73ecfc76f35,ESCO occupations and skills,0.35,source_mapped,not_reviewed,,,,2026.1
CPX-SKL-AUTO-AA73F5E5,develop material testing procedures,develop material testing procedures,en,EU,transferable,esco,http://data.europa.eu/esco/skill/658b6ea0-79f5-451d-a037-7593a4416c85,ESCO occupations and skills,0.35,source_mapped,not_reviewed,,,,2026.1
CPX-SKL-AUTO-F906F498,develop microelectromechanical system test procedures,develop microelectromechanical system test procedures,en,EU,transferable,esco,http://data.europa.eu/esco/skill/aaa638f1-1027-47e6-a2fb-c4389f8dd27d,ESCO occupations and skills,0.35,source_mapped,not_reviewed,,,,2026.1
CPX-SKL-AUTO-A331B015,develop product design,develop product design,en,EU,transferable,esco,http://data.europa.eu/esco/skill/fd4386c5-96f0-4c6e-970c-c08729ae0cc6,ESCO occupations and skills,0.35,source_mapped,not_reviewed,,,,2026.1
CPX-SKL-AUTO-8FAF5FF8,develop sewerage networks,develop sewerage networks,en,EU,transferable,esco,http://data.europa.eu/esco/skill/68d5d7e2-1e9e-4b2b-bce9-ff6c687e4f45,ESCO occupations and skills,0.35,source_mapped,not_reviewed,,,,2026.1
CPX-SKL-AUTO-8018132A,develop test procedures,develop test procedures,en,EU,transferable,esco,http://data.europa.eu/esco/skill/f10142ce-d522-49c3-9fd1-054fb63529d4,ESCO occupations and skills,0.35,source_mapped,not_reviewed,,,,2026.1
CPX-SKL-AUTO-21789335,develop urban transport studies,develop urban transport studies,en,EU,transferable,esco,http://data.europa.eu/esco/skill/0a71a150-17fd-448e-a5b8-19fbea76d569,ESCO occupations and skills,0.35,source_mapped,not_reviewed,,,,2026.1
CPX-SKL-AUTO-E9272939,develop water purification methods,develop water purification methods,en,EU,transferable,esco,http://data.europa.eu/esco/skill/6af000e5-a451-4f78-9feb-723971f2ad05,ESCO occupations and skills,0.35,source_mapped,not_reviewed,,,,2026.1
CPX-SKL-AUTO-B0843D34,develop water supply schedule,develop water supply schedule,en,EU,transferable,esco,http://data.europa.eu/esco/skill/6039fb0d-cf20-49e9-9fd4-5b561e85c77a,ESCO occupations and skills,0.35,source_mapped,not_reviewed,,,,2026.1
CPX-SKL-AUTO-8A07032B,develop watering schedules,develop watering schedules,en,EU,transferable,esco,http://data.europa.eu/esco/skill/8e35a47d-49b3-4937-aeb1-3629be14c3d5,ESCO occupations and skills,0.35,source_mapped,not_reviewed,,,,2026.1
CPX-SKL-AUTO-9DBBE0D9,diagnose defective engines,diagnose defective engines,en,EU,transferable,esco,http://data.europa.eu/esco/skill/68162174-68c3-4601-840b-5e63c2dd7481,ESCO occupations and skills,0.35,source_mapped,not_reviewed,,,,2026.1
CPX-SKL-AUTO-0F492352,digital camera sensors,digital camera sensors,en,EU,domain_knowledge,esco,http://data.europa.eu/esco/skill/5706691c-2c38-46e4-9e88-c55be7e5d3ff,ESCO occupations and skills,0.35,source_mapped,not_reviewed,,,,2026.1
CPX-SKL-AUTO-50B4998D,disassemble engines,disassemble engines,en,EU,transferable,esco,http://data.europa.eu/esco/skill/db3c8181-31b4-4950-bf0b-de01f93c372b,ESCO occupations and skills,0.35,source_mapped,not_reviewed,,,,2026.1
CPX-SKL-AUTO-5AEA39DB,Distributed control system DCS,distributed control system dcs,en,US,tool,onet,onet/skills.csv:381,O*NET database,0.35,source_mapped,not_reviewed,,,,2026.1
CPX-SKL-AUTO-0A83E75B,document survey operations,document survey operations,en,EU,transferable,esco,http://data.europa.eu/esco/skill/65f375e1-6724-4539-8f8d-b35f4ba11af0,ESCO occupations and skills,0.35,source_mapped,not_reviewed,,,,2026.1
CPX-SKL-AUTO-10A93E87,domestic heating systems,domestic heating systems,en,EU,domain_knowledge,esco,http://data.europa.eu/esco/skill/95013213-ee67-493b-86d0-e383e0f72482,ESCO occupations and skills,0.35,source_mapped,not_reviewed,,,,2026.1
CPX-SKL-AUTO-7038BBCA,DQO-PRO,dqo-pro,en,US,tool,onet,onet/skills.csv:408,O*NET database,0.35,source_mapped,not_reviewed,,,,2026.1
CPX-SKL-AUTO-D2F19421,draft bill of materials,draft bill of materials,en,EU,transferable,esco,http://data.europa.eu/esco/skill/ad903700-6511-4804-afc6-f9a2e9344a59,ESCO occupations and skills,0.35,source_mapped,not_reviewed,,,,2026.1
CPX-SKL-AUTO-EBE5DD16,draft design specifications,draft design specifications,en,EU,transferable,esco,http://data.europa.eu/esco/skill/a8d41cca-3bc9-4d2a-ae09-436dabe86e21,ESCO occupations and skills,0.35,source_mapped,not_reviewed,,,,2026.1
CPX-SKL-AUTO-DB34AB73,draw blueprints,draw blueprints,en,EU,transferable,esco,http://data.europa.eu/esco/skill/bf59255e-782a-4e83-a93c-6055cfdd8e7f,ESCO occupations and skills,0.35,source_mapped,not_reviewed,,,,2026.1
CPX-SKL-AUTO-24C6BE13,drive mobile heavy construction equipment,drive mobile heavy construction equipment,en,EU,transferable,esco,http://data.europa.eu/esco/skill/b8c1e014-1f54-480a-bf0f-2ef3d2d275e8,ESCO occupations and skills,0.35,source_mapped,not_reviewed,,,,2026.1
CPX-SKL-AUTO-1A488A36,Dynamic Strength,dynamic strength,en,US,transferable,onet,onet/skills.csv:49,O*NET database,0.35,source_mapped,not_reviewed,,,,2026.1
CPX-SKL-AUTO-5A43D3EC,eBuy,ebuy,en,US,tool,onet,onet/skills.csv:368,O*NET database,0.35,source_mapped,not_reviewed,,,,2026.1
CPX-SKL-AUTO-74358B8D,EcoLogic ADAM Indoor Air Quality and Analytical Data Management,ecologic adam indoor air quality and analytical data management,en,US,tool,onet,onet/skills.csv:223,O*NET database,0.35,source_mapped,not_reviewed,,,,2026.1
CPX-SKL-AUTO-23937265,Economics and Accounting,economics and accounting,en,US,domain_knowledge,onet,onet/skills.csv:117,O*NET database,0.35,source_mapped,not_reviewed,,,,2026.1
CPX-SKL-AUTO-32338136,ecosystems,ecosystems,en,EU,domain_knowledge,esco,http://data.europa.eu/esco/skill/ddbf25f1-b91a-4083-9ef1-cc113a46e4c0,ESCO occupations and skills,0.35,source_mapped,not_reviewed,,,,2026.1
CPX-SKL-AUTO-28EB40E2,educate public on road safety,educate public on road safety,en,EU,regulatory,esco,http://data.europa.eu/esco/skill/83d57165-ecba-4a8b-ad28-e71630f961a0,ESCO occupations and skills,0.35,source_mapped,not_reviewed,,,,2026.1
CPX-SKL-AUTO-11280C09,Education and Training,education and training,en,US,domain_knowledge,onet,onet/skills.csv:142,O*NET database,0.35,source_mapped,not_reviewed,,,,2026.1
CPX-SKL-AUTO-7CC048ED,electric drives,electric drives,en,EU,domain_knowledge,esco,http://data.europa.eu/esco/skill/b979d9ae-37c2-4d1f-b8b8-7539f913cb19,ESCO occupations and skills,0.35,source_mapped,not_reviewed,,,,2026.1
CPX-SKL-AUTO-68F157A3,electric generators,electric generators,en,EU,domain_knowledge,esco,http://data.europa.eu/esco/skill/c8c18b8d-a813-49f8-a702-689564dcf8b2,ESCO occupations and skills,0.35,source_mapped,not_reviewed,,,,2026.1
CPX-SKL-AUTO-AF057CB4,electric motors,electric motors,en,EU,domain_knowledge,esco,http://data.europa.eu/esco/skill/2e55bf22-45f2-43f6-8aa0-28894263313d,ESCO occupations and skills,0.35,source_mapped,not_reviewed,,,,2026.1
CPX-SKL-AUTO-1D4E2E34,electrical engineering,electrical engineering,en,EU,domain_knowledge,esco,http://data.europa.eu/esco/skill/3e40c7d0-0e36-4b33-bc33-0aa87eda0561,ESCO occupations and skills,0.35,source_mapped,not_reviewed,,,,2026.1
CPX-SKL-AUTO-3E770F62,electrical equipment regulations,electrical equipment regulations,en,EU,domain_knowledge,esco,http://data.europa.eu/esco/skill/2aff3316-15b8-4ca1-8ae2-270bd5fd22e1,ESCO occupations and skills,0.35,source_mapped,not_reviewed,,,,2026.1
CPX-SKL-AUTO-7956F1A5,electrical machines,electrical machines,en,EU,domain_knowledge,esco,http://data.europa.eu/esco/skill/f0ab5d57-4be7-411b-afce-b4a76a142302,ESCO occupations and skills,0.35,source_mapped,not_reviewed,,,,2026.1
CPX-SKL-AUTO-490C79DA,electrical mine machinery manuals,electrical mine machinery manuals,en,EU,domain_knowledge,esco,http://data.europa.eu/esco/skill/064018ab-0192-441b-92a5-43c2328e9be2,ESCO occupations and skills,0.35,source_mapped,not_reviewed,,,,2026.1
CPX-SKL-AUTO-AD5134A1,electrical power safety regulations,electrical power safety regulations,en,EU,domain_knowledge,esco,http://data.europa.eu/esco/skill/6360d655-3494-45f6-bfc6-d5f63afc355b,ESCO occupations and skills,0.35,source_mapped,not_reviewed,,,,2026.1
CPX-SKL-AUTO-AFC90865,electrical systems used in transportation,electrical systems used in transportation,en,EU,domain_knowledge,esco,http://data.europa.eu/esco/skill/5088c536-13fb-4b6b-85e7-4053578e1451,ESCO occupations and skills,0.35,source_mapped,not_reviewed,,,,2026.1
CPX-SKL-AUTO-A60D49DB,electrical testing methods,electrical testing methods,en,EU,domain_knowledge,esco,http://data.europa.eu/esco/skill/c8bd9f9f-0ec6-447a-ab78-ad6eeeed9aa8,ESCO occupations and skills,0.35,source_mapped,not_reviewed,,,,2026.1
CPX-SKL-AUTO-DEA1FDBE,electrical wiring diagrams,electrical wiring diagrams,en,EU,domain_knowledge,esco,http://data.europa.eu/esco/skill/ed291aa0-8b2f-4179-b2f7-540ea6f63bf3,ESCO occupations and skills,0.35,source_mapped,not_reviewed,,,,2026.1
CPX-SKL-AUTO-BAD2D617,electrical wiring plans,electrical wiring plans,en,EU,domain_knowledge,esco,http://data.europa.eu/esco/skill/d15e92c4-c8dc-48cd-a1f6-94fe13347f87,ESCO occupations and skills,0.35,source_mapped,not_reviewed,,,,2026.1
CPX-SKL-AUTO-B96852D1,electricity,electricity,en,EU,domain_knowledge,esco,http://data.europa.eu/esco/skill/c8ac1986-38fa-43b2-89dc-50a4beeb420e,ESCO occupations and skills,0.35,source_mapped,not_reviewed,,,,2026.1
CPX-SKL-AUTO-EE13CF61,electricity consumption,electricity consumption,en,EU,domain_knowledge,esco,http://data.europa.eu/esco/skill/21c27eba-bd1f-42f5-a1d5-c250227030f7,ESCO occupations and skills,0.35,source_mapped,not_reviewed,,,,2026.1
CPX-SKL-AUTO-C25F13D2,electricity principles,electricity principles,en,EU,domain_knowledge,esco,http://data.europa.eu/esco/skill/1fea0bc2-a6fa-4fe8-b36f-7a3194f8ed1c,ESCO occupations and skills,0.35,source_mapped,not_reviewed,,,,2026.1
CPX-SKL-AUTO-DD9D7F4C,electromagnetic spectrum,electromagnetic spectrum,en,EU,domain_knowledge,esco,http://data.europa.eu/esco/skill/c500f5d0-42d4-4341-904e-cd4ef2ff3181,ESCO occupations and skills,0.35,source_mapped,not_reviewed,,,,2026.1
CPX-SKL-AUTO-479F8458,electromagnetism,electromagnetism,en,EU,domain_knowledge,esco,http://data.europa.eu/esco/skill/3edd4853-a8d2-4791-a5f0-af3a92f18245,ESCO occupations and skills,0.35,source_mapped,not_reviewed,,,,2026.1
CPX-SKL-AUTO-884F43ED,electromagnets,electromagnets,en,EU,domain_knowledge,esco,http://data.europa.eu/esco/skill/c3cad273-2cd4-4e4c-9d0a-4d7ed638fc36,ESCO occupations and skills,0.35,source_mapped,not_reviewed,,,,2026.1
CPX-SKL-AUTO-081400C1,electromechanics,electromechanics,en,EU,domain_knowledge,esco,http://data.europa.eu/esco/skill/2bbdea06-a265-42b5-bb4f-7241b661f069,ESCO occupations and skills,0.35,source_mapped,not_reviewed,,,,2026.1
CPX-SKL-AUTO-3A4298F8,electronic equipment standards,electronic equipment standards,en,EU,domain_knowledge,esco,http://data.europa.eu/esco/skill/19ec88aa-c0b1-4515-ba10-56b6cf27369e,ESCO occupations and skills,0.35,source_mapped,not_reviewed,,,,2026.1
CPX-SKL-AUTO-D9B66F47,Electronic health record EHR software,electronic health record ehr software,en,US,tool,onet,onet/skills.csv:222,O*NET database,0.35,source_mapped,not_reviewed,,,,2026.1
CPX-SKL-AUTO-B03D6270,electronic test procedures,electronic test procedures,en,EU,domain_knowledge,esco,http://data.europa.eu/esco/skill/0e9e3a56-3b26-4fa5-91df-6d9bfbea4259,ESCO occupations and skills,0.35,source_mapped,not_reviewed,,,,2026.1
CPX-SKL-AUTO-CFD967E8,electronics,electronics,en,EU,domain_knowledge,esco,http://data.europa.eu/esco/skill/95c35c3a-035f-47c2-90cf-7e934d20fc08,ESCO occupations and skills,0.35,source_mapped,not_reviewed,,,,2026.1
CPX-SKL-AUTO-B4028266,electronics principles,electronics principles,en,EU,domain_knowledge,esco,http://data.europa.eu/esco/skill/557d1221-0235-4a48-ada5-8fca73443627,ESCO occupations and skills,0.35,source_mapped,not_reviewed,,,,2026.1
CPX-SKL-AUTO-E35E18BE,Email software,email software,en,US,tool,onet,onet/skills.csv:282,O*NET database,0.35,source_mapped,not_reviewed,,,,2026.1
CPX-SKL-AUTO-6346BE56,Employee scheduling software,employee scheduling software,en,US,tool,onet,onet/skills.csv:186,O*NET database,0.35,source_mapped,not_reviewed,,,,2026.1
CPX-SKL-AUTO-315B8FDF,Endurance,endurance,en,US,transferable,onet,onet/skills.csv:51,O*NET database,0.35,source_mapped,not_reviewed,,,,2026.1
CPX-SKL-AUTO-0B37E863,energy,energy,en,EU,domain_knowledge,esco,http://data.europa.eu/esco/skill/1e38f5be-bb7d-42c5-8301-c16cf400f8ee,ESCO occupations and skills,0.35,source_mapped,not_reviewed,,,,2026.1
CPX-SKL-AUTO-F7DA1A32,energy market,energy market,en,EU,domain_knowledge,esco,http://data.europa.eu/esco/skill/071c7f1d-f659-4b96-a222-b21012297f3b,ESCO occupations and skills,0.35,source_mapped,not_reviewed,,,,2026.1
CPX-SKL-AUTO-7D48A604,energy performance of buildings,energy performance of buildings,en,EU,domain_knowledge,esco,http://data.europa.eu/esco/skill/4e09e2d2-e317-47d2-bf5e-1d6c66be3efc,ESCO occupations and skills,0.35,source_mapped,not_reviewed,,,,2026.1
CPX-SKL-AUTO-D04C893E,enforce railway safety regulations,enforce railway safety regulations,en,EU,regulatory,esco,http://data.europa.eu/esco/skill/81f03b64-4f82-4bc4-b67d-894ddc97985b,ESCO occupations and skills,0.35,source_mapped,not_reviewed,,,,2026.1
CPX-SKL-AUTO-6ED6A9CC,engine components,engine components,en,EU,domain_knowledge,esco,http://data.europa.eu/esco/skill/f5fa2654-52cc-45d2-ac92-ac979dee5d12,ESCO occupations and skills,0.35,source_mapped,not_reviewed,,,,2026.1
CPX-SKL-AUTO-06719520,Engineering and Technology,engineering and technology,en,US,domain_knowledge,onet,onet/skills.csv:125,O*NET database,0.35,source_mapped,not_reviewed,,,,2026.1
CPX-SKL-AUTO-06719520,Engineering and Technology,engineering and technology,en,US,domain_knowledge,onet,onet/skills.csv:127,O*NET database,0.2722,source_mapped,not_reviewed,,,,2026.1
CPX-SKL-AUTO-8674B20B,engineering control theory,engineering control theory,en,EU,domain_knowledge,esco,http://data.europa.eu/esco/skill/3c42d13b-d6e4-4ed9-bdc4-991251461dc4,ESCO occupations and skills,0.35,source_mapped,not_reviewed,,,,2026.1
CPX-SKL-AUTO-0279C024,engineering principles,engineering principles,en,EU,domain_knowledge,esco,http://data.europa.eu/esco/skill/209a5498-3449-4689-8ed9-bd08cab4fd78,ESCO occupations and skills,0.35,source_mapped,not_reviewed,,,,2026.1
CPX-SKL-AUTO-40628FD9,engineering processes,engineering processes,en,EU,domain_knowledge,esco,http://data.europa.eu/esco/skill/72a74f69-5cf1-43c5-99b9-62a444578919,ESCO occupations and skills,0.35,source_mapped,not_reviewed,,,,2026.1
CPX-SKL-AUTO-73CC6C3B,English Language,english language,en,US,domain_knowledge,onet,onet/skills.csv:144,O*NET database,0.35,source_mapped,not_reviewed,,,,2026.1
CPX-SKL-AUTO-BCC2505C,ensure compliance with airport security measures,ensure compliance with airport security measures,en,EU,regulatory,esco,http://data.europa.eu/esco/skill/62b7060c-3055-4ab8-bcf2-8080fd7c01f3,ESCO occupations and skills,0.35,source_mapped,not_reviewed,,,,2026.1
CPX-SKL-AUTO-3F2E058C,ensure compliance with construction project deadline,ensure compliance with construction project deadline,en,EU,regulatory,esco,http://data.europa.eu/esco/skill/6181f475-110c-497c-a46d-ed2e14e7bc90,ESCO occupations and skills,0.35,source_mapped,not_reviewed,,,,2026.1
CPX-SKL-AUTO-1F9A12CD,ensure compliance with environmental legislation,ensure compliance with environmental legislation,en,EU,regulatory,esco,http://data.europa.eu/esco/skill/089ee650-297e-4716-87d1-440743b70a0d,ESCO occupations and skills,0.35,source_mapped,not_reviewed,,,,2026.1
CPX-SKL-AUTO-B89755B4,ensure compliance with railway regulation,ensure compliance with railway regulation,en,EU,regulatory,esco,http://data.europa.eu/esco/skill/7c4bb41a-9b5a-472c-888a-9d58bb4e2a0d,ESCO occupations and skills,0.35,source_mapped,not_reviewed,,,,2026.1
CPX-SKL-AUTO-3A91AE7D,ensure compliance with safety legislation,ensure compliance with safety legislation,en,EU,regulatory,esco,http://data.europa.eu/esco/skill/233be639-bdb5-4099-ab40-96d537d6c1f3,ESCO occupations and skills,0.35,source_mapped,not_reviewed,,,,2026.1
CPX-SKL-AUTO-A166F55A,ensure equipment availability,ensure equipment availability,en,EU,transferable,esco,http://data.europa.eu/esco/skill/69f23426-9279-4fe6-a283-24c2aa4c855d,ESCO occupations and skills,0.35,source_mapped,not_reviewed,,,,2026.1
CPX-SKL-AUTO-3439D026,ensure equipment maintenance,ensure equipment maintenance,en,EU,transferable,esco,http://data.europa.eu/esco/skill/c927ec6e-9082-4b22-afd3-0c4e219eaf73,ESCO occupations and skills,0.35,source_mapped,not_reviewed,,,,2026.1
CPX-SKL-AUTO-9A3392C7,ensure maintenance of railway machinery,ensure maintenance of railway machinery,en,EU,transferable,esco,http://data.europa.eu/esco/skill/69925c23-6fed-4baa-8bf3-e5aaeb6b0b54,ESCO occupations and skills,0.35,source_mapped,not_reviewed,,,,2026.1
CPX-SKL-AUTO-7C31C384,ensure maintenance of trains,ensure maintenance of trains,en,EU,transferable,esco,http://data.europa.eu/esco/skill/62278d41-2182-4a95-8e9c-ae6fa3e342b7,ESCO occupations and skills,0.35,source_mapped,not_reviewed,,,,2026.1
CPX-SKL-AUTO-4A664C7B,ensure material compliance,ensure material compliance,en,EU,regulatory,esco,http://data.europa.eu/esco/skill/df08a4ae-4024-4460-8c92-eab78da1c94b,ESCO occupations and skills,0.35,source_mapped,not_reviewed,,,,2026.1
CPX-SKL-AUTO-DB7134EA,ensure proper water storage,ensure proper water storage,en,EU,transferable,esco,http://data.europa.eu/esco/skill/b0265727-f43e-4078-bbdd-b3b09dcc55e2,ESCO occupations and skills,0.35,source_mapped,not_reviewed,,,,2026.1
CPX-SKL-AUTO-00CA60A1,ensure regulatory compliance in pipeline infrastructures,ensure regulatory compliance in pipeline infrastructures,en,EU,regulatory,esco,http://data.europa.eu/esco/skill/200a8387-d67c-43e4-9cdc-44ab592c299e,ESCO occupations and skills,0.35,source_mapped,not_reviewed,,,,2026.1
CPX-SKL-AUTO-741349F8,ensure safety of mobile electrical systems,ensure safety of mobile electrical systems,en,EU,regulatory,esco,http://data.europa.eu/esco/skill/39f55791-434d-4169-9a46-c000a2859a66,ESCO occupations and skills,0.35,source_mapped,not_reviewed,,,,2026.1
CPX-SKL-AUTO-5044BB24,ensure vessel compliance with regulations,ensure vessel compliance with regulations,en,EU,regulatory,esco,http://data.europa.eu/esco/skill/9a26b8b7-ec0f-46f8-a698-1f07cef1c5e3,ESCO occupations and skills,0.35,source_mapped,not_reviewed,,,,2026.1
CPX-SKL-AUTO-9751A58B,environmental engineering,environmental engineering,en,EU,domain_knowledge,esco,http://data.europa.eu/esco/skill/b1b118c4-3291-484e-b64d-6d51fd5da8b3,ESCO occupations and skills,0.35,source_mapped,not_reviewed,,,,2026.1
CPX-SKL-AUTO-FAA6CE4C,environmental legislation,environmental legislation,en,EU,domain_knowledge,esco,http://data.europa.eu/esco/skill/6f5850ea-5785-4e2c-b062-743066fd5bdb,ESCO occupations and skills,0.35,source_mapped,not_reviewed,,,,2026.1
CPX-SKL-AUTO-A9093D61,environmental policy,environmental policy,en,EU,domain_knowledge,esco,http://data.europa.eu/esco/skill/081d7679-5070-4777-bece-a28c49f15636,ESCO occupations and skills,0.35,source_mapped,not_reviewed,,,,2026.1
CPX-SKL-AUTO-E85FC060,environmental threats,environmental threats,en,EU,domain_knowledge,esco,http://data.europa.eu/esco/skill/81af8698-9873-4b3d-b6d2-8eb275bf170b,ESCO occupations and skills,0.35,source_mapped,not_reviewed,,,,2026.1
CPX-SKL-AUTO-D8111E1C,Equipment Maintenance,equipment maintenance,en,US,transferable,onet,onet/skills.csv:100,O*NET database,0.35,source_mapped,not_reviewed,,,,2026.1
CPX-SKL-AUTO-3A39BE64,Equipment Selection,equipment selection,en,US,transferable,onet,onet/skills.csv:95,O*NET database,0.35,source_mapped,not_reviewed,,,,2026.1
CPX-SKL-AUTO-4E119AE5,Erlang,erlang,en,EU,domain_knowledge,esco,http://data.europa.eu/esco/skill/034c29fa-c3ba-45ea-b8f3-bf8e3705e386,ESCO occupations and skills,0.35,source_mapped,not_reviewed,,,,2026.1
CPX-SKL-AUTO-B0BD1CFC,ESRI ArcGIS software,esri arcgis software,en,US,tool,onet,onet/skills.csv:293,O*NET database,0.35,source_mapped,not_reviewed,,,,2026.1
CPX-SKL-AUTO-9D02064F,ESRI ArcMap,esri arcmap,en,US,tool,onet,onet/skills.csv:271,O*NET database,0.35,source_mapped,not_reviewed,,,,2026.1
CPX-SKL-AUTO-7DBC57CB,ESS Compliance Suite,ess compliance suite,en,US,tool,onet,onet/skills.csv:342,O*NET database,0.35,source_mapped,not_reviewed,,,,2026.1
CPX-SKL-AUTO-BF40B45A,Essential Skills,essential skills,en,US,technical,onet,onet/skills.csv:69,O*NET database,0.35,source_mapped,not_reviewed,,,,2026.1
CPX-SKL-AUTO-3DD46D2B,estimate repair priority,estimate repair priority,en,EU,transferable,esco,http://data.europa.eu/esco/skill/3301f54e-5faa-45e0-87d6-a90508c9d903,ESCO occupations and skills,0.35,source_mapped,not_reviewed,,,,2026.1
CPX-SKL-AUTO-0AE4E961,evaluate engine performance,evaluate engine performance,en,EU,transferable,esco,http://data.europa.eu/esco/skill/ed938748-60ae-4964-a657-ff2685ecc0d0,ESCO occupations and skills,0.35,source_mapped,not_reviewed,,,,2026.1
CPX-SKL-AUTO-0012B616,Event scheduling software,event scheduling software,en,US,tool,onet,onet/skills.csv:195,O*NET database,0.35,source_mapped,not_reviewed,,,,2026.1
CPX-SKL-AUTO-F6FC5E79,examine engineering principles,examine engineering principles,en,EU,transferable,esco,http://data.europa.eu/esco/skill/8bc1c7da-c832-4896-a441-30d087c46aad,ESCO occupations and skills,0.35,source_mapped,not_reviewed,,,,2026.1
CPX-SKL-AUTO-95187A22,examine geochemical samples,examine geochemical samples,en,EU,transferable,esco,http://data.europa.eu/esco/skill/0562cd60-cd92-47c3-bc63-30a55c5ca4fe,ESCO occupations and skills,0.35,source_mapped,not_reviewed,,,,2026.1
CPX-SKL-AUTO-E8CFE1E7,execute analytical mathematical calculations,execute analytical mathematical calculations,en,EU,transferable,esco,http://data.europa.eu/esco/skill/31c69100-b612-4a61-8db5-fd314318854c,ESCO occupations and skills,0.35,source_mapped,not_reviewed,,,,2026.1
CPX-SKL-AUTO-DA0A87CC,execute feasibility study,execute feasibility study,en,EU,transferable,esco,http://data.europa.eu/esco/skill/d74df140-eb69-43e2-bac9-1cafc824d702,ESCO occupations and skills,0.35,source_mapped,not_reviewed,,,,2026.1
CPX-SKL-AUTO-28630019,execute software tests,execute software tests,en,EU,technical,esco,http://data.europa.eu/esco/skill/913e7e83-b8f8-4574-b1ca-1b38f3fd974a,ESCO occupations and skills,0.35,source_mapped,not_reviewed,,,,2026.1
CPX-SKL-AUTO-4741D9D7,Extensible markup language XML,extensible markup language xml,en,US,tool,onet,onet/skills.csv:328,O*NET database,0.35,source_mapped,not_reviewed,,,,2026.1
CPX-SKL-AUTO-1E1101E1,Extent Flexibility,extent flexibility,en,US,transferable,onet,onet/skills.csv:54,O*NET database,0.35,source_mapped,not_reviewed,,,,2026.1
CPX-SKL-AUTO-DDF7D144,Facebook,facebook,en,US,tool,onet,onet/skills.csv:397,O*NET database,0.35,source_mapped,not_reviewed,,,,2026.1
CPX-SKL-AUTO-706A68B1,Facility database software,facility database software,en,US,tool,onet,onet/skills.csv:256,O*NET database,0.35,source_mapped,not_reviewed,,,,2026.1
CPX-SKL-AUTO-BC16F782,Failure modes and effects analysis FMEA software,failure modes and effects analysis fmea software,en,US,tool,onet,onet/skills.csv:332,O*NET database,0.35,source_mapped,not_reviewed,,,,2026.1
CPX-SKL-AUTO-3F73EB7A,Far Vision,far vision,en,US,transferable,onet,onet/skills.csv:60,O*NET database,0.35,source_mapped,not_reviewed,,,,2026.1
CPX-SKL-AUTO-9EA72479,Financial reporting software,financial reporting software,en,US,tool,onet,onet/skills.csv:177,O*NET database,0.35,source_mapped,not_reviewed,,,,2026.1
CPX-SKL-AUTO-B09A0A4E,Fine Arts,fine arts,en,US,domain_knowledge,onet,onet/skills.csv:146,O*NET database,0.35,source_mapped,not_reviewed,,,,2026.1
CPX-SKL-AUTO-8A2E34AA,Fine Manipulative Abilities,fine manipulative abilities,en,US,transferable,onet,onet/skills.csv:34,O*NET database,0.35,source_mapped,not_reviewed,,,,2026.1
CPX-SKL-AUTO-BBAFB008,Finger Dexterity,finger dexterity,en,US,transferable,onet,onet/skills.csv:37,O*NET database,0.35,source_mapped,not_reviewed,,,,2026.1
CPX-SKL-AUTO-7EA174F6,fire-fighting systems,fire-fighting systems,en,EU,domain_knowledge,esco,http://data.europa.eu/esco/skill/ccde26f3-e822-4b6a-94a1-39af4ae41fed,ESCO occupations and skills,0.35,source_mapped,not_reviewed,,,,2026.1
CPX-SKL-AUTO-39D19D17,firmware,firmware,en,EU,domain_knowledge,esco,http://data.europa.eu/esco/skill/4f7fa632-15a6-4739-930b-abbac8055a80,ESCO occupations and skills,0.35,source_mapped,not_reviewed,,,,2026.1
CPX-SKL-AUTO-2D1CDD00,fishing vessels,fishing vessels,en,EU,domain_knowledge,esco,http://data.europa.eu/esco/skill/cea76131-1049-467d-bd00-bd155f5d65da,ESCO occupations and skills,0.35,source_mapped,not_reviewed,,,,2026.1
CPX-SKL-AUTO-2E1F94CB,"Flexibility, Balance, and Coordination",flexibility balance and coordination,en,US,transferable,onet,onet/skills.csv:53,O*NET database,0.35,source_mapped,not_reviewed,,,,2026.1
CPX-SKL-AUTO-B336A470,Flexibility of Closure,flexibility of closure,en,US,transferable,onet,onet/skills.csv:25,O*NET database,0.35,source_mapped,not_reviewed,,,,2026.1
CPX-SKL-AUTO-BD75BC02,flood remediation equipment,flood remediation equipment,en,EU,domain_knowledge,esco,http://data.europa.eu/esco/skill/9c5dbb72-563f-449d-ab89-56b8dfc271b6,ESCO occupations and skills,0.35,source_mapped,not_reviewed,,,,2026.1
CPX-SKL-AUTO-BDD3759C,Fluency of Ideas,fluency of ideas,en,US,transferable,onet,onet/skills.csv:11,O*NET database,0.35,source_mapped,not_reviewed,,,,2026.1
CPX-SKL-AUTO-1E0AAC08,fluid mechanics,fluid mechanics,en,EU,domain_knowledge,esco,http://data.europa.eu/esco/skill/87b1c959-236d-4761-b3be-b1c729497f75,ESCO occupations and skills,0.35,source_mapped,not_reviewed,,,,2026.1
CPX-SKL-AUTO-94114C07,follow company standards,follow company standards,en,EU,transferable,esco,http://data.europa.eu/esco/skill/f5f5b244-6cea-4fbc-8a50-8f712791bc09,ESCO occupations and skills,0.35,source_mapped,not_reviewed,,,,2026.1
CPX-SKL-AUTO-B6A6E95A,follow ethical code of conduct in transport services,follow ethical code of conduct in transport services,en,EU,transferable,esco,http://data.europa.eu/esco/skill/16010de9-b33f-4766-93d3-8ea0c6458a68,ESCO occupations and skills,0.35,source_mapped,not_reviewed,,,,2026.1
CPX-SKL-AUTO-8C73E38B,follow health and safety procedures in construction,follow health and safety procedures in construction,en,EU,regulatory,esco,http://data.europa.eu/esco/skill/86df7af2-f9f3-4c06-a500-7f1fba9e78fe,ESCO occupations and skills,0.35,source_mapped,not_reviewed,,,,2026.1
CPX-SKL-AUTO-27F36313,follow manufacturer guidelines in use of airport equipment,follow manufacturer guidelines in use of airport equipment,en,EU,transferable,esco,http://data.europa.eu/esco/skill/faf1930e-1818-4710-a85e-c690a153eeca,ESCO occupations and skills,0.35,source_mapped,not_reviewed,,,,2026.1
CPX-SKL-AUTO-68FBBA12,follow up pipeline integrity management priorities,follow up pipeline integrity management priorities,en,EU,transferable,esco,http://data.europa.eu/esco/skill/eb6b7a26-69ab-43f5-9ab4-d09f8904f8e0,ESCO occupations and skills,0.35,source_mapped,not_reviewed,,,,2026.1
CPX-SKL-AUTO-8BD82A3B,follow written instructions,follow written instructions,en,EU,transferable,esco,http://data.europa.eu/esco/skill/54d68400-9da3-4077-a7ee-52e68b390ef6,ESCO occupations and skills,0.35,source_mapped,not_reviewed,,,,2026.1
CPX-SKL-AUTO-F1FF4953,Food Production,food production,en,US,domain_knowledge,onet,onet/skills.csv:124,O*NET database,0.35,source_mapped,not_reviewed,,,,2026.1
CPX-SKL-AUTO-FE22E975,Foreign Language,foreign language,en,US,domain_knowledge,onet,onet/skills.csv:145,O*NET database,0.35,source_mapped,not_reviewed,,,,2026.1
CPX-SKL-AUTO-0A32DEDA,Foundational Areas,foundational areas,en,US,technical,onet,onet/skills.csv:70,O*NET database,0.35,source_mapped,not_reviewed,,,,2026.1
CPX-SKL-AUTO-E83CC35C,fuel distribution systems,fuel distribution systems,en,EU,domain_knowledge,esco,http://data.europa.eu/esco/skill/6c4b5031-2eaf-449e-af88-8304a66e4eb5,ESCO occupations and skills,0.35,source_mapped,not_reviewed,,,,2026.1
CPX-SKL-AUTO-D4D4A52D,gather technical information,gather technical information,en,EU,transferable,esco,http://data.europa.eu/esco/skill/0b8da079-f587-403f-a6ad-cd18b8150044,ESCO occupations and skills,0.35,source_mapped,not_reviewed,,,,2026.1
CPX-SKL-AUTO-F0F40460,geochemistry,geochemistry,en,EU,domain_knowledge,esco,http://data.europa.eu/esco/skill/73777be0-65f2-48b6-a9a7-50066ee521bd,ESCO occupations and skills,0.35,source_mapped,not_reviewed,,,,2026.1
CPX-SKL-AUTO-01B92F1B,geodesy,geodesy,en,EU,domain_knowledge,esco,http://data.europa.eu/esco/skill/7d4e4636-f136-46f6-ae23-2a7639d6b861,ESCO occupations and skills,0.35,source_mapped,not_reviewed,,,,2026.1
CPX-SKL-AUTO-085F11EF,geographic information systems,geographic information systems,en,EU,domain_knowledge,esco,http://data.europa.eu/esco/skill/377861af-f966-4c87-a2db-7e99904312b9,ESCO occupations and skills,0.35,source_mapped,not_reviewed,,,,2026.1
CPX-SKL-AUTO-35B604B8,geographical routes,geographical routes,en,EU,domain_knowledge,esco,http://data.europa.eu/esco/skill/7bf0c60a-9303-414b-a43c-21c28a98d4ff,ESCO occupations and skills,0.35,source_mapped,not_reviewed,,,,2026.1
CPX-SKL-AUTO-128B4945,geography,geography,en,EU,domain_knowledge,esco,http://data.europa.eu/esco/skill/cf9c8e73-105d-419e-86dd-4304cc6cd718,ESCO occupations and skills,0.2535,source_mapped,not_reviewed,,,,2026.1
CPX-SKL-AUTO-128B4945,Geography,geography,en,US,domain_knowledge,onet,onet/skills.csv:138,O*NET database,0.35,source_mapped,not_reviewed,,,,2026.1
CPX-SKL-AUTO-CD2BF6FC,geological time scale,geological time scale,en,EU,domain_knowledge,esco,http://data.europa.eu/esco/skill/75ffb6d4-0b48-4471-b3c9-731b01ee1b47,ESCO occupations and skills,0.35,source_mapped,not_reviewed,,,,2026.1
CPX-SKL-AUTO-DA579DE3,geology,geology,en,EU,domain_knowledge,esco,http://data.europa.eu/esco/skill/8bdd25f8-4b6e-40fe-a2cf-c1badc594114,ESCO occupations and skills,0.35,source_mapped,not_reviewed,,,,2026.1
CPX-SKL-AUTO-7E75E2E9,geomatics,geomatics,en,EU,domain_knowledge,esco,http://data.europa.eu/esco/skill/023f4870-b417-4bd2-b0ae-78e61587c79f,ESCO occupations and skills,0.35,source_mapped,not_reviewed,,,,2026.1
CPX-SKL-AUTO-13E424E6,geophysics,geophysics,en,EU,domain_knowledge,esco,http://data.europa.eu/esco/skill/82fc3feb-752b-4d49-803d-c08a717917aa,ESCO occupations and skills,0.35,source_mapped,not_reviewed,,,,2026.1
CPX-SKL-AUTO-A86AACE0,give instructions to staff,give instructions to staff,en,EU,transferable,esco,http://data.europa.eu/esco/skill/1dea2f3a-857c-4fc3-b1f8-d5f2015c46a9,ESCO occupations and skills,0.35,source_mapped,not_reviewed,,,,2026.1
CPX-SKL-AUTO-14F4C55C,give live presentation,give live presentation,en,EU,transferable,esco,http://data.europa.eu/esco/skill/c55caed2-de9e-4a25-819e-a0b0e83fba1b,ESCO occupations and skills,0.35,source_mapped,not_reviewed,,,,2026.1
CPX-SKL-AUTO-79D5A7D6,Global Maritime Distress and Safety System,global maritime distress and safety system,en,EU,domain_knowledge,esco,http://data.europa.eu/esco/skill/e93acbe5-535a-4927-9e7c-3b2e06ddfee8,ESCO occupations and skills,0.35,source_mapped,not_reviewed,,,,2026.1
CPX-SKL-AUTO-BFDE851A,global navigation satellite system performance parameters,global navigation satellite system performance parameters,en,EU,domain_knowledge,esco,http://data.europa.eu/esco/skill/6e8fe5de-fe6d-482c-92fe-20e56ee57324,ESCO occupations and skills,0.35,source_mapped,not_reviewed,,,,2026.1
CPX-SKL-AUTO-E1DD763A,Google Workspace software,google workspace software,en,US,tool,onet,onet/skills.csv:270,O*NET database,0.35,source_mapped,not_reviewed,,,,2026.1
CPX-SKL-AUTO-7AB7B7A0,Graphics software,graphics software,en,US,tool,onet,onet/skills.csv:276,O*NET database,0.35,source_mapped,not_reviewed,,,,2026.1
CPX-SKL-AUTO-20E8399C,green logistics,green logistics,en,EU,domain_knowledge,esco,http://data.europa.eu/esco/skill/97902800-f9e0-4a73-8826-6cc42f874a18,ESCO occupations and skills,0.35,source_mapped,not_reviewed,,,,2026.1
CPX-SKL-AUTO-EAEAC96A,Groovy,groovy,en,EU,domain_knowledge,esco,http://data.europa.eu/esco/skill/52cf3037-ab53-4806-85ed-7fd21ea7f6a1,ESCO occupations and skills,0.35,source_mapped,not_reviewed,,,,2026.1
CPX-SKL-AUTO-1AF38B0B,Gross Body Coordination,gross body coordination,en,US,transferable,onet,onet/skills.csv:55,O*NET database,0.35,source_mapped,not_reviewed,,,,2026.1
CPX-SKL-AUTO-8AA0B588,Gross Body Equilibrium,gross body equilibrium,en,US,transferable,onet,onet/skills.csv:56,O*NET database,0.35,source_mapped,not_reviewed,,,,2026.1
CPX-SKL-AUTO-1F130ADC,ground segment,ground segment,en,EU,domain_knowledge,esco,http://data.europa.eu/esco/skill/edef3251-fd5f-4a5a-bab6-88c17e36a001,ESCO occupations and skills,0.35,source_mapped,not_reviewed,,,,2026.1
CPX-SKL-AUTO-088ADB45,guide operation of heavy construction equipment,guide operation of heavy construction equipment,en,EU,transferable,esco,http://data.europa.eu/esco/skill/d8903406-abc4-48be-9b2e-5d8ddf103bd9,ESCO occupations and skills,0.35,source_mapped,not_reviewed,,,,2026.1
CPX-SKL-AUTO-7B6DEC51,hardware architectures,hardware architectures,en,EU,domain_knowledge,esco,http://data.europa.eu/esco/skill/e043aeeb-78f5-4049-afbf-12bba52225bc,ESCO occupations and skills,0.35,source_mapped,not_reviewed,,,,2026.1
CPX-SKL-AUTO-9787DE2D,hardware components,hardware components,en,EU,domain_knowledge,esco,http://data.europa.eu/esco/skill/4b51e76e-9e8a-455f-a289-5b48246345c4,ESCO occupations and skills,0.35,source_mapped,not_reviewed,,,,2026.1
CPX-SKL-AUTO-3FEAAEDC,hardware materials,hardware materials,en,EU,domain_knowledge,esco,http://data.europa.eu/esco/skill/61d6ef20-6cc7-40f8-919e-3360db6cf2b3,ESCO occupations and skills,0.35,source_mapped,not_reviewed,,,,2026.1
CPX-SKL-AUTO-8C5C088A,hardware platforms,hardware platforms,en,EU,domain_knowledge,esco,http://data.europa.eu/esco/skill/117373c8-f04b-4fff-8683-aebe36edac81,ESCO occupations and skills,0.35,source_mapped,not_reviewed,,,,2026.1
CPX-SKL-AUTO-706081E9,hardware testing methods,hardware testing methods,en,EU,domain_knowledge,esco,http://data.europa.eu/esco/skill/53456d90-8c0d-4bd2-9f1b-312619b6e2a6,ESCO occupations and skills,0.35,source_mapped,not_reviewed,,,,2026.1
CPX-SKL-AUTO-9EB95764,Haskell,haskell,en,EU,domain_knowledge,esco,http://data.europa.eu/esco/skill/000f1d3d-220f-4789-9c0a-cc742521fb02,ESCO occupations and skills,0.35,source_mapped,not_reviewed,,,,2026.1
CPX-SKL-AUTO-E833ED69,have computer literacy,have computer literacy,en,EU,transferable,esco,http://data.europa.eu/esco/skill/d15ce60f-ddab-41ce-ba56-398451b77b60,ESCO occupations and skills,0.35,source_mapped,not_reviewed,,,,2026.1
CPX-SKL-AUTO-1C66B8B9,health and safety hazards underground,health and safety hazards underground,en,EU,domain_knowledge,esco,http://data.europa.eu/esco/skill/a3d2c72d-1029-47fb-9d0d-4c4a57a044d9,ESCO occupations and skills,0.35,source_mapped,not_reviewed,,,,2026.1
CPX-SKL-AUTO-721BFB02,Health Services,health services,en,US,domain_knowledge,onet,onet/skills.csv:139,O*NET database,0.35,source_mapped,not_reviewed,,,,2026.1
CPX-SKL-AUTO-1469D77E,Hearing Sensitivity,hearing sensitivity,en,US,transferable,onet,onet/skills.csv:64,O*NET database,0.35,source_mapped,not_reviewed,,,,2026.1
CPX-SKL-AUTO-CDC234AF,heat transfer processes,heat transfer processes,en,EU,domain_knowledge,esco,http://data.europa.eu/esco/skill/cf9a4613-ff8a-40a7-931f-c6fba2cc3d50,ESCO occupations and skills,0.35,source_mapped,not_reviewed,,,,2026.1
CPX-SKL-AUTO-6D5479C0,"heating, ventilation, air conditioning and refrigeration parts",heating ventilation air conditioning and refrigeration parts,en,EU,domain_knowledge,esco,http://data.europa.eu/esco/skill/aba2e61d-ef78-45bd-a9bc-392a718d4877,ESCO occupations and skills,0.35,source_mapped,not_reviewed,,,,2026.1
CPX-SKL-AUTO-9A22D3CE,hire new personnel,hire new personnel,en,EU,transferable,esco,http://data.europa.eu/esco/skill/92f983d4-f7fc-412a-be4f-4b76ceb18505,ESCO occupations and skills,0.35,source_mapped,not_reviewed,,,,2026.1
CPX-SKL-AUTO-94701D2A,History and Archeology,history and archeology,en,US,domain_knowledge,onet,onet/skills.csv:147,O*NET database,0.35,source_mapped,not_reviewed,,,,2026.1
CPX-SKL-AUTO-6BE79619,Human resources management system HRMS,human resources management system hrms,en,US,tool,onet,onet/skills.csv:413,O*NET database,0.35,source_mapped,not_reviewed,,,,2026.1
CPX-SKL-AUTO-7B7BA3EE,hybrid control systems,hybrid control systems,en,EU,domain_knowledge,esco,http://data.europa.eu/esco/skill/a2b566b0-1070-47a4-adc8-88839942ce25,ESCO occupations and skills,0.35,source_mapped,not_reviewed,,,,2026.1
CPX-SKL-AUTO-2134CEF7,hydraulic fluid,hydraulic fluid,en,EU,domain_knowledge,esco,http://data.europa.eu/esco/skill/25b973c6-68ea-4ff7-bd26-aa76bd08b62a,ESCO occupations and skills,0.35,source_mapped,not_reviewed,,,,2026.1
CPX-SKL-AUTO-D4C5566D,hydraulics,hydraulics,en,EU,domain_knowledge,esco,http://data.europa.eu/esco/skill/68e66ed6-a171-4350-8ec1-2cfc4cae50e4,ESCO occupations and skills,0.35,source_mapped,not_reviewed,,,,2026.1
CPX-SKL-AUTO-1DE96E6D,IBM Maximo Asset Management,ibm maximo asset management,en,US,tool,onet,onet/skills.csv:281,O*NET database,0.35,source_mapped,not_reviewed,,,,2026.1
CPX-SKL-AUTO-F7762CDA,ICT software specifications,ict software specifications,en,EU,domain_knowledge,esco,http://data.europa.eu/esco/skill/9ce670ec-318c-4a91-9179-03437db728dc,ESCO occupations and skills,0.35,source_mapped,not_reviewed,,,,2026.1
CPX-SKL-AUTO-438DFC5F,Idea Generation and Reasoning Abilities,idea generation and reasoning abilities,en,US,transferable,onet,onet/skills.csv:10,O*NET database,0.35,source_mapped,not_reviewed,,,,2026.1
CPX-SKL-AUTO-8B20186D,identify customer's needs,identify customer s needs,en,EU,transferable,esco,http://data.europa.eu/esco/skill/68698869-c13c-4563-adc7-118b7644f45d,ESCO occupations and skills,0.35,source_mapped,not_reviewed,,,,2026.1
CPX-SKL-AUTO-308E8C1F,identify defects in concrete,identify defects in concrete,en,EU,transferable,esco,http://data.europa.eu/esco/skill/9214bb50-f24e-4b82-8dd2-f299ccba2258,ESCO occupations and skills,0.35,source_mapped,not_reviewed,,,,2026.1
CPX-SKL-AUTO-3E5ACE59,identify energy needs,identify energy needs,en,EU,transferable,esco,http://data.europa.eu/esco/skill/96d901a6-c931-4e8d-b685-a47e1deaaa1b,ESCO occupations and skills,0.35,source_mapped,not_reviewed,,,,2026.1
CPX-SKL-AUTO-8AD90170,identify external risks to bridge integrity,identify external risks to bridge integrity,en,EU,transferable,esco,http://data.europa.eu/esco/skill/b7ec6b46-f934-4efd-a8ee-e53128fa81d7,ESCO occupations and skills,0.35,source_mapped,not_reviewed,,,,2026.1
CPX-SKL-AUTO-C4A41611,identify risk of flooding,identify risk of flooding,en,EU,transferable,esco,http://data.europa.eu/esco/skill/b7729524-6d0e-45b6-87c8-79af1e955a5b,ESCO occupations and skills,0.35,source_mapped,not_reviewed,,,,2026.1
CPX-SKL-AUTO-CEE11DA6,identify statistical patterns,identify statistical patterns,en,EU,transferable,esco,http://data.europa.eu/esco/skill/06670261-ea6b-4b52-a915-c7d4ff837f74,ESCO occupations and skills,0.35,source_mapped,not_reviewed,,,,2026.1
CPX-SKL-AUTO-293BF304,identify wood warp,identify wood warp,en,EU,transferable,esco,http://data.europa.eu/esco/skill/65b32af2-3665-49a4-8eec-d3b2138ec09b,ESCO occupations and skills,0.35,source_mapped,not_reviewed,,,,2026.1
CPX-SKL-AUTO-129F0440,impact of geological factors on mining operations,impact of geological factors on mining operations,en,EU,domain_knowledge,esco,http://data.europa.eu/esco/skill/35bca3d6-c1ae-48ff-9ae3-a11cea578c2c,ESCO occupations and skills,0.35,source_mapped,not_reviewed,,,,2026.1
CPX-SKL-AUTO-50A9BF5A,Inductive Reasoning,inductive reasoning,en,US,transferable,onet,onet/skills.csv:15,O*NET database,0.35,source_mapped,not_reviewed,,,,2026.1
CPX-SKL-AUTO-0610C50A,Industrial control systems software,industrial control systems software,en,US,tool,onet,onet/skills.csv:359,O*NET database,0.35,source_mapped,not_reviewed,,,,2026.1
CPX-SKL-AUTO-54FB3524,industrial engineering,industrial engineering,en,EU,domain_knowledge,esco,http://data.europa.eu/esco/skill/a1816dfd-dbdc-4499-bef3-ff81dd895b33,ESCO occupations and skills,0.35,source_mapped,not_reviewed,,,,2026.1
CPX-SKL-AUTO-7E23F03D,industrial heating systems,industrial heating systems,en,EU,domain_knowledge,esco,http://data.europa.eu/esco/skill/c49eb4a4-7b5f-44e6-b346-7153879ac86b,ESCO occupations and skills,0.35,source_mapped,not_reviewed,,,,2026.1
CPX-SKL-AUTO-30D4A43E,inform on water supply,inform on water supply,en,EU,transferable,esco,http://data.europa.eu/esco/skill/65acff5a-8b3b-4385-a70b-713873657ba5,ESCO occupations and skills,0.35,source_mapped,not_reviewed,,,,2026.1
CPX-SKL-AUTO-693888EE,Information Ordering,information ordering,en,US,transferable,onet,onet/skills.csv:16,O*NET database,0.35,source_mapped,not_reviewed,,,,2026.1
CPX-SKL-AUTO-D53E390B,Infostat RIMBase,infostat rimbase,en,US,tool,onet,onet/skills.csv:260,O*NET database,0.35,source_mapped,not_reviewed,,,,2026.1
CPX-SKL-AUTO-7BA81C23,inspect aircraft for airworthiness,inspect aircraft for airworthiness,en,EU,transferable,esco,http://data.europa.eu/esco/skill/2c02af08-a7f9-4535-889d-f4172cfc9a17,ESCO occupations and skills,0.35,source_mapped,not_reviewed,,,,2026.1
CPX-SKL-AUTO-C1052C79,inspect asphalt,inspect asphalt,en,EU,transferable,esco,http://data.europa.eu/esco/skill/aba33944-7bc3-42ea-9b37-03d7482231c7,ESCO occupations and skills,0.35,source_mapped,not_reviewed,,,,2026.1
CPX-SKL-AUTO-AD78C101,inspect building systems,inspect building systems,en,EU,transferable,esco,http://data.europa.eu/esco/skill/887a5c70-5524-4c7d-96cc-6cdcf1c5309f,ESCO occupations and skills,0.35,source_mapped,not_reviewed,,,,2026.1
CPX-SKL-AUTO-D762815A,inspect construction sites,inspect construction sites,en,EU,transferable,esco,http://data.europa.eu/esco/skill/4f9f0410-5db0-4b3b-8de3-1ded1600c719,ESCO occupations and skills,0.35,source_mapped,not_reviewed,,,,2026.1
CPX-SKL-AUTO-AFC6ADF5,inspect construction supplies,inspect construction supplies,en,EU,transferable,esco,http://data.europa.eu/esco/skill/50f2d23c-b3fb-48a5-967b-14fd0a6dd205,ESCO occupations and skills,0.35,source_mapped,not_reviewed,,,,2026.1
CPX-SKL-AUTO-1A411F9F,inspect facility sites,inspect facility sites,en,EU,transferable,esco,http://data.europa.eu/esco/skill/4cecff40-8e5c-4320-a87d-be8687008dbf,ESCO occupations and skills,0.35,source_mapped,not_reviewed,,,,2026.1
CPX-SKL-AUTO-38A054F6,inspect pipelines,inspect pipelines,en,EU,transferable,esco,http://data.europa.eu/esco/skill/10ac5282-3288-4383-8f69-9864d8564ea9,ESCO occupations and skills,0.35,source_mapped,not_reviewed,,,,2026.1
CPX-SKL-AUTO-0319B6D4,inspect quality of products,inspect quality of products,en,EU,transferable,esco,http://data.europa.eu/esco/skill/1a3660c2-011c-4e96-9b1d-529afc305428,ESCO occupations and skills,0.35,source_mapped,not_reviewed,,,,2026.1
CPX-SKL-AUTO-27844208,inspect road signs,inspect road signs,en,EU,transferable,esco,http://data.europa.eu/esco/skill/f21c872c-68ae-49bb-a84f-bf3097c65443,ESCO occupations and skills,0.35,source_mapped,not_reviewed,,,,2026.1
CPX-SKL-AUTO-9F831EBC,inspect supplied concrete,inspect supplied concrete,en,EU,transferable,esco,http://data.europa.eu/esco/skill/568d15cc-01da-4a18-b6fe-9fa30dae4cdd,ESCO occupations and skills,0.35,source_mapped,not_reviewed,,,,2026.1
CPX-SKL-AUTO-CD7D1479,install electrical and electronic equipment,install electrical and electronic equipment,en,EU,transferable,esco,http://data.europa.eu/esco/skill/52797dce-911c-4e6d-b0cb-491f6469014f,ESCO occupations and skills,0.35,source_mapped,not_reviewed,,,,2026.1
CPX-SKL-AUTO-EBB2F940,install electrical mining machinery,install electrical mining machinery,en,EU,transferable,esco,http://data.europa.eu/esco/skill/d3586c5c-e8a6-4fad-bf07-de7ca5072380,ESCO occupations and skills,0.35,source_mapped,not_reviewed,,,,2026.1
CPX-SKL-AUTO-D6C102D0,install electronic communication devices on trains,install electronic communication devices on trains,en,EU,transferable,esco,http://data.europa.eu/esco/skill/fc6cddab-c9ce-4ce6-83ac-32b6854dd6da,ESCO occupations and skills,0.35,source_mapped,not_reviewed,,,,2026.1
CPX-SKL-AUTO-346AB174,install frost protection materials,install frost protection materials,en,EU,transferable,esco,http://data.europa.eu/esco/skill/ca3a023b-e604-4133-a620-3a587183d2c5,ESCO occupations and skills,0.35,source_mapped,not_reviewed,,,,2026.1
CPX-SKL-AUTO-C3D3578F,install hardware,install hardware,en,EU,transferable,esco,http://data.europa.eu/esco/skill/3dc6fd8e-6ff7-432e-a262-04d487858efb,ESCO occupations and skills,0.35,source_mapped,not_reviewed,,,,2026.1
CPX-SKL-AUTO-27E454BB,install kerbstones,install kerbstones,en,EU,transferable,esco,http://data.europa.eu/esco/skill/bdc46a39-9da4-48bd-b1c1-172af29f045b,ESCO occupations and skills,0.35,source_mapped,not_reviewed,,,,2026.1
CPX-SKL-AUTO-514A6DD1,install operating system,install operating system,en,EU,transferable,esco,http://data.europa.eu/esco/skill/c330db31-7fa9-4a8c-8ad6-baa957bcfed1,ESCO occupations and skills,0.35,source_mapped,not_reviewed,,,,2026.1
CPX-SKL-AUTO-7D8312DA,install rock movement monitoring devices,install rock movement monitoring devices,en,EU,transferable,esco,http://data.europa.eu/esco/skill/50dd3681-081b-4349-97cf-1537ad332d20,ESCO occupations and skills,0.35,source_mapped,not_reviewed,,,,2026.1
CPX-SKL-AUTO-B62E0B21,install software,install software,en,EU,technical,esco,http://data.europa.eu/esco/skill/c8de8023-ab8a-402b-a828-b2b57cd3b2f7,ESCO occupations and skills,0.35,source_mapped,not_reviewed,,,,2026.1
CPX-SKL-AUTO-1E5F4600,install sprinkler systems,install sprinkler systems,en,EU,transferable,esco,http://data.europa.eu/esco/skill/687c2470-c2bb-4891-a643-6bcee71a0ac5,ESCO occupations and skills,0.35,source_mapped,not_reviewed,,,,2026.1
CPX-SKL-AUTO-E524BC52,Installation,installation,en,US,transferable,onet,onet/skills.csv:96,O*NET database,0.35,source_mapped,not_reviewed,,,,2026.1
CPX-SKL-AUTO-452A8F50,Instructing,instructing,en,US,transferable,onet,onet/skills.csv:88,O*NET database,0.35,source_mapped,not_reviewed,,,,2026.1
CPX-SKL-AUTO-C5355881,instrumentation engineering,instrumentation engineering,en,EU,domain_knowledge,esco,http://data.europa.eu/esco/skill/b7b381f5-7de2-4f91-9a8f-524041cb47d9,ESCO occupations and skills,0.35,source_mapped,not_reviewed,,,,2026.1
CPX-SKL-AUTO-4DF13081,instrumentation equipment,instrumentation equipment,en,EU,domain_knowledge,esco,http://data.europa.eu/esco/skill/16c8eade-5c2b-4c9c-a60d-6799dbc758a3,ESCO occupations and skills,0.35,source_mapped,not_reviewed,,,,2026.1
CPX-SKL-AUTO-319D2011,integrated circuit types,integrated circuit types,en,EU,domain_knowledge,esco,http://data.europa.eu/esco/skill/61c81161-b732-4c47-aba5-9e554d9a853f,ESCO occupations and skills,0.35,source_mapped,not_reviewed,,,,2026.1
CPX-SKL-AUTO-C96112D6,integrated circuits,integrated circuits,en,EU,domain_knowledge,esco,http://data.europa.eu/esco/skill/2b9f4584-da2e-44e2-a2fb-4dd4fc64c1a2,ESCO occupations and skills,0.35,source_mapped,not_reviewed,,,,2026.1
CPX-SKL-AUTO-D6E69107,international regulations for preventing collisions at sea,international regulations for preventing collisions at sea,en,EU,domain_knowledge,esco,http://data.europa.eu/esco/skill/2b57ba73-7fe3-4410-bda4-a3429e4ddab7,ESCO occupations and skills,0.35,source_mapped,not_reviewed,,,,2026.1
CPX-SKL-AUTO-9B041FBA,interpret geophysical data,interpret geophysical data,en,EU,technical,esco,http://data.europa.eu/esco/skill/b64b9863-5ed3-49c7-8fd3-5324fabeda5d,ESCO occupations and skills,0.35,source_mapped,not_reviewed,,,,2026.1
CPX-SKL-AUTO-578BB98A,interpret scientific data to assess water quality,interpret scientific data to assess water quality,en,EU,technical,esco,http://data.europa.eu/esco/skill/07ec6866-d283-46a6-991c-e8ce0c6fc159,ESCO occupations and skills,0.35,source_mapped,not_reviewed,,,,2026.1
CPX-SKL-AUTO-5F80F43B,interpret seismic data,interpret seismic data,en,EU,technical,esco,http://data.europa.eu/esco/skill/e9b99d6e-c7ec-4f87-b7b4-b5322733c998,ESCO occupations and skills,0.35,source_mapped,not_reviewed,,,,2026.1
CPX-SKL-AUTO-C218EB29,investigate road accidents,investigate road accidents,en,EU,transferable,esco,http://data.europa.eu/esco/skill/ef1d031a-33f1-4778-934c-080545315686,ESCO occupations and skills,0.35,source_mapped,not_reviewed,,,,2026.1
CPX-SKL-AUTO-E6E2C0DD,irrigation systems,irrigation systems,en,EU,domain_knowledge,esco,http://data.europa.eu/esco/skill/700ea222-8139-4c48-95cf-014855565530,ESCO occupations and skills,0.35,source_mapped,not_reviewed,,,,2026.1
CPX-SKL-AUTO-AD1957AD,Java (computer programming),java computer programming,en,EU,domain_knowledge,esco,http://data.europa.eu/esco/skill/19a8293b-8e95-4de3-983f-77484079c389,ESCO occupations and skills,0.35,source_mapped,not_reviewed,,,,2026.1
CPX-SKL-AUTO-F0A2A524,JavaScript,javascript,en,EU,domain_knowledge,esco,http://data.europa.eu/esco/skill/3cd569a2-4f88-4c1e-9995-8dce8c5e51a7,ESCO occupations and skills,0.35,source_mapped,not_reviewed,,,,2026.1
CPX-SKL-AUTO-8FB08392,Judgment and Decision Making,judgment and decision making,en,US,transferable,onet,onet/skills.csv:105,O*NET database,0.35,source_mapped,not_reviewed,,,,2026.1
CPX-SKL-AUTO-05B6A341,keep personal administration,keep personal administration,en,EU,transferable,esco,http://data.europa.eu/esco/skill/9df34bc3-25d4-4452-a896-4d19b94ef896,ESCO occupations and skills,0.35,source_mapped,not_reviewed,,,,2026.1
CPX-SKL-AUTO-FF41219D,keep records of work progress,keep records of work progress,en,EU,transferable,esco,http://data.europa.eu/esco/skill/ccfbdaad-b91d-4bfe-bd0e-d30b33587f19,ESCO occupations and skills,0.35,source_mapped,not_reviewed,,,,2026.1
CPX-SKL-AUTO-34D8A669,Knowledge,knowledge,en,US,domain_knowledge,onet,onet/skills.csv:113,O*NET database,0.35,source_mapped,not_reviewed,,,,2026.1
CPX-SKL-AUTO-C432DB20,landscape design,landscape design,en,EU,domain_knowledge,esco,http://data.europa.eu/esco/skill/6055a4be-3f41-47e3-acd1-0535fa17e04c,ESCO occupations and skills,0.35,source_mapped,not_reviewed,,,,2026.1
CPX-SKL-AUTO-BDA121A2,Law and Government,law and government,en,US,domain_knowledge,onet,onet/skills.csv:151,O*NET database,0.35,source_mapped,not_reviewed,,,,2026.1
CPX-SKL-AUTO-2987A49E,Law and Public Safety,law and public safety,en,US,domain_knowledge,onet,onet/skills.csv:149,O*NET database,0.35,source_mapped,not_reviewed,,,,2026.1
CPX-SKL-AUTO-4DF71AA5,lay base courses,lay base courses,en,EU,transferable,esco,http://data.europa.eu/esco/skill/0a0c89e8-6ddc-48db-89c4-774335309a22,ESCO occupations and skills,0.35,source_mapped,not_reviewed,,,,2026.1
CPX-SKL-AUTO-F5C6D64A,lay concrete slabs,lay concrete slabs,en,EU,transferable,esco,http://data.europa.eu/esco/skill/c55eecdc-ccb0-468e-9029-ce9955375c8a,ESCO occupations and skills,0.35,source_mapped,not_reviewed,,,,2026.1
CPX-SKL-AUTO-51EE5619,lead a team in water management,lead a team in water management,en,EU,transferable,esco,http://data.europa.eu/esco/skill/991efbde-9d52-40f7-8d4a-dc40d13913a7,ESCO occupations and skills,0.35,source_mapped,not_reviewed,,,,2026.1
CPX-SKL-AUTO-FB2446BF,Learning Strategies,learning strategies,en,US,technical,onet,onet/skills.csv:80,O*NET database,0.35,source_mapped,not_reviewed,,,,2026.1
CPX-SKL-AUTO-FFA7CD6D,level earth surface,level earth surface,en,EU,transferable,esco,http://data.europa.eu/esco/skill/f4aeba43-dab5-47fa-89ba-f957ecc86657,ESCO occupations and skills,0.35,source_mapped,not_reviewed,,,,2026.1
CPX-SKL-AUTO-5E22A328,levels of software testing,levels of software testing,en,EU,domain_knowledge,esco,http://data.europa.eu/esco/skill/85f46538-ae70-498a-bfbc-b8ddafe96c7d,ESCO occupations and skills,0.35,source_mapped,not_reviewed,,,,2026.1
CPX-SKL-AUTO-AA405638,liaise with engineers,liaise with engineers,en,EU,transferable,esco,http://data.europa.eu/esco/skill/c5c51528-ccfc-4c53-b409-c200aaa44222,ESCO occupations and skills,0.35,source_mapped,not_reviewed,,,,2026.1
CPX-SKL-AUTO-8C38C854,liaise with local authorities,liaise with local authorities,en,EU,transferable,esco,http://data.europa.eu/esco/skill/2839f191-cd94-49a9-ac16-46018066b8b2,ESCO occupations and skills,0.35,source_mapped,not_reviewed,,,,2026.1
CPX-SKL-AUTO-65B537DC,liaise with managers,liaise with managers,en,EU,transferable,esco,http://data.europa.eu/esco/skill/f14ff4b7-be1e-4b55-b39b-520005f8a97e,ESCO occupations and skills,0.35,source_mapped,not_reviewed,,,,2026.1
CPX-SKL-AUTO-8070B6BC,liaise with rail experts,liaise with rail experts,en,EU,transferable,esco,http://data.europa.eu/esco/skill/6172948e-5d52-4f94-a617-278a9013a8ae,ESCO occupations and skills,0.35,source_mapped,not_reviewed,,,,2026.1
CPX-SKL-AUTO-34961DCA,Lisp,lisp,en,EU,domain_knowledge,esco,http://data.europa.eu/esco/skill/0de61385-de6d-4146-ba32-1cc1bc102220,ESCO occupations and skills,0.35,source_mapped,not_reviewed,,,,2026.1
CPX-SKL-AUTO-3182B7BD,livestock,livestock,en,EU,domain_knowledge,esco,http://data.europa.eu/esco/skill/f874149a-1d76-43ba-a3b9-338c6d83da30,ESCO occupations and skills,0.35,source_mapped,not_reviewed,,,,2026.1
CPX-SKL-AUTO-F579CFF6,local geography,local geography,en,EU,domain_knowledge,esco,http://data.europa.eu/esco/skill/b4b28d82-0a26-4b1c-a932-38d4378c189e,ESCO occupations and skills,0.35,source_mapped,not_reviewed,,,,2026.1
CPX-SKL-AUTO-AB97BB1F,lubricate engines,lubricate engines,en,EU,transferable,esco,http://data.europa.eu/esco/skill/2f58fc20-4528-410b-877f-3dec775f1b4e,ESCO occupations and skills,0.35,source_mapped,not_reviewed,,,,2026.1
CPX-SKL-AUTO-1DCB06A9,maintain electrical engines,maintain electrical engines,en,EU,transferable,esco,http://data.europa.eu/esco/skill/2876970d-90af-45bd-9cfd-c0af757947ea,ESCO occupations and skills,0.35,source_mapped,not_reviewed,,,,2026.1
CPX-SKL-AUTO-90C5D36F,maintain electrical mine machinery,maintain electrical mine machinery,en,EU,transferable,esco,http://data.europa.eu/esco/skill/f2898671-c530-4357-8999-6420d3a7708f,ESCO occupations and skills,0.35,source_mapped,not_reviewed,,,,2026.1
CPX-SKL-AUTO-067EB21B,maintain electromechanical equipment,maintain electromechanical equipment,en,EU,transferable,esco,http://data.europa.eu/esco/skill/e0ded9a1-372d-46c8-80b5-ad994d606ef2,ESCO occupations and skills,0.35,source_mapped,not_reviewed,,,,2026.1
CPX-SKL-AUTO-3F9941F6,maintain electronic equipment,maintain electronic equipment,en,EU,transferable,esco,http://data.europa.eu/esco/skill/ba45db8f-34e8-4f29-af0b-e6645e1d693f,ESCO occupations and skills,0.35,source_mapped,not_reviewed,,,,2026.1
CPX-SKL-AUTO-22C84677,maintain financial records,maintain financial records,en,EU,transferable,esco,http://data.europa.eu/esco/skill/faf8943c-72ff-4736-a587-25508695d6f0,ESCO occupations and skills,0.35,source_mapped,not_reviewed,,,,2026.1
CPX-SKL-AUTO-53393FDE,maintain irrigation controllers,maintain irrigation controllers,en,EU,transferable,esco,http://data.europa.eu/esco/skill/2f05d09d-7e91-423c-9210-19da0b0e34c6,ESCO occupations and skills,0.35,source_mapped,not_reviewed,,,,2026.1
CPX-SKL-AUTO-AC2FA9DF,maintain railway signal equipment,maintain railway signal equipment,en,EU,transferable,esco,http://data.europa.eu/esco/skill/d2dae131-dd89-4e60-ba83-77e41db9d7bb,ESCO occupations and skills,0.35,source_mapped,not_reviewed,,,,2026.1
CPX-SKL-AUTO-25182E5E,maintain records of maintenance interventions,maintain records of maintenance interventions,en,EU,transferable,esco,http://data.europa.eu/esco/skill/182915aa-3470-433a-9b12-347511befcde,ESCO occupations and skills,0.35,source_mapped,not_reviewed,,,,2026.1
CPX-SKL-AUTO-7A776DDF,maintain records of mining operations,maintain records of mining operations,en,EU,transferable,esco,http://data.europa.eu/esco/skill/351e3f8f-4631-412d-963f-25b5fd4efe48,ESCO occupations and skills,0.35,source_mapped,not_reviewed,,,,2026.1
CPX-SKL-AUTO-D515D9E5,maintain relationship with customers,maintain relationship with customers,en,EU,transferable,esco,http://data.europa.eu/esco/skill/2239694b-771a-4586-8b54-2794e361a9ae,ESCO occupations and skills,0.35,source_mapped,not_reviewed,,,,2026.1
CPX-SKL-AUTO-16A15640,maintain relationship with suppliers,maintain relationship with suppliers,en,EU,transferable,esco,http://data.europa.eu/esco/skill/3cd35f5d-ce6d-4f14-9a09-53d7a28d834c,ESCO occupations and skills,0.35,source_mapped,not_reviewed,,,,2026.1
CPX-SKL-AUTO-53198C86,maintain safe engineering watches,maintain safe engineering watches,en,EU,transferable,esco,http://data.europa.eu/esco/skill/dc72d646-4e40-405a-8fa9-a410c60e490b,ESCO occupations and skills,0.35,source_mapped,not_reviewed,,,,2026.1
CPX-SKL-AUTO-CD4124BE,maintain shipboard machinery,maintain shipboard machinery,en,EU,transferable,esco,http://data.europa.eu/esco/skill/26c60178-5d93-4ded-93d7-c58e0ed92388,ESCO occupations and skills,0.35,source_mapped,not_reviewed,,,,2026.1
CPX-SKL-AUTO-9FE874CA,maintain water treatment equipment,maintain water treatment equipment,en,EU,transferable,esco,http://data.europa.eu/esco/skill/2a45f2d1-8f1a-4c62-9332-cfd3535d9d35,ESCO occupations and skills,0.35,source_mapped,not_reviewed,,,,2026.1
CPX-SKL-AUTO-CDD70154,make numerical calculations,make numerical calculations,en,EU,transferable,esco,http://data.europa.eu/esco/skill/f0f93b8b-0ee4-4452-945e-4a2272c0d8dd,ESCO occupations and skills,0.35,source_mapped,not_reviewed,,,,2026.1
CPX-SKL-AUTO-82C7686C,manage airport development resources,manage airport development resources,en,EU,transferable,esco,http://data.europa.eu/esco/skill/d703c741-0f67-4388-9f0c-d2574143ee70,ESCO occupations and skills,0.35,source_mapped,not_reviewed,,,,2026.1
CPX-SKL-AUTO-5842956D,manage airport workshops,manage airport workshops,en,EU,transferable,esco,http://data.europa.eu/esco/skill/bbce18c7-c3d9-4f50-8519-9a9db7033e03,ESCO occupations and skills,0.35,source_mapped,not_reviewed,,,,2026.1
CPX-SKL-AUTO-AF38D05B,manage budgets,manage budgets,en,EU,transferable,esco,http://data.europa.eu/esco/skill/21c5790c-0930-4d74-b3b0-84caf5af12ea,ESCO occupations and skills,0.35,source_mapped,not_reviewed,,,,2026.1
CPX-SKL-AUTO-D0363562,manage car park operations,manage car park operations,en,EU,transferable,esco,http://data.europa.eu/esco/skill/9775c2f8-6c1f-4fb8-8c03-c7081dafc0b5,ESCO occupations and skills,0.35,source_mapped,not_reviewed,,,,2026.1
CPX-SKL-AUTO-8B69B6C3,manage desalination control system,manage desalination control system,en,EU,transferable,esco,http://data.europa.eu/esco/skill/eaef3371-cb14-4d21-90a4-e54dc7c6391c,ESCO occupations and skills,0.35,source_mapped,not_reviewed,,,,2026.1
CPX-SKL-AUTO-102FFBEC,manage emergency procedures,manage emergency procedures,en,EU,transferable,esco,http://data.europa.eu/esco/skill/445b65c5-5b16-4f66-94ce-f2a7f49f9ee7,ESCO occupations and skills,0.35,source_mapped,not_reviewed,,,,2026.1
CPX-SKL-AUTO-FD725E3B,manage engine-room resources,manage engine-room resources,en,EU,transferable,esco,http://data.europa.eu/esco/skill/2ac4b20b-bf0f-44e4-910e-090de3d4bbab,ESCO occupations and skills,0.35,source_mapped,not_reviewed,,,,2026.1
CPX-SKL-AUTO-FB03F0F4,manage engineering project,manage engineering project,en,EU,project_delivery,esco,http://data.europa.eu/esco/skill/6a899482-8bcf-40ca-ae67-579a1cc467ab,ESCO occupations and skills,0.35,source_mapped,not_reviewed,,,,2026.1
CPX-SKL-AUTO-4A94D3C2,manage geotechnical staff,manage geotechnical staff,en,EU,transferable,esco,http://data.europa.eu/esco/skill/89890187-7fa6-4e32-9444-73be4deb514b,ESCO occupations and skills,0.35,source_mapped,not_reviewed,,,,2026.1
CPX-SKL-AUTO-772726C6,manage health and safety standards,manage health and safety standards,en,EU,regulatory,esco,http://data.europa.eu/esco/skill/44e2c4c4-9fd2-42d4-a133-d81360ded4bc,ESCO occupations and skills,0.35,source_mapped,not_reviewed,,,,2026.1
CPX-SKL-AUTO-1CA2A377,manage instrumentation systems,manage instrumentation systems,en,EU,transferable,esco,http://data.europa.eu/esco/skill/5d71a91f-cc72-4b66-b6e3-d75ecc05e235,ESCO occupations and skills,0.35,source_mapped,not_reviewed,,,,2026.1
CPX-SKL-AUTO-06DC0CB9,manage product testing,manage product testing,en,EU,transferable,esco,http://data.europa.eu/esco/skill/b7a03115-41c9-4167-a0b6-7e40cf0fd607,ESCO occupations and skills,0.35,source_mapped,not_reviewed,,,,2026.1
CPX-SKL-AUTO-91DC5F0A,manage railway construction projects,manage railway construction projects,en,EU,transferable,esco,http://data.europa.eu/esco/skill/25a713ba-cbc0-4388-80ca-dad1b7629533,ESCO occupations and skills,0.35,source_mapped,not_reviewed,,,,2026.1
CPX-SKL-AUTO-6EB75794,manage staff,manage staff,en,EU,transferable,esco,http://data.europa.eu/esco/skill/339ac029-066a-4985-9f9d-b3d7c8fea0bb,ESCO occupations and skills,0.35,source_mapped,not_reviewed,,,,2026.1
CPX-SKL-AUTO-FED6A33E,manage supplies,manage supplies,en,EU,transferable,esco,http://data.europa.eu/esco/skill/020b3c27-bae1-4b85-9d6f-eccee0f5ed99,ESCO occupations and skills,0.35,source_mapped,not_reviewed,,,,2026.1
CPX-SKL-AUTO-2AF9244A,manage system testing,manage system testing,en,EU,transferable,esco,http://data.europa.eu/esco/skill/ce354460-500e-4eaa-8e95-8f243fcea3db,ESCO occupations and skills,0.35,source_mapped,not_reviewed,,,,2026.1
CPX-SKL-AUTO-B8700F8E,manage tender processes,manage tender processes,en,EU,transferable,esco,http://data.europa.eu/esco/skill/4b2c4de9-43d7-4905-9d58-bc2e7d84b2e1,ESCO occupations and skills,0.35,source_mapped,not_reviewed,,,,2026.1
CPX-SKL-AUTO-DD84947A,manage water distribution procedures,manage water distribution procedures,en,EU,transferable,esco,http://data.europa.eu/esco/skill/5b06c369-10db-477d-a8df-987179324001,ESCO occupations and skills,0.35,source_mapped,not_reviewed,,,,2026.1
CPX-SKL-AUTO-A304DE4D,manage water quality testing,manage water quality testing,en,EU,transferable,esco,http://data.europa.eu/esco/skill/1aae38c8-f75a-4009-8aa0-c5fa94b06e6b,ESCO occupations and skills,0.35,source_mapped,not_reviewed,,,,2026.1
CPX-SKL-AUTO-9EA1A8D4,manage water treatment,manage water treatment,en,EU,transferable,esco,http://data.europa.eu/esco/skill/d96b6330-c73f-443f-9048-702b2226f62b,ESCO occupations and skills,0.35,source_mapped,not_reviewed,,,,2026.1
CPX-SKL-AUTO-B543A4E9,Management of Financial Resources,management of financial resources,en,US,transferable,onet,onet/skills.csv:110,O*NET database,0.35,source_mapped,not_reviewed,,,,2026.1
CPX-SKL-AUTO-00450073,Management of Material Resources,management of material resources,en,US,transferable,onet,onet/skills.csv:111,O*NET database,0.35,source_mapped,not_reviewed,,,,2026.1
CPX-SKL-AUTO-B88E7B47,Management of Personnel Resources,management of personnel resources,en,US,transferable,onet,onet/skills.csv:112,O*NET database,0.35,source_mapped,not_reviewed,,,,2026.1
CPX-SKL-AUTO-073DE116,manoeuvre heavy trucks,manoeuvre heavy trucks,en,EU,transferable,esco,http://data.europa.eu/esco/skill/8215bbba-2f6d-4530-bf41-904d871eaf72,ESCO occupations and skills,0.35,source_mapped,not_reviewed,,,,2026.1
CPX-SKL-AUTO-143C994F,Manual Dexterity,manual dexterity,en,US,transferable,onet,onet/skills.csv:36,O*NET database,0.35,source_mapped,not_reviewed,,,,2026.1
CPX-SKL-AUTO-D0190BF6,Manufacturing and Production,manufacturing and production,en,US,domain_knowledge,onet,onet/skills.csv:122,O*NET database,0.35,source_mapped,not_reviewed,,,,2026.1
CPX-SKL-AUTO-F260B394,manufacturing processes,manufacturing processes,en,EU,domain_knowledge,esco,http://data.europa.eu/esco/skill/3786b61f-f22e-48d1-af8d-ad4c354534db,ESCO occupations and skills,0.35,source_mapped,not_reviewed,,,,2026.1
CPX-SKL-AUTO-F5B7B96A,match vehicles with routes,match vehicles with routes,en,EU,transferable,esco,http://data.europa.eu/esco/skill/dae63e12-3547-493c-8e6b-809c348984fe,ESCO occupations and skills,0.35,source_mapped,not_reviewed,,,,2026.1
CPX-SKL-AUTO-5836997E,material mechanics,material mechanics,en,EU,domain_knowledge,esco,http://data.europa.eu/esco/skill/2964011e-f828-4c6c-b98b-51e984d66365,ESCO occupations and skills,0.35,source_mapped,not_reviewed,,,,2026.1
CPX-SKL-AUTO-C30B841B,materials science,materials science,en,EU,domain_knowledge,esco,http://data.europa.eu/esco/skill/142f3f7f-f15f-412e-a5fe-f75755b5dbe0,ESCO occupations and skills,0.35,source_mapped,not_reviewed,,,,2026.1
CPX-SKL-AUTO-7ABA4D07,Mathematical Reasoning,mathematical reasoning,en,US,transferable,onet,onet/skills.csv:19,O*NET database,0.35,source_mapped,not_reviewed,,,,2026.1
CPX-SKL-AUTO-3951517D,mathematics,mathematics,en,EU,domain_knowledge,esco,http://data.europa.eu/esco/skill/4339176e-3acd-4f7f-a5d9-445bee3d23f2,ESCO occupations and skills,0.235,source_mapped,not_reviewed,,,,2026.1
CPX-SKL-AUTO-3951517D,Mathematics,mathematics,en,US,domain_knowledge,onet,onet/skills.csv:132,O*NET database,0.225,source_mapped,not_reviewed,,,,2026.1
CPX-SKL-AUTO-3951517D,Mathematics,mathematics,en,US,technical,onet,onet/skills.csv:75,O*NET database,0.35,source_mapped,not_reviewed,,,,2026.1
CPX-SKL-AUTO-12B97C9E,Mathematics and Science,mathematics and science,en,US,domain_knowledge,onet,onet/skills.csv:131,O*NET database,0.35,source_mapped,not_reviewed,,,,2026.1
CPX-SKL-AUTO-3002B7BE,MATLAB,matlab,en,EU,domain_knowledge,esco,http://data.europa.eu/esco/skill/c3a03c5a-c260-4c26-9b9a-873abb396f4d,ESCO occupations and skills,0.35,source_mapped,not_reviewed,,,,2026.1
CPX-SKL-AUTO-800B1348,measure software usability,measure software usability,en,EU,technical,esco,http://data.europa.eu/esco/skill/be0ff6d8-5e61-4021-9c89-e40cf0b75cc6,ESCO occupations and skills,0.35,source_mapped,not_reviewed,,,,2026.1
CPX-SKL-AUTO-0FF256A5,measure water quality parameters,measure water quality parameters,en,EU,transferable,esco,http://data.europa.eu/esco/skill/2f48c606-a936-46a4-9058-dd925973efd6,ESCO occupations and skills,0.35,source_mapped,not_reviewed,,,,2026.1
CPX-SKL-AUTO-7DF694BA,Mechanical,mechanical,en,US,domain_knowledge,onet,onet/skills.csv:130,O*NET database,0.35,source_mapped,not_reviewed,,,,2026.1
CPX-SKL-AUTO-D5CBD41C,mechanical engineering,mechanical engineering,en,EU,domain_knowledge,esco,http://data.europa.eu/esco/skill/9c071f1d-eac3-449d-b004-c14775b5a3b9,ESCO occupations and skills,0.35,source_mapped,not_reviewed,,,,2026.1
CPX-SKL-AUTO-BA27F563,mechanical systems,mechanical systems,en,EU,domain_knowledge,esco,http://data.europa.eu/esco/skill/69bece91-c806-42ad-bde4-db28c7f8fc4b,ESCO occupations and skills,0.35,source_mapped,not_reviewed,,,,2026.1
CPX-SKL-AUTO-4CDB9A90,mechanical tools,mechanical tools,en,EU,domain_knowledge,esco,http://data.europa.eu/esco/skill/44297bbb-306a-46fa-ab1b-fa3fb327ebda,ESCO occupations and skills,0.35,source_mapped,not_reviewed,,,,2026.1
CPX-SKL-AUTO-E7948D2D,mechanics,mechanics,en,EU,domain_knowledge,esco,http://data.europa.eu/esco/skill/efa141df-f382-418f-9121-bd88fd735669,ESCO occupations and skills,0.35,source_mapped,not_reviewed,,,,2026.1
CPX-SKL-AUTO-A0CC4688,mechanics of motor vehicles,mechanics of motor vehicles,en,EU,domain_knowledge,esco,http://data.europa.eu/esco/skill/7566f0b4-7f6e-455c-abb5-ec58e57f7e17,ESCO occupations and skills,0.35,source_mapped,not_reviewed,,,,2026.1
CPX-SKL-AUTO-1083AFD4,mechanics of trains,mechanics of trains,en,EU,domain_knowledge,esco,http://data.europa.eu/esco/skill/af0bbc31-b54d-4e8d-82b1-2e91a1115523,ESCO occupations and skills,0.35,source_mapped,not_reviewed,,,,2026.1
CPX-SKL-AUTO-7D6C44B8,mechanics of vessels,mechanics of vessels,en,EU,domain_knowledge,esco,http://data.europa.eu/esco/skill/2ee670aa-c687-4ff7-92eb-0abc9b57e5f2,ESCO occupations and skills,0.35,source_mapped,not_reviewed,,,,2026.1
CPX-SKL-AUTO-C2AFEA82,mechatronics,mechatronics,en,EU,domain_knowledge,esco,http://data.europa.eu/esco/skill/d88cb3f1-8e02-4618-bf32-4b0488066934,ESCO occupations and skills,0.35,source_mapped,not_reviewed,,,,2026.1
CPX-SKL-AUTO-636AEDCD,Medicine and Dentistry,medicine and dentistry,en,US,domain_knowledge,onet,onet/skills.csv:140,O*NET database,0.35,source_mapped,not_reviewed,,,,2026.1
CPX-SKL-AUTO-56E30735,meet deadlines,meet deadlines,en,EU,transferable,esco,http://data.europa.eu/esco/skill/91abe492-18be-4cce-93c7-0dca07072363,ESCO occupations and skills,0.35,source_mapped,not_reviewed,,,,2026.1
CPX-SKL-AUTO-B584E07E,Memorization,memorization,en,US,transferable,onet,onet/skills.csv:22,O*NET database,0.35,source_mapped,not_reviewed,,,,2026.1
CPX-SKL-AUTO-3BE17436,Memory,memory,en,US,transferable,onet,onet/skills.csv:21,O*NET database,0.35,source_mapped,not_reviewed,,,,2026.1
CPX-SKL-AUTO-F9398449,microassembly,microassembly,en,EU,domain_knowledge,esco,http://data.europa.eu/esco/skill/9cd87d80-9718-47e1-9ed4-cd85cbfebd0a,ESCO occupations and skills,0.35,source_mapped,not_reviewed,,,,2026.1
CPX-SKL-AUTO-23934660,microelectromechanical systems,microelectromechanical systems,en,EU,domain_knowledge,esco,http://data.europa.eu/esco/skill/b8b2a035-38f0-4c0e-94ee-edefc266c643,ESCO occupations and skills,0.35,source_mapped,not_reviewed,,,,2026.1
CPX-SKL-AUTO-F80022F4,microelectronics,microelectronics,en,EU,domain_knowledge,esco,http://data.europa.eu/esco/skill/4b164a27-849f-4be2-ae79-d26a4969b677,ESCO occupations and skills,0.35,source_mapped,not_reviewed,,,,2026.1
CPX-SKL-AUTO-09485647,micromechanics,micromechanics,en,EU,domain_knowledge,esco,http://data.europa.eu/esco/skill/b27411a8-c401-4241-841b-c742ae32a8d3,ESCO occupations and skills,0.35,source_mapped,not_reviewed,,,,2026.1
CPX-SKL-AUTO-3C7D6A55,microoptics,microoptics,en,EU,domain_knowledge,esco,http://data.europa.eu/esco/skill/acfaffa2-9607-44fd-b014-19b817362089,ESCO occupations and skills,0.35,source_mapped,not_reviewed,,,,2026.1
CPX-SKL-AUTO-FBEA047F,microprocessors,microprocessors,en,EU,domain_knowledge,esco,http://data.europa.eu/esco/skill/8a211052-4bec-49c2-9b4e-7914c37d21b4,ESCO occupations and skills,0.35,source_mapped,not_reviewed,,,,2026.1
CPX-SKL-AUTO-0A7245FE,microsensors,microsensors,en,EU,domain_knowledge,esco,http://data.europa.eu/esco/skill/e763b5c3-cfb3-48d2-9b83-fff97553ad95,ESCO occupations and skills,0.35,source_mapped,not_reviewed,,,,2026.1
CPX-SKL-AUTO-9A59B6D0,Microsoft Access,microsoft access,en,US,tool,onet,onet/skills.csv:184,O*NET database,0.35,source_mapped,not_reviewed,,,,2026.1
CPX-SKL-AUTO-7E6CE9D9,Microsoft Excel,microsoft excel,en,US,tool,onet,onet/skills.csv:375,O*NET database,0.35,source_mapped,not_reviewed,,,,2026.1
CPX-SKL-AUTO-10E7FEFE,Microsoft Office software,microsoft office software,en,US,tool,onet,onet/skills.csv:362,O*NET database,0.35,source_mapped,not_reviewed,,,,2026.1
CPX-SKL-AUTO-B1A03763,Microsoft Visual C++,microsoft visual c++,en,EU,domain_knowledge,esco,http://data.europa.eu/esco/skill/8369ede5-4200-4a44-be2e-bc60ef959259,ESCO occupations and skills,0.35,source_mapped,not_reviewed,,,,2026.1
CPX-SKL-AUTO-0A6657BC,microsystem test procedures,microsystem test procedures,en,EU,domain_knowledge,esco,http://data.europa.eu/esco/skill/4cdbc76c-75d8-4e12-8653-4820c2d5446f,ESCO occupations and skills,0.35,source_mapped,not_reviewed,,,,2026.1
CPX-SKL-AUTO-371E7D5A,microwave principles,microwave principles,en,EU,domain_knowledge,esco,http://data.europa.eu/esco/skill/1ca140f8-d8aa-4e02-8ddc-31cbf75dd7ae,ESCO occupations and skills,0.35,source_mapped,not_reviewed,,,,2026.1
CPX-SKL-AUTO-BD907184,mine dump design,mine dump design,en,EU,transferable,esco,http://data.europa.eu/esco/skill/cfbe1cdb-1738-45a1-b442-75cbda1fff06,ESCO occupations and skills,0.35,source_mapped,not_reviewed,,,,2026.1
CPX-SKL-AUTO-02BEABBF,mine safety legislation,mine safety legislation,en,EU,domain_knowledge,esco,http://data.europa.eu/esco/skill/4064716d-6714-48ea-95a0-ef81c2b31672,ESCO occupations and skills,0.35,source_mapped,not_reviewed,,,,2026.1
CPX-SKL-AUTO-AEBD6FC6,"mining, construction and civil engineering machinery products",mining construction and civil engineering machinery products,en,EU,domain_knowledge,esco,http://data.europa.eu/esco/skill/ce4990a4-bf69-4f5f-becb-e4fd96da3a74,ESCO occupations and skills,0.35,source_mapped,not_reviewed,,,,2026.1
CPX-SKL-AUTO-6A63FF77,mining engineering,mining engineering,en,EU,domain_knowledge,esco,http://data.europa.eu/esco/skill/5eeac647-dc4b-496d-b109-c90b58006021,ESCO occupations and skills,0.35,source_mapped,not_reviewed,,,,2026.1
CPX-SKL-AUTO-B6D8D6C0,mitigate environmental impact of pipeline projects,mitigate environmental impact of pipeline projects,en,EU,transferable,esco,http://data.europa.eu/esco/skill/564e86a6-0916-44e6-b3d6-d99bc0c1f194,ESCO occupations and skills,0.35,source_mapped,not_reviewed,,,,2026.1
CPX-SKL-AUTO-D0BDFF3E,ML (computer programming),ml computer programming,en,EU,domain_knowledge,esco,http://data.europa.eu/esco/skill/a4d336a6-9ffd-402a-91cc-f359716ba4e0,ESCO occupations and skills,0.35,source_mapped,not_reviewed,,,,2026.1
CPX-SKL-AUTO-9B234D72,model electromagnetic products,model electromagnetic products,en,EU,transferable,esco,http://data.europa.eu/esco/skill/52739347-5eaa-4c9e-8cde-af7d2ba83320,ESCO occupations and skills,0.35,source_mapped,not_reviewed,,,,2026.1
CPX-SKL-AUTO-1C7AD15E,model electromechanical systems,model electromechanical systems,en,EU,transferable,esco,http://data.europa.eu/esco/skill/78fef945-17e8-4d56-aab2-8625060ab3d3,ESCO occupations and skills,0.35,source_mapped,not_reviewed,,,,2026.1
CPX-SKL-AUTO-1F68C0B4,model hardware,model hardware,en,EU,transferable,esco,http://data.europa.eu/esco/skill/bbbd263e-affb-4ec8-84fb-3e5d9e62306b,ESCO occupations and skills,0.35,source_mapped,not_reviewed,,,,2026.1
CPX-SKL-AUTO-FA1782F6,model microelectronics,model microelectronics,en,EU,transferable,esco,http://data.europa.eu/esco/skill/ce6242a1-a2d9-43e6-a481-ae89b9ec0460,ESCO occupations and skills,0.35,source_mapped,not_reviewed,,,,2026.1
CPX-SKL-AUTO-CF35F4AE,model sensor,model sensor,en,EU,transferable,esco,http://data.europa.eu/esco/skill/ffdd5e53-7191-4043-ae0e-eea1bb077080,ESCO occupations and skills,0.35,source_mapped,not_reviewed,,,,2026.1
CPX-SKL-AUTO-52AB5668,MOEM,moem,en,EU,domain_knowledge,esco,http://data.europa.eu/esco/skill/6310b25d-2a2f-45d3-a632-c5fa0c2bf48c,ESCO occupations and skills,0.35,source_mapped,not_reviewed,,,,2026.1
CPX-SKL-AUTO-963468E9,monitor automated machines,monitor automated machines,en,EU,transferable,esco,http://data.europa.eu/esco/skill/7aa52bdc-9c56-4341-be65-e8e30f64403f,ESCO occupations and skills,0.35,source_mapped,not_reviewed,,,,2026.1
CPX-SKL-AUTO-F99C5CDA,monitor contractor performance,monitor contractor performance,en,EU,transferable,esco,http://data.europa.eu/esco/skill/d89f5cee-649a-44bd-9aa9-8e74bbdbd50d,ESCO occupations and skills,0.35,source_mapped,not_reviewed,,,,2026.1
CPX-SKL-AUTO-AEE2A471,monitor heavy machinery,monitor heavy machinery,en,EU,transferable,esco,http://data.europa.eu/esco/skill/4853efe8-0cdd-42d1-bc5a-6ba5fa9a8b2c,ESCO occupations and skills,0.35,source_mapped,not_reviewed,,,,2026.1
CPX-SKL-AUTO-4B8771DE,monitor legislation developments,monitor legislation developments,en,EU,transferable,esco,http://data.europa.eu/esco/skill/8bdc520c-6293-4e99-bf6f-a44d5da3ebcb,ESCO occupations and skills,0.35,source_mapped,not_reviewed,,,,2026.1
CPX-SKL-AUTO-4AF447CA,monitor machine operations,monitor machine operations,en,EU,transferable,esco,http://data.europa.eu/esco/skill/188048ff-18bf-43c4-a1a0-7adb6e68f421,ESCO occupations and skills,0.35,source_mapped,not_reviewed,,,,2026.1
CPX-SKL-AUTO-384488DD,monitor manufacturing quality standards,monitor manufacturing quality standards,en,EU,transferable,esco,http://data.europa.eu/esco/skill/3edfcb2b-2d0e-4673-87ce-f55c37eb5fca,ESCO occupations and skills,0.35,source_mapped,not_reviewed,,,,2026.1
CPX-SKL-AUTO-32E86F8F,monitor mine costs,monitor mine costs,en,EU,transferable,esco,http://data.europa.eu/esco/skill/d4acc9e9-5302-4c55-8869-7c1882887690,ESCO occupations and skills,0.35,source_mapped,not_reviewed,,,,2026.1
CPX-SKL-AUTO-0BB8877C,monitor mine production,monitor mine production,en,EU,transferable,esco,http://data.europa.eu/esco/skill/9ebae336-b0dc-4711-9aef-0aeb3504ba63,ESCO occupations and skills,0.35,source_mapped,not_reviewed,,,,2026.1
CPX-SKL-AUTO-4244DC7D,monitor traffic flow,monitor traffic flow,en,EU,transferable,esco,http://data.europa.eu/esco/skill/d22f2f23-9dd5-4854-bada-0514ff6c51a9,ESCO occupations and skills,0.35,source_mapped,not_reviewed,,,,2026.1
CPX-SKL-AUTO-CAD1E350,monitor water quality,monitor water quality,en,EU,transferable,esco,http://data.europa.eu/esco/skill/d589970b-933d-4656-bcb6-a43b3cc67888,ESCO occupations and skills,0.35,source_mapped,not_reviewed,,,,2026.1
CPX-SKL-AUTO-DCAAA5C3,monitor work site,monitor work site,en,EU,transferable,esco,http://data.europa.eu/esco/skill/37ab8cef-8abf-43be-a71f-1e45aef610b8,ESCO occupations and skills,0.35,source_mapped,not_reviewed,,,,2026.1
CPX-SKL-AUTO-BF3021B8,Monitoring,monitoring,en,US,technical,onet,onet/skills.csv:81,O*NET database,0.35,source_mapped,not_reviewed,,,,2026.1
CPX-SKL-AUTO-006521C2,Multilimb Coordination,multilimb coordination,en,US,transferable,onet,onet/skills.csv:40,O*NET database,0.35,source_mapped,not_reviewed,,,,2026.1
CPX-SKL-AUTO-1B65795E,multimedia systems,multimedia systems,en,EU,domain_knowledge,esco,http://data.europa.eu/esco/skill/a59708e3-e654-4e37-8b8a-741c3b756eee,ESCO occupations and skills,0.35,source_mapped,not_reviewed,,,,2026.1
CPX-SKL-AUTO-0384E53A,multimodal transport logistics,multimodal transport logistics,en,EU,domain_knowledge,esco,http://data.europa.eu/esco/skill/4d6a1837-93df-4a81-b424-74e1a8ed2f03,ESCO occupations and skills,0.35,source_mapped,not_reviewed,,,,2026.1
CPX-SKL-AUTO-6EBE0BFA,nanoelectronics,nanoelectronics,en,EU,domain_knowledge,esco,http://data.europa.eu/esco/skill/bc1a03da-e78c-4956-9dc2-0da70711df80,ESCO occupations and skills,0.35,source_mapped,not_reviewed,,,,2026.1
CPX-SKL-AUTO-34E4A228,nanotechnology,nanotechnology,en,EU,domain_knowledge,esco,http://data.europa.eu/esco/skill/a8da58c7-42fc-4fd6-b25a-b06b74c00179,ESCO occupations and skills,0.35,source_mapped,not_reviewed,,,,2026.1
CPX-SKL-AUTO-0F3B3F9C,Near Vision,near vision,en,US,transferable,onet,onet/skills.csv:59,O*NET database,0.35,source_mapped,not_reviewed,,,,2026.1
CPX-SKL-AUTO-F85A3FDE,negotiate supplier arrangements,negotiate supplier arrangements,en,EU,transferable,esco,http://data.europa.eu/esco/skill/c842be42-81b3-40f2-904c-ea8790ac88bd,ESCO occupations and skills,0.35,source_mapped,not_reviewed,,,,2026.1
CPX-SKL-AUTO-02C0F723,Negotiation,negotiation,en,US,transferable,onet,onet/skills.csv:87,O*NET database,0.35,source_mapped,not_reviewed,,,,2026.1
CPX-SKL-AUTO-4562170B,non-destructive testing,non-destructive testing,en,EU,domain_knowledge,esco,http://data.europa.eu/esco/skill/75697ed4-c1a3-47dc-93e3-bb50f21aa2f6,ESCO occupations and skills,0.35,source_mapped,not_reviewed,,,,2026.1
CPX-SKL-AUTO-352E7A5E,nuclear energy,nuclear energy,en,EU,domain_knowledge,esco,http://data.europa.eu/esco/skill/81d274bc-6dbf-4003-bcba-f76478d5d930,ESCO occupations and skills,0.35,source_mapped,not_reviewed,,,,2026.1
CPX-SKL-AUTO-7039CB61,Number Facility,number facility,en,US,transferable,onet,onet/skills.csv:20,O*NET database,0.35,source_mapped,not_reviewed,,,,2026.1
CPX-SKL-AUTO-94EACC18,Objective-C,objective-c,en,EU,domain_knowledge,esco,http://data.europa.eu/esco/skill/9973a5a2-7822-4161-99e9-95c781eb63f8,ESCO occupations and skills,0.35,source_mapped,not_reviewed,,,,2026.1
CPX-SKL-AUTO-588B8FBB,OpenEdge Advanced Business Language,openedge advanced business language,en,EU,domain_knowledge,esco,http://data.europa.eu/esco/skill/300d432b-f457-4cd3-9cb1-1858c7d14954,ESCO occupations and skills,0.35,source_mapped,not_reviewed,,,,2026.1
CPX-SKL-AUTO-27E447A3,operate bulldozer,operate bulldozer,en,EU,transferable,esco,http://data.europa.eu/esco/skill/597d6a3a-0283-4945-8001-4719d210433d,ESCO occupations and skills,0.35,source_mapped,not_reviewed,,,,2026.1
CPX-SKL-AUTO-67703997,operate control systems,operate control systems,en,EU,transferable,esco,http://data.europa.eu/esco/skill/75d2ac62-700a-41d1-b920-5cd7aaa78553,ESCO occupations and skills,0.35,source_mapped,not_reviewed,,,,2026.1
CPX-SKL-AUTO-9AD964BB,operate excavator,operate excavator,en,EU,transferable,esco,http://data.europa.eu/esco/skill/978a76ca-0d14-43b5-a69d-1996dfeb22de,ESCO occupations and skills,0.35,source_mapped,not_reviewed,,,,2026.1
CPX-SKL-AUTO-4C82933D,operate marine machinery systems,operate marine machinery systems,en,EU,transferable,esco,http://data.europa.eu/esco/skill/2a422611-4172-421b-a5f1-6ec9eb8f9f28,ESCO occupations and skills,0.35,source_mapped,not_reviewed,,,,2026.1
CPX-SKL-AUTO-E3F6715B,operate mobile crane,operate mobile crane,en,EU,transferable,esco,http://data.europa.eu/esco/skill/9fe699e9-3490-4f3d-a50d-9f9d31c98698,ESCO occupations and skills,0.35,source_mapped,not_reviewed,,,,2026.1
CPX-SKL-AUTO-EF0BCFF3,operate precision machinery,operate precision machinery,en,EU,transferable,esco,http://data.europa.eu/esco/skill/d8045ecd-22f3-4711-bb51-58969d9f28c7,ESCO occupations and skills,0.35,source_mapped,not_reviewed,,,,2026.1
CPX-SKL-AUTO-D78D6565,operate precision measuring equipment,operate precision measuring equipment,en,EU,transferable,esco,http://data.europa.eu/esco/skill/42c25baf-ccb3-47d9-a872-bb2ceb615538,ESCO occupations and skills,0.35,source_mapped,not_reviewed,,,,2026.1
CPX-SKL-AUTO-6FCD6C0C,operate radio equipment,operate radio equipment,en,EU,transferable,esco,http://data.europa.eu/esco/skill/0256f6b0-f4a9-4c5e-9cfd-96d58a2a70fe,ESCO occupations and skills,0.35,source_mapped,not_reviewed,,,,2026.1
CPX-SKL-AUTO-CA752BC5,operate railway communication systems,operate railway communication systems,en,EU,transferable,esco,http://data.europa.eu/esco/skill/b4cea126-86f6-45dd-b4d8-bd9f2291e07f,ESCO occupations and skills,0.35,source_mapped,not_reviewed,,,,2026.1
CPX-SKL-AUTO-C1B857DC,operate railway control panels,operate railway control panels,en,EU,transferable,esco,http://data.europa.eu/esco/skill/ef0527db-0442-4f05-a150-533b410e1cc1,ESCO occupations and skills,0.35,source_mapped,not_reviewed,,,,2026.1
CPX-SKL-AUTO-8596933D,operate railway vehicles,operate railway vehicles,en,EU,transferable,esco,http://data.europa.eu/esco/skill/4b8670a1-f3cd-4c1d-bd1e-8b9a0e1c2b9a,ESCO occupations and skills,0.35,source_mapped,not_reviewed,,,,2026.1
CPX-SKL-AUTO-0CDA09A8,operate railway warning systems,operate railway warning systems,en,EU,transferable,esco,http://data.europa.eu/esco/skill/62fe2ec2-3a70-48cc-b806-ebfdb89d6c33,ESCO occupations and skills,0.35,source_mapped,not_reviewed,,,,2026.1
CPX-SKL-AUTO-038CEC42,operate road roller,operate road roller,en,EU,transferable,esco,http://data.europa.eu/esco/skill/5239e378-23c6-424d-9a9b-775653f22d04,ESCO occupations and skills,0.35,source_mapped,not_reviewed,,,,2026.1
CPX-SKL-AUTO-72AD8FD7,operate rust proofing spray gun,operate rust proofing spray gun,en,EU,transferable,esco,http://data.europa.eu/esco/skill/71041c1c-a894-4cf7-81fe-4acb08545e51,ESCO occupations and skills,0.35,source_mapped,not_reviewed,,,,2026.1
CPX-SKL-AUTO-45AD02AB,operate scientific measuring equipment,operate scientific measuring equipment,en,EU,transferable,esco,http://data.europa.eu/esco/skill/cb1a2fbf-242d-4a4e-a466-588378f124c1,ESCO occupations and skills,0.35,source_mapped,not_reviewed,,,,2026.1
CPX-SKL-AUTO-283EBEE1,operate ship propulsion system,operate ship propulsion system,en,EU,transferable,esco,http://data.europa.eu/esco/skill/f774cc69-f0cf-4767-bf13-9b16dc7f7c07,ESCO occupations and skills,0.35,source_mapped,not_reviewed,,,,2026.1
CPX-SKL-AUTO-69DCCE78,operate soldering equipment,operate soldering equipment,en,EU,transferable,esco,http://data.europa.eu/esco/skill/f30a7ea4-77dd-452c-8a2d-b06c12606a7f,ESCO occupations and skills,0.35,source_mapped,not_reviewed,,,,2026.1
CPX-SKL-AUTO-24DBA435,operate surveying instruments,operate surveying instruments,en,EU,transferable,esco,http://data.europa.eu/esco/skill/af1df253-5103-46d7-a757-b17bf5a4e581,ESCO occupations and skills,0.35,source_mapped,not_reviewed,,,,2026.1
CPX-SKL-AUTO-19BAA3E7,Operation and Control,operation and control,en,US,transferable,onet,onet/skills.csv:99,O*NET database,0.35,source_mapped,not_reviewed,,,,2026.1
CPX-SKL-AUTO-245487C5,Operations Analysis,operations analysis,en,US,transferable,onet,onet/skills.csv:93,O*NET database,0.35,source_mapped,not_reviewed,,,,2026.1
CPX-SKL-AUTO-5376555E,Operations Monitoring,operations monitoring,en,US,transferable,onet,onet/skills.csv:98,O*NET database,0.35,source_mapped,not_reviewed,,,,2026.1
CPX-SKL-AUTO-8306A238,optics,optics,en,EU,domain_knowledge,esco,http://data.europa.eu/esco/skill/38dbdfc4-427e-4fc8-b394-b00ec29dbe3a,ESCO occupations and skills,0.35,source_mapped,not_reviewed,,,,2026.1
CPX-SKL-AUTO-43906F91,optoelectronics,optoelectronics,en,EU,domain_knowledge,esco,http://data.europa.eu/esco/skill/e66cd71d-371c-4f82-8bce-b220b8c2d6ea,ESCO occupations and skills,0.35,source_mapped,not_reviewed,,,,2026.1
CPX-SKL-AUTO-A85F5A61,Oral Comprehension,oral comprehension,en,US,transferable,onet,onet/skills.csv:6,O*NET database,0.35,source_mapped,not_reviewed,,,,2026.1
CPX-SKL-AUTO-4CFE160A,Oral Expression,oral expression,en,US,transferable,onet,onet/skills.csv:8,O*NET database,0.35,source_mapped,not_reviewed,,,,2026.1
CPX-SKL-AUTO-1028DCE2,Originality,originality,en,US,transferable,onet,onet/skills.csv:12,O*NET database,0.35,source_mapped,not_reviewed,,,,2026.1
CPX-SKL-AUTO-30BB5DE6,oversee construction project,oversee construction project,en,EU,project_delivery,esco,http://data.europa.eu/esco/skill/1de548e0-9535-4d2e-9d20-d4474c1ea813,ESCO occupations and skills,0.35,source_mapped,not_reviewed,,,,2026.1
CPX-SKL-AUTO-BAE16BC2,oversee quality control,oversee quality control,en,EU,transferable,esco,http://data.europa.eu/esco/skill/5d34adde-0b78-42b4-9d3d-69e9388d8398,ESCO occupations and skills,0.35,source_mapped,not_reviewed,,,,2026.1
CPX-SKL-AUTO-09D9D6C3,parking regulations,parking regulations,en,EU,domain_knowledge,esco,http://data.europa.eu/esco/skill/656ae836-2075-459f-8967-03706d4ac2bb,ESCO occupations and skills,0.35,source_mapped,not_reviewed,,,,2026.1
CPX-SKL-AUTO-0C722B17,Pascal (computer programming),pascal computer programming,en,EU,domain_knowledge,esco,http://data.europa.eu/esco/skill/e8b89eb6-51e8-4c3a-babb-88b2e110376b,ESCO occupations and skills,0.35,source_mapped,not_reviewed,,,,2026.1
CPX-SKL-AUTO-8F428304,pave asphalt layers,pave asphalt layers,en,EU,transferable,esco,http://data.europa.eu/esco/skill/e7e19a59-a780-457b-a027-e901a5cf1ea3,ESCO occupations and skills,0.35,source_mapped,not_reviewed,,,,2026.1
CPX-SKL-AUTO-BC946289,Perceptual Abilities,perceptual abilities,en,US,transferable,onet,onet/skills.csv:23,O*NET database,0.35,source_mapped,not_reviewed,,,,2026.1
CPX-SKL-AUTO-4AAD9842,Perceptual Speed,perceptual speed,en,US,transferable,onet,onet/skills.csv:26,O*NET database,0.35,source_mapped,not_reviewed,,,,2026.1
CPX-SKL-AUTO-2E8E16D6,perform data analysis,perform data analysis,en,EU,technical,esco,http://data.europa.eu/esco/skill/2b92a5b2-6758-4ee3-9fb4-b6387a55cc8f,ESCO occupations and skills,0.35,source_mapped,not_reviewed,,,,2026.1
CPX-SKL-AUTO-7944A78E,perform drainage work,perform drainage work,en,EU,transferable,esco,http://data.europa.eu/esco/skill/5b58e283-a359-4b55-b10d-b0047b2fb7db,ESCO occupations and skills,0.35,source_mapped,not_reviewed,,,,2026.1
CPX-SKL-AUTO-FC09EE69,perform follow-up on pipeline route services,perform follow-up on pipeline route services,en,EU,transferable,esco,http://data.europa.eu/esco/skill/c3404999-faaa-4779-9cbf-e594b9c4d3b6,ESCO occupations and skills,0.35,source_mapped,not_reviewed,,,,2026.1
CPX-SKL-AUTO-2C71D659,perform laboratory tests,perform laboratory tests,en,EU,transferable,esco,http://data.europa.eu/esco/skill/0b917c3e-e49f-40d9-8f95-3bc8e9c06fd2,ESCO occupations and skills,0.35,source_mapped,not_reviewed,,,,2026.1
CPX-SKL-AUTO-2BE60248,perform physical stress tests on models,perform physical stress tests on models,en,EU,transferable,esco,http://data.europa.eu/esco/skill/3cb69f14-c297-474a-8950-5e7af4da0049,ESCO occupations and skills,0.35,source_mapped,not_reviewed,,,,2026.1
CPX-SKL-AUTO-E2AD0CCE,perform pipeline routing studies,perform pipeline routing studies,en,EU,transferable,esco,http://data.europa.eu/esco/skill/a46b6220-7313-4b3b-9bdb-cca897aff546,ESCO occupations and skills,0.35,source_mapped,not_reviewed,,,,2026.1
CPX-SKL-AUTO-8C767E60,perform project management,perform project management,en,EU,project_delivery,esco,http://data.europa.eu/esco/skill/cd5efa8c-e44d-4cbc-91c6-796018dbed68,ESCO occupations and skills,0.35,source_mapped,not_reviewed,,,,2026.1
CPX-SKL-AUTO-6B3BE3A8,perform resource planning,perform resource planning,en,EU,project_delivery,esco,http://data.europa.eu/esco/skill/f5dd06b8-5d17-4932-9d03-957d0c4f5051,ESCO occupations and skills,0.35,source_mapped,not_reviewed,,,,2026.1
CPX-SKL-AUTO-D78AC5BE,perform risk analysis,perform risk analysis,en,EU,transferable,esco,http://data.europa.eu/esco/skill/1dd23dba-dd00-45ab-abf4-642902538317,ESCO occupations and skills,0.35,source_mapped,not_reviewed,,,,2026.1
CPX-SKL-AUTO-2A9D11E5,perform sample testing,perform sample testing,en,EU,transferable,esco,http://data.europa.eu/esco/skill/b5a1fc87-c9f2-41f4-a1ae-28e023715592,ESCO occupations and skills,0.35,source_mapped,not_reviewed,,,,2026.1
CPX-SKL-AUTO-B7A8AF32,perform scientific research,perform scientific research,en,EU,transferable,esco,http://data.europa.eu/esco/skill/4fabca9a-7435-4f33-b1da-3cdb00340fdc,ESCO occupations and skills,0.35,source_mapped,not_reviewed,,,,2026.1
CPX-SKL-AUTO-97EC1A18,perform small vessel safety procedures,perform small vessel safety procedures,en,EU,regulatory,esco,http://data.europa.eu/esco/skill/69b393eb-0695-4e49-956a-b8b953338674,ESCO occupations and skills,0.35,source_mapped,not_reviewed,,,,2026.1
CPX-SKL-AUTO-02174F4C,perform surveying calculations,perform surveying calculations,en,EU,transferable,esco,http://data.europa.eu/esco/skill/86945516-619a-456e-b0d0-2fb31d927992,ESCO occupations and skills,0.35,source_mapped,not_reviewed,,,,2026.1
CPX-SKL-AUTO-4E8960AB,perform test run,perform test run,en,EU,transferable,esco,http://data.europa.eu/esco/skill/465ff64a-1271-4064-8ed1-e969cb68d8b4,ESCO occupations and skills,0.35,source_mapped,not_reviewed,,,,2026.1
CPX-SKL-AUTO-55DD3C70,perform underwater bridge inspection,perform underwater bridge inspection,en,EU,transferable,esco,http://data.europa.eu/esco/skill/3ad4a1d0-34e8-474b-92ce-59c8d01a6e55,ESCO occupations and skills,0.35,source_mapped,not_reviewed,,,,2026.1
CPX-SKL-AUTO-C1FE13A0,perform water chemistry analysis,perform water chemistry analysis,en,EU,transferable,esco,http://data.europa.eu/esco/skill/e08d5950-f694-450e-90ae-088001dad5e9,ESCO occupations and skills,0.35,source_mapped,not_reviewed,,,,2026.1
CPX-SKL-AUTO-6D555B1E,perform water testing procedures,perform water testing procedures,en,EU,transferable,esco,http://data.europa.eu/esco/skill/e80f9e50-71ff-4bb7-8b7d-eb232685d17f,ESCO occupations and skills,0.35,source_mapped,not_reviewed,,,,2026.1
CPX-SKL-AUTO-0D42E145,perform water treatment procedures,perform water treatment procedures,en,EU,transferable,esco,http://data.europa.eu/esco/skill/8bcf4ef0-edda-4f6a-a1ce-7defb1d324d6,ESCO occupations and skills,0.35,source_mapped,not_reviewed,,,,2026.1
CPX-SKL-AUTO-753A5153,Perl,perl,en,EU,domain_knowledge,esco,http://data.europa.eu/esco/skill/401eb8d8-6daa-4f8b-90ad-60afc71eb4f8,ESCO occupations and skills,0.35,source_mapped,not_reviewed,,,,2026.1
CPX-SKL-AUTO-5A5A6A14,Personnel and Human Resources,personnel and human resources,en,US,domain_knowledge,onet,onet/skills.csv:120,O*NET database,0.35,source_mapped,not_reviewed,,,,2026.1
CPX-SKL-AUTO-9D4A9B81,Persuasion,persuasion,en,US,transferable,onet,onet/skills.csv:86,O*NET database,0.35,source_mapped,not_reviewed,,,,2026.1
CPX-SKL-AUTO-AB93901D,Philosophy and Theology,philosophy and theology,en,US,domain_knowledge,onet,onet/skills.csv:148,O*NET database,0.35,source_mapped,not_reviewed,,,,2026.1
CPX-SKL-AUTO-68005987,photogrammetry,photogrammetry,en,EU,domain_knowledge,esco,http://data.europa.eu/esco/skill/0435fe96-523f-4888-a76f-22df1e92d9c4,ESCO occupations and skills,0.35,source_mapped,not_reviewed,,,,2026.1
CPX-SKL-AUTO-CE4D1432,PHP,php,en,EU,domain_knowledge,esco,http://data.europa.eu/esco/skill/4350c38d-0fe9-4ca7-bab9-40ed7f72b04f,ESCO occupations and skills,0.35,source_mapped,not_reviewed,,,,2026.1
CPX-SKL-AUTO-D7318B6A,Physical Abilities,physical abilities,en,US,transferable,onet,onet/skills.csv:46,O*NET database,0.35,source_mapped,not_reviewed,,,,2026.1
CPX-SKL-AUTO-DD353AC9,Physical Strength Abilities,physical strength abilities,en,US,transferable,onet,onet/skills.csv:47,O*NET database,0.35,source_mapped,not_reviewed,,,,2026.1
CPX-SKL-AUTO-237DB4BB,physics,physics,en,EU,domain_knowledge,esco,http://data.europa.eu/esco/skill/692ace70-7f97-4214-92bd-88f7637d8a44,ESCO occupations and skills,0.35,source_mapped,not_reviewed,,,,2026.1
CPX-SKL-AUTO-237DB4BB,Physics,physics,en,US,domain_knowledge,onet,onet/skills.csv:133,O*NET database,0.2577,source_mapped,not_reviewed,,,,2026.1
CPX-SKL-AUTO-1ED9183B,place temporary road signage,place temporary road signage,en,EU,transferable,esco,http://data.europa.eu/esco/skill/62e109fe-b619-460a-9f77-4396a6118fcf,ESCO occupations and skills,0.35,source_mapped,not_reviewed,,,,2026.1
CPX-SKL-AUTO-C49D1C12,plan geotechnical investigations in the field,plan geotechnical investigations in the field,en,EU,transferable,esco,http://data.europa.eu/esco/skill/f21c2b32-83e0-46b2-99b1-c277e3d27f2f,ESCO occupations and skills,0.35,source_mapped,not_reviewed,,,,2026.1
CPX-SKL-AUTO-9E5100F6,plan health and safety procedures,plan health and safety procedures,en,EU,regulatory,esco,http://data.europa.eu/esco/skill/bb663409-5c88-4e3a-bc16-01aa1c8ce171,ESCO occupations and skills,0.35,source_mapped,not_reviewed,,,,2026.1
CPX-SKL-AUTO-86C67F1C,plan manufacturing processes,plan manufacturing processes,en,EU,transferable,esco,http://data.europa.eu/esco/skill/7d0f33ea-e724-4d77-8b75-ee4fe66bb9ba,ESCO occupations and skills,0.35,source_mapped,not_reviewed,,,,2026.1
CPX-SKL-AUTO-1CD0852D,plan surface slope,plan surface slope,en,EU,transferable,esco,http://data.europa.eu/esco/skill/562a111f-40fc-424a-b1ca-784ff2e0488e,ESCO occupations and skills,0.35,source_mapped,not_reviewed,,,,2026.1
CPX-SKL-AUTO-13772A32,pollution prevention,pollution prevention,en,EU,domain_knowledge,esco,http://data.europa.eu/esco/skill/75f312e1-622b-4751-8d93-815b32feaf8d,ESCO occupations and skills,0.35,source_mapped,not_reviewed,,,,2026.1
CPX-SKL-AUTO-83549F13,possess visual literacy,possess visual literacy,en,EU,transferable,esco,http://data.europa.eu/esco/skill/1f403e44-7a79-4b91-b86a-e406208be161,ESCO occupations and skills,0.35,source_mapped,not_reviewed,,,,2026.1
CPX-SKL-AUTO-AC35A950,power electronics,power electronics,en,EU,domain_knowledge,esco,http://data.europa.eu/esco/skill/86ff9a65-66eb-4c8f-93d8-22e0a467fc08,ESCO occupations and skills,0.35,source_mapped,not_reviewed,,,,2026.1
CPX-SKL-AUTO-253B51AB,power engineering,power engineering,en,EU,domain_knowledge,esco,http://data.europa.eu/esco/skill/dd6e5939-d19b-4e2f-a025-2014f0a2ec88,ESCO occupations and skills,0.35,source_mapped,not_reviewed,,,,2026.1
CPX-SKL-AUTO-6109699C,power plant instrumentation,power plant instrumentation,en,EU,domain_knowledge,esco,http://data.europa.eu/esco/skill/81665015-4963-472c-9b5a-f2cf13ae9de0,ESCO occupations and skills,0.35,source_mapped,not_reviewed,,,,2026.1
CPX-SKL-AUTO-BEBCCC96,precision measuring instruments,precision measuring instruments,en,EU,domain_knowledge,esco,http://data.europa.eu/esco/skill/b386e189-12c5-4df6-b1db-059eb3f6dd88,ESCO occupations and skills,0.35,source_mapped,not_reviewed,,,,2026.1
CPX-SKL-AUTO-D9ADEFFB,precision mechanics,precision mechanics,en,EU,domain_knowledge,esco,http://data.europa.eu/esco/skill/2fea2558-630e-480d-9e12-47a05bc19b55,ESCO occupations and skills,0.35,source_mapped,not_reviewed,,,,2026.1
CPX-SKL-AUTO-B710833B,prepare assembly drawings,prepare assembly drawings,en,EU,transferable,esco,http://data.europa.eu/esco/skill/f19f2c6d-3f1d-4231-9fd9-ece77ed359d7,ESCO occupations and skills,0.35,source_mapped,not_reviewed,,,,2026.1
CPX-SKL-AUTO-FC872E3D,prepare geological map sections,prepare geological map sections,en,EU,transferable,esco,http://data.europa.eu/esco/skill/faa8e4f3-40fd-4fb7-bf3e-fb8eb639fb33,ESCO occupations and skills,0.35,source_mapped,not_reviewed,,,,2026.1
CPX-SKL-AUTO-27ED98BB,prepare production prototypes,prepare production prototypes,en,EU,transferable,esco,http://data.europa.eu/esco/skill/e921279a-1a7e-4900-9720-bde93ae3e70e,ESCO occupations and skills,0.35,source_mapped,not_reviewed,,,,2026.1
CPX-SKL-AUTO-EEFF1DED,prepare railway technical studies,prepare railway technical studies,en,EU,transferable,esco,http://data.europa.eu/esco/skill/09276365-d4a2-45d0-a5c6-3b25e306f6d9,ESCO occupations and skills,0.35,source_mapped,not_reviewed,,,,2026.1
CPX-SKL-AUTO-741D5840,prepare subgrade for road pavement,prepare subgrade for road pavement,en,EU,transferable,esco,http://data.europa.eu/esco/skill/c4973029-8a67-42c3-a7a0-09bff8920ce5,ESCO occupations and skills,0.35,source_mapped,not_reviewed,,,,2026.1
CPX-SKL-AUTO-A39B3F68,prepare surveying report,prepare surveying report,en,EU,transferable,esco,http://data.europa.eu/esco/skill/222137dc-9021-4be8-bb7a-29833e02616a,ESCO occupations and skills,0.35,source_mapped,not_reviewed,,,,2026.1
CPX-SKL-AUTO-247ADC43,prepare technical reports,prepare technical reports,en,EU,transferable,esco,http://data.europa.eu/esco/skill/99fc129e-360c-4174-9553-5c666a64a395,ESCO occupations and skills,0.35,source_mapped,not_reviewed,,,,2026.1
CPX-SKL-AUTO-073A34F6,prepare timelines for pipeline development projects,prepare timelines for pipeline development projects,en,EU,transferable,esco,http://data.europa.eu/esco/skill/88547698-700d-41dc-b0c1-515adf63f9bf,ESCO occupations and skills,0.35,source_mapped,not_reviewed,,,,2026.1
CPX-SKL-AUTO-216D3D64,prepare visual data,prepare visual data,en,EU,technical,esco,http://data.europa.eu/esco/skill/c0326e27-5fa8-4dca-aecb-ed89ab491513,ESCO occupations and skills,0.35,source_mapped,not_reviewed,,,,2026.1
CPX-SKL-AUTO-B6796883,present reports,present reports,en,EU,transferable,esco,http://data.europa.eu/esco/skill/d0f2f8a7-d935-4a6d-8e54-dcc3e5e2cbeb,ESCO occupations and skills,0.35,source_mapped,not_reviewed,,,,2026.1
CPX-SKL-AUTO-14F72D18,prevent damage to utility infrastructure,prevent damage to utility infrastructure,en,EU,transferable,esco,http://data.europa.eu/esco/skill/63395522-32f0-46c4-851d-69c2d3800a8a,ESCO occupations and skills,0.35,source_mapped,not_reviewed,,,,2026.1
CPX-SKL-AUTO-BD92DC72,prevent fires on board,prevent fires on board,en,EU,transferable,esco,http://data.europa.eu/esco/skill/1dc4c035-b605-41f2-b985-cd9364c3802e,ESCO occupations and skills,0.35,source_mapped,not_reviewed,,,,2026.1
CPX-SKL-AUTO-454C1FEF,principles of mechanical engineering,principles of mechanical engineering,en,EU,domain_knowledge,esco,http://data.europa.eu/esco/skill/54804209-6aac-4ca4-bf3c-aef4fbe18f8c,ESCO occupations and skills,0.35,source_mapped,not_reviewed,,,,2026.1
CPX-SKL-AUTO-EF6C8C81,printed circuit boards,printed circuit boards,en,EU,domain_knowledge,esco,http://data.europa.eu/esco/skill/6a2bc03b-e30d-429b-9549-5784cb92ae2f,ESCO occupations and skills,0.35,source_mapped,not_reviewed,,,,2026.1
CPX-SKL-AUTO-5F81FAEA,Problem Sensitivity,problem sensitivity,en,US,transferable,onet,onet/skills.csv:13,O*NET database,0.35,source_mapped,not_reviewed,,,,2026.1
CPX-SKL-AUTO-B4EC5AB6,process collected survey data,process collected survey data,en,EU,technical,esco,http://data.europa.eu/esco/skill/6b30644d-bdc5-4bca-b1af-edbf5c6b15ee,ESCO occupations and skills,0.35,source_mapped,not_reviewed,,,,2026.1
CPX-SKL-AUTO-4A2A4DEB,process customer orders,process customer orders,en,EU,transferable,esco,http://data.europa.eu/esco/skill/ec66b111-d8d0-4516-88ba-ee0b6fe6f695,ESCO occupations and skills,0.35,source_mapped,not_reviewed,,,,2026.1
CPX-SKL-AUTO-D734993E,process customer requests based on the REACh Regulation 1907 2006,process customer requests based on the reach regulation 1907 2006,en,EU,transferable,esco,http://data.europa.eu/esco/skill/0d6c9508-1cd6-4cea-98d2-d5fe2f5c6a73,ESCO occupations and skills,0.35,source_mapped,not_reviewed,,,,2026.1
CPX-SKL-AUTO-056270FE,process incoming construction supplies,process incoming construction supplies,en,EU,transferable,esco,http://data.europa.eu/esco/skill/a3e0224a-c952-4b4e-b664-d7186f62715b,ESCO occupations and skills,0.35,source_mapped,not_reviewed,,,,2026.1
CPX-SKL-AUTO-EF6FF02D,procure electrical machinery,procure electrical machinery,en,EU,transferable,esco,http://data.europa.eu/esco/skill/93d49976-acd8-4925-b5d1-7d80e0fd8dc0,ESCO occupations and skills,0.35,source_mapped,not_reviewed,,,,2026.1
CPX-SKL-AUTO-0940A444,product data management,product data management,en,EU,domain_knowledge,esco,http://data.europa.eu/esco/skill/e2d0daae-2aa1-40cc-99e2-b340b02f97d3,ESCO occupations and skills,0.35,source_mapped,not_reviewed,,,,2026.1
CPX-SKL-AUTO-BE5D3BF9,Production and Processing,production and processing,en,US,domain_knowledge,onet,onet/skills.csv:123,O*NET database,0.35,source_mapped,not_reviewed,,,,2026.1
CPX-SKL-AUTO-0CE30C7C,production processes,production processes,en,EU,domain_knowledge,esco,http://data.europa.eu/esco/skill/12c7b323-d870-4f5b-9d7d-d9f525206d77,ESCO occupations and skills,0.35,source_mapped,not_reviewed,,,,2026.1
CPX-SKL-AUTO-1D5BBC3F,program firmware,program firmware,en,EU,project_delivery,esco,http://data.europa.eu/esco/skill/cf200547-25b5-47c8-9eda-bca4aedc13fb,ESCO occupations and skills,0.35,source_mapped,not_reviewed,,,,2026.1
CPX-SKL-AUTO-A0D3D1D2,Programming,programming,en,US,transferable,onet,onet/skills.csv:97,O*NET database,0.35,source_mapped,not_reviewed,,,,2026.1
CPX-SKL-AUTO-AA25BFD8,project management,project management,en,EU,domain_knowledge,esco,http://data.europa.eu/esco/skill/7111b95d-0ce3-441a-9d92-4c75d05c4388,ESCO occupations and skills,0.35,source_mapped,not_reviewed,,,,2026.1
CPX-SKL-AUTO-50E60467,project management principles,project management principles,en,EU,domain_knowledge,esco,http://data.europa.eu/esco/skill/237db40b-4600-47c0-837f-4a2c4f3014ab,ESCO occupations and skills,0.35,source_mapped,not_reviewed,,,,2026.1
CPX-SKL-AUTO-BFE5E548,Prolog (computer programming),prolog computer programming,en,EU,domain_knowledge,esco,http://data.europa.eu/esco/skill/2bde42ae-e776-41c1-9ded-b07b30bfe985,ESCO occupations and skills,0.35,source_mapped,not_reviewed,,,,2026.1
CPX-SKL-AUTO-021C61CC,promote environmental awareness,promote environmental awareness,en,EU,transferable,esco,http://data.europa.eu/esco/skill/8abdc43c-2bfd-417c-97c2-27fcdaf53171,ESCO occupations and skills,0.35,source_mapped,not_reviewed,,,,2026.1
CPX-SKL-AUTO-6FDB5F63,promote innovative infrastructure design,promote innovative infrastructure design,en,EU,transferable,esco,http://data.europa.eu/esco/skill/b251544f-7b92-46d5-8e14-97f59ce1c7dc,ESCO occupations and skills,0.35,source_mapped,not_reviewed,,,,2026.1
CPX-SKL-AUTO-FF7F2BA1,promote public transport,promote public transport,en,EU,transferable,esco,http://data.europa.eu/esco/skill/0c67b0dd-8cbf-43e4-a9d7-0c4c2e7a6236,ESCO occupations and skills,0.35,source_mapped,not_reviewed,,,,2026.1
CPX-SKL-AUTO-427CACBC,promote sustainability,promote sustainability,en,EU,transferable,esco,http://data.europa.eu/esco/skill/469e19ed-a0bd-445a-ae2d-4ba9430e296b,ESCO occupations and skills,0.35,source_mapped,not_reviewed,,,,2026.1
CPX-SKL-AUTO-63D33878,promote sustainable energy,promote sustainable energy,en,EU,transferable,esco,http://data.europa.eu/esco/skill/1a6c7e0d-fc13-41d7-a5c0-8ca00606de89,ESCO occupations and skills,0.35,source_mapped,not_reviewed,,,,2026.1
CPX-SKL-AUTO-44F08C05,provide advice to technicians,provide advice to technicians,en,EU,transferable,esco,http://data.europa.eu/esco/skill/8c474534-707f-46f3-b356-810bbfe8b693,ESCO occupations and skills,0.35,source_mapped,not_reviewed,,,,2026.1
CPX-SKL-AUTO-824246CF,provide improvement strategies,provide improvement strategies,en,EU,transferable,esco,http://data.europa.eu/esco/skill/d4cc5022-7801-4885-bcff-166552788d35,ESCO occupations and skills,0.35,source_mapped,not_reviewed,,,,2026.1
CPX-SKL-AUTO-553DFEE6,provide information on geological characteristics,provide information on geological characteristics,en,EU,transferable,esco,http://data.europa.eu/esco/skill/e02faa7a-9277-4340-aeda-e35bf138320e,ESCO occupations and skills,0.35,source_mapped,not_reviewed,,,,2026.1
CPX-SKL-AUTO-546EEF69,provide information on wind turbines,provide information on wind turbines,en,EU,transferable,esco,http://data.europa.eu/esco/skill/7ff9cce1-6518-48db-8f59-2beb81508fb2,ESCO occupations and skills,0.35,source_mapped,not_reviewed,,,,2026.1
CPX-SKL-AUTO-189AD04A,provide technical documentation,provide technical documentation,en,EU,transferable,esco,http://data.europa.eu/esco/skill/04dfd9fb-e0cf-40f6-96c6-9d2280c4347e,ESCO occupations and skills,0.35,source_mapped,not_reviewed,,,,2026.1
CPX-SKL-AUTO-0BD6497B,provide technical expertise,provide technical expertise,en,EU,transferable,esco,http://data.europa.eu/esco/skill/c69587b4-05d3-45bb-b79b-9b85e6603fc2,ESCO occupations and skills,0.35,source_mapped,not_reviewed,,,,2026.1
CPX-SKL-AUTO-FD7A082E,provide training,provide training,en,EU,transferable,esco,http://data.europa.eu/esco/skill/e7329772-d1bc-4a73-837b-d729290d7af2,ESCO occupations and skills,0.35,source_mapped,not_reviewed,,,,2026.1
CPX-SKL-AUTO-94597C1A,Psychology,psychology,en,US,domain_knowledge,onet,onet/skills.csv:136,O*NET database,0.35,source_mapped,not_reviewed,,,,2026.1
CPX-SKL-AUTO-267D97FD,Psychomotor Abilities,psychomotor abilities,en,US,transferable,onet,onet/skills.csv:33,O*NET database,0.35,source_mapped,not_reviewed,,,,2026.1
CPX-SKL-AUTO-FE3BE470,public law,public law,en,EU,domain_knowledge,esco,http://data.europa.eu/esco/skill/efb523d0-c998-440d-8639-cd14ba841c4c,ESCO occupations and skills,0.35,source_mapped,not_reviewed,,,,2026.1
CPX-SKL-AUTO-1AB650F3,Public Safety and Security,public safety and security,en,US,domain_knowledge,onet,onet/skills.csv:150,O*NET database,0.35,source_mapped,not_reviewed,,,,2026.1
CPX-SKL-AUTO-83D33509,Python (computer programming),python computer programming,en,EU,domain_knowledge,esco,http://data.europa.eu/esco/skill/ccd0a1d9-afda-43d9-b901-96344886e14d,ESCO occupations and skills,0.35,source_mapped,not_reviewed,,,,2026.1
CPX-SKL-AUTO-FBD5DCB4,Quality Control Analysis,quality control analysis,en,US,transferable,onet,onet/skills.csv:103,O*NET database,0.35,source_mapped,not_reviewed,,,,2026.1
CPX-SKL-AUTO-4B1DA3C3,quality of fish products,quality of fish products,en,EU,domain_knowledge,esco,http://data.europa.eu/esco/skill/f2d9677b-ba41-4b02-9db9-b2e05a462830,ESCO occupations and skills,0.35,source_mapped,not_reviewed,,,,2026.1
CPX-SKL-AUTO-8695F01D,quality standards,quality standards,en,EU,domain_knowledge,esco,http://data.europa.eu/esco/skill/8d4271ca-c9fd-40b3-875f-15f78332a49e,ESCO occupations and skills,0.35,source_mapped,not_reviewed,,,,2026.1
CPX-SKL-AUTO-9030E6C1,Quantitative Abilities,quantitative abilities,en,US,transferable,onet,onet/skills.csv:18,O*NET database,0.35,source_mapped,not_reviewed,,,,2026.1
CPX-SKL-AUTO-49E44668,R,r,en,EU,domain_knowledge,esco,http://data.europa.eu/esco/skill/51586df8-1c46-4b47-8583-773cb63bf00b,ESCO occupations and skills,0.35,source_mapped,not_reviewed,,,,2026.1
CPX-SKL-AUTO-E7E96E1F,radars,radars,en,EU,domain_knowledge,esco,http://data.europa.eu/esco/skill/286d0e0d-48e9-4210-b110-b1fbf04c35f1,ESCO occupations and skills,0.35,source_mapped,not_reviewed,,,,2026.1
CPX-SKL-AUTO-95C21AA3,rail construction engineering,rail construction engineering,en,EU,domain_knowledge,esco,http://data.europa.eu/esco/skill/0f040ee7-075c-4986-9a6c-d20f846d69d6,ESCO occupations and skills,0.35,source_mapped,not_reviewed,,,,2026.1
CPX-SKL-AUTO-6E906103,rail design engineering,rail design engineering,en,EU,domain_knowledge,esco,http://data.europa.eu/esco/skill/1fdbb8ac-0f77-4261-b28c-6ff6a46ad096,ESCO occupations and skills,0.35,source_mapped,not_reviewed,,,,2026.1
CPX-SKL-AUTO-9C4561CF,rail infrastructure,rail infrastructure,en,EU,domain_knowledge,esco,http://data.europa.eu/esco/skill/ceb0d9a0-96c6-4334-bcf4-c529e314d1ac,ESCO occupations and skills,0.35,source_mapped,not_reviewed,,,,2026.1
CPX-SKL-AUTO-DBB58236,railway framework legislation,railway framework legislation,en,EU,domain_knowledge,esco,http://data.europa.eu/esco/skill/aaee0ebe-d6f5-4355-8fed-460963306445,ESCO occupations and skills,0.35,source_mapped,not_reviewed,,,,2026.1
CPX-SKL-AUTO-9CECC1F0,Rate Control,rate control,en,US,transferable,onet,onet/skills.csv:42,O*NET database,0.35,source_mapped,not_reviewed,,,,2026.1
CPX-SKL-AUTO-6FF47E3E,react to events in time-critical environments,react to events in time-critical environments,en,EU,transferable,esco,http://data.europa.eu/esco/skill/be7c80ee-0b7a-455c-8928-055cfa65076c,ESCO occupations and skills,0.35,source_mapped,not_reviewed,,,,2026.1
CPX-SKL-AUTO-40609B4B,Reaction Time,reaction time,en,US,transferable,onet,onet/skills.csv:44,O*NET database,0.35,source_mapped,not_reviewed,,,,2026.1
CPX-SKL-AUTO-451E0722,Reaction Time and Speed Abilities,reaction time and speed abilities,en,US,transferable,onet,onet/skills.csv:43,O*NET database,0.35,source_mapped,not_reviewed,,,,2026.1
CPX-SKL-AUTO-44828BCE,read 3D displays,read 3d displays,en,EU,transferable,esco,http://data.europa.eu/esco/skill/768fe91b-ccde-4649-94f3-07be5d8b6be1,ESCO occupations and skills,0.35,source_mapped,not_reviewed,,,,2026.1
CPX-SKL-AUTO-45BD37E4,read engineering drawings,read engineering drawings,en,EU,transferable,esco,http://data.europa.eu/esco/skill/b07daddc-8625-4360-946e-ad2b0e56ebf6,ESCO occupations and skills,0.35,source_mapped,not_reviewed,,,,2026.1
CPX-SKL-AUTO-EDE8287D,read railway circuit plans,read railway circuit plans,en,EU,transferable,esco,http://data.europa.eu/esco/skill/182afdb1-ea05-49c3-9e51-2449c340c1ce,ESCO occupations and skills,0.35,source_mapped,not_reviewed,,,,2026.1
CPX-SKL-AUTO-B257C61C,read standard blueprints,read standard blueprints,en,EU,transferable,esco,http://data.europa.eu/esco/skill/68b6ef08-d823-489d-a95c-752ae6f6e6a7,ESCO occupations and skills,0.35,source_mapped,not_reviewed,,,,2026.1
CPX-SKL-AUTO-E5ECD5C7,Reading Comprehension,reading comprehension,en,US,technical,onet,onet/skills.csv:71,O*NET database,0.35,source_mapped,not_reviewed,,,,2026.1
CPX-SKL-AUTO-A1250330,recognise signs of corrosion,recognise signs of corrosion,en,EU,transferable,esco,http://data.europa.eu/esco/skill/b0279338-ddfa-473d-b961-fa51b1185612,ESCO occupations and skills,0.35,source_mapped,not_reviewed,,,,2026.1
CPX-SKL-AUTO-2374F94A,recognise signs of wood rot,recognise signs of wood rot,en,EU,transferable,esco,http://data.europa.eu/esco/skill/ea062dd7-92fc-4172-adce-a56694fd8214,ESCO occupations and skills,0.35,source_mapped,not_reviewed,,,,2026.1
CPX-SKL-AUTO-8C1CD5DD,recommend product improvements,recommend product improvements,en,EU,transferable,esco,http://data.europa.eu/esco/skill/c0fce59c-e227-4745-945f-95eb2f0bc03e,ESCO occupations and skills,0.35,source_mapped,not_reviewed,,,,2026.1
CPX-SKL-AUTO-33027CCE,record survey measurements,record survey measurements,en,EU,transferable,esco,http://data.europa.eu/esco/skill/120b9b87-3aad-4a42-b5e7-1b146a672038,ESCO occupations and skills,0.35,source_mapped,not_reviewed,,,,2026.1
CPX-SKL-AUTO-959DB502,record test data,record test data,en,EU,technical,esco,http://data.europa.eu/esco/skill/328733a7-6d84-420d-a65c-2a8014fadc60,ESCO occupations and skills,0.35,source_mapped,not_reviewed,,,,2026.1
CPX-SKL-AUTO-AAB80125,recruit employees,recruit employees,en,EU,transferable,esco,http://data.europa.eu/esco/skill/496932f1-0b6b-4f73-9432-d95c7ddcd43b,ESCO occupations and skills,0.35,source_mapped,not_reviewed,,,,2026.1
CPX-SKL-AUTO-16CB42CA,regulate traffic,regulate traffic,en,EU,transferable,esco,http://data.europa.eu/esco/skill/87454307-a3ad-40ce-8024-1aeb7c94f1e3,ESCO occupations and skills,0.35,source_mapped,not_reviewed,,,,2026.1
CPX-SKL-AUTO-F945B106,regulations on substances,regulations on substances,en,EU,domain_knowledge,esco,http://data.europa.eu/esco/skill/d1ec6846-dd8a-4810-8115-474cdf271540,ESCO occupations and skills,0.35,source_mapped,not_reviewed,,,,2026.1
CPX-SKL-AUTO-50AA1896,remove road surface,remove road surface,en,EU,transferable,esco,http://data.europa.eu/esco/skill/059a7a6e-e65e-4127-a421-76817554f97c,ESCO occupations and skills,0.35,source_mapped,not_reviewed,,,,2026.1
CPX-SKL-AUTO-BC39FD06,remove rust from motor vehicles,remove rust from motor vehicles,en,EU,transferable,esco,http://data.europa.eu/esco/skill/9227266e-36c5-4e34-99da-caba3bd44d02,ESCO occupations and skills,0.35,source_mapped,not_reviewed,,,,2026.1
CPX-SKL-AUTO-8A0127E7,render 3D images,render 3d images,en,EU,transferable,esco,http://data.europa.eu/esco/skill/e8171178-9a60-40a6-ad3b-510e10cfebad,ESCO occupations and skills,0.35,source_mapped,not_reviewed,,,,2026.1
CPX-SKL-AUTO-9A57A331,renewable energy technologies,renewable energy technologies,en,EU,domain_knowledge,esco,http://data.europa.eu/esco/skill/f8413360-6114-40de-a276-c59b764b9913,ESCO occupations and skills,0.35,source_mapped,not_reviewed,,,,2026.1
CPX-SKL-AUTO-FBA7AB70,repair engines,repair engines,en,EU,transferable,esco,http://data.europa.eu/esco/skill/1bc7c69b-4292-4592-b854-f48165a06082,ESCO occupations and skills,0.35,source_mapped,not_reviewed,,,,2026.1
CPX-SKL-AUTO-E85B6D05,Repairing,repairing,en,US,transferable,onet,onet/skills.csv:102,O*NET database,0.35,source_mapped,not_reviewed,,,,2026.1
CPX-SKL-AUTO-6FB1597E,report analysis results,report analysis results,en,EU,transferable,esco,http://data.europa.eu/esco/skill/c544a9f3-5945-4b54-afed-de0697852817,ESCO occupations and skills,0.35,source_mapped,not_reviewed,,,,2026.1
CPX-SKL-AUTO-533A5BCA,report on production results,report on production results,en,EU,transferable,esco,http://data.europa.eu/esco/skill/d73cb129-b385-4776-8303-f3f926b2e481,ESCO occupations and skills,0.35,source_mapped,not_reviewed,,,,2026.1
CPX-SKL-AUTO-47B76213,report test findings,report test findings,en,EU,transferable,esco,http://data.europa.eu/esco/skill/561c2525-5bd8-4d86-8f45-820f4be7db93,ESCO occupations and skills,0.35,source_mapped,not_reviewed,,,,2026.1
CPX-SKL-AUTO-A944E90C,Resource Management Skills,resource management skills,en,US,transferable,onet,onet/skills.csv:108,O*NET database,0.35,source_mapped,not_reviewed,,,,2026.1
CPX-SKL-AUTO-DA8F9AD6,Response Orientation,response orientation,en,US,transferable,onet,onet/skills.csv:41,O*NET database,0.35,source_mapped,not_reviewed,,,,2026.1
CPX-SKL-AUTO-C9B467F9,restrict bridge traffic,restrict bridge traffic,en,EU,transferable,esco,http://data.europa.eu/esco/skill/b4292366-9d25-48c5-9775-60f2bf56b5fd,ESCO occupations and skills,0.35,source_mapped,not_reviewed,,,,2026.1
CPX-SKL-AUTO-DD032DA9,risk management,risk management,en,EU,domain_knowledge,esco,http://data.europa.eu/esco/skill/6eff134b-e34f-4d6e-a6e8-5e47cf2228d0,ESCO occupations and skills,0.35,source_mapped,not_reviewed,,,,2026.1
CPX-SKL-AUTO-90B25506,risks associated with undertaking fishing operations,risks associated with undertaking fishing operations,en,EU,domain_knowledge,esco,http://data.europa.eu/esco/skill/e8d7608d-0d95-461d-b8b1-7be4757087df,ESCO occupations and skills,0.35,source_mapped,not_reviewed,,,,2026.1
CPX-SKL-AUTO-99A27A44,road traffic laws,road traffic laws,en,EU,domain_knowledge,esco,http://data.europa.eu/esco/skill/48f480aa-c9a8-4552-b1c5-e94330912257,ESCO occupations and skills,0.35,source_mapped,not_reviewed,,,,2026.1
CPX-SKL-AUTO-6A5DD82E,robotic components,robotic components,en,EU,domain_knowledge,esco,http://data.europa.eu/esco/skill/7a950986-27fe-4b6c-adf3-88f211e77019,ESCO occupations and skills,0.35,source_mapped,not_reviewed,,,,2026.1
CPX-SKL-AUTO-0969BBF7,robotics,robotics,en,EU,domain_knowledge,esco,http://data.europa.eu/esco/skill/e87ec79a-c9ff-46f5-84fa-7a0f394cdf40,ESCO occupations and skills,0.35,source_mapped,not_reviewed,,,,2026.1
CPX-SKL-AUTO-EC70200E,Ruby (computer programming),ruby computer programming,en,EU,domain_knowledge,esco,http://data.europa.eu/esco/skill/0ccdfe98-f845-4598-84a1-3dca66e9d9a3,ESCO occupations and skills,0.35,source_mapped,not_reviewed,,,,2026.1
CPX-SKL-AUTO-BDC2E760,run preventive simulations,run preventive simulations,en,EU,transferable,esco,http://data.europa.eu/esco/skill/bb664ebf-2e54-4a88-ab97-158c3d321af9,ESCO occupations and skills,0.35,source_mapped,not_reviewed,,,,2026.1
CPX-SKL-AUTO-A0B5EAE5,run simulations,run simulations,en,EU,transferable,esco,http://data.europa.eu/esco/skill/a432ffcd-b58d-4417-836c-ea3282b626ca,ESCO occupations and skills,0.35,source_mapped,not_reviewed,,,,2026.1
CPX-SKL-AUTO-57FE72D9,Sales and Marketing,sales and marketing,en,US,domain_knowledge,onet,onet/skills.csv:118,O*NET database,0.35,source_mapped,not_reviewed,,,,2026.1
CPX-SKL-AUTO-6AEB9ACD,SAP R3,sap r3,en,EU,domain_knowledge,esco,http://data.europa.eu/esco/skill/bb99af26-71ff-4dca-bde7-1eb1f6194426,ESCO occupations and skills,0.35,source_mapped,not_reviewed,,,,2026.1
CPX-SKL-AUTO-94239DBE,SAS language,sas language,en,EU,domain_knowledge,esco,http://data.europa.eu/esco/skill/04f1b938-d4d4-4cb1-a863-982af76b9d93,ESCO occupations and skills,0.35,source_mapped,not_reviewed,,,,2026.1
CPX-SKL-AUTO-5632F3DE,Scala,scala,en,EU,domain_knowledge,esco,http://data.europa.eu/esco/skill/ffddfc7c-a9dd-449f-9e96-882dc447c8b6,ESCO occupations and skills,0.35,source_mapped,not_reviewed,,,,2026.1
CPX-SKL-AUTO-1723287C,Science,science,en,US,technical,onet,onet/skills.csv:76,O*NET database,0.35,source_mapped,not_reviewed,,,,2026.1
CPX-SKL-AUTO-0FE93BD2,scientific research methodology,scientific research methodology,en,EU,domain_knowledge,esco,http://data.europa.eu/esco/skill/ed3f3dba-3a35-4ed5-b113-67f4d10ef4c8,ESCO occupations and skills,0.35,source_mapped,not_reviewed,,,,2026.1
CPX-SKL-AUTO-6177AB53,Scratch (computer programming),scratch computer programming,en,EU,domain_knowledge,esco,http://data.europa.eu/esco/skill/d56fc2b5-4b0a-4e7e-9bde-a33736f6ff18,ESCO occupations and skills,0.35,source_mapped,not_reviewed,,,,2026.1
CPX-SKL-AUTO-CB33A6BF,Selective Attention,selective attention,en,US,transferable,onet,onet/skills.csv:31,O*NET database,0.35,source_mapped,not_reviewed,,,,2026.1
CPX-SKL-AUTO-99E1469A,semiconductors,semiconductors,en,EU,domain_knowledge,esco,http://data.europa.eu/esco/skill/e5e17773-3a63-40c5-99e4-10e036cf7b99,ESCO occupations and skills,0.35,source_mapped,not_reviewed,,,,2026.1
CPX-SKL-AUTO-63FA6956,sensors,sensors,en,EU,domain_knowledge,esco,http://data.europa.eu/esco/skill/70a7b3b3-31ef-4b29-a30f-bb7299dff39b,ESCO occupations and skills,0.35,source_mapped,not_reviewed,,,,2026.1
CPX-SKL-AUTO-23FCC1EF,Sensory Abilities,sensory abilities,en,US,transferable,onet,onet/skills.csv:57,O*NET database,0.35,source_mapped,not_reviewed,,,,2026.1
CPX-SKL-AUTO-C1D0734E,Service Orientation,service orientation,en,US,transferable,onet,onet/skills.csv:89,O*NET database,0.35,source_mapped,not_reviewed,,,,2026.1
CPX-SKL-AUTO-77C8FC1F,set management priorities in pipeline networks,set management priorities in pipeline networks,en,EU,transferable,esco,http://data.europa.eu/esco/skill/2e6379be-59ad-414a-8d81-68102b6b77b1,ESCO occupations and skills,0.35,source_mapped,not_reviewed,,,,2026.1
CPX-SKL-AUTO-7DE32953,set up temporary construction site infrastructure,set up temporary construction site infrastructure,en,EU,transferable,esco,http://data.europa.eu/esco/skill/ef2adfe8-d7a5-465d-bbe6-8f9e913ae7ed,ESCO occupations and skills,0.35,source_mapped,not_reviewed,,,,2026.1
CPX-SKL-AUTO-2A224924,ship related legislative requirements,ship related legislative requirements,en,EU,domain_knowledge,esco,http://data.europa.eu/esco/skill/0b4f100c-813d-4eec-8aa5-4227bb98c635,ESCO occupations and skills,0.35,source_mapped,not_reviewed,,,,2026.1
CPX-SKL-AUTO-DCA6C688,simulate transport problems,simulate transport problems,en,EU,transferable,esco,http://data.europa.eu/esco/skill/82394321-7f35-4a29-b2fa-4a58f66258f5,ESCO occupations and skills,0.35,source_mapped,not_reviewed,,,,2026.1
CPX-SKL-AUTO-82B64530,Smalltalk (computer programming),smalltalk computer programming,en,EU,domain_knowledge,esco,http://data.europa.eu/esco/skill/42ed3bfb-1a01-4c8b-9758-fc6438865734,ESCO occupations and skills,0.35,source_mapped,not_reviewed,,,,2026.1
CPX-SKL-AUTO-95EBD1BD,Social Perceptiveness,social perceptiveness,en,US,transferable,onet,onet/skills.csv:84,O*NET database,0.35,source_mapped,not_reviewed,,,,2026.1
CPX-SKL-AUTO-8EBBE447,Social Skills,social skills,en,US,transferable,onet,onet/skills.csv:83,O*NET database,0.35,source_mapped,not_reviewed,,,,2026.1
CPX-SKL-AUTO-E15E0AC1,Sociology and Anthropology,sociology and anthropology,en,US,domain_knowledge,onet,onet/skills.csv:137,O*NET database,0.35,source_mapped,not_reviewed,,,,2026.1
CPX-SKL-AUTO-DC815371,soil science,soil science,en,EU,domain_knowledge,esco,http://data.europa.eu/esco/skill/91a6da8d-24dc-4453-9821-de305864677c,ESCO occupations and skills,0.35,source_mapped,not_reviewed,,,,2026.1
CPX-SKL-AUTO-E13154B7,solar energy,solar energy,en,EU,domain_knowledge,esco,http://data.europa.eu/esco/skill/05e5e14f-ffa6-4106-b311-c6335ccc2bd2,ESCO occupations and skills,0.35,source_mapped,not_reviewed,,,,2026.1
CPX-SKL-AUTO-5D643581,solder electronics,solder electronics,en,EU,transferable,esco,http://data.europa.eu/esco/skill/26ed52cf-30ca-451e-9699-a6c04a30649f,ESCO occupations and skills,0.35,source_mapped,not_reviewed,,,,2026.1
CPX-SKL-AUTO-432C5A6A,solve ICT system problems,solve ict system problems,en,EU,transferable,esco,http://data.europa.eu/esco/skill/9e06bac6-6b91-48ca-8b7d-c1f48cdecd7c,ESCO occupations and skills,0.35,source_mapped,not_reviewed,,,,2026.1
CPX-SKL-AUTO-48B178F1,Spatial Abilities,spatial abilities,en,US,transferable,onet,onet/skills.csv:27,O*NET database,0.35,source_mapped,not_reviewed,,,,2026.1
CPX-SKL-AUTO-2626F3A4,Spatial Orientation,spatial orientation,en,US,transferable,onet,onet/skills.csv:28,O*NET database,0.35,source_mapped,not_reviewed,,,,2026.1
CPX-SKL-AUTO-D9EE1594,Speaking,speaking,en,US,technical,onet,onet/skills.csv:74,O*NET database,0.35,source_mapped,not_reviewed,,,,2026.1
CPX-SKL-AUTO-DD3C76B8,Speech Clarity,speech clarity,en,US,transferable,onet,onet/skills.csv:67,O*NET database,0.35,source_mapped,not_reviewed,,,,2026.1
CPX-SKL-AUTO-ABBA0008,Speech Recognition,speech recognition,en,US,transferable,onet,onet/skills.csv:66,O*NET database,0.35,source_mapped,not_reviewed,,,,2026.1
CPX-SKL-AUTO-4C323985,Speed of Closure,speed of closure,en,US,transferable,onet,onet/skills.csv:24,O*NET database,0.35,source_mapped,not_reviewed,,,,2026.1
CPX-SKL-AUTO-C3A5C9D7,Stamina,stamina,en,US,transferable,onet,onet/skills.csv:52,O*NET database,0.35,source_mapped,not_reviewed,,,,2026.1
CPX-SKL-AUTO-0BC2C23E,Static Strength,static strength,en,US,transferable,onet,onet/skills.csv:48,O*NET database,0.35,source_mapped,not_reviewed,,,,2026.1
CPX-SKL-AUTO-2F6D5183,statistical analysis system software,statistical analysis system software,en,EU,domain_knowledge,esco,http://data.europa.eu/esco/skill/ad59afe4-6f8a-4bc4-acfd-0f228277508a,ESCO occupations and skills,0.35,source_mapped,not_reviewed,,,,2026.1
CPX-SKL-AUTO-A21B8983,statistics,statistics,en,EU,domain_knowledge,esco,http://data.europa.eu/esco/skill/7ee4c2ea-b349-4bd2-81a3-ec31475d4833,ESCO occupations and skills,0.35,source_mapped,not_reviewed,,,,2026.1
CPX-SKL-AUTO-8D0D91A2,strive for company growth,strive for company growth,en,EU,transferable,esco,http://data.europa.eu/esco/skill/2a2fa8e8-aaf3-4abf-a60b-af6415f1c6d4,ESCO occupations and skills,0.35,source_mapped,not_reviewed,,,,2026.1
CPX-SKL-AUTO-4E97DFD7,study aerial photos,study aerial photos,en,EU,transferable,esco,http://data.europa.eu/esco/skill/7c3a172a-4c14-4a32-b4d7-bfc9913f9e25,ESCO occupations and skills,0.35,source_mapped,not_reviewed,,,,2026.1
CPX-SKL-AUTO-BE9FAE55,study traffic flow,study traffic flow,en,EU,transferable,esco,http://data.europa.eu/esco/skill/969caeb0-cfc5-42aa-9c44-0ca3c09305fe,ESCO occupations and skills,0.35,source_mapped,not_reviewed,,,,2026.1
CPX-SKL-AUTO-94B7AE2E,supervise laboratory operations,supervise laboratory operations,en,EU,transferable,esco,http://data.europa.eu/esco/skill/93261e82-8ffe-4a8b-b8b0-02265edbf562,ESCO occupations and skills,0.35,source_mapped,not_reviewed,,,,2026.1
CPX-SKL-AUTO-729B70AB,supervise maintenance activities in airports,supervise maintenance activities in airports,en,EU,transferable,esco,http://data.europa.eu/esco/skill/a1b4aa8d-65c1-4bd6-b062-cdaa663b577c,ESCO occupations and skills,0.35,source_mapped,not_reviewed,,,,2026.1
CPX-SKL-AUTO-7CF19E65,supervise sewerage systems construction,supervise sewerage systems construction,en,EU,transferable,esco,http://data.europa.eu/esco/skill/d6af2e83-6f95-4882-9774-af91ed59d4a6,ESCO occupations and skills,0.35,source_mapped,not_reviewed,,,,2026.1
CPX-SKL-AUTO-87CE8557,supervise staff,supervise staff,en,EU,transferable,esco,http://data.europa.eu/esco/skill/9601b2a8-68e4-4906-9306-a23679b8f0b0,ESCO occupations and skills,0.35,source_mapped,not_reviewed,,,,2026.1
CPX-SKL-AUTO-CA0ABA50,supervise waste disposal,supervise waste disposal,en,EU,transferable,esco,http://data.europa.eu/esco/skill/2a2e85d7-75cc-40b4-8a34-82277d72eb84,ESCO occupations and skills,0.35,source_mapped,not_reviewed,,,,2026.1
CPX-SKL-AUTO-6D8C4162,supervise waste water treatments,supervise waste water treatments,en,EU,transferable,esco,http://data.europa.eu/esco/skill/fcc29203-1f8d-4c54-90ee-78cb18467695,ESCO occupations and skills,0.35,source_mapped,not_reviewed,,,,2026.1
CPX-SKL-AUTO-2A53FE72,supply chain management,supply chain management,en,EU,domain_knowledge,esco,http://data.europa.eu/esco/skill/f929c89e-c363-4132-a918-e021d57b307c,ESCO occupations and skills,0.35,source_mapped,not_reviewed,,,,2026.1
CPX-SKL-AUTO-AEDDE0A3,survey sites for pipeline installation,survey sites for pipeline installation,en,EU,transferable,esco,http://data.europa.eu/esco/skill/11bebcd3-ad55-42b9-b9af-4c7cd7953e3f,ESCO occupations and skills,0.35,source_mapped,not_reviewed,,,,2026.1
CPX-SKL-AUTO-9D3EC878,survey techniques,survey techniques,en,EU,domain_knowledge,esco,http://data.europa.eu/esco/skill/5b6fb4d6-582e-4187-9f17-f6e582f8714f,ESCO occupations and skills,0.35,source_mapped,not_reviewed,,,,2026.1
CPX-SKL-AUTO-4ABD26E9,surveying,surveying,en,EU,domain_knowledge,esco,http://data.europa.eu/esco/skill/1cca610d-2afc-44a7-97fc-f2262fb5fc75,ESCO occupations and skills,0.35,source_mapped,not_reviewed,,,,2026.1
CPX-SKL-AUTO-86244057,surveying methods,surveying methods,en,EU,domain_knowledge,esco,http://data.europa.eu/esco/skill/67785eab-0818-41f9-9756-a8e0a215b95b,ESCO occupations and skills,0.35,source_mapped,not_reviewed,,,,2026.1
CPX-SKL-AUTO-DBED925D,survive at sea in the event of ship abandonment,survive at sea in the event of ship abandonment,en,EU,transferable,esco,http://data.europa.eu/esco/skill/9926889a-7074-4e37-acce-1271fe6c5a6f,ESCO occupations and skills,0.35,source_mapped,not_reviewed,,,,2026.1
CPX-SKL-AUTO-F3FF8851,Swift (computer programming),swift computer programming,en,EU,domain_knowledge,esco,http://data.europa.eu/esco/skill/be80acfc-b6f2-4411-9b8d-b19d9cd2556a,ESCO occupations and skills,0.35,source_mapped,not_reviewed,,,,2026.1
CPX-SKL-AUTO-478B3389,Systems Analysis,systems analysis,en,US,transferable,onet,onet/skills.csv:106,O*NET database,0.35,source_mapped,not_reviewed,,,,2026.1
CPX-SKL-AUTO-6A35ABA1,Systems Evaluation,systems evaluation,en,US,transferable,onet,onet/skills.csv:107,O*NET database,0.35,source_mapped,not_reviewed,,,,2026.1
CPX-SKL-AUTO-FB9548FF,Systems Skills,systems skills,en,US,transferable,onet,onet/skills.csv:104,O*NET database,0.35,source_mapped,not_reviewed,,,,2026.1
CPX-SKL-AUTO-E470E871,technical drawings,technical drawings,en,EU,domain_knowledge,esco,http://data.europa.eu/esco/skill/59ea80e1-463a-4dba-82c6-d0b6d577d532,ESCO occupations and skills,0.35,source_mapped,not_reviewed,,,,2026.1
CPX-SKL-AUTO-FAE93037,Technical Skills,technical skills,en,US,transferable,onet,onet/skills.csv:92,O*NET database,0.35,source_mapped,not_reviewed,,,,2026.1
CPX-SKL-AUTO-4368D578,Technology Design,technology design,en,US,transferable,onet,onet/skills.csv:94,O*NET database,0.35,source_mapped,not_reviewed,,,,2026.1
CPX-SKL-AUTO-0E015E52,Telecommunications,telecommunications,en,US,domain_knowledge,onet,onet/skills.csv:153,O*NET database,0.35,source_mapped,not_reviewed,,,,2026.1
CPX-SKL-AUTO-227982E3,test concrete,test concrete,en,EU,transferable,esco,http://data.europa.eu/esco/skill/ebf40cf9-5c98-4d84-9f01-b7ca74e90682,ESCO occupations and skills,0.35,source_mapped,not_reviewed,,,,2026.1
CPX-SKL-AUTO-7B7AEF32,test electromechanical systems,test electromechanical systems,en,EU,transferable,esco,http://data.europa.eu/esco/skill/4babe92a-68a1-4718-b1ab-640735c2cd53,ESCO occupations and skills,0.35,source_mapped,not_reviewed,,,,2026.1
CPX-SKL-AUTO-6597191C,test electronic units,test electronic units,en,EU,transferable,esco,http://data.europa.eu/esco/skill/baf501a8-f0fe-4ad7-9b69-8e920fa1a87b,ESCO occupations and skills,0.35,source_mapped,not_reviewed,,,,2026.1
CPX-SKL-AUTO-57B8D6DB,test ground system performance,test ground system performance,en,EU,transferable,esco,http://data.europa.eu/esco/skill/40802f0d-d400-404c-bc26-f9ba4eb6195a,ESCO occupations and skills,0.35,source_mapped,not_reviewed,,,,2026.1
CPX-SKL-AUTO-80C8C91B,test hardware,test hardware,en,EU,transferable,esco,http://data.europa.eu/esco/skill/52b38e90-3d05-4042-a9e2-d19dec8dd7c1,ESCO occupations and skills,0.35,source_mapped,not_reviewed,,,,2026.1
CPX-SKL-AUTO-077C58F7,test microelectromechanical systems,test microelectromechanical systems,en,EU,transferable,esco,http://data.europa.eu/esco/skill/23236dce-adc6-47bc-91e2-6701a93ece58,ESCO occupations and skills,0.35,source_mapped,not_reviewed,,,,2026.1
CPX-SKL-AUTO-08C04917,test microelectronics,test microelectronics,en,EU,transferable,esco,http://data.europa.eu/esco/skill/7957b5f9-1f33-4ff8-84e9-e258b17882c2,ESCO occupations and skills,0.35,source_mapped,not_reviewed,,,,2026.1
CPX-SKL-AUTO-D191EDF5,test raw minerals,test raw minerals,en,EU,transferable,esco,http://data.europa.eu/esco/skill/db9f6f5d-2177-4c49-bf97-8eb462536665,ESCO occupations and skills,0.35,source_mapped,not_reviewed,,,,2026.1
CPX-SKL-AUTO-83A7E9C5,test sensors,test sensors,en,EU,transferable,esco,http://data.europa.eu/esco/skill/6e34b68e-0d61-49f2-bc4d-571c0326d857,ESCO occupations and skills,0.35,source_mapped,not_reviewed,,,,2026.1
CPX-SKL-AUTO-7D034EC4,Therapy and Counseling,therapy and counseling,en,US,domain_knowledge,onet,onet/skills.csv:141,O*NET database,0.35,source_mapped,not_reviewed,,,,2026.1
CPX-SKL-AUTO-D5750072,thermodynamics,thermodynamics,en,EU,domain_knowledge,esco,http://data.europa.eu/esco/skill/857e8624-4db0-4725-a758-5914bd8cc350,ESCO occupations and skills,0.35,source_mapped,not_reviewed,,,,2026.1
CPX-SKL-AUTO-2F66ED38,think analytically,think analytically,en,EU,transferable,esco,http://data.europa.eu/esco/skill/4707da90-9cfc-46ca-8de0-38a0b7bfb137,ESCO occupations and skills,0.35,source_mapped,not_reviewed,,,,2026.1
CPX-SKL-AUTO-1DF7C69C,Time Management,time management,en,US,transferable,onet,onet/skills.csv:109,O*NET database,0.35,source_mapped,not_reviewed,,,,2026.1
CPX-SKL-AUTO-25D306DF,Time Sharing,time sharing,en,US,transferable,onet,onet/skills.csv:32,O*NET database,0.35,source_mapped,not_reviewed,,,,2026.1
CPX-SKL-AUTO-183F3A28,topography,topography,en,EU,domain_knowledge,esco,http://data.europa.eu/esco/skill/790a335b-2005-4b8a-b6fe-47ff7701ebb7,ESCO occupations and skills,0.35,source_mapped,not_reviewed,,,,2026.1
CPX-SKL-AUTO-61F7D83B,traffic engineering,traffic engineering,en,EU,domain_knowledge,esco,http://data.europa.eu/esco/skill/dda26251-7331-41fd-871f-1106ca468189,ESCO occupations and skills,0.35,source_mapped,not_reviewed,,,,2026.1
CPX-SKL-AUTO-183D026F,train employees,train employees,en,EU,transferable,esco,http://data.europa.eu/esco/skill/e54ff029-1ce9-447d-a5b2-eb7283a23e6e,ESCO occupations and skills,0.35,source_mapped,not_reviewed,,,,2026.1
CPX-SKL-AUTO-C8D98075,train routes,train routes,en,EU,domain_knowledge,esco,http://data.europa.eu/esco/skill/f167af5e-096a-4ffd-8340-8306399823a3,ESCO occupations and skills,0.35,source_mapped,not_reviewed,,,,2026.1
CPX-SKL-AUTO-6120613D,!Trak-it Solutions !Trak-it HR,trak-it solutions trak-it hr,en,US,tool,onet,onet/skills.csv:210,O*NET database,0.35,source_mapped,not_reviewed,,,,2026.1
CPX-SKL-AUTO-15DA0D24,Transferable Skills,transferable skills,en,US,transferable,onet,onet/skills.csv:82,O*NET database,0.35,source_mapped,not_reviewed,,,,2026.1
CPX-SKL-AUTO-0ACD7FB4,transmission technology,transmission technology,en,EU,domain_knowledge,esco,http://data.europa.eu/esco/skill/71f81e1a-e2ca-48d6-b7b8-7a34c56c51f8,ESCO occupations and skills,0.35,source_mapped,not_reviewed,,,,2026.1
CPX-SKL-AUTO-6E20DB4D,transport construction supplies,transport construction supplies,en,EU,transferable,esco,http://data.europa.eu/esco/skill/4af56376-7b2f-4ced-ac58-0c3967bd1e83,ESCO occupations and skills,0.35,source_mapped,not_reviewed,,,,2026.1
CPX-SKL-AUTO-632C8F97,Transportation,transportation,en,US,domain_knowledge,onet,onet/skills.csv:121,O*NET database,0.35,source_mapped,not_reviewed,,,,2026.1
CPX-SKL-AUTO-FD4864F4,transportation engineering,transportation engineering,en,EU,domain_knowledge,esco,http://data.europa.eu/esco/skill/ec410a76-f890-4012-8863-b82f2c75527c,ESCO occupations and skills,0.35,source_mapped,not_reviewed,,,,2026.1
CPX-SKL-AUTO-0157CCD9,transportation methods,transportation methods,en,EU,domain_knowledge,esco,http://data.europa.eu/esco/skill/73de691d-d112-444b-a99f-606888fa9414,ESCO occupations and skills,0.35,source_mapped,not_reviewed,,,,2026.1
CPX-SKL-AUTO-BC270433,troubleshoot,troubleshoot,en,EU,transferable,esco,http://data.europa.eu/esco/skill/334e3e49-fb02-4051-809a-f06adfdc1c40,ESCO occupations and skills,0.35,source_mapped,not_reviewed,,,,2026.1
CPX-SKL-AUTO-8CE5CD83,Troubleshooting,troubleshooting,en,US,transferable,onet,onet/skills.csv:101,O*NET database,0.35,source_mapped,not_reviewed,,,,2026.1
CPX-SKL-AUTO-77877106,Trunk Strength,trunk strength,en,US,transferable,onet,onet/skills.csv:50,O*NET database,0.35,source_mapped,not_reviewed,,,,2026.1
CPX-SKL-AUTO-52D184BE,types of asphalt coverings,types of asphalt coverings,en,EU,domain_knowledge,esco,http://data.europa.eu/esco/skill/3ba70459-7849-423f-a51e-e2290724b75b,ESCO occupations and skills,0.35,source_mapped,not_reviewed,,,,2026.1
CPX-SKL-AUTO-0408DD49,types of electronics,types of electronics,en,EU,domain_knowledge,esco,http://data.europa.eu/esco/skill/52838a25-11f5-4cb1-b4ab-c5c7d59041e8,ESCO occupations and skills,0.35,source_mapped,not_reviewed,,,,2026.1
CPX-SKL-AUTO-AE0F3FE2,types of pipelines,types of pipelines,en,EU,domain_knowledge,esco,http://data.europa.eu/esco/skill/c1d7a6df-92e8-4b2f-9259-e04dd7242be3,ESCO occupations and skills,0.35,source_mapped,not_reviewed,,,,2026.1
CPX-SKL-AUTO-867C2031,types of wind turbines,types of wind turbines,en,EU,domain_knowledge,esco,http://data.europa.eu/esco/skill/6853886b-ebc5-4b91-98af-9a4ecca803bd,ESCO occupations and skills,0.35,source_mapped,not_reviewed,,,,2026.1
CPX-SKL-AUTO-F17D0712,types of wood,types of wood,en,EU,domain_knowledge,esco,http://data.europa.eu/esco/skill/cf2005ee-c788-4283-81d9-b443dfdf2c2e,ESCO occupations and skills,0.35,source_mapped,not_reviewed,,,,2026.1
CPX-SKL-AUTO-D2B4C318,TypeScript,typescript,en,EU,domain_knowledge,esco,http://data.europa.eu/esco/skill/867137fb-ff1b-4ca3-99f3-cb6969aa2c68,ESCO occupations and skills,0.35,source_mapped,not_reviewed,,,,2026.1
CPX-SKL-AUTO-E2348734,urban planning,urban planning,en,EU,domain_knowledge,esco,http://data.europa.eu/esco/skill/7f18039d-dfae-471b-9daa-507f6b2d2842,ESCO occupations and skills,0.35,source_mapped,not_reviewed,,,,2026.1
CPX-SKL-AUTO-9BF7F092,urban planning law,urban planning law,en,EU,domain_knowledge,esco,http://data.europa.eu/esco/skill/1f632076-fd9b-4b18-a9a2-b59a59181d3e,ESCO occupations and skills,0.35,source_mapped,not_reviewed,,,,2026.1
CPX-SKL-AUTO-0F91113D,use a computer,use a computer,en,EU,transferable,esco,http://data.europa.eu/esco/skill/1007aa13-9f18-4bcf-96f3-e108c40baf69,ESCO occupations and skills,0.35,source_mapped,not_reviewed,,,,2026.1
CPX-SKL-AUTO-052B962E,use CAD software,use cad software,en,EU,technical,esco,http://data.europa.eu/esco/skill/b34e2ba1-9080-48c9-9b42-ee9192a4d3f1,ESCO occupations and skills,0.35,source_mapped,not_reviewed,,,,2026.1
CPX-SKL-AUTO-8F67D96C,use CAE software,use cae software,en,EU,technical,esco,http://data.europa.eu/esco/skill/9ab0a456-e4f6-4070-a360-46e1009b6c0d,ESCO occupations and skills,0.35,source_mapped,not_reviewed,,,,2026.1
CPX-SKL-AUTO-B83CDA08,use CAM software,use cam software,en,EU,technical,esco,http://data.europa.eu/esco/skill/7a757fa5-9a6f-43ab-9e66-f8f4dba1ffcb,ESCO occupations and skills,0.35,source_mapped,not_reviewed,,,,2026.1
CPX-SKL-AUTO-9918DFB6,use computer-aided engineering systems,use computer-aided engineering systems,en,EU,transferable,esco,http://data.europa.eu/esco/skill/3c6fe585-7d12-4315-b579-e30c042088ce,ESCO occupations and skills,0.35,source_mapped,not_reviewed,,,,2026.1
CPX-SKL-AUTO-F5A252C7,use computerised maintenance management systems,use computerised maintenance management systems,en,EU,transferable,esco,http://data.europa.eu/esco/skill/a28df07f-976c-4eb4-b29a-06161af39756,ESCO occupations and skills,0.35,source_mapped,not_reviewed,,,,2026.1
CPX-SKL-AUTO-DA580D49,use consulting techniques,use consulting techniques,en,EU,transferable,esco,http://data.europa.eu/esco/skill/414332e4-8347-4771-b947-65bd3801a620,ESCO occupations and skills,0.35,source_mapped,not_reviewed,,,,2026.1
CPX-SKL-AUTO-1AFBD2E9,use diagnostic tools for electronic repairs,use diagnostic tools for electronic repairs,en,EU,transferable,esco,http://data.europa.eu/esco/skill/429f440f-9dc4-48d3-80ae-e58fce165cca,ESCO occupations and skills,0.35,source_mapped,not_reviewed,,,,2026.1
CPX-SKL-AUTO-BE0AACB6,use different communication channels,use different communication channels,en,EU,transferable,esco,http://data.europa.eu/esco/skill/415abd43-e8e5-4643-b5da-5f11307af57a,ESCO occupations and skills,0.35,source_mapped,not_reviewed,,,,2026.1
CPX-SKL-AUTO-7FEEC36F,use geographic information systems,use geographic information systems,en,EU,transferable,esco,http://data.europa.eu/esco/skill/440f64e5-e66c-45ee-bc29-53c14a2ad720,ESCO occupations and skills,0.35,source_mapped,not_reviewed,,,,2026.1
CPX-SKL-AUTO-FDFD0728,use ICT equipment in maintenance activities,use ict equipment in maintenance activities,en,EU,transferable,esco,http://data.europa.eu/esco/skill/d503a629-9ac7-475f-8fd9-4cdcc14711cd,ESCO occupations and skills,0.35,source_mapped,not_reviewed,,,,2026.1
CPX-SKL-AUTO-5644E61F,use maritime English,use maritime english,en,EU,transferable,esco,http://data.europa.eu/esco/skill/adc76417-47f8-4f3d-8037-3c5c5ce9d9b2,ESCO occupations and skills,0.35,source_mapped,not_reviewed,,,,2026.1
CPX-SKL-AUTO-E32B64DB,use methods of logistical data analysis,use methods of logistical data analysis,en,EU,technical,esco,http://data.europa.eu/esco/skill/6f993130-082b-4732-b62f-52cdf2096ad9,ESCO occupations and skills,0.35,source_mapped,not_reviewed,,,,2026.1
CPX-SKL-AUTO-9732E449,use mine planning software,use mine planning software,en,EU,project_delivery,esco,http://data.europa.eu/esco/skill/a4ec696c-ac73-4bd5-8a3c-09a783cf3944,ESCO occupations and skills,0.35,source_mapped,not_reviewed,,,,2026.1
CPX-SKL-AUTO-11564E33,use non-destructive testing equipment,use non-destructive testing equipment,en,EU,transferable,esco,http://data.europa.eu/esco/skill/8d6a9e62-1e89-49df-8147-680081ce5315,ESCO occupations and skills,0.35,source_mapped,not_reviewed,,,,2026.1
CPX-SKL-AUTO-59549FFD,use personal protection equipment,use personal protection equipment,en,EU,transferable,esco,http://data.europa.eu/esco/skill/51754b8a-3e2c-4cc1-86e6-cf510d9c6fe4,ESCO occupations and skills,0.35,source_mapped,not_reviewed,,,,2026.1
CPX-SKL-AUTO-CB01B914,use power tools,use power tools,en,EU,transferable,esco,http://data.europa.eu/esco/skill/5bf7f85a-b080-4b27-8ddc-9f62af4643f5,ESCO occupations and skills,0.35,source_mapped,not_reviewed,,,,2026.1
CPX-SKL-AUTO-1324BECE,use precision tools,use precision tools,en,EU,transferable,esco,http://data.europa.eu/esco/skill/a99c6783-50c0-4f7a-99df-bf93429ef6dc,ESCO occupations and skills,0.35,source_mapped,not_reviewed,,,,2026.1
CPX-SKL-AUTO-F2885F17,use safety equipment in construction,use safety equipment in construction,en,EU,regulatory,esco,http://data.europa.eu/esco/skill/c643e59b-d74c-4f44-b76e-6e1d96c05ec4,ESCO occupations and skills,0.35,source_mapped,not_reviewed,,,,2026.1
CPX-SKL-AUTO-87617883,use technical documentation,use technical documentation,en,EU,transferable,esco,http://data.europa.eu/esco/skill/cffc3e97-e942-4b13-a2f3-0bf4910c06d3,ESCO occupations and skills,0.35,source_mapped,not_reviewed,,,,2026.1
CPX-SKL-AUTO-0FBF48C0,use technical drawing software,use technical drawing software,en,EU,technical,esco,http://data.europa.eu/esco/skill/541561bc-510c-4a99-881c-2d8bf5a85462,ESCO occupations and skills,0.35,source_mapped,not_reviewed,,,,2026.1
CPX-SKL-AUTO-CFC4C6AB,use testing equipment,use testing equipment,en,EU,transferable,esco,http://data.europa.eu/esco/skill/74374d09-7a54-4a05-ae78-d5940423de7c,ESCO occupations and skills,0.35,source_mapped,not_reviewed,,,,2026.1
CPX-SKL-AUTO-22A7BF61,use tools for construction and repair,use tools for construction and repair,en,EU,transferable,esco,http://data.europa.eu/esco/skill/cbc24ea1-8f53-4211-96d4-2c682d018b8a,ESCO occupations and skills,0.35,source_mapped,not_reviewed,,,,2026.1
CPX-SKL-AUTO-A7B0C059,use water disinfection equipment,use water disinfection equipment,en,EU,transferable,esco,http://data.europa.eu/esco/skill/0f4cc60e-820e-439d-8810-31a2cc27ada6,ESCO occupations and skills,0.35,source_mapped,not_reviewed,,,,2026.1
CPX-SKL-AUTO-EDCE5C5F,use welding equipment,use welding equipment,en,EU,transferable,esco,http://data.europa.eu/esco/skill/2ee57de4-bffd-4194-b009-0060edec77cc,ESCO occupations and skills,0.35,source_mapped,not_reviewed,,,,2026.1
CPX-SKL-AUTO-2B9C6998,utilise computer-aided software engineering tools,utilise computer-aided software engineering tools,en,EU,technical,esco,http://data.europa.eu/esco/skill/172020d1-e151-445b-8173-e2a5fb16fe51,ESCO occupations and skills,0.35,source_mapped,not_reviewed,,,,2026.1
CPX-SKL-AUTO-D91E090F,value properties,value properties,en,EU,transferable,esco,http://data.europa.eu/esco/skill/b1a1149a-9bc5-468d-9d09-f6d171cfd619,ESCO occupations and skills,0.35,source_mapped,not_reviewed,,,,2026.1
CPX-SKL-AUTO-75710C61,VBScript,vbscript,en,EU,domain_knowledge,esco,http://data.europa.eu/esco/skill/dcdd5ddf-82a6-4ac3-8edc-d4b23cae9a88,ESCO occupations and skills,0.35,source_mapped,not_reviewed,,,,2026.1
CPX-SKL-AUTO-3104202D,ventilation systems,ventilation systems,en,EU,domain_knowledge,esco,http://data.europa.eu/esco/skill/539edd73-5c9b-4498-96f2-68a9cd2e6073,ESCO occupations and skills,0.35,source_mapped,not_reviewed,,,,2026.1
CPX-SKL-AUTO-71287767,Verbal Abilities,verbal abilities,en,US,transferable,onet,onet/skills.csv:5,O*NET database,0.35,source_mapped,not_reviewed,,,,2026.1
CPX-SKL-AUTO-4C3937BF,Visual Abilities,visual abilities,en,US,transferable,onet,onet/skills.csv:58,O*NET database,0.35,source_mapped,not_reviewed,,,,2026.1
CPX-SKL-AUTO-C4F287B5,Visual Color Discrimination,visual color discrimination,en,US,transferable,onet,onet/skills.csv:61,O*NET database,0.35,source_mapped,not_reviewed,,,,2026.1
CPX-SKL-AUTO-6C107287,Visual Studio .NET,visual studio .net,en,EU,domain_knowledge,esco,http://data.europa.eu/esco/skill/13bdd41a-2a18-441f-96db-41252c519413,ESCO occupations and skills,0.35,source_mapped,not_reviewed,,,,2026.1
CPX-SKL-AUTO-79D76ED5,Visualization,visualization,en,US,transferable,onet,onet/skills.csv:29,O*NET database,0.35,source_mapped,not_reviewed,,,,2026.1
CPX-SKL-AUTO-35D4A014,water chemistry analysis,water chemistry analysis,en,EU,domain_knowledge,esco,http://data.europa.eu/esco/skill/1697d506-a82b-45aa-9a2f-2b71d71e1789,ESCO occupations and skills,0.35,source_mapped,not_reviewed,,,,2026.1
CPX-SKL-AUTO-519712A0,water policies,water policies,en,EU,domain_knowledge,esco,http://data.europa.eu/esco/skill/4ee4ed1d-dc38-48e0-a9e6-a6b64f316ea6,ESCO occupations and skills,0.35,source_mapped,not_reviewed,,,,2026.1
CPX-SKL-AUTO-BD469EC3,water reuse,water reuse,en,EU,domain_knowledge,esco,http://data.europa.eu/esco/skill/b970e437-2f8b-42e3-ae49-6718a0cca44f,ESCO occupations and skills,0.35,source_mapped,not_reviewed,,,,2026.1
CPX-SKL-AUTO-25358E0C,Ways of Working,ways of working,en,US,technical,onet,onet/skills.csv:77,O*NET database,0.35,source_mapped,not_reviewed,,,,2026.1
CPX-SKL-AUTO-F2A5DD0B,wear appropriate protective gear,wear appropriate protective gear,en,EU,transferable,esco,http://data.europa.eu/esco/skill/6122d586-5978-431f-8e7a-96e61fc1f3fc,ESCO occupations and skills,0.35,source_mapped,not_reviewed,,,,2026.1
CPX-SKL-AUTO-2EFE14EF,wood cuts,wood cuts,en,EU,domain_knowledge,esco,http://data.europa.eu/esco/skill/bb933bf6-e9a6-4dd8-8c88-0d8bacae30a5,ESCO occupations and skills,0.35,source_mapped,not_reviewed,,,,2026.1
CPX-SKL-AUTO-73468814,work ergonomically,work ergonomically,en,EU,transferable,esco,http://data.europa.eu/esco/skill/156f8c5b-894a-4ccc-a70e-37a2726f3f00,ESCO occupations and skills,0.35,source_mapped,not_reviewed,,,,2026.1
CPX-SKL-AUTO-09B61CE4,work in a construction team,work in a construction team,en,EU,transferable,esco,http://data.europa.eu/esco/skill/4fa2d6ba-4fff-4f21-bddd-4a54ae840955,ESCO occupations and skills,0.35,source_mapped,not_reviewed,,,,2026.1
CPX-SKL-AUTO-04FFB2F8,work in a fishery team,work in a fishery team,en,EU,transferable,esco,http://data.europa.eu/esco/skill/146a1971-1ff0-4ed6-99f3-d6d0dbcc4c95,ESCO occupations and skills,0.35,source_mapped,not_reviewed,,,,2026.1
CPX-SKL-AUTO-5F426C84,work in a rail transport team,work in a rail transport team,en,EU,transferable,esco,http://data.europa.eu/esco/skill/284e28fc-7218-4ebc-a4bc-406f95f26d8e,ESCO occupations and skills,0.35,source_mapped,not_reviewed,,,,2026.1
CPX-SKL-AUTO-5ED566B6,work in an aviation team,work in an aviation team,en,EU,transferable,esco,http://data.europa.eu/esco/skill/524106a8-b343-45f6-b4ce-58e8d3cf1093,ESCO occupations and skills,0.35,source_mapped,not_reviewed,,,,2026.1
CPX-SKL-AUTO-1B8DD252,work safely with chemicals,work safely with chemicals,en,EU,transferable,esco,http://data.europa.eu/esco/skill/89d2bb53-67fc-4b9e-80c7-07b6c587bc0d,ESCO occupations and skills,0.35,source_mapped,not_reviewed,,,,2026.1
CPX-SKL-AUTO-91EA45D2,work safely with hot materials,work safely with hot materials,en,EU,transferable,esco,http://data.europa.eu/esco/skill/23b8dced-62a9-41f4-8b41-692e2d8e6d52,ESCO occupations and skills,0.35,source_mapped,not_reviewed,,,,2026.1
CPX-SKL-AUTO-8D6A5875,Worker Characteristics,worker characteristics,en,US,transferable,onet,onet/skills.csv:2,O*NET database,0.35,source_mapped,not_reviewed,,,,2026.1
CPX-SKL-AUTO-79ED8C2F,Worker Requirements,worker requirements,en,US,transferable,onet,onet/skills.csv:68,O*NET database,0.35,source_mapped,not_reviewed,,,,2026.1
CPX-SKL-AUTO-235ED060,Wrist-Finger Speed,wrist-finger speed,en,US,transferable,onet,onet/skills.csv:45,O*NET database,0.35,source_mapped,not_reviewed,,,,2026.1
CPX-SKL-AUTO-FA2D4962,write inspection reports,write inspection reports,en,EU,transferable,esco,http://data.europa.eu/esco/skill/cdd2b6cc-b4a9-42a0-824b-766f52176fd3,ESCO occupations and skills,0.35,source_mapped,not_reviewed,,,,2026.1
CPX-SKL-AUTO-A38B79EF,write leaflets,write leaflets,en,EU,transferable,esco,http://data.europa.eu/esco/skill/03589d0d-a6f0-4d68-b5eb-dafbc6833efe,ESCO occupations and skills,0.35,source_mapped,not_reviewed,,,,2026.1
CPX-SKL-AUTO-3688C02B,write routine reports,write routine reports,en,EU,transferable,esco,http://data.europa.eu/esco/skill/78b1de70-0930-462f-9a7e-bf9b4135e1e2,ESCO occupations and skills,0.35,source_mapped,not_reviewed,,,,2026.1
CPX-SKL-AUTO-871E6AB9,write stress analysis reports,write stress analysis reports,en,EU,transferable,esco,http://data.europa.eu/esco/skill/a933a46f-d4d8-4e96-a7f7-345725111bfa,ESCO occupations and skills,0.35,source_mapped,not_reviewed,,,,2026.1
CPX-SKL-AUTO-80041166,write technical reports,write technical reports,en,EU,transferable,esco,http://data.europa.eu/esco/skill/941364b9-1375-4add-9889-d67bae99bc8c,ESCO occupations and skills,0.35,source_mapped,not_reviewed,,,,2026.1
CPX-SKL-AUTO-40AA1A5B,write work-related reports,write work-related reports,en,EU,transferable,esco,http://data.europa.eu/esco/skill/918f5211-b99f-4b29-9a34-6e475583ef55,ESCO occupations and skills,0.35,source_mapped,not_reviewed,,,,2026.1
CPX-SKL-AUTO-B701B8CC,Writing,writing,en,US,technical,onet,onet/skills.csv:73,O*NET database,0.35,source_mapped,not_reviewed,,,,2026.1
CPX-SKL-AUTO-EBF91B1B,Written Comprehension,written comprehension,en,US,transferable,onet,onet/skills.csv:7,O*NET database,0.35,source_mapped,not_reviewed,,,,2026.1
CPX-SKL-AUTO-697C37D7,Written Expression,written expression,en,US,transferable,onet,onet/skills.csv:9,O*NET database,0.35,source_mapped,not_reviewed,,,,2026.1
CPX-SKL-AUTO-599DD157,zoning codes,zoning codes,en,EU,domain_knowledge,esco,http://data.europa.eu/esco/skill/76654176-5cc8-4cb3-b307-4ef1b6c2543c,ESCO occupations and skills,0.35,source_mapped,not_reviewed,,,,2026.1
