entity_type,entity_code,decision,reviewed_by,reviewed_at,review_notes,evidence_summary,source_references
occupation_alias,CPX-OCC-DDA-016:26dc33c8,needs_human_review,,,,,
occupation_alias,CPX-OCC-DDA-015:92996d32,needs_human_review,,,,,
occupation_alias,CPX-OCC-DDA-015:92996d32,needs_human_review,,,,,
occupation_alias,CPX-OCC-DDA-015:92996d32,needs_human_review,,,,,
occupation_alias,CPX-OCC-DDA-015:92996d32,needs_human_review,,,,,
occupation_alias,CPX-OCC-DDA-015:92996d32,needs_human_review,,,,,
occupation_alias,CPX-OCC-DDA-015:92996d32,needs_human_review,,,,,
occupation_alias,CPX-OCC-DDA-015:92996d32,needs_human_review,,,,,
occupation_alias,CPX-OCC-DDA-015:92996d32,needs_human_review,,,,,
occupation_alias,CPX-OCC-DDA-015:92996d32,needs_human_review,,,,,
occupation_alias,CPX-OCC-DDA-015:92996d32,needs_human_review,,,,,
occupation_alias,CPX-OCC-DDA-015:92996d32,needs_human_review,,,,,
occupation_alias,CPX-OCC-DDA-015:92996d32,needs_human_review,,,,,
occupation_alias,CPX-OCC-DDA-015:92996d32,needs_human_review,,,,,
occupation_alias,CPX-OCC-DDA-015:92996d32,needs_human_review,,,,,
occupation_alias,CPX-OCC-DDA-015:92996d32,needs_human_review,,,,,
occupation_alias,CPX-OCC-DDA-015:92996d32,needs_human_review,,,,,
occupation_alias,CPX-OCC-DDA-015:92996d32,needs_human_review,,,,,
occupation_alias,CPX-OCC-DDA-015:92996d32,needs_human_review,,,,,
occupation_alias,CPX-OCC-DDA-015:92996d32,needs_human_review,,,,,
occupation_alias,CPX-OCC-DDA-015:92996d32,needs_human_review,,,,,
occupation_alias,CPX-OCC-PPM-003:3abef61d,needs_human_review,,,,,
occupation_alias,CPX-OCC-BOP-010:a7f899f2,needs_human_review,,,,,
occupation_alias,CPX-OCC-ENG-019:1d531d60,excluded_from_exact_matching,,,,,
occupation_alias,CPX-OCC-ENG-014:b35e6473,needs_human_review,,,,,
occupation_alias,CPX-OCC-ENG-019:7ed87729,needs_human_review,,,,,
occupation_alias,CPX-OCC-ENG-016:c3edd68a,needs_human_review,,,,,
occupation_alias,CPX-OCC-ENG-016:c3edd68a,needs_human_review,,,,,
occupation_alias,CPX-OCC-PPM-007:404a4f76,needs_human_review,,,,,
occupation_alias,CPX-OCC-PPM-013:297e05d1,excluded_from_exact_matching,,,,,
occupation_alias,CPX-OCC-PPM-013:297e05d1,excluded_from_exact_matching,,,,,
occupation_alias,CPX-OCC-PPM-013:297e05d1,excluded_from_exact_matching,,,,,
occupation_alias,CPX-OCC-PPM-013:297e05d1,excluded_from_exact_matching,,,,,
occupation_alias,CPX-OCC-PPM-013:297e05d1,excluded_from_exact_matching,,,,,
occupation_alias,CPX-OCC-PPM-013:297e05d1,excluded_from_exact_matching,,,,,
occupation_alias,CPX-OCC-PPM-013:297e05d1,excluded_from_exact_matching,,,,,
occupation_alias,CPX-OCC-PPM-013:297e05d1,excluded_from_exact_matching,,,,,
occupation_alias,CPX-OCC-PPM-013:297e05d1,excluded_from_exact_matching,,,,,
occupation_alias,CPX-OCC-CBE-011:df229e38,excluded_from_exact_matching,,,,,
occupation_alias,CPX-OCC-CBE-011:ace2a611,excluded_from_exact_matching,,,,,
occupation_alias,CPX-OCC-CBE-011:12d3f4aa,needs_human_review,,,,,
occupation_alias,CPX-OCC-CBE-011:8af34067,needs_human_review,,,,,
occupation_alias,CPX-OCC-ENG-018:2c2e243a,needs_human_review,,,,,
occupation_alias,CPX-OCC-ENG-011:f302914b,needs_human_review,,,,,
occupation_alias,CPX-OCC-CBE-001:c46e768b,excluded_from_exact_matching,,,,,
occupation_alias,CPX-OCC-ENG-013:628d1ab0,needs_human_review,,,,,
occupation_alias,CPX-OCC-CBE-008:95b040de,needs_human_review,,,,,
occupation_alias,CPX-OCC-DDA-013:7c3562b0,needs_human_review,,,,,
occupation_alias,CPX-OCC-DDA-013:e8262a23,needs_human_review,,,,,
occupation_alias,CPX-OCC-DDA-013:e8262a23,needs_human_review,,,,,
occupation_alias,CPX-OCC-CBE-009:d33d6372,needs_human_review,,,,,
occupation_alias,CPX-OCC-CBE-009:92340805,needs_human_review,,,,,
occupation_alias,CPX-OCC-ENG-018:55e56981,needs_human_review,,,,,
occupation_alias,CPX-OCC-PPM-004:92cb89fd,needs_human_review,,,,,
occupation_alias,CPX-OCC-ENG-011:be06d36b,needs_human_review,,,,,
occupation_alias,CPX-OCC-ENG-011:76cb06a1,needs_human_review,,,,,
occupation_alias,CPX-OCC-ENG-012:4feb7d18,needs_human_review,,,,,
occupation_alias,CPX-OCC-ENG-011:011afa64,needs_human_review,,,,,
occupation_alias,CPX-OCC-DDA-020:b7b8144c,excluded_from_exact_matching,,,,,
occupation_alias,CPX-OCC-DDA-020:b7b8144c,excluded_from_exact_matching,,,,,
occupation_alias,CPX-OCC-DDA-020:b7b8144c,excluded_from_exact_matching,,,,,
occupation_alias,CPX-OCC-ENG-019:b5940e30,needs_human_review,,,,,
occupation_alias,CPX-OCC-ENG-014:1a61bf71,needs_human_review,,,,,
occupation_alias,CPX-OCC-ENG-014:54a9b0de,needs_human_review,,,,,
occupation_alias,CPX-OCC-DDA-004:86e1a837,needs_human_review,,,,,
occupation_alias,CPX-OCC-DDA-004:7257e7ef,needs_human_review,,,,,
occupation_alias,CPX-OCC-ENE-010:f72c1023,needs_human_review,,,,,
occupation_alias,CPX-OCC-ENE-007:458f2ce1,needs_human_review,,,,,
occupation_alias,CPX-OCC-ENG-018:8d3061e4,needs_human_review,,,,,
occupation_alias,CPX-OCC-CBE-009:50dcc5bd,needs_human_review,,,,,
occupation_alias,CPX-OCC-CBE-009:01a5b6fc,needs_human_review,,,,,
occupation_alias,CPX-OCC-CBE-009:4aed394a,needs_human_review,,,,,
occupation_alias,CPX-OCC-CBE-009:87bfda91,needs_human_review,,,,,
occupation_alias,CPX-OCC-CBE-009:3fa28a1e,needs_human_review,,,,,
occupation_alias,CPX-OCC-CBE-009:9763be51,needs_human_review,,,,,
occupation_alias,CPX-OCC-CBE-009:3d9efb7e,needs_human_review,,,,,
occupation_alias,CPX-OCC-BOP-001:78d5b917,needs_human_review,,,,,
occupation_alias,CPX-OCC-ENG-018:9a64ef5b,needs_human_review,,,,,
occupation_alias,CPX-OCC-ENG-018:346b1cda,needs_human_review,,,,,
occupation_alias,CPX-OCC-ENG-018:a6f50acd,needs_human_review,,,,,
occupation_alias,CPX-OCC-ENE-007:25db6674,needs_human_review,,,,,
occupation_alias,CPX-OCC-ENE-007:16e5b8a7,needs_human_review,,,,,
occupation_alias,CPX-OCC-CBE-011:bfdbf560,needs_human_review,,,,,
occupation_alias,CPX-OCC-DDA-011:8e88913d,needs_human_review,,,,,
occupation_alias,CPX-OCC-BOP-001:9c6fc100,needs_human_review,,,,,
occupation_alias,CPX-OCC-DDA-017:8405c17a,needs_human_review,,,,,
occupation_alias,CPX-OCC-DDA-009:5651f899,needs_human_review,,,,,
occupation_alias,CPX-OCC-DDA-009:ac92aa2b,needs_human_review,,,,,
occupation_alias,CPX-OCC-ENG-014:8c89b757,needs_human_review,,,,,
occupation_alias,CPX-OCC-ENG-012:27392132,needs_human_review,,,,,
occupation_alias,CPX-OCC-ENE-007:bfa1f483,needs_human_review,,,,,
occupation_alias,CPX-OCC-ENG-008:87adb5bd,excluded_from_exact_matching,,,,,
occupation_alias,CPX-OCC-PPM-003:b00c3283,needs_human_review,,,,,
occupation_alias,CPX-OCC-ENG-001:f3703616,needs_human_review,,,,,
occupation_alias,CPX-OCC-PPM-012:d7418c70,needs_human_review,,,,,
occupation_alias,CPX-OCC-CBE-004:b3935689,needs_human_review,,,,,
occupation_alias,CPX-OCC-CBE-007:6e418373,excluded_from_exact_matching,,,,,
occupation_alias,CPX-OCC-ENG-014:ad8a909e,needs_human_review,,,,,
occupation_alias,CPX-OCC-PPM-001:7a198c9c,needs_human_review,,,,,
occupation_alias,CPX-OCC-CBE-007:69577c3d,needs_human_review,,,,,
occupation_alias,CPX-OCC-CBE-007:89063810,needs_human_review,,,,,
occupation_alias,CPX-OCC-CBE-007:e31d1562,needs_human_review,,,,,
occupation_alias,CPX-OCC-CBE-007:47c0b475,excluded_from_exact_matching,,,,,
occupation_alias,CPX-OCC-CBE-007:47c0b475,excluded_from_exact_matching,,,,,
occupation_alias,CPX-OCC-CBE-002:1fcb89d1,needs_human_review,,,,,
occupation_alias,CPX-OCC-CBE-004:7247516c,needs_human_review,,,,,
occupation_alias,CPX-OCC-BOP-002:d72b5631,excluded_from_exact_matching,,,,,
occupation_alias,CPX-OCC-BOP-002:d72b5631,excluded_from_exact_matching,,,,,
occupation_alias,CPX-OCC-CBE-011:aa1c27fe,needs_human_review,,,,,
occupation_alias,CPX-OCC-BOP-002:d8b8bef9,needs_human_review,,,,,
occupation_alias,CPX-OCC-PPM-016:507013f8,needs_human_review,,,,,
occupation_alias,CPX-OCC-PPM-016:cdbc51ad,needs_human_review,,,,,
occupation_alias,CPX-OCC-BOP-002:88795957,excluded_from_exact_matching,,,,,
occupation_alias,CPX-OCC-BOP-003:ab6b2627,needs_human_review,,,,,
occupation_alias,CPX-OCC-DDA-014:4cd80146,needs_human_review,,,,,
occupation_alias,CPX-OCC-DDA-014:8baa2e3c,needs_human_review,,,,,
occupation_alias,CPX-OCC-DDA-014:46110197,needs_human_review,,,,,
occupation_alias,CPX-OCC-DDA-014:72a0312a,needs_human_review,,,,,
occupation_alias,CPX-OCC-DDA-014:d8bc89ec,needs_human_review,,,,,
occupation_alias,CPX-OCC-DDA-014:51ffff82,needs_human_review,,,,,
occupation_alias,CPX-OCC-DDA-014:c5b5c479,needs_human_review,,,,,
occupation_alias,CPX-OCC-BOP-002:4528d6ab,excluded_from_exact_matching,,,,,
occupation_alias,CPX-OCC-BOP-002:836b2311,needs_human_review,,,,,
occupation_alias,CPX-OCC-BOP-002:40b56506,needs_human_review,,,,,
occupation_alias,CPX-OCC-BOP-002:40b56506,needs_human_review,,,,,
occupation_alias,CPX-OCC-BOP-002:72666cb8,needs_human_review,,,,,
occupation_alias,CPX-OCC-DDA-016:58b48509,needs_human_review,,,,,
occupation_alias,CPX-OCC-ENG-003:55fc961c,needs_human_review,,,,,
occupation_alias,CPX-OCC-CBE-002:e1d315f3,needs_human_review,,,,,
occupation_alias,CPX-OCC-CBE-002:140707bc,needs_human_review,,,,,
occupation_alias,CPX-OCC-BOP-010:969790d4,needs_human_review,,,,,
occupation_alias,CPX-OCC-BOP-001:907c7892,needs_human_review,,,,,
occupation_alias,CPX-OCC-PPM-016:294e2bb4,needs_human_review,,,,,
occupation_alias,CPX-OCC-PPM-016:294e2bb4,needs_human_review,,,,,
occupation_alias,CPX-OCC-PPM-016:294e2bb4,needs_human_review,,,,,
occupation_alias,CPX-OCC-ENG-012:b75c6dae,needs_human_review,,,,,
occupation_alias,CPX-OCC-CBE-011:d0efffdf,needs_human_review,,,,,
occupation_alias,CPX-OCC-CBE-004:07046fe2,needs_human_review,,,,,
occupation_alias,CPX-OCC-ENG-011:496a3fcd,needs_human_review,,,,,
occupation_alias,CPX-OCC-CBE-003:8c3f0998,needs_human_review,,,,,
occupation_alias,CPX-OCC-ENG-018:dc1ef3b6,needs_human_review,,,,,
occupation_alias,CPX-OCC-ENG-014:b25e14d0,excluded_from_exact_matching,,,,,
occupation_alias,CPX-OCC-ENE-007:7388b6db,needs_human_review,,,,,
occupation_alias,CPX-OCC-ENG-011:c842c82e,needs_human_review,,,,,
occupation_alias,CPX-OCC-ENG-012:72d7d857,needs_human_review,,,,,
occupation_alias,CPX-OCC-ENG-018:8508adc7,needs_human_review,,,,,
occupation_alias,CPX-OCC-ENG-018:8508adc7,needs_human_review,,,,,
occupation_alias,CPX-OCC-ENG-018:8508adc7,needs_human_review,,,,,
occupation_alias,CPX-OCC-ENG-018:8508adc7,needs_human_review,,,,,
occupation_alias,CPX-OCC-ENG-018:8508adc7,needs_human_review,,,,,
occupation_alias,CPX-OCC-ENG-013:70ce1966,needs_human_review,,,,,
occupation_alias,CPX-OCC-ENE-013:b6ca3507,needs_human_review,,,,,
occupation_alias,CPX-OCC-ENE-007:61820ad2,needs_human_review,,,,,
occupation_alias,CPX-OCC-ENE-010:bd297f98,needs_human_review,,,,,
occupation_alias,CPX-OCC-ENG-001:3b469f14,needs_human_review,,,,,
occupation_alias,CPX-OCC-ENG-001:3b469f14,needs_human_review,,,,,
occupation_alias,CPX-OCC-ENG-001:a0f97f95,needs_human_review,,,,,
occupation_alias,CPX-OCC-ENG-001:d55f3ad4,needs_human_review,,,,,
occupation_alias,CPX-OCC-ENG-001:35728bcc,needs_human_review,,,,,
occupation_alias,CPX-OCC-ENG-001:e7e83303,excluded_from_exact_matching,,,,,
occupation_alias,CPX-OCC-CBE-014:1d11ab0b,needs_human_review,,,,,
occupation_alias,CPX-OCC-CBE-014:0c62bd55,needs_human_review,,,,,
occupation_alias,CPX-OCC-PPM-015:6fbf7295,needs_human_review,,,,,
occupation_alias,CPX-OCC-BOP-010:ed673c88,needs_human_review,,,,,
occupation_alias,CPX-OCC-BOP-010:ed673c88,needs_human_review,,,,,
occupation_alias,CPX-OCC-DDA-009:cd22ba02,needs_human_review,,,,,
occupation_alias,CPX-OCC-BOP-001:9f36bc3b,needs_human_review,,,,,
occupation_alias,CPX-OCC-PPM-005:9bed3d64,needs_human_review,,,,,
occupation_alias,CPX-OCC-PPM-003:dca14c87,needs_human_review,,,,,
occupation_alias,CPX-OCC-BOP-010:0d4c7965,needs_human_review,,,,,
occupation_alias,CPX-OCC-CBE-002:243ef1f3,needs_human_review,,,,,
occupation_alias,CPX-OCC-CBE-011:7609294a,excluded_from_exact_matching,,,,,
occupation_alias,CPX-OCC-DDA-007:7f1fc4dd,excluded_from_exact_matching,,,,,
occupation_alias,CPX-OCC-ENG-011:f716d8b3,needs_human_review,,,,,
occupation_alias,CPX-OCC-ENG-013:acc8bad5,needs_human_review,,,,,
occupation_alias,CPX-OCC-ENG-014:241685ac,needs_human_review,,,,,
occupation_alias,CPX-OCC-PPM-003:d4c6c97f,needs_human_review,,,,,
occupation_alias,CPX-OCC-PPM-011:d88e6e13,needs_human_review,,,,,
occupation_alias,CPX-OCC-PPM-011:991e7925,needs_human_review,,,,,
occupation_alias,CPX-OCC-PPM-011:991e7925,needs_human_review,,,,,
occupation_alias,CPX-OCC-PPM-011:39d7d355,needs_human_review,,,,,
occupation_alias,CPX-OCC-PPM-011:9d1d57dd,needs_human_review,,,,,
occupation_alias,CPX-OCC-ENG-022:cd972904,excluded_from_exact_matching,,,,,
occupation_alias,CPX-OCC-ENG-022:cd972904,excluded_from_exact_matching,,,,,
occupation_alias,CPX-OCC-ENG-022:cd972904,excluded_from_exact_matching,,,,,
occupation_alias,CPX-OCC-ENG-020:6036f2ba,needs_human_review,,,,,
occupation_alias,CPX-OCC-PPM-005:ba62d605,needs_human_review,,,,,
occupation_alias,CPX-OCC-ENG-018:0aa389ca,excluded_from_exact_matching,,,,,
occupation_alias,CPX-OCC-CBE-001:0aa389ca,excluded_from_exact_matching,,,,,
occupation_alias,CPX-OCC-PPM-003:552c828c,needs_human_review,,,,,
occupation_alias,CPX-OCC-BOP-008:be5dab53,needs_human_review,,,,,
occupation_alias,CPX-OCC-BOP-008:878f152a,needs_human_review,,,,,
occupation_alias,CPX-OCC-DDA-012:0092286f,needs_human_review,,,,,
occupation_alias,CPX-OCC-BOP-001:70d931be,needs_human_review,,,,,
occupation_alias,CPX-OCC-ENG-011:287c483f,needs_human_review,,,,,
occupation_alias,CPX-OCC-ENG-016:09e8e9e1,needs_human_review,,,,,
occupation_alias,CPX-OCC-DDA-009:a04c1f06,needs_human_review,,,,,
occupation_alias,CPX-OCC-DDA-007:494bedc5,needs_human_review,,,,,
occupation_alias,CPX-OCC-ENG-015:1fbe27fb,needs_human_review,,,,,
occupation_alias,CPX-OCC-DDA-013:c0bf9ea7,needs_human_review,,,,,
occupation_alias,CPX-OCC-BOP-001:446f6a2c,needs_human_review,,,,,
occupation_alias,CPX-OCC-DDA-007:96a090ee,needs_human_review,,,,,
occupation_alias,CPX-OCC-PPM-005:a5b419f7,needs_human_review,,,,,
occupation_alias,CPX-OCC-DDA-008:32f908f4,needs_human_review,,,,,
occupation_alias,CPX-OCC-BOP-010:fb26b825,needs_human_review,,,,,
occupation_alias,CPX-OCC-DDA-016:de6f3e6b,needs_human_review,,,,,
occupation_alias,CPX-OCC-ENG-014:1ddb748d,needs_human_review,,,,,
occupation_alias,CPX-OCC-ENG-020:0dbd1bbd,needs_human_review,,,,,
occupation_alias,CPX-OCC-DDA-016:bc21a3da,needs_human_review,,,,,
occupation_alias,CPX-OCC-ENE-007:0e16f2ea,needs_human_review,,,,,
occupation_alias,CPX-OCC-BOP-008:7164cfdb,needs_human_review,,,,,
occupation_alias,CPX-OCC-CBE-007:f8f73d29,needs_human_review,,,,,
occupation_alias,CPX-OCC-CBE-001:14f78db4,needs_human_review,,,,,
occupation_alias,CPX-OCC-CBE-001:ba43dca0,needs_human_review,,,,,
occupation_alias,CPX-OCC-PPM-019:142d46af,needs_human_review,,,,,
occupation_alias,CPX-OCC-CBE-005:64b7e4e7,needs_human_review,,,,,
occupation_alias,CPX-OCC-PPM-019:15be6894,needs_human_review,,,,,
occupation_alias,CPX-OCC-CBE-001:623c9491,needs_human_review,,,,,
occupation_alias,CPX-OCC-ENE-007:61ad1a29,needs_human_review,,,,,
occupation_alias,CPX-OCC-ENG-001:ba596e77,needs_human_review,,,,,
occupation_alias,CPX-OCC-BOP-003:12ebcec4,needs_human_review,,,,,
occupation_alias,CPX-OCC-CBE-001:b0bca24e,needs_human_review,,,,,
occupation_alias,CPX-OCC-PPM-012:c682aaa0,needs_human_review,,,,,
occupation_alias,CPX-OCC-PPM-012:c682aaa0,needs_human_review,,,,,
occupation_alias,CPX-OCC-PPM-012:c682aaa0,needs_human_review,,,,,
occupation_alias,CPX-OCC-PPM-012:c682aaa0,needs_human_review,,,,,
occupation_alias,CPX-OCC-PPM-012:c682aaa0,needs_human_review,,,,,
occupation_alias,CPX-OCC-PPM-012:c682aaa0,needs_human_review,,,,,
occupation_alias,CPX-OCC-PPM-012:c682aaa0,needs_human_review,,,,,
occupation_alias,CPX-OCC-ENG-015:a18e564b,needs_human_review,,,,,
occupation_alias,CPX-OCC-ENG-015:2846d151,needs_human_review,,,,,
occupation_alias,CPX-OCC-ENG-015:0f5255b3,needs_human_review,,,,,
occupation_alias,CPX-OCC-ENG-014:78d962d1,excluded_from_exact_matching,,,,,
occupation_alias,CPX-OCC-ENE-010:e1a8c5d7,needs_human_review,,,,,
occupation_alias,CPX-OCC-PPM-005:90984d55,needs_human_review,,,,,
occupation_alias,CPX-OCC-CBE-013:c999a0a0,needs_human_review,,,,,
occupation_alias,CPX-OCC-PPM-009:9a1744ab,excluded_from_exact_matching,,,,,
occupation_alias,CPX-OCC-PPM-009:e2677735,needs_human_review,,,,,
occupation_alias,CPX-OCC-BOP-010:362a0116,needs_human_review,,,,,
occupation_alias,CPX-OCC-ENE-007:995e48fd,needs_human_review,,,,,
occupation_alias,CPX-OCC-BOP-010:7f8c2197,needs_human_review,,,,,
occupation_alias,CPX-OCC-PPM-011:df1627d1,needs_human_review,,,,,
occupation_alias,CPX-OCC-PPM-010:ebce3c03,needs_human_review,,,,,
occupation_alias,CPX-OCC-DDA-014:21660e94,needs_human_review,,,,,
occupation_alias,CPX-OCC-BOP-010:c2558acd,needs_human_review,,,,,
occupation_alias,CPX-OCC-BOP-009:53de0908,needs_human_review,,,,,
occupation_alias,CPX-OCC-BOP-009:53de0908,needs_human_review,,,,,
occupation_alias,CPX-OCC-BOP-009:5ca532d9,needs_human_review,,,,,
occupation_alias,CPX-OCC-BOP-009:f08495b4,needs_human_review,,,,,
occupation_alias,CPX-OCC-BOP-009:f08495b4,needs_human_review,,,,,
occupation_alias,CPX-OCC-BOP-009:80a3c276,needs_human_review,,,,,
occupation_alias,CPX-OCC-BOP-009:4f1d4f81,needs_human_review,,,,,
occupation_alias,CPX-OCC-BOP-009:4f1d4f81,needs_human_review,,,,,
occupation_alias,CPX-OCC-BOP-009:4f1d4f81,needs_human_review,,,,,
occupation_alias,CPX-OCC-BOP-009:9c5de026,needs_human_review,,,,,
occupation_alias,CPX-OCC-BOP-009:9c5de026,needs_human_review,,,,,
occupation_alias,CPX-OCC-BOP-009:9c5de026,needs_human_review,,,,,
occupation_alias,CPX-OCC-BOP-009:9c5de026,needs_human_review,,,,,
occupation_alias,CPX-OCC-BOP-009:966b0610,needs_human_review,,,,,
occupation_alias,CPX-OCC-BOP-009:0e7e3458,needs_human_review,,,,,
occupation_alias,CPX-OCC-BOP-009:4f97776b,needs_human_review,,,,,
occupation_alias,CPX-OCC-BOP-009:4f97776b,needs_human_review,,,,,
occupation_alias,CPX-OCC-BOP-009:4f97776b,needs_human_review,,,,,
occupation_alias,CPX-OCC-BOP-009:4f97776b,needs_human_review,,,,,
occupation_alias,CPX-OCC-BOP-009:4f97776b,needs_human_review,,,,,
occupation_alias,CPX-OCC-BOP-009:4f97776b,needs_human_review,,,,,
occupation_alias,CPX-OCC-BOP-009:4f97776b,needs_human_review,,,,,
occupation_alias,CPX-OCC-BOP-009:4f97776b,needs_human_review,,,,,
occupation_alias,CPX-OCC-BOP-009:4f97776b,needs_human_review,,,,,
occupation_alias,CPX-OCC-BOP-009:4f97776b,needs_human_review,,,,,
occupation_alias,CPX-OCC-BOP-009:4f97776b,needs_human_review,,,,,
occupation_alias,CPX-OCC-BOP-009:4f97776b,needs_human_review,,,,,
occupation_alias,CPX-OCC-BOP-009:4f97776b,needs_human_review,,,,,
occupation_alias,CPX-OCC-BOP-009:9c783aec,needs_human_review,,,,,
occupation_alias,CPX-OCC-BOP-009:9c783aec,needs_human_review,,,,,
occupation_alias,CPX-OCC-BOP-009:9c783aec,needs_human_review,,,,,
occupation_alias,CPX-OCC-BOP-009:9c783aec,needs_human_review,,,,,
occupation_alias,CPX-OCC-BOP-009:9c783aec,needs_human_review,,,,,
occupation_alias,CPX-OCC-BOP-009:9c783aec,needs_human_review,,,,,
occupation_alias,CPX-OCC-BOP-009:bcd3b893,needs_human_review,,,,,
occupation_alias,CPX-OCC-BOP-009:bcd3b893,needs_human_review,,,,,
occupation_alias,CPX-OCC-BOP-009:bcd3b893,needs_human_review,,,,,
occupation_alias,CPX-OCC-BOP-009:bcd3b893,needs_human_review,,,,,
occupation_alias,CPX-OCC-BOP-009:bcd3b893,needs_human_review,,,,,
occupation_alias,CPX-OCC-BOP-009:bcd3b893,needs_human_review,,,,,
occupation_alias,CPX-OCC-BOP-009:bcd3b893,needs_human_review,,,,,
occupation_alias,CPX-OCC-BOP-009:bcd3b893,needs_human_review,,,,,
occupation_alias,CPX-OCC-BOP-009:bcd3b893,needs_human_review,,,,,
occupation_alias,CPX-OCC-BOP-009:bcd3b893,needs_human_review,,,,,
occupation_alias,CPX-OCC-BOP-009:bcd3b893,needs_human_review,,,,,
occupation_alias,CPX-OCC-BOP-009:bcd3b893,needs_human_review,,,,,
occupation_alias,CPX-OCC-BOP-009:cb9b0ca2,needs_human_review,,,,,
occupation_alias,CPX-OCC-BOP-009:0250e7c8,needs_human_review,,,,,
occupation_alias,CPX-OCC-BOP-009:0250e7c8,needs_human_review,,,,,
occupation_alias,CPX-OCC-BOP-009:0250e7c8,needs_human_review,,,,,
occupation_alias,CPX-OCC-BOP-009:1c911850,needs_human_review,,,,,
occupation_alias,CPX-OCC-BOP-009:149a31a1,needs_human_review,,,,,
occupation_alias,CPX-OCC-BOP-009:3e3501ba,needs_human_review,,,,,
occupation_alias,CPX-OCC-BOP-009:9182f845,needs_human_review,,,,,
occupation_alias,CPX-OCC-BOP-009:09e9c891,needs_human_review,,,,,
occupation_alias,CPX-OCC-BOP-009:82fa5bca,needs_human_review,,,,,
occupation_alias,CPX-OCC-BOP-009:1252e4fe,needs_human_review,,,,,
occupation_alias,CPX-OCC-BOP-009:715f4a8a,needs_human_review,,,,,
occupation_alias,CPX-OCC-BOP-009:f89cdd5f,needs_human_review,,,,,
occupation_alias,CPX-OCC-BOP-009:f89cdd5f,needs_human_review,,,,,
occupation_alias,CPX-OCC-BOP-009:f89cdd5f,needs_human_review,,,,,
occupation_alias,CPX-OCC-BOP-009:f89cdd5f,needs_human_review,,,,,
occupation_alias,CPX-OCC-BOP-009:f89cdd5f,needs_human_review,,,,,
occupation_alias,CPX-OCC-BOP-009:b69c389b,needs_human_review,,,,,
occupation_alias,CPX-OCC-BOP-009:f4cb489a,needs_human_review,,,,,
occupation_alias,CPX-OCC-BOP-009:16dbd8f9,needs_human_review,,,,,
occupation_alias,CPX-OCC-BOP-009:b113e630,needs_human_review,,,,,
occupation_alias,CPX-OCC-BOP-009:b113e630,needs_human_review,,,,,
occupation_alias,CPX-OCC-BOP-009:b113e630,needs_human_review,,,,,
occupation_alias,CPX-OCC-BOP-009:b113e630,needs_human_review,,,,,
occupation_alias,CPX-OCC-BOP-009:a0dafbec,needs_human_review,,,,,
occupation_alias,CPX-OCC-BOP-009:d0167c85,needs_human_review,,,,,
occupation_alias,CPX-OCC-BOP-009:d0167c85,needs_human_review,,,,,
occupation_alias,CPX-OCC-BOP-009:d0167c85,needs_human_review,,,,,
occupation_alias,CPX-OCC-BOP-010:3c59e5c1,needs_human_review,,,,,
occupation_alias,CPX-OCC-BOP-009:6d6daa6e,needs_human_review,,,,,
occupation_alias,CPX-OCC-BOP-009:a2a6cceb,needs_human_review,,,,,
occupation_alias,CPX-OCC-BOP-009:5d4a031f,needs_human_review,,,,,
occupation_alias,CPX-OCC-BOP-009:757d4dc4,needs_human_review,,,,,
occupation_alias,CPX-OCC-BOP-009:4b46bcae,needs_human_review,,,,,
occupation_alias,CPX-OCC-DDA-008:71e4faa4,needs_human_review,,,,,
occupation_alias,CPX-OCC-DDA-013:8b1fd75f,needs_human_review,,,,,
occupation_alias,CPX-OCC-DDA-008:3d04b9b9,needs_human_review,,,,,
occupation_alias,CPX-OCC-DDA-008:6a167102,needs_human_review,,,,,
occupation_alias,CPX-OCC-DDA-008:2629ee4a,needs_human_review,,,,,
occupation_alias,CPX-OCC-DDA-008:db0fa988,needs_human_review,,,,,
occupation_alias,CPX-OCC-DDA-008:b3eb049a,needs_human_review,,,,,
occupation_alias,CPX-OCC-DDA-008:185344a4,needs_human_review,,,,,
occupation_alias,CPX-OCC-DDA-008:ef5de429,needs_human_review,,,,,
occupation_alias,CPX-OCC-DDA-009:cc36ae74,excluded_from_exact_matching,,,,,
occupation_alias,CPX-OCC-DDA-009:cc36ae74,excluded_from_exact_matching,,,,,
occupation_alias,CPX-OCC-CBE-011:30681fde,needs_human_review,,,,,
occupation_alias,CPX-OCC-DDA-009:d1e8f56e,needs_human_review,,,,,
occupation_alias,CPX-OCC-DDA-009:251cc9b0,needs_human_review,,,,,
occupation_alias,CPX-OCC-DDA-011:52685cce,excluded_from_exact_matching,,,,,
occupation_alias,CPX-OCC-DDA-011:52685cce,excluded_from_exact_matching,,,,,
occupation_alias,CPX-OCC-DDA-009:b75f3969,needs_human_review,,,,,
occupation_alias,CPX-OCC-DDA-009:7faf8043,needs_human_review,,,,,
occupation_alias,CPX-OCC-DDA-010:8b907244,needs_human_review,,,,,
occupation_alias,CPX-OCC-DDA-010:8b907244,needs_human_review,,,,,
occupation_alias,CPX-OCC-DDA-009:535b170f,needs_human_review,,,,,
occupation_alias,CPX-OCC-DDA-009:219f8ade,needs_human_review,,,,,
occupation_alias,CPX-OCC-DDA-011:93d9c19e,needs_human_review,,,,,
occupation_alias,CPX-OCC-DDA-015:707bc4f5,needs_human_review,,,,,
occupation_alias,CPX-OCC-DDA-015:6f534933,needs_human_review,,,,,
occupation_alias,CPX-OCC-CBE-011:ec31345b,needs_human_review,,,,,
occupation_alias,CPX-OCC-DDA-011:1a87548e,needs_human_review,,,,,
occupation_alias,CPX-OCC-CBE-011:c63f28a1,needs_human_review,,,,,
occupation_alias,CPX-OCC-BOP-010:a8522146,needs_human_review,,,,,
occupation_alias,CPX-OCC-ENE-007:84518870,needs_human_review,,,,,
occupation_alias,CPX-OCC-ENE-007:59b84d90,needs_human_review,,,,,
occupation_alias,CPX-OCC-BOP-010:7cbcb16e,needs_human_review,,,,,
occupation_alias,CPX-OCC-PPM-015:da221de9,needs_human_review,,,,,
occupation_alias,CPX-OCC-PPM-015:da221de9,needs_human_review,,,,,
occupation_alias,CPX-OCC-PPM-015:da221de9,needs_human_review,,,,,
occupation_alias,CPX-OCC-PPM-015:8c933602,needs_human_review,,,,,
occupation_alias,CPX-OCC-PPM-015:8c933602,needs_human_review,,,,,
occupation_alias,CPX-OCC-PPM-015:36659f27,needs_human_review,,,,,
occupation_alias,CPX-OCC-BOP-001:f6ccd4b4,needs_human_review,,,,,
occupation_alias,CPX-OCC-CBE-001:7c15747a,needs_human_review,,,,,
occupation_alias,CPX-OCC-ENG-018:fb258f79,needs_human_review,,,,,
occupation_alias,CPX-OCC-CBE-008:efe8904f,needs_human_review,,,,,
occupation_alias,CPX-OCC-CBE-008:efe8904f,needs_human_review,,,,,
occupation_alias,CPX-OCC-CBE-008:64d81dea,needs_human_review,,,,,
occupation_alias,CPX-OCC-CBE-001:82508a21,needs_human_review,,,,,
occupation_alias,CPX-OCC-ENG-018:3de46bea,needs_human_review,,,,,
occupation_alias,CPX-OCC-DDA-001:7e6c779e,needs_human_review,,,,,
occupation_alias,CPX-OCC-DDA-001:7e6c779e,needs_human_review,,,,,
occupation_alias,CPX-OCC-DDA-001:7e6c779e,needs_human_review,,,,,
occupation_alias,CPX-OCC-DDA-001:7e6c779e,needs_human_review,,,,,
occupation_alias,CPX-OCC-DDA-006:d0824a08,needs_human_review,,,,,
occupation_alias,CPX-OCC-CBE-001:04a658a2,needs_human_review,,,,,
occupation_alias,CPX-OCC-CBE-011:f919f127,needs_human_review,,,,,
occupation_alias,CPX-OCC-BOP-002:d169039d,needs_human_review,,,,,
occupation_alias,CPX-OCC-DDA-008:ac13ccce,needs_human_review,,,,,
occupation_alias,CPX-OCC-PPM-001:e71ea97e,needs_human_review,,,,,
occupation_alias,CPX-OCC-BOP-010:13dd1db7,needs_human_review,,,,,
occupation_alias,CPX-OCC-PPM-020:07c1222a,needs_human_review,,,,,
occupation_alias,CPX-OCC-PPM-020:07c1222a,needs_human_review,,,,,
occupation_alias,CPX-OCC-PPM-020:07c1222a,needs_human_review,,,,,
occupation_alias,CPX-OCC-PPM-020:07c1222a,needs_human_review,,,,,
occupation_alias,CPX-OCC-PPM-020:07c1222a,needs_human_review,,,,,
occupation_alias,CPX-OCC-PPM-020:07c1222a,needs_human_review,,,,,
occupation_alias,CPX-OCC-PPM-020:07c1222a,needs_human_review,,,,,
occupation_alias,CPX-OCC-PPM-020:07c1222a,needs_human_review,,,,,
occupation_alias,CPX-OCC-PPM-020:07c1222a,needs_human_review,,,,,
occupation_alias,CPX-OCC-PPM-020:07c1222a,needs_human_review,,,,,
occupation_alias,CPX-OCC-PPM-020:07c1222a,needs_human_review,,,,,
occupation_alias,CPX-OCC-PPM-020:07c1222a,needs_human_review,,,,,
occupation_alias,CPX-OCC-PPM-020:07c1222a,needs_human_review,,,,,
occupation_alias,CPX-OCC-PPM-020:07c1222a,needs_human_review,,,,,
occupation_alias,CPX-OCC-PPM-020:07c1222a,needs_human_review,,,,,
occupation_alias,CPX-OCC-PPM-020:07c1222a,needs_human_review,,,,,
occupation_alias,CPX-OCC-PPM-020:07c1222a,needs_human_review,,,,,
occupation_alias,CPX-OCC-PPM-020:07c1222a,needs_human_review,,,,,
occupation_alias,CPX-OCC-PPM-020:07c1222a,needs_human_review,,,,,
occupation_alias,CPX-OCC-PPM-020:07c1222a,needs_human_review,,,,,
occupation_alias,CPX-OCC-PPM-020:07c1222a,needs_human_review,,,,,
occupation_alias,CPX-OCC-PPM-020:07c1222a,needs_human_review,,,,,
occupation_alias,CPX-OCC-PPM-020:07c1222a,needs_human_review,,,,,
occupation_alias,CPX-OCC-PPM-020:07c1222a,needs_human_review,,,,,
occupation_alias,CPX-OCC-PPM-020:07c1222a,needs_human_review,,,,,
occupation_alias,CPX-OCC-PPM-020:07c1222a,needs_human_review,,,,,
occupation_alias,CPX-OCC-PPM-020:07c1222a,needs_human_review,,,,,
occupation_alias,CPX-OCC-PPM-020:07c1222a,needs_human_review,,,,,
occupation_alias,CPX-OCC-PPM-020:07c1222a,needs_human_review,,,,,
occupation_alias,CPX-OCC-PPM-020:07c1222a,needs_human_review,,,,,
occupation_alias,CPX-OCC-PPM-020:07c1222a,needs_human_review,,,,,
occupation_alias,CPX-OCC-PPM-020:07c1222a,needs_human_review,,,,,
occupation_alias,CPX-OCC-PPM-020:07c1222a,needs_human_review,,,,,
occupation_alias,CPX-OCC-PPM-020:07c1222a,needs_human_review,,,,,
occupation_alias,CPX-OCC-PPM-020:07c1222a,needs_human_review,,,,,
occupation_alias,CPX-OCC-PPM-020:07c1222a,needs_human_review,,,,,
occupation_alias,CPX-OCC-PPM-020:07c1222a,needs_human_review,,,,,
occupation_alias,CPX-OCC-PPM-020:07c1222a,needs_human_review,,,,,
occupation_alias,CPX-OCC-PPM-020:07c1222a,needs_human_review,,,,,
occupation_alias,CPX-OCC-PPM-020:07c1222a,needs_human_review,,,,,
occupation_alias,CPX-OCC-PPM-020:07c1222a,needs_human_review,,,,,
occupation_alias,CPX-OCC-PPM-020:07c1222a,needs_human_review,,,,,
occupation_alias,CPX-OCC-PPM-020:07c1222a,needs_human_review,,,,,
occupation_alias,CPX-OCC-PPM-020:07c1222a,needs_human_review,,,,,
occupation_alias,CPX-OCC-PPM-020:07c1222a,needs_human_review,,,,,
occupation_alias,CPX-OCC-PPM-020:07c1222a,needs_human_review,,,,,
occupation_alias,CPX-OCC-PPM-020:07c1222a,needs_human_review,,,,,
occupation_alias,CPX-OCC-PPM-020:07c1222a,needs_human_review,,,,,
occupation_alias,CPX-OCC-PPM-020:07c1222a,needs_human_review,,,,,
occupation_alias,CPX-OCC-PPM-020:07c1222a,needs_human_review,,,,,
occupation_alias,CPX-OCC-PPM-020:07c1222a,needs_human_review,,,,,
occupation_alias,CPX-OCC-PPM-020:07c1222a,needs_human_review,,,,,
occupation_alias,CPX-OCC-PPM-020:07c1222a,needs_human_review,,,,,
occupation_alias,CPX-OCC-PPM-020:07c1222a,needs_human_review,,,,,
occupation_alias,CPX-OCC-PPM-020:07c1222a,needs_human_review,,,,,
occupation_alias,CPX-OCC-PPM-020:07c1222a,needs_human_review,,,,,
occupation_alias,CPX-OCC-PPM-020:07c1222a,needs_human_review,,,,,
occupation_alias,CPX-OCC-PPM-020:07c1222a,needs_human_review,,,,,
occupation_alias,CPX-OCC-PPM-020:07c1222a,needs_human_review,,,,,
occupation_alias,CPX-OCC-PPM-020:07c1222a,needs_human_review,,,,,
occupation_alias,CPX-OCC-PPM-020:07c1222a,needs_human_review,,,,,
occupation_alias,CPX-OCC-PPM-020:07c1222a,needs_human_review,,,,,
occupation_alias,CPX-OCC-PPM-020:07c1222a,needs_human_review,,,,,
occupation_alias,CPX-OCC-PPM-020:07c1222a,needs_human_review,,,,,
occupation_alias,CPX-OCC-PPM-020:07c1222a,needs_human_review,,,,,
occupation_alias,CPX-OCC-PPM-020:07c1222a,needs_human_review,,,,,
occupation_alias,CPX-OCC-PPM-020:07c1222a,needs_human_review,,,,,
occupation_alias,CPX-OCC-PPM-020:07c1222a,needs_human_review,,,,,
occupation_alias,CPX-OCC-PPM-020:07c1222a,needs_human_review,,,,,
occupation_alias,CPX-OCC-PPM-020:07c1222a,needs_human_review,,,,,
occupation_alias,CPX-OCC-PPM-020:07c1222a,needs_human_review,,,,,
occupation_alias,CPX-OCC-PPM-020:07c1222a,needs_human_review,,,,,
occupation_alias,CPX-OCC-PPM-020:07c1222a,needs_human_review,,,,,
occupation_alias,CPX-OCC-PPM-020:07c1222a,needs_human_review,,,,,
occupation_alias,CPX-OCC-PPM-020:07c1222a,needs_human_review,,,,,
occupation_alias,CPX-OCC-PPM-020:07c1222a,needs_human_review,,,,,
occupation_alias,CPX-OCC-PPM-020:07c1222a,needs_human_review,,,,,
occupation_alias,CPX-OCC-PPM-020:07c1222a,needs_human_review,,,,,
occupation_alias,CPX-OCC-PPM-020:07c1222a,needs_human_review,,,,,
occupation_alias,CPX-OCC-PPM-020:07c1222a,needs_human_review,,,,,
occupation_alias,CPX-OCC-PPM-020:07c1222a,needs_human_review,,,,,
occupation_alias,CPX-OCC-PPM-020:fe1c6aa8,needs_human_review,,,,,
occupation_alias,CPX-OCC-ENE-007:16f01a11,needs_human_review,,,,,
occupation_alias,CPX-OCC-ENE-003:0e8c1195,excluded_from_exact_matching,,,,,
occupation_alias,CPX-OCC-ENE-003:0e8c1195,excluded_from_exact_matching,,,,,
occupation_alias,CPX-OCC-BOP-010:9e2d53a1,needs_human_review,,,,,
occupation_alias,CPX-OCC-ENG-012:017d0268,needs_human_review,,,,,
occupation_alias,CPX-OCC-CBE-001:98bc247d,needs_human_review,,,,,
occupation_alias,CPX-OCC-CBE-011:1f4f8a4d,needs_human_review,,,,,
occupation_alias,CPX-OCC-ENG-010:089a3fd5,needs_human_review,,,,,
occupation_alias,CPX-OCC-ENG-010:089a3fd5,needs_human_review,,,,,
occupation_alias,CPX-OCC-ENG-010:089a3fd5,needs_human_review,,,,,
occupation_alias,CPX-OCC-BOP-010:ff9f3c84,needs_human_review,,,,,
occupation_alias,CPX-OCC-BOP-010:ff9f3c84,needs_human_review,,,,,
occupation_alias,CPX-OCC-BOP-010:ff9f3c84,needs_human_review,,,,,
occupation_alias,CPX-OCC-BOP-010:3915c83b,needs_human_review,,,,,
occupation_alias,CPX-OCC-ENE-007:8844cbf9,needs_human_review,,,,,
occupation_alias,CPX-OCC-ENE-007:8844cbf9,needs_human_review,,,,,
occupation_alias,CPX-OCC-CBE-009:9d10c97c,needs_human_review,,,,,
occupation_alias,CPX-OCC-ENG-012:1cd6305e,needs_human_review,,,,,
occupation_alias,CPX-OCC-ENG-011:85f45a1a,needs_human_review,,,,,
occupation_alias,CPX-OCC-ENG-011:85f45a1a,needs_human_review,,,,,
occupation_alias,CPX-OCC-PPM-012:e70e40aa,needs_human_review,,,,,
occupation_alias,CPX-OCC-ENG-011:aa7e839a,excluded_from_exact_matching,,,,,
occupation_alias,CPX-OCC-ENG-011:b4cc1981,needs_human_review,,,,,
occupation_alias,CPX-OCC-ENG-011:b4cc1981,needs_human_review,,,,,
occupation_alias,CPX-OCC-ENG-011:b4cc1981,needs_human_review,,,,,
occupation_alias,CPX-OCC-ENG-011:b4cc1981,needs_human_review,,,,,
occupation_alias,CPX-OCC-ENG-011:b4cc1981,needs_human_review,,,,,
occupation_alias,CPX-OCC-ENG-011:b4cc1981,needs_human_review,,,,,
occupation_alias,CPX-OCC-ENG-011:89b4bb27,needs_human_review,,,,,
occupation_alias,CPX-OCC-ENG-011:29155f86,excluded_from_exact_matching,,,,,
occupation_alias,CPX-OCC-ENG-011:06fe7001,needs_human_review,,,,,
occupation_alias,CPX-OCC-ENG-011:a89530de,needs_human_review,,,,,
occupation_alias,CPX-OCC-ENG-011:72e57268,needs_human_review,,,,,
occupation_alias,CPX-OCC-PPM-001:511c4b60,needs_human_review,,,,,
occupation_alias,CPX-OCC-ENG-011:dda16955,needs_human_review,,,,,
occupation_alias,CPX-OCC-ENG-011:732e2a75,needs_human_review,,,,,
occupation_alias,CPX-OCC-ENG-013:096a06e2,needs_human_review,,,,,
occupation_alias,CPX-OCC-ENG-013:096a06e2,needs_human_review,,,,,
occupation_alias,CPX-OCC-ENG-014:7116394a,needs_human_review,,,,,
occupation_alias,CPX-OCC-ENG-015:2de291de,needs_human_review,,,,,
occupation_alias,CPX-OCC-DDA-020:750cf9da,needs_human_review,,,,,
occupation_alias,CPX-OCC-DDA-002:220b34b2,needs_human_review,,,,,
occupation_alias,CPX-OCC-ENG-018:3a0328d3,needs_human_review,,,,,
occupation_alias,CPX-OCC-PPM-003:6ca6fa72,needs_human_review,,,,,
occupation_alias,CPX-OCC-ENE-012:500cfaf3,excluded_from_exact_matching,,,,,
occupation_alias,CPX-OCC-ENE-012:e1504c36,needs_human_review,,,,,
occupation_alias,CPX-OCC-ENE-002:506a8eb8,excluded_from_exact_matching,,,,,
occupation_alias,CPX-OCC-ENE-012:c33bad73,needs_human_review,,,,,
occupation_alias,CPX-OCC-ENE-001:257cdc76,needs_human_review,,,,,
occupation_alias,CPX-OCC-ENG-012:f4ed4af1,needs_human_review,,,,,
occupation_alias,CPX-OCC-ENG-001:de10874b,excluded_from_exact_matching,,,,,
occupation_alias,CPX-OCC-ENG-001:de10874b,excluded_from_exact_matching,,,,,
occupation_alias,CPX-OCC-ENG-001:de10874b,excluded_from_exact_matching,,,,,
occupation_alias,CPX-OCC-ENG-001:de10874b,excluded_from_exact_matching,,,,,
occupation_alias,CPX-OCC-ENG-001:de10874b,excluded_from_exact_matching,,,,,
occupation_alias,CPX-OCC-ENG-001:de10874b,excluded_from_exact_matching,,,,,
occupation_alias,CPX-OCC-ENG-001:de10874b,excluded_from_exact_matching,,,,,
occupation_alias,CPX-OCC-ENG-001:de10874b,excluded_from_exact_matching,,,,,
occupation_alias,CPX-OCC-ENG-001:de10874b,excluded_from_exact_matching,,,,,
occupation_alias,CPX-OCC-ENG-001:de10874b,excluded_from_exact_matching,,,,,
occupation_alias,CPX-OCC-ENG-001:de10874b,excluded_from_exact_matching,,,,,
occupation_alias,CPX-OCC-ENG-001:de10874b,excluded_from_exact_matching,,,,,
occupation_alias,CPX-OCC-ENG-001:de10874b,excluded_from_exact_matching,,,,,
occupation_alias,CPX-OCC-ENG-001:de10874b,excluded_from_exact_matching,,,,,
occupation_alias,CPX-OCC-ENG-001:de10874b,excluded_from_exact_matching,,,,,
occupation_alias,CPX-OCC-ENG-001:de10874b,excluded_from_exact_matching,,,,,
occupation_alias,CPX-OCC-ENG-001:de10874b,excluded_from_exact_matching,,,,,
occupation_alias,CPX-OCC-ENG-001:de10874b,excluded_from_exact_matching,,,,,
occupation_alias,CPX-OCC-ENG-001:de10874b,excluded_from_exact_matching,,,,,
occupation_alias,CPX-OCC-ENG-001:de10874b,excluded_from_exact_matching,,,,,
occupation_alias,CPX-OCC-ENG-001:de10874b,excluded_from_exact_matching,,,,,
occupation_alias,CPX-OCC-ENG-001:de10874b,excluded_from_exact_matching,,,,,
occupation_alias,CPX-OCC-ENG-001:de10874b,excluded_from_exact_matching,,,,,
occupation_alias,CPX-OCC-ENG-001:de10874b,excluded_from_exact_matching,,,,,
occupation_alias,CPX-OCC-ENG-001:de10874b,excluded_from_exact_matching,,,,,
occupation_alias,CPX-OCC-ENG-001:de10874b,excluded_from_exact_matching,,,,,
occupation_alias,CPX-OCC-ENG-001:de10874b,excluded_from_exact_matching,,,,,
occupation_alias,CPX-OCC-ENG-001:de10874b,excluded_from_exact_matching,,,,,
occupation_alias,CPX-OCC-ENG-001:de10874b,excluded_from_exact_matching,,,,,
occupation_alias,CPX-OCC-ENG-001:de10874b,excluded_from_exact_matching,,,,,
occupation_alias,CPX-OCC-ENG-001:de10874b,excluded_from_exact_matching,,,,,
occupation_alias,CPX-OCC-ENG-001:de10874b,excluded_from_exact_matching,,,,,
occupation_alias,CPX-OCC-ENG-001:de10874b,excluded_from_exact_matching,,,,,
occupation_alias,CPX-OCC-ENG-001:de10874b,excluded_from_exact_matching,,,,,
occupation_alias,CPX-OCC-ENG-001:de10874b,excluded_from_exact_matching,,,,,
occupation_alias,CPX-OCC-ENG-001:de10874b,excluded_from_exact_matching,,,,,
occupation_alias,CPX-OCC-ENG-001:de10874b,excluded_from_exact_matching,,,,,
occupation_alias,CPX-OCC-ENG-001:de10874b,excluded_from_exact_matching,,,,,
occupation_alias,CPX-OCC-ENG-001:de10874b,excluded_from_exact_matching,,,,,
occupation_alias,CPX-OCC-ENG-001:de10874b,excluded_from_exact_matching,,,,,
occupation_alias,CPX-OCC-ENG-001:de10874b,excluded_from_exact_matching,,,,,
occupation_alias,CPX-OCC-ENG-001:de10874b,excluded_from_exact_matching,,,,,
occupation_alias,CPX-OCC-ENG-001:de10874b,excluded_from_exact_matching,,,,,
occupation_alias,CPX-OCC-ENG-001:de10874b,excluded_from_exact_matching,,,,,
occupation_alias,CPX-OCC-ENG-001:de10874b,excluded_from_exact_matching,,,,,
occupation_alias,CPX-OCC-ENG-001:de10874b,excluded_from_exact_matching,,,,,
occupation_alias,CPX-OCC-ENG-001:de10874b,excluded_from_exact_matching,,,,,
occupation_alias,CPX-OCC-ENG-001:de10874b,excluded_from_exact_matching,,,,,
occupation_alias,CPX-OCC-ENG-001:de10874b,excluded_from_exact_matching,,,,,
occupation_alias,CPX-OCC-ENG-001:de10874b,excluded_from_exact_matching,,,,,
occupation_alias,CPX-OCC-ENG-001:de10874b,excluded_from_exact_matching,,,,,
occupation_alias,CPX-OCC-ENG-001:de10874b,excluded_from_exact_matching,,,,,
occupation_alias,CPX-OCC-ENG-001:de10874b,excluded_from_exact_matching,,,,,
occupation_alias,CPX-OCC-ENG-001:de10874b,excluded_from_exact_matching,,,,,
occupation_alias,CPX-OCC-ENG-001:de10874b,excluded_from_exact_matching,,,,,
occupation_alias,CPX-OCC-ENG-001:de10874b,excluded_from_exact_matching,,,,,
occupation_alias,CPX-OCC-ENG-001:de10874b,excluded_from_exact_matching,,,,,
occupation_alias,CPX-OCC-ENG-001:de10874b,excluded_from_exact_matching,,,,,
occupation_alias,CPX-OCC-ENG-001:de10874b,excluded_from_exact_matching,,,,,
occupation_alias,CPX-OCC-ENG-001:de10874b,excluded_from_exact_matching,,,,,
occupation_alias,CPX-OCC-ENG-001:de10874b,excluded_from_exact_matching,,,,,
occupation_alias,CPX-OCC-ENG-001:de10874b,excluded_from_exact_matching,,,,,
occupation_alias,CPX-OCC-ENG-001:de10874b,excluded_from_exact_matching,,,,,
occupation_alias,CPX-OCC-ENG-001:de10874b,excluded_from_exact_matching,,,,,
occupation_alias,CPX-OCC-ENG-001:de10874b,excluded_from_exact_matching,,,,,
occupation_alias,CPX-OCC-ENG-001:de10874b,excluded_from_exact_matching,,,,,
occupation_alias,CPX-OCC-ENG-001:de10874b,excluded_from_exact_matching,,,,,
occupation_alias,CPX-OCC-ENG-001:de10874b,excluded_from_exact_matching,,,,,
occupation_alias,CPX-OCC-ENG-001:de10874b,excluded_from_exact_matching,,,,,
occupation_alias,CPX-OCC-ENG-001:de10874b,excluded_from_exact_matching,,,,,
occupation_alias,CPX-OCC-ENG-001:de10874b,excluded_from_exact_matching,,,,,
occupation_alias,CPX-OCC-ENG-001:de10874b,excluded_from_exact_matching,,,,,
occupation_alias,CPX-OCC-ENG-001:de10874b,excluded_from_exact_matching,,,,,
occupation_alias,CPX-OCC-ENG-001:de10874b,excluded_from_exact_matching,,,,,
occupation_alias,CPX-OCC-ENG-001:de10874b,excluded_from_exact_matching,,,,,
occupation_alias,CPX-OCC-ENG-001:de10874b,excluded_from_exact_matching,,,,,
occupation_alias,CPX-OCC-ENG-001:de10874b,excluded_from_exact_matching,,,,,
occupation_alias,CPX-OCC-ENG-001:de10874b,excluded_from_exact_matching,,,,,
occupation_alias,CPX-OCC-ENG-001:de10874b,excluded_from_exact_matching,,,,,
occupation_alias,CPX-OCC-ENG-001:de10874b,excluded_from_exact_matching,,,,,
occupation_alias,CPX-OCC-ENG-001:de10874b,excluded_from_exact_matching,,,,,
occupation_alias,CPX-OCC-ENG-015:de10874b,excluded_from_exact_matching,,,,,
occupation_alias,CPX-OCC-ENG-015:de10874b,excluded_from_exact_matching,,,,,
occupation_alias,CPX-OCC-ENG-001:de10874b,excluded_from_exact_matching,,,,,
occupation_alias,CPX-OCC-ENG-001:de10874b,excluded_from_exact_matching,,,,,
occupation_alias,CPX-OCC-ENG-012:ede6111b,needs_human_review,,,,,
occupation_alias,CPX-OCC-ENG-018:06575215,excluded_from_exact_matching,,,,,
occupation_alias,CPX-OCC-ENG-018:06575215,excluded_from_exact_matching,,,,,
occupation_alias,CPX-OCC-ENG-018:06575215,excluded_from_exact_matching,,,,,
occupation_alias,CPX-OCC-ENG-018:06575215,excluded_from_exact_matching,,,,,
occupation_alias,CPX-OCC-ENG-018:06575215,excluded_from_exact_matching,,,,,
occupation_alias,CPX-OCC-ENG-018:9681e468,excluded_from_exact_matching,,,,,
occupation_alias,CPX-OCC-ENE-003:73c2c988,needs_human_review,,,,,
occupation_alias,CPX-OCC-CBE-011:57946538,needs_human_review,,,,,
occupation_alias,CPX-OCC-BOP-008:78533f0d,needs_human_review,,,,,
occupation_alias,CPX-OCC-ENG-001:cd6479cc,needs_human_review,,,,,
occupation_alias,CPX-OCC-PPM-007:116214c4,needs_human_review,,,,,
occupation_alias,CPX-OCC-ENG-018:8ff91496,needs_human_review,,,,,
occupation_alias,CPX-OCC-ENG-018:2383509e,needs_human_review,,,,,
occupation_alias,CPX-OCC-CBE-006:9bf60743,needs_human_review,,,,,
occupation_alias,CPX-OCC-CBE-013:2e6908f1,needs_human_review,,,,,
occupation_alias,CPX-OCC-CBE-013:b947721b,needs_human_review,,,,,
occupation_alias,CPX-OCC-CBE-013:200d3f99,excluded_from_exact_matching,,,,,
occupation_alias,CPX-OCC-PPM-001:ab9f2a1c,needs_human_review,,,,,
occupation_alias,CPX-OCC-CBE-013:1b1ae46b,needs_human_review,,,,,
occupation_alias,CPX-OCC-ENG-018:6d3a4f28,needs_human_review,,,,,
occupation_alias,CPX-OCC-BOP-001:1886cf87,needs_human_review,,,,,
occupation_alias,CPX-OCC-CBE-008:34f06da2,needs_human_review,,,,,
occupation_alias,CPX-OCC-ENE-010:04c8cf5f,needs_human_review,,,,,
occupation_alias,CPX-OCC-ENE-010:11cb05e4,needs_human_review,,,,,
occupation_alias,CPX-OCC-ENE-010:52b0ca65,needs_human_review,,,,,
occupation_alias,CPX-OCC-ENE-010:27b35c13,needs_human_review,,,,,
occupation_alias,CPX-OCC-ENE-010:dc4544a1,needs_human_review,,,,,
occupation_alias,CPX-OCC-ENE-010:191a254e,needs_human_review,,,,,
occupation_alias,CPX-OCC-DDA-016:57bea5ab,needs_human_review,,,,,
occupation_alias,CPX-OCC-PPM-004:5549532d,needs_human_review,,,,,
occupation_alias,CPX-OCC-BOP-008:4ac7f6ee,needs_human_review,,,,,
occupation_alias,CPX-OCC-CBE-009:7884ccb7,needs_human_review,,,,,
occupation_alias,CPX-OCC-CBE-009:da7dab02,needs_human_review,,,,,
occupation_alias,CPX-OCC-CBE-001:89655d5f,needs_human_review,,,,,
occupation_alias,CPX-OCC-CBE-001:3595fcea,needs_human_review,,,,,
occupation_alias,CPX-OCC-CBE-009:8c93d254,needs_human_review,,,,,
occupation_alias,CPX-OCC-CBE-009:ed3b03a7,needs_human_review,,,,,
occupation_alias,CPX-OCC-CBE-009:309b4251,needs_human_review,,,,,
occupation_alias,CPX-OCC-CBE-009:b0ee8b27,needs_human_review,,,,,
occupation_alias,CPX-OCC-ENG-012:dc51ec39,needs_human_review,,,,,
occupation_alias,CPX-OCC-PPM-003:91539e00,needs_human_review,,,,,
occupation_alias,CPX-OCC-BOP-001:502f4b9d,needs_human_review,,,,,
occupation_alias,CPX-OCC-BOP-010:0bc90ceb,needs_human_review,,,,,
occupation_alias,CPX-OCC-PPM-010:4c0767cd,needs_human_review,,,,,
occupation_alias,CPX-OCC-ENG-018:dcd41e03,needs_human_review,,,,,
occupation_alias,CPX-OCC-ENE-007:69341375,needs_human_review,,,,,
occupation_alias,CPX-OCC-ENG-018:56474167,needs_human_review,,,,,
occupation_alias,CPX-OCC-BOP-010:5d30e129,needs_human_review,,,,,
occupation_alias,CPX-OCC-CBE-001:cba21e80,needs_human_review,,,,,
occupation_alias,CPX-OCC-CBE-014:925675f5,needs_human_review,,,,,
occupation_alias,CPX-OCC-DDA-008:31fe3394,needs_human_review,,,,,
occupation_alias,CPX-OCC-ENG-018:4273efe7,needs_human_review,,,,,
occupation_alias,CPX-OCC-ENG-018:6da51eb4,needs_human_review,,,,,
occupation_alias,CPX-OCC-DDA-009:f3c912aa,needs_human_review,,,,,
occupation_alias,CPX-OCC-CBE-001:1f479b95,needs_human_review,,,,,
occupation_alias,CPX-OCC-DDA-003:abc929c1,excluded_from_exact_matching,,,,,
occupation_alias,CPX-OCC-DDA-003:de2ee687,needs_human_review,,,,,
occupation_alias,CPX-OCC-ENG-014:f1798eb3,needs_human_review,,,,,
occupation_alias,CPX-OCC-DDA-005:03999a27,needs_human_review,,,,,
occupation_alias,CPX-OCC-CBE-011:8c394b99,needs_human_review,,,,,
occupation_alias,CPX-OCC-BOP-001:8e054817,needs_human_review,,,,,
occupation_alias,CPX-OCC-BOP-001:4d853a2c,needs_human_review,,,,,
occupation_alias,CPX-OCC-ENG-009:391cb93e,needs_human_review,,,,,
occupation_alias,CPX-OCC-ENE-003:b8fe37a1,needs_human_review,,,,,
occupation_alias,CPX-OCC-ENE-014:d05108dc,needs_human_review,,,,,
occupation_alias,CPX-OCC-ENE-007:ca5ca0d0,needs_human_review,,,,,
occupation_alias,CPX-OCC-ENG-018:cf5239b2,needs_human_review,,,,,
occupation_alias,CPX-OCC-PPM-020:9d5091df,needs_human_review,,,,,
occupation_alias,CPX-OCC-ENG-012:a840e1de,needs_human_review,,,,,
occupation_alias,CPX-OCC-DDA-016:74b618b1,needs_human_review,,,,,
occupation_alias,CPX-OCC-ENG-004:6b242988,needs_human_review,,,,,
occupation_alias,CPX-OCC-ENG-004:2308b4c0,needs_human_review,,,,,
occupation_alias,CPX-OCC-BOP-001:2c23366b,needs_human_review,,,,,
occupation_alias,CPX-OCC-CBE-008:5169d2bc,needs_human_review,,,,,
occupation_alias,CPX-OCC-ENG-011:93ec0245,needs_human_review,,,,,
occupation_alias,CPX-OCC-ENG-013:ef4c6c81,needs_human_review,,,,,
occupation_alias,CPX-OCC-BOP-010:ceb31452,needs_human_review,,,,,
occupation_alias,CPX-OCC-ENG-018:0c8531f4,needs_human_review,,,,,
occupation_alias,CPX-OCC-ENG-011:9a044539,needs_human_review,,,,,
occupation_alias,CPX-OCC-CBE-009:5da6e8aa,needs_human_review,,,,,
occupation_alias,CPX-OCC-CBE-009:65d65d09,needs_human_review,,,,,
occupation_alias,CPX-OCC-CBE-009:5643f92a,needs_human_review,,,,,
occupation_alias,CPX-OCC-CBE-009:b1c2b2b7,needs_human_review,,,,,
occupation_alias,CPX-OCC-CBE-009:edaac277,needs_human_review,,,,,
occupation_alias,CPX-OCC-CBE-009:c0aea67e,needs_human_review,,,,,
occupation_alias,CPX-OCC-CBE-009:476eff70,needs_human_review,,,,,
occupation_alias,CPX-OCC-CBE-009:f186f0eb,needs_human_review,,,,,
occupation_alias,CPX-OCC-CBE-009:45aec6f3,needs_human_review,,,,,
occupation_alias,CPX-OCC-CBE-009:93dd2906,needs_human_review,,,,,
occupation_alias,CPX-OCC-BOP-010:d44c148a,needs_human_review,,,,,
occupation_alias,CPX-OCC-ENE-010:e2de737a,needs_human_review,,,,,
occupation_alias,CPX-OCC-ENE-007:9a8dfc57,needs_human_review,,,,,
occupation_alias,CPX-OCC-ENG-007:81270783,needs_human_review,,,,,
occupation_alias,CPX-OCC-ENG-007:d48b2f47,excluded_from_exact_matching,,,,,
occupation_alias,CPX-OCC-ENG-007:16a26a0e,needs_human_review,,,,,
occupation_alias,CPX-OCC-CBE-009:991a600d,needs_human_review,,,,,
occupation_alias,CPX-OCC-PPM-015:f21f7fa4,needs_human_review,,,,,
occupation_alias,CPX-OCC-BOP-010:5faf1280,needs_human_review,,,,,
occupation_alias,CPX-OCC-ENG-009:28b6c207,needs_human_review,,,,,
occupation_alias,CPX-OCC-PPM-005:748570bc,needs_human_review,,,,,
occupation_alias,CPX-OCC-PPM-016:c40f86d5,needs_human_review,,,,,
occupation_alias,CPX-OCC-BOP-001:46d35f3b,needs_human_review,,,,,
occupation_alias,CPX-OCC-PPM-001:61d3528f,needs_human_review,,,,,
occupation_alias,CPX-OCC-BOP-010:a8dba2d6,needs_human_review,,,,,
occupation_alias,CPX-OCC-CBE-009:a214688d,needs_human_review,,,,,
occupation_alias,CPX-OCC-BOP-010:6b5749e9,needs_human_review,,,,,
occupation_alias,CPX-OCC-PPM-001:65aa404e,needs_human_review,,,,,
occupation_alias,CPX-OCC-PPM-001:a9894e71,needs_human_review,,,,,
occupation_alias,CPX-OCC-PPM-001:a9894e71,needs_human_review,,,,,
occupation_alias,CPX-OCC-DDA-008:3e8457ef,needs_human_review,,,,,
occupation_alias,CPX-OCC-BOP-002:dc851fa7,needs_human_review,,,,,
occupation_alias,CPX-OCC-ENG-017:5cf60772,needs_human_review,,,,,
occupation_alias,CPX-OCC-ENG-016:34c34b85,needs_human_review,,,,,
occupation_alias,CPX-OCC-BOP-001:46ea4ec0,needs_human_review,,,,,
occupation_alias,CPX-OCC-BOP-007:1d0f5c18,needs_human_review,,,,,
occupation_alias,CPX-OCC-CBE-011:206e9583,needs_human_review,,,,,
occupation_alias,CPX-OCC-DDA-008:b540b8c7,needs_human_review,,,,,
occupation_alias,CPX-OCC-DDA-008:745f397e,needs_human_review,,,,,
occupation_alias,CPX-OCC-DDA-007:603834ff,needs_human_review,,,,,
occupation_alias,CPX-OCC-PPM-010:ea06869f,needs_human_review,,,,,
occupation_alias,CPX-OCC-DDA-016:caa5c37b,needs_human_review,,,,,
occupation_alias,CPX-OCC-PPM-017:23ba7126,needs_human_review,,,,,
occupation_alias,CPX-OCC-CBE-011:e34e5b68,needs_human_review,,,,,
occupation_alias,CPX-OCC-ENG-020:f1b563c3,needs_human_review,,,,,
occupation_alias,CPX-OCC-PPM-001:d0f70d49,needs_human_review,,,,,
occupation_alias,CPX-OCC-CBE-009:7d6d18ee,needs_human_review,,,,,
occupation_alias,CPX-OCC-CBE-009:cec70e92,needs_human_review,,,,,
occupation_alias,CPX-OCC-CBE-009:3f876ac8,needs_human_review,,,,,
occupation_alias,CPX-OCC-CBE-014:7f1ef951,needs_human_review,,,,,
occupation_alias,CPX-OCC-ENG-003:79d66a06,needs_human_review,,,,,
occupation_alias,CPX-OCC-ENG-015:8e42a720,needs_human_review,,,,,
occupation_alias,CPX-OCC-ENG-015:1befa7fb,needs_human_review,,,,,
occupation_alias,CPX-OCC-ENG-015:1befa7fb,needs_human_review,,,,,
occupation_alias,CPX-OCC-ENG-015:32f529e7,needs_human_review,,,,,
occupation_alias,CPX-OCC-CBE-001:3c780e1f,needs_human_review,,,,,
occupation_alias,CPX-OCC-CBE-011:6f75da75,needs_human_review,,,,,
occupation_alias,CPX-OCC-DDA-014:a6a56743,needs_human_review,,,,,
occupation_alias,CPX-OCC-DDA-014:a6a56743,needs_human_review,,,,,
occupation_alias,CPX-OCC-DDA-014:44125827,needs_human_review,,,,,
occupation_alias,CPX-OCC-DDA-002:2ce9921f,needs_human_review,,,,,
occupation_alias,CPX-OCC-CBE-001:69192105,needs_human_review,,,,,
occupation_alias,CPX-OCC-BOP-006:2eececca,needs_human_review,,,,,
occupation_alias,CPX-OCC-PPM-004:34049e5a,needs_human_review,,,,,
occupation_alias,CPX-OCC-PPM-004:fe53fafc,needs_human_review,,,,,
occupation_alias,CPX-OCC-CBE-011:279064dd,needs_human_review,,,,,
occupation_alias,CPX-OCC-BOP-002:0b623764,needs_human_review,,,,,
occupation_alias,CPX-OCC-PPM-016:3d9e8cf5,needs_human_review,,,,,
occupation_alias,CPX-OCC-PPM-015:8200b408,needs_human_review,,,,,
occupation_alias,CPX-OCC-ENG-020:1d74efda,needs_human_review,,,,,
occupation_alias,CPX-OCC-BOP-001:706225ef,needs_human_review,,,,,
occupation_alias,CPX-OCC-PPM-003:6da5574f,needs_human_review,,,,,
occupation_alias,CPX-OCC-PPM-005:0e7eae35,needs_human_review,,,,,
occupation_alias,CPX-OCC-PPM-001:5037364a,needs_human_review,,,,,
occupation_alias,CPX-OCC-DDA-008:bdcbe1f1,needs_human_review,,,,,
occupation_alias,CPX-OCC-PPM-010:40283f60,needs_human_review,,,,,
occupation_alias,CPX-OCC-DDA-008:08885815,needs_human_review,,,,,
occupation_alias,CPX-OCC-BOP-010:5a3f87cb,needs_human_review,,,,,
occupation_alias,CPX-OCC-BOP-010:f4e6b851,needs_human_review,,,,,
occupation_alias,CPX-OCC-ENG-014:e0249c94,needs_human_review,,,,,
occupation_alias,CPX-OCC-ENG-018:5a322780,needs_human_review,,,,,
occupation_alias,CPX-OCC-ENG-001:25b289b0,needs_human_review,,,,,
occupation_alias,CPX-OCC-CBE-002:2f77aa84,needs_human_review,,,,,
occupation_alias,CPX-OCC-CBE-011:b744d661,needs_human_review,,,,,
occupation_alias,CPX-OCC-CBE-001:b768c280,needs_human_review,,,,,
occupation_alias,CPX-OCC-ENG-018:c9d627d1,needs_human_review,,,,,
occupation_alias,CPX-OCC-ENG-018:807267b8,needs_human_review,,,,,
occupation_alias,CPX-OCC-ENG-018:b8b9749f,needs_human_review,,,,,
occupation_alias,CPX-OCC-ENG-018:7a1d1f60,needs_human_review,,,,,
occupation_alias,CPX-OCC-ENG-014:2453e187,needs_human_review,,,,,
occupation_alias,CPX-OCC-BOP-010:5e3f7ce4,needs_human_review,,,,,
occupation_alias,CPX-OCC-PPM-011:32be76cb,needs_human_review,,,,,
occupation_alias,CPX-OCC-ENG-018:beb77fab,needs_human_review,,,,,
occupation_alias,CPX-OCC-BOP-006:7c604512,needs_human_review,,,,,
occupation_alias,CPX-OCC-ENG-014:056e75fb,needs_human_review,,,,,
occupation_alias,CPX-OCC-BOP-006:e2fd5cbe,needs_human_review,,,,,
occupation_alias,CPX-OCC-BOP-001:bca3233e,needs_human_review,,,,,
occupation_alias,CPX-OCC-BOP-006:222899c1,needs_human_review,,,,,
occupation_alias,CPX-OCC-BOP-006:10b0d992,needs_human_review,,,,,
occupation_alias,CPX-OCC-ENG-018:82c4bfcd,needs_human_review,,,,,
occupation_alias,CPX-OCC-DDA-012:28472158,excluded_from_exact_matching,,,,,
occupation_alias,CPX-OCC-DDA-012:28472158,excluded_from_exact_matching,,,,,
occupation_alias,CPX-OCC-DDA-012:28472158,excluded_from_exact_matching,,,,,
occupation_alias,CPX-OCC-DDA-012:fc2352ce,needs_human_review,,,,,
occupation_alias,CPX-OCC-DDA-012:99a44ae5,needs_human_review,,,,,
occupation_alias,CPX-OCC-DDA-012:0c5f4e66,needs_human_review,,,,,
occupation_alias,CPX-OCC-DDA-012:0c5f4e66,needs_human_review,,,,,
occupation_alias,CPX-OCC-ENG-018:3cc301b3,needs_human_review,,,,,
occupation_alias,CPX-OCC-ENG-018:8fb54b69,needs_human_review,,,,,
occupation_alias,CPX-OCC-ENG-013:c0af310b,needs_human_review,,,,,
occupation_alias,CPX-OCC-ENG-011:e48da978,needs_human_review,,,,,
occupation_alias,CPX-OCC-ENG-016:112df468,excluded_from_exact_matching,,,,,
occupation_alias,CPX-OCC-ENG-016:112df468,excluded_from_exact_matching,,,,,
occupation_alias,CPX-OCC-ENG-016:112df468,excluded_from_exact_matching,,,,,
occupation_alias,CPX-OCC-ENG-016:112df468,excluded_from_exact_matching,,,,,
occupation_alias,CPX-OCC-ENG-016:112df468,excluded_from_exact_matching,,,,,
occupation_alias,CPX-OCC-ENG-016:112df468,excluded_from_exact_matching,,,,,
occupation_alias,CPX-OCC-ENG-016:112df468,excluded_from_exact_matching,,,,,
occupation_alias,CPX-OCC-ENG-016:112df468,excluded_from_exact_matching,,,,,
occupation_alias,CPX-OCC-ENG-016:112df468,excluded_from_exact_matching,,,,,
occupation_alias,CPX-OCC-ENG-016:112df468,excluded_from_exact_matching,,,,,
occupation_alias,CPX-OCC-ENG-016:112df468,excluded_from_exact_matching,,,,,
occupation_alias,CPX-OCC-ENG-016:112df468,excluded_from_exact_matching,,,,,
occupation_alias,CPX-OCC-ENG-016:112df468,excluded_from_exact_matching,,,,,
occupation_alias,CPX-OCC-ENG-016:112df468,excluded_from_exact_matching,,,,,
occupation_alias,CPX-OCC-PPM-013:9bd4be1e,needs_human_review,,,,,
occupation_alias,CPX-OCC-PPM-013:11bf06eb,needs_human_review,,,,,
occupation_alias,CPX-OCC-ENG-018:ae4e9493,needs_human_review,,,,,
occupation_alias,CPX-OCC-ENG-018:ae4e9493,needs_human_review,,,,,
occupation_alias,CPX-OCC-ENG-018:ae4e9493,needs_human_review,,,,,
occupation_alias,CPX-OCC-ENG-018:ae4e9493,needs_human_review,,,,,
occupation_alias,CPX-OCC-ENG-018:ae4e9493,needs_human_review,,,,,
occupation_alias,CPX-OCC-ENG-018:ae4e9493,needs_human_review,,,,,
occupation_alias,CPX-OCC-ENG-018:ae4e9493,needs_human_review,,,,,
occupation_alias,CPX-OCC-ENG-018:ae4e9493,needs_human_review,,,,,
occupation_alias,CPX-OCC-ENG-018:ae4e9493,needs_human_review,,,,,
occupation_alias,CPX-OCC-ENG-018:ae4e9493,needs_human_review,,,,,
occupation_alias,CPX-OCC-ENG-018:ae4e9493,needs_human_review,,,,,
occupation_alias,CPX-OCC-ENG-018:ae4e9493,needs_human_review,,,,,
occupation_alias,CPX-OCC-ENG-018:ae4e9493,needs_human_review,,,,,
occupation_alias,CPX-OCC-ENG-018:ae4e9493,needs_human_review,,,,,
occupation_alias,CPX-OCC-ENG-018:ae4e9493,needs_human_review,,,,,
occupation_alias,CPX-OCC-ENG-018:ae4e9493,needs_human_review,,,,,
occupation_alias,CPX-OCC-ENG-018:ae4e9493,needs_human_review,,,,,
occupation_alias,CPX-OCC-ENG-018:ae4e9493,needs_human_review,,,,,
occupation_alias,CPX-OCC-ENG-018:ae4e9493,needs_human_review,,,,,
occupation_alias,CPX-OCC-ENG-018:ae4e9493,needs_human_review,,,,,
occupation_alias,CPX-OCC-ENG-018:ae4e9493,needs_human_review,,,,,
occupation_alias,CPX-OCC-ENG-018:ae4e9493,needs_human_review,,,,,
occupation_alias,CPX-OCC-ENG-018:ae4e9493,needs_human_review,,,,,
occupation_alias,CPX-OCC-ENG-018:ae4e9493,needs_human_review,,,,,
occupation_alias,CPX-OCC-ENG-018:ae4e9493,needs_human_review,,,,,
occupation_alias,CPX-OCC-ENG-018:ae4e9493,needs_human_review,,,,,
occupation_alias,CPX-OCC-ENG-018:ae4e9493,needs_human_review,,,,,
occupation_alias,CPX-OCC-ENG-018:ae4e9493,needs_human_review,,,,,
occupation_alias,CPX-OCC-ENG-018:ae4e9493,needs_human_review,,,,,
occupation_alias,CPX-OCC-ENG-018:ae4e9493,needs_human_review,,,,,
occupation_alias,CPX-OCC-ENG-018:ae4e9493,needs_human_review,,,,,
occupation_alias,CPX-OCC-ENG-018:ae4e9493,needs_human_review,,,,,
occupation_alias,CPX-OCC-ENG-018:ae4e9493,needs_human_review,,,,,
occupation_alias,CPX-OCC-ENG-018:ae4e9493,needs_human_review,,,,,
occupation_alias,CPX-OCC-ENG-018:ae4e9493,needs_human_review,,,,,
occupation_alias,CPX-OCC-ENG-018:ae4e9493,needs_human_review,,,,,
occupation_alias,CPX-OCC-ENG-018:ae4e9493,needs_human_review,,,,,
occupation_alias,CPX-OCC-ENG-018:ae4e9493,needs_human_review,,,,,
occupation_alias,CPX-OCC-ENG-018:ae4e9493,needs_human_review,,,,,
occupation_alias,CPX-OCC-ENG-018:ae4e9493,needs_human_review,,,,,
occupation_alias,CPX-OCC-ENG-018:ae4e9493,needs_human_review,,,,,
occupation_alias,CPX-OCC-ENG-018:ae4e9493,needs_human_review,,,,,
occupation_alias,CPX-OCC-ENG-018:ae4e9493,needs_human_review,,,,,
occupation_alias,CPX-OCC-ENG-018:ae4e9493,needs_human_review,,,,,
occupation_alias,CPX-OCC-ENG-018:ae4e9493,needs_human_review,,,,,
occupation_alias,CPX-OCC-ENG-018:ae4e9493,needs_human_review,,,,,
occupation_alias,CPX-OCC-ENG-018:ae4e9493,needs_human_review,,,,,
occupation_alias,CPX-OCC-ENG-018:ae4e9493,needs_human_review,,,,,
occupation_alias,CPX-OCC-ENG-018:ae4e9493,needs_human_review,,,,,
occupation_alias,CPX-OCC-ENG-018:ae4e9493,needs_human_review,,,,,
occupation_alias,CPX-OCC-ENG-018:ae4e9493,needs_human_review,,,,,
occupation_alias,CPX-OCC-ENG-018:ae4e9493,needs_human_review,,,,,
occupation_alias,CPX-OCC-ENG-018:ae4e9493,needs_human_review,,,,,
occupation_alias,CPX-OCC-ENG-018:ae4e9493,needs_human_review,,,,,
occupation_alias,CPX-OCC-ENG-018:ae4e9493,needs_human_review,,,,,
occupation_alias,CPX-OCC-ENG-018:ae4e9493,needs_human_review,,,,,
occupation_alias,CPX-OCC-ENG-018:ae4e9493,needs_human_review,,,,,
occupation_alias,CPX-OCC-ENG-018:ae4e9493,needs_human_review,,,,,
occupation_alias,CPX-OCC-ENG-018:ae4e9493,needs_human_review,,,,,
occupation_alias,CPX-OCC-ENG-018:ae4e9493,needs_human_review,,,,,
occupation_alias,CPX-OCC-ENG-018:ae4e9493,needs_human_review,,,,,
occupation_alias,CPX-OCC-ENG-018:ae4e9493,needs_human_review,,,,,
occupation_alias,CPX-OCC-ENG-018:ae4e9493,needs_human_review,,,,,
occupation_alias,CPX-OCC-ENG-018:ae4e9493,needs_human_review,,,,,
occupation_alias,CPX-OCC-ENG-018:ae4e9493,needs_human_review,,,,,
occupation_alias,CPX-OCC-ENG-018:ae4e9493,needs_human_review,,,,,
occupation_alias,CPX-OCC-ENG-018:ae4e9493,needs_human_review,,,,,
occupation_alias,CPX-OCC-ENG-018:ae4e9493,needs_human_review,,,,,
occupation_alias,CPX-OCC-ENG-018:ae4e9493,needs_human_review,,,,,
occupation_alias,CPX-OCC-ENG-018:ae4e9493,needs_human_review,,,,,
occupation_alias,CPX-OCC-ENG-018:ae4e9493,needs_human_review,,,,,
occupation_alias,CPX-OCC-ENG-018:ae4e9493,needs_human_review,,,,,
occupation_alias,CPX-OCC-ENG-018:ae4e9493,needs_human_review,,,,,
occupation_alias,CPX-OCC-ENG-018:ae4e9493,needs_human_review,,,,,
occupation_alias,CPX-OCC-ENG-018:ae4e9493,needs_human_review,,,,,
occupation_alias,CPX-OCC-ENG-018:ae4e9493,needs_human_review,,,,,
occupation_alias,CPX-OCC-ENG-018:ae4e9493,needs_human_review,,,,,
occupation_alias,CPX-OCC-ENG-018:ae4e9493,needs_human_review,,,,,
occupation_alias,CPX-OCC-ENG-018:ae4e9493,needs_human_review,,,,,
occupation_alias,CPX-OCC-ENG-018:ae4e9493,needs_human_review,,,,,
occupation_alias,CPX-OCC-ENG-018:ae4e9493,needs_human_review,,,,,
occupation_alias,CPX-OCC-ENG-018:ae4e9493,needs_human_review,,,,,
occupation_alias,CPX-OCC-ENG-018:ae4e9493,needs_human_review,,,,,
occupation_alias,CPX-OCC-ENG-018:ae4e9493,needs_human_review,,,,,
occupation_alias,CPX-OCC-ENG-018:ae4e9493,needs_human_review,,,,,
occupation_alias,CPX-OCC-ENG-018:ae4e9493,needs_human_review,,,,,
occupation_alias,CPX-OCC-ENG-018:ae4e9493,needs_human_review,,,,,
occupation_alias,CPX-OCC-ENG-018:ae4e9493,needs_human_review,,,,,
occupation_alias,CPX-OCC-ENG-018:ae4e9493,needs_human_review,,,,,
occupation_alias,CPX-OCC-ENG-018:ae4e9493,needs_human_review,,,,,
occupation_alias,CPX-OCC-ENG-018:ae4e9493,needs_human_review,,,,,
occupation_alias,CPX-OCC-ENG-018:ae4e9493,needs_human_review,,,,,
occupation_alias,CPX-OCC-ENG-018:ae4e9493,needs_human_review,,,,,
occupation_alias,CPX-OCC-ENG-018:ae4e9493,needs_human_review,,,,,
occupation_alias,CPX-OCC-ENG-018:ae4e9493,needs_human_review,,,,,
occupation_alias,CPX-OCC-ENG-018:ae4e9493,needs_human_review,,,,,
occupation_alias,CPX-OCC-ENG-018:ae4e9493,needs_human_review,,,,,
occupation_alias,CPX-OCC-ENG-018:ae4e9493,needs_human_review,,,,,
occupation_alias,CPX-OCC-ENG-018:ae4e9493,needs_human_review,,,,,
occupation_alias,CPX-OCC-ENG-018:ae4e9493,needs_human_review,,,,,
occupation_alias,CPX-OCC-ENG-018:ae4e9493,needs_human_review,,,,,
occupation_alias,CPX-OCC-ENG-018:ae4e9493,needs_human_review,,,,,
occupation_alias,CPX-OCC-ENG-018:ae4e9493,needs_human_review,,,,,
occupation_alias,CPX-OCC-ENG-018:ae4e9493,needs_human_review,,,,,
occupation_alias,CPX-OCC-ENG-018:ae4e9493,needs_human_review,,,,,
occupation_alias,CPX-OCC-ENG-018:ae4e9493,needs_human_review,,,,,
occupation_alias,CPX-OCC-ENG-018:ae4e9493,needs_human_review,,,,,
occupation_alias,CPX-OCC-ENG-018:ae4e9493,needs_human_review,,,,,
occupation_alias,CPX-OCC-ENG-018:ae4e9493,needs_human_review,,,,,
occupation_alias,CPX-OCC-ENG-018:ae4e9493,needs_human_review,,,,,
occupation_alias,CPX-OCC-ENG-018:ae4e9493,needs_human_review,,,,,
occupation_alias,CPX-OCC-ENG-018:ae4e9493,needs_human_review,,,,,
occupation_alias,CPX-OCC-ENG-018:ae4e9493,needs_human_review,,,,,
occupation_alias,CPX-OCC-ENG-018:ae4e9493,needs_human_review,,,,,
occupation_alias,CPX-OCC-ENG-018:ae4e9493,needs_human_review,,,,,
occupation_alias,CPX-OCC-ENG-018:ae4e9493,needs_human_review,,,,,
occupation_alias,CPX-OCC-ENG-018:ae4e9493,needs_human_review,,,,,
occupation_alias,CPX-OCC-ENG-018:ae4e9493,needs_human_review,,,,,
occupation_alias,CPX-OCC-ENG-018:ae4e9493,needs_human_review,,,,,
occupation_alias,CPX-OCC-ENG-018:ae4e9493,needs_human_review,,,,,
occupation_alias,CPX-OCC-ENG-018:ae4e9493,needs_human_review,,,,,
occupation_alias,CPX-OCC-ENG-018:ae4e9493,needs_human_review,,,,,
occupation_alias,CPX-OCC-ENG-018:ae4e9493,needs_human_review,,,,,
occupation_alias,CPX-OCC-ENG-018:ae4e9493,needs_human_review,,,,,
occupation_alias,CPX-OCC-ENG-018:ae4e9493,needs_human_review,,,,,
occupation_alias,CPX-OCC-ENG-018:ae4e9493,needs_human_review,,,,,
occupation_alias,CPX-OCC-ENG-018:ae4e9493,needs_human_review,,,,,
occupation_alias,CPX-OCC-ENG-018:ae4e9493,needs_human_review,,,,,
occupation_alias,CPX-OCC-ENG-018:ae4e9493,needs_human_review,,,,,
occupation_alias,CPX-OCC-ENG-018:ae4e9493,needs_human_review,,,,,
occupation_alias,CPX-OCC-ENG-018:ae4e9493,needs_human_review,,,,,
occupation_alias,CPX-OCC-ENG-018:ae4e9493,needs_human_review,,,,,
occupation_alias,CPX-OCC-ENG-018:ae4e9493,needs_human_review,,,,,
occupation_alias,CPX-OCC-ENG-018:ae4e9493,needs_human_review,,,,,
occupation_alias,CPX-OCC-ENG-018:ae4e9493,needs_human_review,,,,,
occupation_alias,CPX-OCC-ENG-018:ae4e9493,needs_human_review,,,,,
occupation_alias,CPX-OCC-ENG-018:ae4e9493,needs_human_review,,,,,
occupation_alias,CPX-OCC-ENG-018:ae4e9493,needs_human_review,,,,,
occupation_alias,CPX-OCC-ENG-018:ae4e9493,needs_human_review,,,,,
occupation_alias,CPX-OCC-ENG-018:ae4e9493,needs_human_review,,,,,
occupation_alias,CPX-OCC-ENG-018:ae4e9493,needs_human_review,,,,,
occupation_alias,CPX-OCC-ENG-018:ae4e9493,needs_human_review,,,,,
occupation_alias,CPX-OCC-ENG-018:ae4e9493,needs_human_review,,,,,
occupation_alias,CPX-OCC-ENG-018:ae4e9493,needs_human_review,,,,,
occupation_alias,CPX-OCC-ENG-018:ae4e9493,needs_human_review,,,,,
occupation_alias,CPX-OCC-ENG-018:ae4e9493,needs_human_review,,,,,
occupation_alias,CPX-OCC-ENG-018:ae4e9493,needs_human_review,,,,,
occupation_alias,CPX-OCC-ENG-018:ae4e9493,needs_human_review,,,,,
occupation_alias,CPX-OCC-ENG-018:ae4e9493,needs_human_review,,,,,
occupation_alias,CPX-OCC-ENG-018:ae4e9493,needs_human_review,,,,,
occupation_alias,CPX-OCC-ENG-018:ae4e9493,needs_human_review,,,,,
occupation_alias,CPX-OCC-ENG-018:ae4e9493,needs_human_review,,,,,
occupation_alias,CPX-OCC-ENG-018:ae4e9493,needs_human_review,,,,,
occupation_alias,CPX-OCC-ENG-018:ae4e9493,needs_human_review,,,,,
occupation_alias,CPX-OCC-ENG-018:ae4e9493,needs_human_review,,,,,
occupation_alias,CPX-OCC-ENG-018:ae4e9493,needs_human_review,,,,,
occupation_alias,CPX-OCC-ENG-018:ae4e9493,needs_human_review,,,,,
occupation_alias,CPX-OCC-ENG-018:ae4e9493,needs_human_review,,,,,
occupation_alias,CPX-OCC-ENG-018:ae4e9493,needs_human_review,,,,,
occupation_alias,CPX-OCC-ENG-018:ae4e9493,needs_human_review,,,,,
occupation_alias,CPX-OCC-ENG-018:ae4e9493,needs_human_review,,,,,
occupation_alias,CPX-OCC-ENG-018:ae4e9493,needs_human_review,,,,,
occupation_alias,CPX-OCC-ENG-018:ae4e9493,needs_human_review,,,,,
occupation_alias,CPX-OCC-ENG-018:ae4e9493,needs_human_review,,,,,
occupation_alias,CPX-OCC-ENG-018:ae4e9493,needs_human_review,,,,,
occupation_alias,CPX-OCC-ENG-018:ae4e9493,needs_human_review,,,,,
occupation_alias,CPX-OCC-ENG-018:ae4e9493,needs_human_review,,,,,
occupation_alias,CPX-OCC-ENG-018:ae4e9493,needs_human_review,,,,,
occupation_alias,CPX-OCC-ENG-018:ae4e9493,needs_human_review,,,,,
occupation_alias,CPX-OCC-ENG-018:ae4e9493,needs_human_review,,,,,
occupation_alias,CPX-OCC-ENG-018:ae4e9493,needs_human_review,,,,,
occupation_alias,CPX-OCC-ENG-018:ae4e9493,needs_human_review,,,,,
occupation_alias,CPX-OCC-ENG-018:ae4e9493,needs_human_review,,,,,
occupation_alias,CPX-OCC-ENG-018:ae4e9493,needs_human_review,,,,,
occupation_alias,CPX-OCC-ENG-018:ae4e9493,needs_human_review,,,,,
occupation_alias,CPX-OCC-ENG-018:ae4e9493,needs_human_review,,,,,
occupation_alias,CPX-OCC-ENG-018:ae4e9493,needs_human_review,,,,,
occupation_alias,CPX-OCC-ENG-018:ae4e9493,needs_human_review,,,,,
occupation_alias,CPX-OCC-ENG-018:ae4e9493,needs_human_review,,,,,
occupation_alias,CPX-OCC-ENG-018:ae4e9493,needs_human_review,,,,,
occupation_alias,CPX-OCC-ENG-018:ae4e9493,needs_human_review,,,,,
occupation_alias,CPX-OCC-ENG-018:ae4e9493,needs_human_review,,,,,
occupation_alias,CPX-OCC-ENG-018:ae4e9493,needs_human_review,,,,,
occupation_alias,CPX-OCC-ENG-018:ae4e9493,needs_human_review,,,,,
occupation_alias,CPX-OCC-ENG-018:ae4e9493,needs_human_review,,,,,
occupation_alias,CPX-OCC-ENG-018:ae4e9493,needs_human_review,,,,,
occupation_alias,CPX-OCC-ENG-018:ae4e9493,needs_human_review,,,,,
occupation_alias,CPX-OCC-ENG-018:ae4e9493,needs_human_review,,,,,
occupation_alias,CPX-OCC-ENG-018:ae4e9493,needs_human_review,,,,,
occupation_alias,CPX-OCC-ENG-018:ae4e9493,needs_human_review,,,,,
occupation_alias,CPX-OCC-ENG-018:ae4e9493,needs_human_review,,,,,
occupation_alias,CPX-OCC-ENG-018:ae4e9493,needs_human_review,,,,,
occupation_alias,CPX-OCC-ENG-018:ae4e9493,needs_human_review,,,,,
occupation_alias,CPX-OCC-ENG-018:ae4e9493,needs_human_review,,,,,
occupation_alias,CPX-OCC-ENG-018:ae4e9493,needs_human_review,,,,,
occupation_alias,CPX-OCC-ENG-018:ae4e9493,needs_human_review,,,,,
occupation_alias,CPX-OCC-ENG-018:ae4e9493,needs_human_review,,,,,
occupation_alias,CPX-OCC-ENG-018:ae4e9493,needs_human_review,,,,,
occupation_alias,CPX-OCC-ENG-018:ae4e9493,needs_human_review,,,,,
occupation_alias,CPX-OCC-ENG-018:ae4e9493,needs_human_review,,,,,
occupation_alias,CPX-OCC-ENG-018:ae4e9493,needs_human_review,,,,,
occupation_alias,CPX-OCC-ENG-018:ae4e9493,needs_human_review,,,,,
occupation_alias,CPX-OCC-ENG-018:ae4e9493,needs_human_review,,,,,
occupation_alias,CPX-OCC-ENG-018:ae4e9493,needs_human_review,,,,,
occupation_alias,CPX-OCC-ENG-018:ae4e9493,needs_human_review,,,,,
occupation_alias,CPX-OCC-ENG-018:ae4e9493,needs_human_review,,,,,
occupation_alias,CPX-OCC-ENG-018:ae4e9493,needs_human_review,,,,,
occupation_alias,CPX-OCC-ENG-018:ae4e9493,needs_human_review,,,,,
occupation_alias,CPX-OCC-ENG-018:ae4e9493,needs_human_review,,,,,
occupation_alias,CPX-OCC-ENG-018:ae4e9493,needs_human_review,,,,,
occupation_alias,CPX-OCC-ENG-018:ae4e9493,needs_human_review,,,,,
occupation_alias,CPX-OCC-ENG-018:ae4e9493,needs_human_review,,,,,
occupation_alias,CPX-OCC-ENG-018:ae4e9493,needs_human_review,,,,,
occupation_alias,CPX-OCC-ENG-018:ae4e9493,needs_human_review,,,,,
occupation_alias,CPX-OCC-ENG-018:ae4e9493,needs_human_review,,,,,
occupation_alias,CPX-OCC-ENG-018:ae4e9493,needs_human_review,,,,,
occupation_alias,CPX-OCC-ENG-018:ae4e9493,needs_human_review,,,,,
occupation_alias,CPX-OCC-ENG-018:ae4e9493,needs_human_review,,,,,
occupation_alias,CPX-OCC-DDA-017:9ba391b7,needs_human_review,,,,,
occupation_alias,CPX-OCC-ENG-018:8109b98c,needs_human_review,,,,,
occupation_alias,CPX-OCC-CBE-003:9524e51a,needs_human_review,,,,,
occupation_alias,CPX-OCC-DDA-020:bea9be85,needs_human_review,,,,,
occupation_alias,CPX-OCC-ENG-014:cd155cab,excluded_from_exact_matching,,,,,
occupation_alias,CPX-OCC-ENG-012:c894b6b6,needs_human_review,,,,,
occupation_alias,CPX-OCC-DDA-020:dcb5facf,excluded_from_exact_matching,,,,,
occupation_alias,CPX-OCC-ENG-018:6477815d,needs_human_review,,,,,
occupation_alias,CPX-OCC-ENG-018:f938cbc8,needs_human_review,,,,,
occupation_alias,CPX-OCC-BOP-002:11ac90d5,needs_human_review,,,,,
occupation_alias,CPX-OCC-DDA-017:0104daf2,excluded_from_exact_matching,,,,,
occupation_alias,CPX-OCC-BOP-001:2b376f87,needs_human_review,,,,,
occupation_alias,CPX-OCC-PPM-017:fb0c284b,needs_human_review,,,,,
occupation_alias,CPX-OCC-PPM-017:fb0c284b,needs_human_review,,,,,
occupation_alias,CPX-OCC-PPM-017:fb0c284b,needs_human_review,,,,,
occupation_alias,CPX-OCC-PPM-017:fb0c284b,needs_human_review,,,,,
occupation_alias,CPX-OCC-PPM-017:fb0c284b,needs_human_review,,,,,
occupation_alias,CPX-OCC-PPM-017:fb0c284b,needs_human_review,,,,,
occupation_alias,CPX-OCC-PPM-017:fb0c284b,needs_human_review,,,,,
occupation_alias,CPX-OCC-PPM-017:fb0c284b,needs_human_review,,,,,
occupation_alias,CPX-OCC-PPM-017:fb0c284b,needs_human_review,,,,,
occupation_alias,CPX-OCC-PPM-017:fb0c284b,needs_human_review,,,,,
occupation_alias,CPX-OCC-CBE-014:1133b891,needs_human_review,,,,,
occupation_alias,CPX-OCC-ENG-003:8c9cbc88,needs_human_review,,,,,
occupation_alias,CPX-OCC-ENG-011:01f52170,needs_human_review,,,,,
occupation_alias,CPX-OCC-ENG-011:01f52170,needs_human_review,,,,,
occupation_alias,CPX-OCC-ENG-011:01f52170,needs_human_review,,,,,
occupation_alias,CPX-OCC-CBE-007:bdb177db,needs_human_review,,,,,
occupation_alias,CPX-OCC-ENG-013:5f7aacab,needs_human_review,,,,,
occupation_alias,CPX-OCC-ENG-013:0aa45f02,needs_human_review,,,,,
occupation_alias,CPX-OCC-ENG-013:2b8a0d3d,needs_human_review,,,,,
occupation_alias,CPX-OCC-ENG-013:2b8a0d3d,needs_human_review,,,,,
occupation_alias,CPX-OCC-ENG-013:2b8a0d3d,needs_human_review,,,,,
occupation_alias,CPX-OCC-ENG-013:2b8a0d3d,needs_human_review,,,,,
occupation_alias,CPX-OCC-ENG-013:2b8a0d3d,needs_human_review,,,,,
occupation_alias,CPX-OCC-ENG-013:2b8a0d3d,needs_human_review,,,,,
occupation_alias,CPX-OCC-DDA-009:087cd244,needs_human_review,,,,,
occupation_alias,CPX-OCC-ENG-013:ffc8ef58,excluded_from_exact_matching,,,,,
occupation_alias,CPX-OCC-ENG-013:983027a5,needs_human_review,,,,,
occupation_alias,CPX-OCC-ENG-013:d161d94e,needs_human_review,,,,,
occupation_alias,CPX-OCC-ENG-013:2fabe43b,needs_human_review,,,,,
occupation_alias,CPX-OCC-ENG-013:8ac3b92a,needs_human_review,,,,,
occupation_alias,CPX-OCC-ENG-019:92ff0c49,needs_human_review,,,,,
occupation_alias,CPX-OCC-PPM-003:2b863404,needs_human_review,,,,,
occupation_alias,CPX-OCC-BOP-001:ea08365a,needs_human_review,,,,,
occupation_alias,CPX-OCC-ENE-014:d445b09d,needs_human_review,,,,,
occupation_alias,CPX-OCC-ENE-014:d445b09d,needs_human_review,,,,,
occupation_alias,CPX-OCC-ENG-019:e3621365,needs_human_review,,,,,
occupation_alias,CPX-OCC-ENG-011:d1de37e7,needs_human_review,,,,,
occupation_alias,CPX-OCC-ENG-013:52543dba,needs_human_review,,,,,
occupation_alias,CPX-OCC-ENG-004:c50991a4,needs_human_review,,,,,
occupation_alias,CPX-OCC-ENG-004:643565bd,needs_human_review,,,,,
occupation_alias,CPX-OCC-ENG-014:f9e55d25,needs_human_review,,,,,
occupation_alias,CPX-OCC-ENE-007:b475badb,needs_human_review,,,,,
occupation_alias,CPX-OCC-ENE-007:b475badb,needs_human_review,,,,,
occupation_alias,CPX-OCC-ENG-018:50b2ad3e,needs_human_review,,,,,
occupation_alias,CPX-OCC-ENG-018:c8fe08e7,needs_human_review,,,,,
occupation_alias,CPX-OCC-BOP-010:bd34f982,needs_human_review,,,,,
occupation_alias,CPX-OCC-PPM-003:af67d5a4,needs_human_review,,,,,
occupation_alias,CPX-OCC-CBE-011:ae6a4613,needs_human_review,,,,,
occupation_alias,CPX-OCC-DDA-007:703a71af,needs_human_review,,,,,
occupation_alias,CPX-OCC-CBE-011:8348e7b4,needs_human_review,,,,,
occupation_alias,CPX-OCC-ENE-010:8c28deb7,needs_human_review,,,,,
occupation_alias,CPX-OCC-ENG-018:ad2732c9,needs_human_review,,,,,
occupation_alias,CPX-OCC-BOP-001:759dd291,needs_human_review,,,,,
occupation_alias,CPX-OCC-DDA-008:b2621939,needs_human_review,,,,,
occupation_alias,CPX-OCC-ENG-014:d13b9ccd,needs_human_review,,,,,
occupation_alias,CPX-OCC-ENG-015:d3bd5956,needs_human_review,,,,,
occupation_alias,CPX-OCC-ENG-015:d3bd5956,needs_human_review,,,,,
occupation_alias,CPX-OCC-ENG-012:379124c6,needs_human_review,,,,,
occupation_alias,CPX-OCC-CBE-009:e94e7e3c,needs_human_review,,,,,
occupation_alias,CPX-OCC-CBE-009:3763075e,needs_human_review,,,,,
occupation_alias,CPX-OCC-CBE-009:c4ad64d5,needs_human_review,,,,,
occupation_alias,CPX-OCC-ENG-018:dcaf265b,needs_human_review,,,,,
occupation_alias,CPX-OCC-PPM-014:8ec3a8fd,needs_human_review,,,,,
occupation_alias,CPX-OCC-PPM-014:8ec3a8fd,needs_human_review,,,,,
occupation_alias,CPX-OCC-PPM-014:8ec3a8fd,needs_human_review,,,,,
occupation_alias,CPX-OCC-DDA-016:7054d1bb,needs_human_review,,,,,
occupation_alias,CPX-OCC-BOP-001:babcb63f,needs_human_review,,,,,
occupation_alias,CPX-OCC-PPM-010:f4e7b12d,needs_human_review,,,,,
occupation_alias,CPX-OCC-PPM-015:27d21647,needs_human_review,,,,,
occupation_alias,CPX-OCC-BOP-001:93da0fb9,needs_human_review,,,,,
occupation_alias,CPX-OCC-BOP-001:93da0fb9,needs_human_review,,,,,
occupation_alias,CPX-OCC-BOP-001:93da0fb9,needs_human_review,,,,,
occupation_alias,CPX-OCC-BOP-001:93da0fb9,needs_human_review,,,,,
occupation_alias,CPX-OCC-BOP-001:93da0fb9,needs_human_review,,,,,
occupation_alias,CPX-OCC-BOP-001:93da0fb9,needs_human_review,,,,,
occupation_alias,CPX-OCC-BOP-001:93da0fb9,needs_human_review,,,,,
occupation_alias,CPX-OCC-BOP-001:93da0fb9,needs_human_review,,,,,
occupation_alias,CPX-OCC-BOP-001:93da0fb9,needs_human_review,,,,,
occupation_alias,CPX-OCC-BOP-001:93da0fb9,needs_human_review,,,,,
occupation_alias,CPX-OCC-BOP-001:93da0fb9,needs_human_review,,,,,
occupation_alias,CPX-OCC-BOP-001:93da0fb9,needs_human_review,,,,,
occupation_alias,CPX-OCC-BOP-001:93da0fb9,needs_human_review,,,,,
occupation_alias,CPX-OCC-BOP-001:93da0fb9,needs_human_review,,,,,
occupation_alias,CPX-OCC-BOP-001:93da0fb9,needs_human_review,,,,,
occupation_alias,CPX-OCC-BOP-001:93da0fb9,needs_human_review,,,,,
occupation_alias,CPX-OCC-BOP-001:93da0fb9,needs_human_review,,,,,
occupation_alias,CPX-OCC-BOP-001:93da0fb9,needs_human_review,,,,,
occupation_alias,CPX-OCC-BOP-001:93da0fb9,needs_human_review,,,,,
occupation_alias,CPX-OCC-BOP-001:93da0fb9,needs_human_review,,,,,
occupation_alias,CPX-OCC-BOP-001:93da0fb9,needs_human_review,,,,,
occupation_alias,CPX-OCC-BOP-001:93da0fb9,needs_human_review,,,,,
occupation_alias,CPX-OCC-BOP-001:93da0fb9,needs_human_review,,,,,
occupation_alias,CPX-OCC-BOP-001:93da0fb9,needs_human_review,,,,,
occupation_alias,CPX-OCC-BOP-001:93da0fb9,needs_human_review,,,,,
occupation_alias,CPX-OCC-BOP-001:93da0fb9,needs_human_review,,,,,
occupation_alias,CPX-OCC-BOP-001:93da0fb9,needs_human_review,,,,,
occupation_alias,CPX-OCC-BOP-001:93da0fb9,needs_human_review,,,,,
occupation_alias,CPX-OCC-BOP-001:93da0fb9,needs_human_review,,,,,
occupation_alias,CPX-OCC-ENE-012:edd8ae11,needs_human_review,,,,,
occupation_alias,CPX-OCC-BOP-001:e27d751b,needs_human_review,,,,,
occupation_alias,CPX-OCC-PPM-018:622f06cb,excluded_from_exact_matching,,,,,
occupation_alias,CPX-OCC-PPM-018:622f06cb,excluded_from_exact_matching,,,,,
occupation_alias,CPX-OCC-PPM-018:622f06cb,excluded_from_exact_matching,,,,,
occupation_alias,CPX-OCC-PPM-018:622f06cb,excluded_from_exact_matching,,,,,
occupation_alias,CPX-OCC-PPM-018:622f06cb,excluded_from_exact_matching,,,,,
occupation_alias,CPX-OCC-PPM-018:622f06cb,excluded_from_exact_matching,,,,,
occupation_alias,CPX-OCC-PPM-018:622f06cb,excluded_from_exact_matching,,,,,
occupation_alias,CPX-OCC-PPM-018:622f06cb,excluded_from_exact_matching,,,,,
occupation_alias,CPX-OCC-PPM-018:622f06cb,excluded_from_exact_matching,,,,,
occupation_alias,CPX-OCC-PPM-018:622f06cb,excluded_from_exact_matching,,,,,
occupation_alias,CPX-OCC-PPM-018:622f06cb,excluded_from_exact_matching,,,,,
occupation_alias,CPX-OCC-PPM-018:622f06cb,excluded_from_exact_matching,,,,,
occupation_alias,CPX-OCC-PPM-018:622f06cb,excluded_from_exact_matching,,,,,
occupation_alias,CPX-OCC-PPM-018:622f06cb,excluded_from_exact_matching,,,,,
occupation_alias,CPX-OCC-PPM-018:622f06cb,excluded_from_exact_matching,,,,,
occupation_alias,CPX-OCC-PPM-018:622f06cb,excluded_from_exact_matching,,,,,
occupation_alias,CPX-OCC-PPM-018:622f06cb,excluded_from_exact_matching,,,,,
occupation_alias,CPX-OCC-PPM-018:622f06cb,excluded_from_exact_matching,,,,,
occupation_alias,CPX-OCC-PPM-018:622f06cb,excluded_from_exact_matching,,,,,
occupation_alias,CPX-OCC-PPM-018:622f06cb,excluded_from_exact_matching,,,,,
occupation_alias,CPX-OCC-PPM-018:622f06cb,excluded_from_exact_matching,,,,,
occupation_alias,CPX-OCC-PPM-018:622f06cb,excluded_from_exact_matching,,,,,
occupation_alias,CPX-OCC-PPM-018:622f06cb,excluded_from_exact_matching,,,,,
occupation_alias,CPX-OCC-PPM-018:622f06cb,excluded_from_exact_matching,,,,,
occupation_alias,CPX-OCC-PPM-018:622f06cb,excluded_from_exact_matching,,,,,
occupation_alias,CPX-OCC-PPM-018:622f06cb,excluded_from_exact_matching,,,,,
occupation_alias,CPX-OCC-PPM-018:622f06cb,excluded_from_exact_matching,,,,,
occupation_alias,CPX-OCC-PPM-018:622f06cb,excluded_from_exact_matching,,,,,
occupation_alias,CPX-OCC-PPM-018:622f06cb,excluded_from_exact_matching,,,,,
occupation_alias,CPX-OCC-PPM-018:622f06cb,excluded_from_exact_matching,,,,,
occupation_alias,CPX-OCC-PPM-018:622f06cb,excluded_from_exact_matching,,,,,
occupation_alias,CPX-OCC-PPM-018:622f06cb,excluded_from_exact_matching,,,,,
occupation_alias,CPX-OCC-PPM-018:622f06cb,excluded_from_exact_matching,,,,,
occupation_alias,CPX-OCC-PPM-018:622f06cb,excluded_from_exact_matching,,,,,
occupation_alias,CPX-OCC-PPM-018:622f06cb,excluded_from_exact_matching,,,,,
occupation_alias,CPX-OCC-PPM-018:622f06cb,excluded_from_exact_matching,,,,,
occupation_alias,CPX-OCC-BOP-010:622f06cb,excluded_from_exact_matching,,,,,
occupation_alias,CPX-OCC-PPM-018:622f06cb,excluded_from_exact_matching,,,,,
occupation_alias,CPX-OCC-PPM-018:622f06cb,excluded_from_exact_matching,,,,,
occupation_alias,CPX-OCC-PPM-018:622f06cb,excluded_from_exact_matching,,,,,
occupation_alias,CPX-OCC-PPM-018:622f06cb,excluded_from_exact_matching,,,,,
occupation_alias,CPX-OCC-PPM-018:622f06cb,excluded_from_exact_matching,,,,,
occupation_alias,CPX-OCC-PPM-018:622f06cb,excluded_from_exact_matching,,,,,
occupation_alias,CPX-OCC-PPM-018:622f06cb,excluded_from_exact_matching,,,,,
occupation_alias,CPX-OCC-PPM-018:622f06cb,excluded_from_exact_matching,,,,,
occupation_alias,CPX-OCC-PPM-018:622f06cb,excluded_from_exact_matching,,,,,
occupation_alias,CPX-OCC-PPM-018:622f06cb,excluded_from_exact_matching,,,,,
occupation_alias,CPX-OCC-PPM-018:622f06cb,excluded_from_exact_matching,,,,,
occupation_alias,CPX-OCC-PPM-018:622f06cb,excluded_from_exact_matching,,,,,
occupation_alias,CPX-OCC-PPM-018:622f06cb,excluded_from_exact_matching,,,,,
occupation_alias,CPX-OCC-PPM-018:622f06cb,excluded_from_exact_matching,,,,,
occupation_alias,CPX-OCC-PPM-018:622f06cb,excluded_from_exact_matching,,,,,
occupation_alias,CPX-OCC-PPM-018:622f06cb,excluded_from_exact_matching,,,,,
occupation_alias,CPX-OCC-PPM-018:622f06cb,excluded_from_exact_matching,,,,,
occupation_alias,CPX-OCC-PPM-018:622f06cb,excluded_from_exact_matching,,,,,
occupation_alias,CPX-OCC-PPM-018:622f06cb,excluded_from_exact_matching,,,,,
occupation_alias,CPX-OCC-PPM-018:622f06cb,excluded_from_exact_matching,,,,,
occupation_alias,CPX-OCC-PPM-018:622f06cb,excluded_from_exact_matching,,,,,
occupation_alias,CPX-OCC-PPM-018:622f06cb,excluded_from_exact_matching,,,,,
occupation_alias,CPX-OCC-PPM-018:622f06cb,excluded_from_exact_matching,,,,,
occupation_alias,CPX-OCC-PPM-018:622f06cb,excluded_from_exact_matching,,,,,
occupation_alias,CPX-OCC-PPM-018:622f06cb,excluded_from_exact_matching,,,,,
occupation_alias,CPX-OCC-PPM-018:622f06cb,excluded_from_exact_matching,,,,,
occupation_alias,CPX-OCC-PPM-018:622f06cb,excluded_from_exact_matching,,,,,
occupation_alias,CPX-OCC-PPM-018:622f06cb,excluded_from_exact_matching,,,,,
occupation_alias,CPX-OCC-PPM-018:622f06cb,excluded_from_exact_matching,,,,,
occupation_alias,CPX-OCC-PPM-018:622f06cb,excluded_from_exact_matching,,,,,
occupation_alias,CPX-OCC-PPM-018:622f06cb,excluded_from_exact_matching,,,,,
occupation_alias,CPX-OCC-PPM-018:622f06cb,excluded_from_exact_matching,,,,,
occupation_alias,CPX-OCC-PPM-018:622f06cb,excluded_from_exact_matching,,,,,
occupation_alias,CPX-OCC-PPM-018:622f06cb,excluded_from_exact_matching,,,,,
occupation_alias,CPX-OCC-PPM-018:622f06cb,excluded_from_exact_matching,,,,,
occupation_alias,CPX-OCC-PPM-018:622f06cb,excluded_from_exact_matching,,,,,
occupation_alias,CPX-OCC-PPM-018:622f06cb,excluded_from_exact_matching,,,,,
occupation_alias,CPX-OCC-PPM-018:622f06cb,excluded_from_exact_matching,,,,,
occupation_alias,CPX-OCC-PPM-018:622f06cb,excluded_from_exact_matching,,,,,
occupation_alias,CPX-OCC-PPM-018:622f06cb,excluded_from_exact_matching,,,,,
occupation_alias,CPX-OCC-PPM-018:622f06cb,excluded_from_exact_matching,,,,,
occupation_alias,CPX-OCC-PPM-018:622f06cb,excluded_from_exact_matching,,,,,
occupation_alias,CPX-OCC-PPM-018:622f06cb,excluded_from_exact_matching,,,,,
occupation_alias,CPX-OCC-PPM-018:622f06cb,excluded_from_exact_matching,,,,,
occupation_alias,CPX-OCC-PPM-018:622f06cb,excluded_from_exact_matching,,,,,
occupation_alias,CPX-OCC-PPM-018:622f06cb,excluded_from_exact_matching,,,,,
occupation_alias,CPX-OCC-PPM-018:622f06cb,excluded_from_exact_matching,,,,,
occupation_alias,CPX-OCC-PPM-018:622f06cb,excluded_from_exact_matching,,,,,
occupation_alias,CPX-OCC-PPM-018:622f06cb,excluded_from_exact_matching,,,,,
occupation_alias,CPX-OCC-PPM-018:622f06cb,excluded_from_exact_matching,,,,,
occupation_alias,CPX-OCC-PPM-018:622f06cb,excluded_from_exact_matching,,,,,
occupation_alias,CPX-OCC-PPM-018:622f06cb,excluded_from_exact_matching,,,,,
occupation_alias,CPX-OCC-PPM-018:622f06cb,excluded_from_exact_matching,,,,,
occupation_alias,CPX-OCC-PPM-018:622f06cb,excluded_from_exact_matching,,,,,
occupation_alias,CPX-OCC-PPM-018:622f06cb,excluded_from_exact_matching,,,,,
occupation_alias,CPX-OCC-PPM-018:622f06cb,excluded_from_exact_matching,,,,,
occupation_alias,CPX-OCC-PPM-018:622f06cb,excluded_from_exact_matching,,,,,
occupation_alias,CPX-OCC-PPM-018:622f06cb,excluded_from_exact_matching,,,,,
occupation_alias,CPX-OCC-PPM-018:622f06cb,excluded_from_exact_matching,,,,,
occupation_alias,CPX-OCC-PPM-018:622f06cb,excluded_from_exact_matching,,,,,
occupation_alias,CPX-OCC-PPM-018:622f06cb,excluded_from_exact_matching,,,,,
occupation_alias,CPX-OCC-PPM-018:622f06cb,excluded_from_exact_matching,,,,,
occupation_alias,CPX-OCC-PPM-018:622f06cb,excluded_from_exact_matching,,,,,
occupation_alias,CPX-OCC-PPM-018:622f06cb,excluded_from_exact_matching,,,,,
occupation_alias,CPX-OCC-PPM-018:622f06cb,excluded_from_exact_matching,,,,,
occupation_alias,CPX-OCC-PPM-018:622f06cb,excluded_from_exact_matching,,,,,
occupation_alias,CPX-OCC-PPM-018:622f06cb,excluded_from_exact_matching,,,,,
occupation_alias,CPX-OCC-PPM-018:622f06cb,excluded_from_exact_matching,,,,,
occupation_alias,CPX-OCC-PPM-018:622f06cb,excluded_from_exact_matching,,,,,
occupation_alias,CPX-OCC-PPM-018:622f06cb,excluded_from_exact_matching,,,,,
occupation_alias,CPX-OCC-PPM-018:622f06cb,excluded_from_exact_matching,,,,,
occupation_alias,CPX-OCC-PPM-018:622f06cb,excluded_from_exact_matching,,,,,
occupation_alias,CPX-OCC-PPM-018:622f06cb,excluded_from_exact_matching,,,,,
occupation_alias,CPX-OCC-PPM-018:622f06cb,excluded_from_exact_matching,,,,,
occupation_alias,CPX-OCC-PPM-018:622f06cb,excluded_from_exact_matching,,,,,
occupation_alias,CPX-OCC-PPM-018:622f06cb,excluded_from_exact_matching,,,,,
occupation_alias,CPX-OCC-PPM-018:622f06cb,excluded_from_exact_matching,,,,,
occupation_alias,CPX-OCC-PPM-018:622f06cb,excluded_from_exact_matching,,,,,
occupation_alias,CPX-OCC-PPM-018:622f06cb,excluded_from_exact_matching,,,,,
occupation_alias,CPX-OCC-PPM-018:622f06cb,excluded_from_exact_matching,,,,,
occupation_alias,CPX-OCC-PPM-018:622f06cb,excluded_from_exact_matching,,,,,
occupation_alias,CPX-OCC-PPM-018:622f06cb,excluded_from_exact_matching,,,,,
occupation_alias,CPX-OCC-PPM-018:622f06cb,excluded_from_exact_matching,,,,,
occupation_alias,CPX-OCC-PPM-018:622f06cb,excluded_from_exact_matching,,,,,
occupation_alias,CPX-OCC-PPM-018:622f06cb,excluded_from_exact_matching,,,,,
occupation_alias,CPX-OCC-PPM-018:622f06cb,excluded_from_exact_matching,,,,,
occupation_alias,CPX-OCC-PPM-018:622f06cb,excluded_from_exact_matching,,,,,
occupation_alias,CPX-OCC-PPM-018:622f06cb,excluded_from_exact_matching,,,,,
occupation_alias,CPX-OCC-PPM-018:622f06cb,excluded_from_exact_matching,,,,,
occupation_alias,CPX-OCC-PPM-018:622f06cb,excluded_from_exact_matching,,,,,
occupation_alias,CPX-OCC-PPM-018:622f06cb,excluded_from_exact_matching,,,,,
occupation_alias,CPX-OCC-PPM-018:622f06cb,excluded_from_exact_matching,,,,,
occupation_alias,CPX-OCC-PPM-018:622f06cb,excluded_from_exact_matching,,,,,
occupation_alias,CPX-OCC-PPM-018:622f06cb,excluded_from_exact_matching,,,,,
occupation_alias,CPX-OCC-PPM-018:622f06cb,excluded_from_exact_matching,,,,,
occupation_alias,CPX-OCC-PPM-018:622f06cb,excluded_from_exact_matching,,,,,
occupation_alias,CPX-OCC-PPM-018:622f06cb,excluded_from_exact_matching,,,,,
occupation_alias,CPX-OCC-PPM-018:622f06cb,excluded_from_exact_matching,,,,,
occupation_alias,CPX-OCC-PPM-018:622f06cb,excluded_from_exact_matching,,,,,
occupation_alias,CPX-OCC-PPM-018:622f06cb,excluded_from_exact_matching,,,,,
occupation_alias,CPX-OCC-PPM-018:622f06cb,excluded_from_exact_matching,,,,,
occupation_alias,CPX-OCC-PPM-018:622f06cb,excluded_from_exact_matching,,,,,
occupation_alias,CPX-OCC-PPM-018:622f06cb,excluded_from_exact_matching,,,,,
occupation_alias,CPX-OCC-PPM-018:622f06cb,excluded_from_exact_matching,,,,,
occupation_alias,CPX-OCC-PPM-018:622f06cb,excluded_from_exact_matching,,,,,
occupation_alias,CPX-OCC-PPM-018:622f06cb,excluded_from_exact_matching,,,,,
occupation_alias,CPX-OCC-PPM-018:622f06cb,excluded_from_exact_matching,,,,,
occupation_alias,CPX-OCC-PPM-018:622f06cb,excluded_from_exact_matching,,,,,
occupation_alias,CPX-OCC-PPM-018:622f06cb,excluded_from_exact_matching,,,,,
occupation_alias,CPX-OCC-PPM-018:622f06cb,excluded_from_exact_matching,,,,,
occupation_alias,CPX-OCC-PPM-018:622f06cb,excluded_from_exact_matching,,,,,
occupation_alias,CPX-OCC-PPM-018:622f06cb,excluded_from_exact_matching,,,,,
occupation_alias,CPX-OCC-PPM-018:622f06cb,excluded_from_exact_matching,,,,,
occupation_alias,CPX-OCC-PPM-018:622f06cb,excluded_from_exact_matching,,,,,
occupation_alias,CPX-OCC-PPM-018:622f06cb,excluded_from_exact_matching,,,,,
occupation_alias,CPX-OCC-PPM-018:622f06cb,excluded_from_exact_matching,,,,,
occupation_alias,CPX-OCC-PPM-018:622f06cb,excluded_from_exact_matching,,,,,
occupation_alias,CPX-OCC-PPM-018:622f06cb,excluded_from_exact_matching,,,,,
occupation_alias,CPX-OCC-PPM-018:622f06cb,excluded_from_exact_matching,,,,,
occupation_alias,CPX-OCC-PPM-018:622f06cb,excluded_from_exact_matching,,,,,
occupation_alias,CPX-OCC-PPM-018:622f06cb,excluded_from_exact_matching,,,,,
occupation_alias,CPX-OCC-PPM-018:622f06cb,excluded_from_exact_matching,,,,,
occupation_alias,CPX-OCC-PPM-018:622f06cb,excluded_from_exact_matching,,,,,
occupation_alias,CPX-OCC-ENE-007:a5f90560,needs_human_review,,,,,
occupation_alias,CPX-OCC-ENE-007:32dc08f2,needs_human_review,,,,,
occupation_alias,CPX-OCC-ENG-018:230c7517,needs_human_review,,,,,
occupation_alias,CPX-OCC-ENE-007:324cba04,needs_human_review,,,,,
occupation_alias,CPX-OCC-ENG-013:2b50e47f,needs_human_review,,,,,
occupation_alias,CPX-OCC-PPM-015:bb577383,needs_human_review,,,,,
occupation_alias,CPX-OCC-BOP-010:e55c7170,needs_human_review,,,,,
occupation_alias,CPX-OCC-ENG-018:7f26ac14,needs_human_review,,,,,
occupation_alias,CPX-OCC-DDA-008:617641fb,needs_human_review,,,,,
occupation_alias,CPX-OCC-ENG-014:f7106a0f,needs_human_review,,,,,
occupation_alias,CPX-OCC-ENG-018:d1073360,needs_human_review,,,,,
occupation_alias,CPX-OCC-PPM-001:27bc9137,needs_human_review,,,,,
occupation_alias,CPX-OCC-PPM-006:f50f7c2c,excluded_from_exact_matching,,,,,
occupation_alias,CPX-OCC-PPM-006:f50f7c2c,excluded_from_exact_matching,,,,,
occupation_alias,CPX-OCC-PPM-006:f50f7c2c,excluded_from_exact_matching,,,,,
occupation_alias,CPX-OCC-PPM-006:f50f7c2c,excluded_from_exact_matching,,,,,
occupation_alias,CPX-OCC-PPM-007:ee4dcef7,excluded_from_exact_matching,,,,,
occupation_alias,CPX-OCC-CBE-001:be097f88,needs_human_review,,,,,
occupation_alias,CPX-OCC-ENE-007:bb0562d2,needs_human_review,,,,,
occupation_alias,CPX-OCC-ENE-007:1f85dfec,needs_human_review,,,,,
occupation_alias,CPX-OCC-ENG-016:f0c0e57d,excluded_from_exact_matching,,,,,
occupation_alias,CPX-OCC-ENE-007:2b8f0771,needs_human_review,,,,,
occupation_alias,CPX-OCC-ENE-007:2b8f0771,needs_human_review,,,,,
occupation_alias,CPX-OCC-ENE-007:2b8f0771,needs_human_review,,,,,
occupation_alias,CPX-OCC-ENE-007:2b8f0771,needs_human_review,,,,,
occupation_alias,CPX-OCC-ENE-007:2b8f0771,needs_human_review,,,,,
occupation_alias,CPX-OCC-ENE-007:2b8f0771,needs_human_review,,,,,
occupation_alias,CPX-OCC-ENE-007:2b8f0771,needs_human_review,,,,,
occupation_alias,CPX-OCC-ENE-007:2b8f0771,needs_human_review,,,,,
occupation_alias,CPX-OCC-ENE-007:2b8f0771,needs_human_review,,,,,
occupation_alias,CPX-OCC-ENE-007:2b8f0771,needs_human_review,,,,,
occupation_alias,CPX-OCC-ENE-007:2b8f0771,needs_human_review,,,,,
occupation_alias,CPX-OCC-ENE-007:2b8f0771,needs_human_review,,,,,
occupation_alias,CPX-OCC-ENE-007:2b8f0771,needs_human_review,,,,,
occupation_alias,CPX-OCC-ENE-007:2b8f0771,needs_human_review,,,,,
occupation_alias,CPX-OCC-ENE-007:2b8f0771,needs_human_review,,,,,
occupation_alias,CPX-OCC-ENE-007:2b8f0771,needs_human_review,,,,,
occupation_alias,CPX-OCC-ENE-007:2b8f0771,needs_human_review,,,,,
occupation_alias,CPX-OCC-ENE-007:2b8f0771,needs_human_review,,,,,
occupation_alias,CPX-OCC-CBE-001:633a485d,needs_human_review,,,,,
occupation_alias,CPX-OCC-CBE-011:2341ade0,needs_human_review,,,,,
occupation_alias,CPX-OCC-ENE-007:67b6160b,needs_human_review,,,,,
occupation_alias,CPX-OCC-PPM-013:1a8a5464,needs_human_review,,,,,
occupation_alias,CPX-OCC-PPM-014:a9dd8cf7,needs_human_review,,,,,
occupation_alias,CPX-OCC-BOP-001:d8181123,needs_human_review,,,,,
occupation_alias,CPX-OCC-PPM-004:2c4774a2,needs_human_review,,,,,
occupation_alias,CPX-OCC-PPM-004:2c4774a2,needs_human_review,,,,,
occupation_alias,CPX-OCC-PPM-004:2c4774a2,needs_human_review,,,,,
occupation_alias,CPX-OCC-PPM-004:2c4774a2,needs_human_review,,,,,
occupation_alias,CPX-OCC-BOP-001:92f74d10,needs_human_review,,,,,
occupation_alias,CPX-OCC-ENG-012:fdb12f0e,needs_human_review,,,,,
occupation_alias,CPX-OCC-ENG-012:38ed7aa0,needs_human_review,,,,,
occupation_alias,CPX-OCC-ENE-007:fea57b65,needs_human_review,,,,,
occupation_alias,CPX-OCC-ENE-007:623118b7,needs_human_review,,,,,
occupation_alias,CPX-OCC-ENE-007:fcd09209,needs_human_review,,,,,
occupation_alias,CPX-OCC-ENE-007:1a257a90,needs_human_review,,,,,
occupation_alias,CPX-OCC-ENG-012:fbd44d05,needs_human_review,,,,,
occupation_alias,CPX-OCC-ENE-007:a720bece,needs_human_review,,,,,
occupation_alias,CPX-OCC-ENG-012:d0bdb379,needs_human_review,,,,,
occupation_alias,CPX-OCC-ENG-012:72e2961b,needs_human_review,,,,,
occupation_alias,CPX-OCC-ENG-012:72e2961b,needs_human_review,,,,,
occupation_alias,CPX-OCC-DDA-002:cace6a4d,needs_human_review,,,,,
occupation_alias,CPX-OCC-CBE-011:8dc893ba,needs_human_review,,,,,
occupation_alias,CPX-OCC-ENG-015:dafee46a,needs_human_review,,,,,
occupation_alias,CPX-OCC-ENE-010:0a03e755,needs_human_review,,,,,
occupation_alias,CPX-OCC-ENE-010:0a03e755,needs_human_review,,,,,
occupation_alias,CPX-OCC-BOP-003:caafa6e9,needs_human_review,,,,,
occupation_alias,CPX-OCC-BOP-003:4f19f945,excluded_from_exact_matching,,,,,
occupation_alias,CPX-OCC-BOP-005:222b166e,needs_human_review,,,,,
occupation_alias,CPX-OCC-BOP-005:adc27a46,needs_human_review,,,,,
occupation_alias,CPX-OCC-CBE-011:6d30eb99,needs_human_review,,,,,
occupation_alias,CPX-OCC-ENG-011:6607dbfd,needs_human_review,,,,,
occupation_alias,CPX-OCC-DDA-017:2038b9cc,needs_human_review,,,,,
occupation_alias,CPX-OCC-DDA-017:7d6b8e38,needs_human_review,,,,,
occupation_alias,CPX-OCC-DDA-017:7d6b8e38,needs_human_review,,,,,
occupation_alias,CPX-OCC-DDA-017:7d6b8e38,needs_human_review,,,,,
occupation_alias,CPX-OCC-DDA-017:7d6b8e38,needs_human_review,,,,,
occupation_alias,CPX-OCC-DDA-017:7d6b8e38,needs_human_review,,,,,
occupation_alias,CPX-OCC-DDA-017:7d6b8e38,needs_human_review,,,,,
occupation_alias,CPX-OCC-DDA-017:7d6b8e38,needs_human_review,,,,,
occupation_alias,CPX-OCC-DDA-017:045ec6f2,needs_human_review,,,,,
occupation_alias,CPX-OCC-PPM-007:25ca6ff5,needs_human_review,,,,,
occupation_alias,CPX-OCC-ENG-015:14d30620,needs_human_review,,,,,
occupation_alias,CPX-OCC-ENG-018:13e6f739,needs_human_review,,,,,
occupation_alias,CPX-OCC-PPM-003:cd40b4a9,needs_human_review,,,,,
occupation_alias,CPX-OCC-PPM-020:c29b3b63,excluded_from_exact_matching,,,,,
occupation_alias,CPX-OCC-PPM-020:c29b3b63,excluded_from_exact_matching,,,,,
occupation_alias,CPX-OCC-PPM-003:4e651e00,needs_human_review,,,,,
occupation_alias,CPX-OCC-PPM-003:4e651e00,needs_human_review,,,,,
occupation_alias,CPX-OCC-PPM-003:4e651e00,needs_human_review,,,,,
occupation_alias,CPX-OCC-PPM-003:4e651e00,needs_human_review,,,,,
occupation_alias,CPX-OCC-PPM-003:4e651e00,needs_human_review,,,,,
occupation_alias,CPX-OCC-PPM-003:6617118c,needs_human_review,,,,,
occupation_alias,CPX-OCC-PPM-013:72c3ea41,needs_human_review,,,,,
occupation_alias,CPX-OCC-CBE-011:0b85ff24,excluded_from_exact_matching,,,,,
occupation_alias,CPX-OCC-ENG-018:52a32cdf,needs_human_review,,,,,
occupation_alias,CPX-OCC-PPM-005:94600cc9,excluded_from_exact_matching,,,,,
occupation_alias,CPX-OCC-PPM-005:94600cc9,excluded_from_exact_matching,,,,,
occupation_alias,CPX-OCC-PPM-005:94600cc9,excluded_from_exact_matching,,,,,
occupation_alias,CPX-OCC-PPM-005:94600cc9,excluded_from_exact_matching,,,,,
occupation_alias,CPX-OCC-PPM-005:94600cc9,excluded_from_exact_matching,,,,,
occupation_alias,CPX-OCC-PPM-005:94600cc9,excluded_from_exact_matching,,,,,
occupation_alias,CPX-OCC-PPM-005:94600cc9,excluded_from_exact_matching,,,,,
occupation_alias,CPX-OCC-PPM-005:94600cc9,excluded_from_exact_matching,,,,,
occupation_alias,CPX-OCC-PPM-005:94600cc9,excluded_from_exact_matching,,,,,
occupation_alias,CPX-OCC-PPM-001:c111459e,needs_human_review,,,,,
occupation_alias,CPX-OCC-PPM-001:c111459e,needs_human_review,,,,,
occupation_alias,CPX-OCC-ENG-019:d74e4480,excluded_from_exact_matching,,,,,
occupation_alias,CPX-OCC-ENG-019:d74e4480,excluded_from_exact_matching,,,,,
occupation_alias,CPX-OCC-ENG-019:d74e4480,excluded_from_exact_matching,,,,,
occupation_alias,CPX-OCC-ENG-019:d74e4480,excluded_from_exact_matching,,,,,
occupation_alias,CPX-OCC-ENG-019:d74e4480,excluded_from_exact_matching,,,,,
occupation_alias,CPX-OCC-ENG-019:d74e4480,excluded_from_exact_matching,,,,,
occupation_alias,CPX-OCC-ENG-018:e5e9fab6,needs_human_review,,,,,
occupation_alias,CPX-OCC-ENG-018:1d88e2b7,needs_human_review,,,,,
occupation_alias,CPX-OCC-ENG-018:80bfbb8b,excluded_from_exact_matching,,,,,
occupation_alias,CPX-OCC-PPM-001:29907afa,needs_human_review,,,,,
occupation_alias,CPX-OCC-PPM-001:b5a9bf96,needs_human_review,,,,,
occupation_alias,CPX-OCC-PPM-001:2336b438,needs_human_review,,,,,
occupation_alias,CPX-OCC-PPM-001:99069c6a,needs_human_review,,,,,
occupation_alias,CPX-OCC-PPM-001:a9a554cd,needs_human_review,,,,,
occupation_alias,CPX-OCC-PPM-001:a9a554cd,needs_human_review,,,,,
occupation_alias,CPX-OCC-PPM-001:a9a554cd,needs_human_review,,,,,
occupation_alias,CPX-OCC-PPM-001:a9a554cd,needs_human_review,,,,,
occupation_alias,CPX-OCC-PPM-001:a9a554cd,needs_human_review,,,,,
occupation_alias,CPX-OCC-PPM-001:a9a554cd,needs_human_review,,,,,
occupation_alias,CPX-OCC-PPM-001:a9a554cd,needs_human_review,,,,,
occupation_alias,CPX-OCC-PPM-001:a9a554cd,needs_human_review,,,,,
occupation_alias,CPX-OCC-PPM-001:a9a554cd,needs_human_review,,,,,
occupation_alias,CPX-OCC-PPM-001:a9a554cd,needs_human_review,,,,,
occupation_alias,CPX-OCC-PPM-001:a9a554cd,needs_human_review,,,,,
occupation_alias,CPX-OCC-PPM-001:a9a554cd,needs_human_review,,,,,
occupation_alias,CPX-OCC-PPM-001:a9a554cd,needs_human_review,,,,,
occupation_alias,CPX-OCC-PPM-014:312224db,needs_human_review,,,,,
occupation_alias,CPX-OCC-PPM-006:8c8dbf00,needs_human_review,,,,,
occupation_alias,CPX-OCC-PPM-001:946d8a55,needs_human_review,,,,,
occupation_alias,CPX-OCC-PPM-001:9044d70c,needs_human_review,,,,,
occupation_alias,CPX-OCC-ENG-018:511ad110,needs_human_review,,,,,
occupation_alias,CPX-OCC-PPM-011:1807999f,needs_human_review,,,,,
occupation_alias,CPX-OCC-BOP-010:7b783f01,needs_human_review,,,,,
occupation_alias,CPX-OCC-PPM-012:060d6134,needs_human_review,,,,,
occupation_alias,CPX-OCC-BOP-005:e4494424,needs_human_review,,,,,
occupation_alias,CPX-OCC-BOP-007:e36ffc9c,needs_human_review,,,,,
occupation_alias,CPX-OCC-BOP-007:7b9adbb7,needs_human_review,,,,,
occupation_alias,CPX-OCC-BOP-007:09f788f0,needs_human_review,,,,,
occupation_alias,CPX-OCC-DDA-009:a0e62712,needs_human_review,,,,,
occupation_alias,CPX-OCC-ENG-015:8eb6d9cd,needs_human_review,,,,,
occupation_alias,CPX-OCC-BOP-007:e4f5cc35,needs_human_review,,,,,
occupation_alias,CPX-OCC-BOP-007:4f6c9bd2,needs_human_review,,,,,
occupation_alias,CPX-OCC-ENG-018:530a0b82,needs_human_review,,,,,
occupation_alias,CPX-OCC-ENG-018:ff563a81,needs_human_review,,,,,
occupation_alias,CPX-OCC-BOP-007:089ee325,needs_human_review,,,,,
occupation_alias,CPX-OCC-BOP-007:be6b4722,needs_human_review,,,,,
occupation_alias,CPX-OCC-BOP-007:be6b4722,needs_human_review,,,,,
occupation_alias,CPX-OCC-ENG-014:c3d03fa2,needs_human_review,,,,,
occupation_alias,CPX-OCC-BOP-007:5b12071a,needs_human_review,,,,,
occupation_alias,CPX-OCC-CBE-003:f6e9d30c,needs_human_review,,,,,
occupation_alias,CPX-OCC-CBE-003:b9c1e358,needs_human_review,,,,,
occupation_alias,CPX-OCC-PPM-007:6e523983,needs_human_review,,,,,
occupation_alias,CPX-OCC-ENG-011:d8c9ec87,needs_human_review,,,,,
occupation_alias,CPX-OCC-ENG-018:a08e8a06,needs_human_review,,,,,
occupation_alias,CPX-OCC-ENG-006:3f937dd1,needs_human_review,,,,,
occupation_alias,CPX-OCC-ENG-012:c073e97a,needs_human_review,,,,,
occupation_alias,CPX-OCC-ENE-007:d7bbb5d8,needs_human_review,,,,,
occupation_alias,CPX-OCC-CBE-013:8f509bf7,needs_human_review,,,,,
occupation_alias,CPX-OCC-BOP-010:dc6e6ca1,needs_human_review,,,,,
occupation_alias,CPX-OCC-BOP-001:f14c8369,needs_human_review,,,,,
occupation_alias,CPX-OCC-ENE-002:75da57b8,needs_human_review,,,,,
occupation_alias,CPX-OCC-ENE-002:75da57b8,needs_human_review,,,,,
occupation_alias,CPX-OCC-ENE-002:148d45c4,needs_human_review,,,,,
occupation_alias,CPX-OCC-ENE-002:148d45c4,needs_human_review,,,,,
occupation_alias,CPX-OCC-BOP-010:cda83299,needs_human_review,,,,,
occupation_alias,CPX-OCC-DDA-002:da6f134b,needs_human_review,,,,,
occupation_alias,CPX-OCC-ENG-012:851f8666,needs_human_review,,,,,
occupation_alias,CPX-OCC-BOP-001:43af1360,needs_human_review,,,,,
occupation_alias,CPX-OCC-BOP-010:a98fc63c,needs_human_review,,,,,
occupation_alias,CPX-OCC-ENG-016:9497651f,needs_human_review,,,,,
occupation_alias,CPX-OCC-BOP-010:5f418b51,needs_human_review,,,,,
occupation_alias,CPX-OCC-ENG-018:efbe5031,needs_human_review,,,,,
occupation_alias,CPX-OCC-PPM-010:940fd690,needs_human_review,,,,,
occupation_alias,CPX-OCC-PPM-010:875938ad,needs_human_review,,,,,
occupation_alias,CPX-OCC-PPM-010:f7f763a9,needs_human_review,,,,,
occupation_alias,CPX-OCC-PPM-010:332f8fe2,needs_human_review,,,,,
occupation_alias,CPX-OCC-PPM-010:45dbdde3,needs_human_review,,,,,
occupation_alias,CPX-OCC-ENG-007:a7ed2519,needs_human_review,,,,,
occupation_alias,CPX-OCC-ENG-007:5467df50,needs_human_review,,,,,
occupation_alias,CPX-OCC-ENG-018:4bb85ba2,needs_human_review,,,,,
occupation_alias,CPX-OCC-DDA-019:e2c434f9,needs_human_review,,,,,
occupation_alias,CPX-OCC-DDA-019:d3f066c2,needs_human_review,,,,,
occupation_alias,CPX-OCC-CBE-001:e12853ef,needs_human_review,,,,,
occupation_alias,CPX-OCC-ENG-006:ff18fad9,needs_human_review,,,,,
occupation_alias,CPX-OCC-BOP-001:91c37af6,needs_human_review,,,,,
occupation_alias,CPX-OCC-CBE-009:3b9e3ac5,needs_human_review,,,,,
occupation_alias,CPX-OCC-CBE-009:15cda3aa,needs_human_review,,,,,
occupation_alias,CPX-OCC-CBE-009:638f1af5,needs_human_review,,,,,
occupation_alias,CPX-OCC-CBE-009:bd3812af,needs_human_review,,,,,
occupation_alias,CPX-OCC-PPM-011:b11cc687,needs_human_review,,,,,
occupation_alias,CPX-OCC-BOP-006:df58f304,needs_human_review,,,,,
occupation_alias,CPX-OCC-PPM-011:db771695,needs_human_review,,,,,
occupation_alias,CPX-OCC-CBE-002:5a027e18,needs_human_review,,,,,
occupation_alias,CPX-OCC-DDA-010:ceba8f1d,needs_human_review,,,,,
occupation_alias,CPX-OCC-DDA-010:ceba8f1d,needs_human_review,,,,,
occupation_alias,CPX-OCC-DDA-010:ceba8f1d,needs_human_review,,,,,
occupation_alias,CPX-OCC-DDA-010:ceba8f1d,needs_human_review,,,,,
occupation_alias,CPX-OCC-DDA-010:ceba8f1d,needs_human_review,,,,,
occupation_alias,CPX-OCC-DDA-010:ceba8f1d,needs_human_review,,,,,
occupation_alias,CPX-OCC-DDA-010:ceba8f1d,needs_human_review,,,,,
occupation_alias,CPX-OCC-DDA-010:ceba8f1d,needs_human_review,,,,,
occupation_alias,CPX-OCC-DDA-010:ceba8f1d,needs_human_review,,,,,
occupation_alias,CPX-OCC-DDA-010:ceba8f1d,needs_human_review,,,,,
occupation_alias,CPX-OCC-DDA-010:ceba8f1d,needs_human_review,,,,,
occupation_alias,CPX-OCC-DDA-010:ceba8f1d,needs_human_review,,,,,
occupation_alias,CPX-OCC-DDA-010:ceba8f1d,needs_human_review,,,,,
occupation_alias,CPX-OCC-DDA-010:ceba8f1d,needs_human_review,,,,,
occupation_alias,CPX-OCC-PPM-017:ad39694f,needs_human_review,,,,,
occupation_alias,CPX-OCC-ENG-012:68d41ee1,needs_human_review,,,,,
occupation_alias,CPX-OCC-ENG-012:68d41ee1,needs_human_review,,,,,
occupation_alias,CPX-OCC-DDA-008:30201c33,needs_human_review,,,,,
occupation_alias,CPX-OCC-CBE-011:e2b25aac,needs_human_review,,,,,
occupation_alias,CPX-OCC-DDA-008:d92bee1a,needs_human_review,,,,,
occupation_alias,CPX-OCC-DDA-008:4de7cdef,needs_human_review,,,,,
occupation_alias,CPX-OCC-ENG-014:1eb24e9e,needs_human_review,,,,,
occupation_alias,CPX-OCC-ENE-007:924820a7,needs_human_review,,,,,
occupation_alias,CPX-OCC-ENG-011:186fcf4d,needs_human_review,,,,,
occupation_alias,CPX-OCC-ENG-011:186fcf4d,needs_human_review,,,,,
occupation_alias,CPX-OCC-ENG-002:1f503168,needs_human_review,,,,,
occupation_alias,CPX-OCC-ENG-002:16c1e47a,needs_human_review,,,,,
occupation_alias,CPX-OCC-ENG-002:beb0bb64,needs_human_review,,,,,
occupation_alias,CPX-OCC-PPM-002:599f94c5,needs_human_review,,,,,
occupation_alias,CPX-OCC-DDA-002:013f129b,needs_human_review,,,,,
occupation_alias,CPX-OCC-BOP-010:19f58ce8,needs_human_review,,,,,
occupation_alias,CPX-OCC-BOP-010:19f58ce8,needs_human_review,,,,,
occupation_alias,CPX-OCC-BOP-010:5bc78743,needs_human_review,,,,,
occupation_alias,CPX-OCC-BOP-010:99baf010,needs_human_review,,,,,
occupation_alias,CPX-OCC-BOP-010:66a1ecdb,needs_human_review,,,,,
occupation_alias,CPX-OCC-CBE-008:a33f9cda,needs_human_review,,,,,
occupation_alias,CPX-OCC-BOP-010:d80c1574,needs_human_review,,,,,
occupation_alias,CPX-OCC-BOP-010:d80c1574,needs_human_review,,,,,
occupation_alias,CPX-OCC-ENG-018:5cf065f0,needs_human_review,,,,,
occupation_alias,CPX-OCC-BOP-010:1b905c22,needs_human_review,,,,,
occupation_alias,CPX-OCC-BOP-010:78ef4580,needs_human_review,,,,,
occupation_alias,CPX-OCC-BOP-010:78ef4580,needs_human_review,,,,,
occupation_alias,CPX-OCC-BOP-010:78ef4580,needs_human_review,,,,,
occupation_alias,CPX-OCC-BOP-010:78ef4580,needs_human_review,,,,,
occupation_alias,CPX-OCC-BOP-010:78ef4580,needs_human_review,,,,,
occupation_alias,CPX-OCC-BOP-010:78ef4580,needs_human_review,,,,,
occupation_alias,CPX-OCC-BOP-010:78ef4580,needs_human_review,,,,,
occupation_alias,CPX-OCC-BOP-010:78ef4580,needs_human_review,,,,,
occupation_alias,CPX-OCC-BOP-010:78ef4580,needs_human_review,,,,,
occupation_alias,CPX-OCC-BOP-010:78ef4580,needs_human_review,,,,,
occupation_alias,CPX-OCC-BOP-010:78ef4580,needs_human_review,,,,,
occupation_alias,CPX-OCC-BOP-010:78ef4580,needs_human_review,,,,,
occupation_alias,CPX-OCC-BOP-010:78ef4580,needs_human_review,,,,,
occupation_alias,CPX-OCC-BOP-010:78ef4580,needs_human_review,,,,,
occupation_alias,CPX-OCC-BOP-010:78ef4580,needs_human_review,,,,,
occupation_alias,CPX-OCC-BOP-010:78ef4580,needs_human_review,,,,,
occupation_alias,CPX-OCC-BOP-010:78ef4580,needs_human_review,,,,,
occupation_alias,CPX-OCC-BOP-010:78ef4580,needs_human_review,,,,,
occupation_alias,CPX-OCC-BOP-010:78ef4580,needs_human_review,,,,,
occupation_alias,CPX-OCC-BOP-010:78ef4580,needs_human_review,,,,,
occupation_alias,CPX-OCC-BOP-010:78ef4580,needs_human_review,,,,,
occupation_alias,CPX-OCC-BOP-010:a8610802,needs_human_review,,,,,
occupation_alias,CPX-OCC-CBE-011:2326e65b,needs_human_review,,,,,
occupation_alias,CPX-OCC-ENE-010:7e243892,needs_human_review,,,,,
occupation_alias,CPX-OCC-CBE-009:ce861e93,needs_human_review,,,,,
occupation_alias,CPX-OCC-ENE-010:fdd6c857,needs_human_review,,,,,
occupation_alias,CPX-OCC-ENG-012:cf721c8d,needs_human_review,,,,,
occupation_alias,CPX-OCC-ENG-018:ad3467c1,needs_human_review,,,,,
occupation_alias,CPX-OCC-ENE-007:7f4ace13,needs_human_review,,,,,
occupation_alias,CPX-OCC-CBE-001:fbaf2b5a,needs_human_review,,,,,
occupation_alias,CPX-OCC-CBE-002:f5f01944,needs_human_review,,,,,
occupation_alias,CPX-OCC-CBE-002:f5f01944,needs_human_review,,,,,
occupation_alias,CPX-OCC-CBE-002:f5f01944,needs_human_review,,,,,
occupation_alias,CPX-OCC-CBE-002:f5f01944,needs_human_review,,,,,
occupation_alias,CPX-OCC-CBE-002:f5f01944,needs_human_review,,,,,
occupation_alias,CPX-OCC-CBE-002:f5f01944,needs_human_review,,,,,
occupation_alias,CPX-OCC-CBE-002:f5f01944,needs_human_review,,,,,
occupation_alias,CPX-OCC-CBE-002:f5f01944,needs_human_review,,,,,
occupation_alias,CPX-OCC-CBE-002:a8103c06,needs_human_review,,,,,
occupation_alias,CPX-OCC-ENE-014:7552e77f,needs_human_review,,,,,
occupation_alias,CPX-OCC-ENE-014:10c4add8,needs_human_review,,,,,
occupation_alias,CPX-OCC-ENE-014:0cc635b8,needs_human_review,,,,,
occupation_alias,CPX-OCC-ENE-014:8e3f2270,needs_human_review,,,,,
occupation_alias,CPX-OCC-DDA-008:fda831ab,needs_human_review,,,,,
occupation_alias,CPX-OCC-DDA-009:10b79557,needs_human_review,,,,,
occupation_alias,CPX-OCC-DDA-013:f417fe67,needs_human_review,,,,,
occupation_alias,CPX-OCC-CBE-011:cc058b6e,needs_human_review,,,,,
occupation_alias,CPX-OCC-DDA-002:0d26375b,needs_human_review,,,,,
occupation_alias,CPX-OCC-DDA-001:9b98f1e0,needs_human_review,,,,,
occupation_alias,CPX-OCC-DDA-001:6bd3ec28,excluded_from_exact_matching,,,,,
occupation_alias,CPX-OCC-DDA-002:55aa847e,needs_human_review,,,,,
occupation_alias,CPX-OCC-PPM-001:8c17e4be,needs_human_review,,,,,
occupation_alias,CPX-OCC-DDA-002:5ceade2f,needs_human_review,,,,,
occupation_alias,CPX-OCC-ENG-018:31fae0d0,needs_human_review,,,,,
occupation_alias,CPX-OCC-PPM-005:4193c328,needs_human_review,,,,,
occupation_alias,CPX-OCC-DDA-002:29b2705f,needs_human_review,,,,,
occupation_alias,CPX-OCC-DDA-002:783da12a,needs_human_review,,,,,
occupation_alias,CPX-OCC-ENG-012:797d66f2,needs_human_review,,,,,
occupation_alias,CPX-OCC-ENE-009:ac609b78,needs_human_review,,,,,
occupation_alias,CPX-OCC-ENE-009:008205c3,needs_human_review,,,,,
occupation_alias,CPX-OCC-CBE-011:7b0873ea,needs_human_review,,,,,
occupation_alias,CPX-OCC-CBE-011:273fd2cc,needs_human_review,,,,,
occupation_alias,CPX-OCC-BOP-010:4239e69a,needs_human_review,,,,,
occupation_alias,CPX-OCC-BOP-010:1b59a000,needs_human_review,,,,,
occupation_alias,CPX-OCC-ENE-007:f0c67b07,needs_human_review,,,,,
occupation_alias,CPX-OCC-DDA-009:3d815b68,needs_human_review,,,,,
occupation_alias,CPX-OCC-ENG-018:51ff70a3,needs_human_review,,,,,
occupation_alias,CPX-OCC-ENE-007:c1b3c504,needs_human_review,,,,,
occupation_alias,CPX-OCC-ENG-015:ade0dfa2,needs_human_review,,,,,
occupation_alias,CPX-OCC-ENG-003:2b3a78f1,needs_human_review,,,,,
occupation_alias,CPX-OCC-ENG-012:2ffaf7a3,needs_human_review,,,,,
occupation_alias,CPX-OCC-ENG-012:5dce574e,needs_human_review,,,,,
occupation_alias,CPX-OCC-CBE-001:6bc196a1,needs_human_review,,,,,
occupation_alias,CPX-OCC-ENE-007:feddee3f,needs_human_review,,,,,
occupation_alias,CPX-OCC-ENG-018:2fe243cc,needs_human_review,,,,,
occupation_alias,CPX-OCC-CBE-014:af134b56,needs_human_review,,,,,
occupation_alias,CPX-OCC-BOP-004:2783a167,needs_human_review,,,,,
occupation_alias,CPX-OCC-BOP-004:065c77ac,needs_human_review,,,,,
occupation_alias,CPX-OCC-BOP-004:47b46d96,needs_human_review,,,,,
occupation_alias,CPX-OCC-BOP-004:bdcb6842,needs_human_review,,,,,
occupation_alias,CPX-OCC-BOP-004:f487cf5f,needs_human_review,,,,,
occupation_alias,CPX-OCC-BOP-004:1431fafe,needs_human_review,,,,,
occupation_alias,CPX-OCC-BOP-004:f7b3d25f,needs_human_review,,,,,
occupation_alias,CPX-OCC-BOP-004:c7176bc9,needs_human_review,,,,,
occupation_alias,CPX-OCC-BOP-004:2b378f52,needs_human_review,,,,,
occupation_alias,CPX-OCC-BOP-004:08285954,needs_human_review,,,,,
occupation_alias,CPX-OCC-ENG-018:44b0edd1,needs_human_review,,,,,
occupation_alias,CPX-OCC-CBE-001:2ccf49d0,needs_human_review,,,,,
occupation_alias,CPX-OCC-DDA-009:e528bb41,needs_human_review,,,,,
occupation_alias,CPX-OCC-CBE-003:30edf227,needs_human_review,,,,,
occupation_alias,CPX-OCC-CBE-003:21cfb611,needs_human_review,,,,,
occupation_alias,CPX-OCC-CBE-003:21cfb611,needs_human_review,,,,,
occupation_alias,CPX-OCC-CBE-003:21cfb611,needs_human_review,,,,,
occupation_alias,CPX-OCC-CBE-003:21cfb611,needs_human_review,,,,,
occupation_alias,CPX-OCC-CBE-003:21cfb611,needs_human_review,,,,,
occupation_alias,CPX-OCC-CBE-003:21cfb611,needs_human_review,,,,,
occupation_alias,CPX-OCC-CBE-003:21cfb611,needs_human_review,,,,,
occupation_alias,CPX-OCC-ENG-009:f18e2b4c,needs_human_review,,,,,
occupation_alias,CPX-OCC-ENE-013:9d046e0a,needs_human_review,,,,,
occupation_alias,CPX-OCC-ENE-013:83145258,needs_human_review,,,,,
occupation_alias,CPX-OCC-CBE-001:ee837706,needs_human_review,,,,,
occupation_alias,CPX-OCC-ENG-012:29840830,needs_human_review,,,,,
occupation_alias,CPX-OCC-ENG-018:7c9562a1,needs_human_review,,,,,
occupation_alias,CPX-OCC-DDA-016:709d1993,needs_human_review,,,,,
occupation_alias,CPX-OCC-ENG-014:86280956,needs_human_review,,,,,
occupation_alias,CPX-OCC-ENG-014:86280956,needs_human_review,,,,,
occupation_alias,CPX-OCC-ENG-014:86280956,needs_human_review,,,,,
occupation_alias,CPX-OCC-ENG-018:885ffcb7,needs_human_review,,,,,
occupation_alias,CPX-OCC-BOP-007:475c6d29,needs_human_review,,,,,
occupation_alias,CPX-OCC-DDA-016:07c46789,needs_human_review,,,,,
occupation_alias,CPX-OCC-BOP-002:6db6be03,needs_human_review,,,,,
occupation_alias,CPX-OCC-ENG-018:5d852a70,excluded_from_exact_matching,,,,,
occupation_alias,CPX-OCC-ENE-010:5d852a70,excluded_from_exact_matching,,,,,
occupation_alias,CPX-OCC-CBE-001:5d852a70,excluded_from_exact_matching,,,,,
occupation_alias,CPX-OCC-PPM-001:aedeafdc,needs_human_review,,,,,
occupation_alias,CPX-OCC-DDA-008:f0c9ec00,needs_human_review,,,,,
occupation_alias,CPX-OCC-ENG-020:a43cad23,needs_human_review,,,,,
occupation_alias,CPX-OCC-PPM-020:30b54895,needs_human_review,,,,,
occupation_alias,CPX-OCC-CBE-012:ae446aee,needs_human_review,,,,,
occupation_alias,CPX-OCC-CBE-012:1ff01207,excluded_from_exact_matching,,,,,
occupation_alias,CPX-OCC-CBE-009:dd9fa97a,needs_human_review,,,,,
occupation_alias,CPX-OCC-ENG-016:8d806269,needs_human_review,,,,,
occupation_alias,CPX-OCC-CBE-001:f96d7f23,needs_human_review,,,,,
occupation_alias,CPX-OCC-PPM-015:e9e6c478,needs_human_review,,,,,
occupation_alias,CPX-OCC-ENE-004:4def8073,needs_human_review,,,,,
occupation_alias,CPX-OCC-ENE-004:4def8073,needs_human_review,,,,,
occupation_alias,CPX-OCC-ENG-005:80ecb15d,needs_human_review,,,,,
occupation_alias,CPX-OCC-ENG-005:80ecb15d,needs_human_review,,,,,
occupation_alias,CPX-OCC-ENG-005:80ecb15d,needs_human_review,,,,,
occupation_alias,CPX-OCC-BOP-001:61d9c97d,needs_human_review,,,,,
occupation_alias,CPX-OCC-ENG-010:c408ae6f,needs_human_review,,,,,
occupation_alias,CPX-OCC-ENG-005:90987e2c,needs_human_review,,,,,
occupation_alias,CPX-OCC-ENG-005:39e7f5ce,excluded_from_exact_matching,,,,,
occupation_alias,CPX-OCC-DDA-016:920841b5,needs_human_review,,,,,
occupation_alias,CPX-OCC-BOP-006:4167219d,needs_human_review,,,,,
occupation_alias,CPX-OCC-ENG-016:01cdce45,needs_human_review,,,,,
occupation_alias,CPX-OCC-ENG-011:834b692e,needs_human_review,,,,,
occupation_alias,CPX-OCC-ENG-013:d0fea9fb,needs_human_review,,,,,
occupation_alias,CPX-OCC-CBE-012:892e3a7e,needs_human_review,,,,,
occupation_alias,CPX-OCC-DDA-018:0c97b312,needs_human_review,,,,,
occupation_alias,CPX-OCC-DDA-018:f399b896,needs_human_review,,,,,
occupation_alias,CPX-OCC-DDA-018:54ed410d,needs_human_review,,,,,
occupation_alias,CPX-OCC-DDA-018:58961999,needs_human_review,,,,,
occupation_alias,CPX-OCC-DDA-018:ee064ae6,needs_human_review,,,,,
occupation_alias,CPX-OCC-DDA-018:0bf57b7a,needs_human_review,,,,,
occupation_alias,CPX-OCC-DDA-018:0bf57b7a,needs_human_review,,,,,
occupation_alias,CPX-OCC-DDA-018:4500cf05,needs_human_review,,,,,
occupation_alias,CPX-OCC-ENE-007:55af1388,needs_human_review,,,,,
occupation_alias,CPX-OCC-ENG-017:44781d1d,needs_human_review,,,,,
occupation_alias,CPX-OCC-ENG-018:9530f000,needs_human_review,,,,,
occupation_alias,CPX-OCC-DDA-012:d7ae6ae4,needs_human_review,,,,,
occupation_alias,CPX-OCC-ENG-015:3cf916a0,needs_human_review,,,,,
occupation_alias,CPX-OCC-BOP-001:f4bc033c,needs_human_review,,,,,
occupation_alias,CPX-OCC-ENE-011:32b0d614,needs_human_review,,,,,
occupation_alias,CPX-OCC-ENG-009:ea77d3b3,needs_human_review,,,,,
occupation_alias,CPX-OCC-ENG-009:ea77d3b3,needs_human_review,,,,,
occupation_alias,CPX-OCC-ENG-009:ea77d3b3,needs_human_review,,,,,
occupation_alias,CPX-OCC-ENG-009:ca81b4fc,needs_human_review,,,,,
occupation_alias,CPX-OCC-BOP-001:4d213840,needs_human_review,,,,,
occupation_alias,CPX-OCC-ENE-010:41271308,needs_human_review,,,,,
occupation_alias,CPX-OCC-ENE-010:bf541702,needs_human_review,,,,,
occupation_alias,CPX-OCC-ENE-010:10b884ac,needs_human_review,,,,,
occupation_alias,CPX-OCC-ENE-010:1a0bb9e6,needs_human_review,,,,,
occupation_alias,CPX-OCC-ENE-010:a72d3df4,needs_human_review,,,,,
occupation_alias,CPX-OCC-ENE-010:3ebc7642,needs_human_review,,,,,
occupation_alias,CPX-OCC-ENE-010:3ebc7642,needs_human_review,,,,,
occupation_alias,CPX-OCC-ENE-010:261c30f0,needs_human_review,,,,,
occupation_alias,CPX-OCC-ENE-010:068256ad,needs_human_review,,,,,
occupation_alias,CPX-OCC-ENG-009:7270438d,needs_human_review,,,,,
occupation_alias,CPX-OCC-ENG-009:9b2aa17b,needs_human_review,,,,,
occupation_alias,CPX-OCC-ENG-014:2ad25dbd,needs_human_review,,,,,
occupation_alias,CPX-OCC-PPM-001:c96b0370,needs_human_review,,,,,
occupation_alias,CPX-OCC-DDA-018:f7cb844f,needs_human_review,,,,,
occupation_alias,CPX-OCC-DDA-003:2a71b05c,needs_human_review,,,,,
occupation_alias,CPX-OCC-CBE-002:cadf9cf9,needs_human_review,,,,,
occupation_alias,CPX-OCC-ENG-015:e8a6d8dc,needs_human_review,,,,,
occupation_alias,CPX-OCC-PPM-005:239f7845,needs_human_review,,,,,
occupation_alias,CPX-OCC-BOP-001:acef9cc0,needs_human_review,,,,,
occupation_alias,CPX-OCC-PPM-001:6de5a1b2,needs_human_review,,,,,
occupation_alias,CPX-OCC-ENG-019:5dbf5ba7,needs_human_review,,,,,
occupation_alias,CPX-OCC-CBE-002:16ff299d,needs_human_review,,,,,
occupation_alias,CPX-OCC-ENE-008:130ec5da,needs_human_review,,,,,
occupation_alias,CPX-OCC-ENE-008:7075bd52,needs_human_review,,,,,
occupation_alias,CPX-OCC-PPM-007:80e29a69,needs_human_review,,,,,
occupation_alias,CPX-OCC-BOP-010:e1bab0c7,needs_human_review,,,,,
occupation_alias,CPX-OCC-ENG-018:e7496729,needs_human_review,,,,,
occupation_alias,CPX-OCC-ENG-011:b8ce28d7,needs_human_review,,,,,
occupation_alias,CPX-OCC-BOP-010:48c23b7f,needs_human_review,,,,,
occupation_alias,CPX-OCC-PPM-005:3a796e50,needs_human_review,,,,,
occupation_alias,CPX-OCC-BOP-010:9ec12245,needs_human_review,,,,,
occupation_alias,CPX-OCC-PPM-020:12ae32cb,excluded_from_exact_matching,,,,,
occupation_alias,CPX-OCC-ENG-022:12ae32cb,excluded_from_exact_matching,,,,,
occupation_alias,CPX-OCC-ENG-011:12ae32cb,excluded_from_exact_matching,,,,,
occupation_alias,CPX-OCC-ENG-001:12ae32cb,excluded_from_exact_matching,,,,,
occupation_alias,CPX-OCC-ENG-002:12ae32cb,excluded_from_exact_matching,,,,,
occupation_alias,CPX-OCC-ENG-001:12ae32cb,excluded_from_exact_matching,,,,,
occupation_alias,CPX-OCC-BOP-001:12ae32cb,excluded_from_exact_matching,,,,,
occupation_alias,CPX-OCC-PPM-018:12ae32cb,excluded_from_exact_matching,,,,,
occupation_alias,CPX-OCC-PPM-018:12ae32cb,excluded_from_exact_matching,,,,,
occupation_alias,CPX-OCC-DDA-007:b06b89cd,needs_human_review,,,,,
occupation_alias,CPX-OCC-PPM-020:df7e940f,excluded_from_exact_matching,,,,,
occupation_alias,CPX-OCC-ENG-022:df7e940f,excluded_from_exact_matching,,,,,
occupation_alias,CPX-OCC-ENG-011:df7e940f,excluded_from_exact_matching,,,,,
occupation_alias,CPX-OCC-ENG-001:df7e940f,excluded_from_exact_matching,,,,,
occupation_alias,CPX-OCC-ENG-002:df7e940f,excluded_from_exact_matching,,,,,
occupation_alias,CPX-OCC-ENG-001:df7e940f,excluded_from_exact_matching,,,,,
occupation_alias,CPX-OCC-BOP-001:df7e940f,excluded_from_exact_matching,,,,,
occupation_alias,CPX-OCC-PPM-018:df7e940f,excluded_from_exact_matching,,,,,
occupation_alias,CPX-OCC-PPM-018:df7e940f,excluded_from_exact_matching,,,,,
occupation_alias,CPX-OCC-BOP-002:b723540c,needs_human_review,,,,,
occupation_alias,CPX-OCC-ENG-014:af279391,needs_human_review,,,,,
occupation_alias,CPX-OCC-DDA-009:df95d3cd,needs_human_review,,,,,
occupation_alias,CPX-OCC-CBE-008:8426f908,needs_human_review,,,,,
occupation_alias,CPX-OCC-DDA-016:7c62b0bd,needs_human_review,,,,,
occupation_alias,CPX-OCC-PPM-003:77010d5a,needs_human_review,,,,,
occupation_alias,CPX-OCC-PPM-003:ab54839e,needs_human_review,,,,,
occupation_alias,CPX-OCC-PPM-003:71cd1f09,excluded_from_exact_matching,,,,,
occupation_alias,CPX-OCC-PPM-011:71cd1f09,excluded_from_exact_matching,,,,,
occupation_alias,CPX-OCC-PPM-003:64ce7064,needs_human_review,,,,,
occupation_alias,CPX-OCC-DDA-017:97c0ee0b,needs_human_review,,,,,
occupation_alias,CPX-OCC-DDA-016:584d3ce6,needs_human_review,,,,,
occupation_alias,CPX-OCC-DDA-016:a69fb0eb,needs_human_review,,,,,
occupation_alias,CPX-OCC-DDA-016:43585ad9,needs_human_review,,,,,
occupation_alias,CPX-OCC-DDA-016:4724d300,needs_human_review,,,,,
occupation_alias,CPX-OCC-DDA-016:bfc69421,needs_human_review,,,,,
occupation_alias,CPX-OCC-BOP-008:cc869947,needs_human_review,,,,,
occupation_alias,CPX-OCC-BOP-008:4028f9df,needs_human_review,,,,,
occupation_alias,CPX-OCC-BOP-001:cbc906b6,needs_human_review,,,,,
occupation_alias,CPX-OCC-ENG-015:9e10a40c,excluded_from_exact_matching,,,,,
occupation_alias,CPX-OCC-ENG-001:9e10a40c,excluded_from_exact_matching,,,,,
occupation_alias,CPX-OCC-ENG-001:9e10a40c,excluded_from_exact_matching,,,,,
occupation_alias,CPX-OCC-PPM-009:618efce3,needs_human_review,,,,,
occupation_alias,CPX-OCC-ENG-014:07f995e9,needs_human_review,,,,,
occupation_alias,CPX-OCC-BOP-001:094ced3f,needs_human_review,,,,,
occupation_alias,CPX-OCC-DDA-010:c2d22b30,needs_human_review,,,,,
occupation_alias,CPX-OCC-BOP-002:5f23a0b4,needs_human_review,,,,,
occupation_alias,CPX-OCC-BOP-002:85e502b2,needs_human_review,,,,,
occupation_alias,CPX-OCC-PPM-020:a34a7e21,needs_human_review,,,,,
occupation_alias,CPX-OCC-PPM-020:a34a7e21,needs_human_review,,,,,
occupation_alias,CPX-OCC-PPM-013:e4f36e19,needs_human_review,,,,,
occupation_alias,CPX-OCC-PPM-013:e7622627,needs_human_review,,,,,
occupation_alias,CPX-OCC-DDA-015:276e4db7,excluded_from_exact_matching,,,,,
occupation_alias,CPX-OCC-PPM-001:276e4db7,excluded_from_exact_matching,,,,,
occupation_alias,CPX-OCC-DDA-015:5df4a96d,needs_human_review,,,,,
occupation_alias,CPX-OCC-CBE-009:bf32cae0,needs_human_review,,,,,
occupation_alias,CPX-OCC-BOP-009:a1ad7613,needs_human_review,,,,,
occupation_alias,CPX-OCC-DDA-011:882eab32,needs_human_review,,,,,
occupation_alias,CPX-OCC-PPM-020:0a8511b7,needs_human_review,,,,,
occupation_alias,CPX-OCC-DDA-020:e2736924,needs_human_review,,,,,
occupation_alias,CPX-OCC-ENE-012:58ba67c3,needs_human_review,,,,,
occupation_alias,CPX-OCC-ENG-011:a9aaf8dc,needs_human_review,,,,,
occupation_alias,CPX-OCC-BOP-001:d775233b,needs_human_review,,,,,
occupation_alias,CPX-OCC-PPM-003:642a95b8,needs_human_review,,,,,
occupation_alias,CPX-OCC-PPM-003:58ca2589,needs_human_review,,,,,
occupation_alias,CPX-OCC-PPM-004:e1124637,excluded_from_exact_matching,,,,,
occupation_alias,CPX-OCC-ENG-018:e1124637,excluded_from_exact_matching,,,,,
occupation_alias,CPX-OCC-PPM-004:0619e6b0,excluded_from_exact_matching,,,,,
occupation_alias,CPX-OCC-ENG-018:0619e6b0,excluded_from_exact_matching,,,,,
occupation_alias,CPX-OCC-BOP-002:8e947609,needs_human_review,,,,,
occupation_alias,CPX-OCC-BOP-002:b63ee7a1,needs_human_review,,,,,
occupation_alias,CPX-OCC-BOP-002:326f0659,needs_human_review,,,,,
occupation_alias,CPX-OCC-PPM-020:2fff4923,excluded_from_exact_matching,,,,,
occupation_alias,CPX-OCC-PPM-018:2fff4923,excluded_from_exact_matching,,,,,
occupation_alias,CPX-OCC-CBE-009:db7bfb88,needs_human_review,,,,,
occupation_alias,CPX-OCC-CBE-009:b096d304,needs_human_review,,,,,
occupation_alias,CPX-OCC-CBE-009:216688ed,needs_human_review,,,,,
occupation_alias,CPX-OCC-CBE-009:fbf8c6a9,needs_human_review,,,,,
occupation_alias,CPX-OCC-CBE-009:b809d3a5,needs_human_review,,,,,
occupation_alias,CPX-OCC-CBE-009:7165cd37,needs_human_review,,,,,
occupation_alias,CPX-OCC-CBE-009:fe3cce76,needs_human_review,,,,,
occupation_alias,CPX-OCC-BOP-009:906c2357,needs_human_review,,,,,
occupation_alias,CPX-OCC-BOP-009:906c2357,needs_human_review,,,,,
occupation_alias,CPX-OCC-BOP-009:906c2357,needs_human_review,,,,,
occupation_alias,CPX-OCC-BOP-009:906c2357,needs_human_review,,,,,
occupation_alias,CPX-OCC-BOP-009:906c2357,needs_human_review,,,,,
occupation_alias,CPX-OCC-BOP-009:906c2357,needs_human_review,,,,,
occupation_alias,CPX-OCC-BOP-009:906c2357,needs_human_review,,,,,
occupation_alias,CPX-OCC-BOP-009:906c2357,needs_human_review,,,,,
occupation_alias,CPX-OCC-BOP-009:906c2357,needs_human_review,,,,,
occupation_alias,CPX-OCC-BOP-009:906c2357,needs_human_review,,,,,
occupation_alias,CPX-OCC-BOP-009:906c2357,needs_human_review,,,,,
occupation_alias,CPX-OCC-BOP-009:906c2357,needs_human_review,,,,,
occupation_alias,CPX-OCC-BOP-009:906c2357,needs_human_review,,,,,
occupation_alias,CPX-OCC-CBE-009:55b1d4e2,needs_human_review,,,,,
occupation_alias,CPX-OCC-CBE-009:d29a658c,needs_human_review,,,,,
occupation_alias,CPX-OCC-CBE-009:2fc35720,needs_human_review,,,,,
occupation_alias,CPX-OCC-BOP-006:af05afd0,needs_human_review,,,,,
occupation_alias,CPX-OCC-ENG-014:a781eb29,needs_human_review,,,,,
occupation_alias,CPX-OCC-ENG-019:8a801eb1,needs_human_review,,,,,
occupation_alias,CPX-OCC-ENG-019:b329a5f8,needs_human_review,,,,,
occupation_alias,CPX-OCC-ENG-019:50811c3e,needs_human_review,,,,,
occupation_alias,CPX-OCC-ENG-019:0b0cf556,needs_human_review,,,,,
occupation_alias,CPX-OCC-ENG-001:e24d3c78,needs_human_review,,,,,
occupation_alias,CPX-OCC-ENG-019:2c464a82,needs_human_review,,,,,
occupation_alias,CPX-OCC-ENG-019:7d54ae78,needs_human_review,,,,,
occupation_alias,CPX-OCC-ENG-003:75e110ba,needs_human_review,,,,,
occupation_alias,CPX-OCC-ENG-014:1d531d60,excluded_from_exact_matching,,,,,
occupation_alias,CPX-OCC-ENG-014:1d531d60,excluded_from_exact_matching,,,,,
occupation_alias,CPX-OCC-ENG-001:1d531d60,excluded_from_exact_matching,,,,,
occupation_alias,CPX-OCC-ENG-001:1d531d60,excluded_from_exact_matching,,,,,
occupation_alias,CPX-OCC-ENG-001:1d531d60,excluded_from_exact_matching,,,,,
occupation_alias,CPX-OCC-ENG-013:1d531d60,excluded_from_exact_matching,,,,,
occupation_alias,CPX-OCC-ENG-014:1d531d60,excluded_from_exact_matching,,,,,
occupation_alias,CPX-OCC-ENG-014:1d531d60,excluded_from_exact_matching,,,,,
occupation_alias,CPX-OCC-ENG-013:1d531d60,excluded_from_exact_matching,,,,,
occupation_alias,CPX-OCC-ENG-014:2b73d343,excluded_from_exact_matching,,,,,
occupation_alias,CPX-OCC-ENG-001:2b73d343,excluded_from_exact_matching,,,,,
occupation_alias,CPX-OCC-ENG-014:2b73d343,excluded_from_exact_matching,,,,,
occupation_alias,CPX-OCC-BOP-010:02afc834,needs_human_review,,,,,
occupation_alias,CPX-OCC-BOP-010:02afc834,needs_human_review,,,,,
occupation_alias,CPX-OCC-BOP-009:21688423,needs_human_review,,,,,
occupation_alias,CPX-OCC-BOP-009:21688423,needs_human_review,,,,,
occupation_alias,CPX-OCC-BOP-009:21688423,needs_human_review,,,,,
occupation_alias,CPX-OCC-BOP-009:21688423,needs_human_review,,,,,
occupation_alias,CPX-OCC-BOP-009:21688423,needs_human_review,,,,,
occupation_alias,CPX-OCC-BOP-009:21688423,needs_human_review,,,,,
occupation_alias,CPX-OCC-PPM-017:63c8e3ba,needs_human_review,,,,,
occupation_alias,CPX-OCC-DDA-020:37debce3,needs_human_review,,,,,
occupation_alias,CPX-OCC-BOP-008:87601f76,needs_human_review,,,,,
occupation_alias,CPX-OCC-BOP-008:55796761,needs_human_review,,,,,
occupation_alias,CPX-OCC-BOP-001:e4000b40,needs_human_review,,,,,
occupation_alias,CPX-OCC-ENG-019:932b7209,needs_human_review,,,,,
occupation_alias,CPX-OCC-ENG-019:3dedce47,needs_human_review,,,,,
occupation_alias,CPX-OCC-ENG-019:0457e2fb,needs_human_review,,,,,
occupation_alias,CPX-OCC-CBE-003:d7eec02c,needs_human_review,,,,,
occupation_alias,CPX-OCC-PPM-011:37856157,needs_human_review,,,,,
occupation_alias,CPX-OCC-BOP-001:89f630e8,needs_human_review,,,,,
occupation_alias,CPX-OCC-ENG-019:649997fb,needs_human_review,,,,,
occupation_alias,CPX-OCC-PPM-003:4ecd70bc,needs_human_review,,,,,
occupation_alias,CPX-OCC-ENG-019:30f6cd63,needs_human_review,,,,,
occupation_alias,CPX-OCC-DDA-010:e53f63d8,needs_human_review,,,,,
occupation_alias,CPX-OCC-ENG-019:f2871dee,needs_human_review,,,,,
occupation_alias,CPX-OCC-BOP-001:22c0eb27,needs_human_review,,,,,
occupation_alias,CPX-OCC-BOP-001:67c57687,needs_human_review,,,,,
occupation_alias,CPX-OCC-PPM-003:45e2ea31,needs_human_review,,,,,
occupation_alias,CPX-OCC-ENG-013:8e21c417,needs_human_review,,,,,
occupation_alias,CPX-OCC-BOP-006:5e516868,needs_human_review,,,,,
occupation_alias,CPX-OCC-BOP-008:ed8e6a43,needs_human_review,,,,,
occupation_alias,CPX-OCC-ENG-001:689aa7c6,needs_human_review,,,,,
occupation_alias,CPX-OCC-BOP-008:71500c19,needs_human_review,,,,,
occupation_alias,CPX-OCC-ENG-001:0a61e7e4,needs_human_review,,,,,
occupation_alias,CPX-OCC-ENG-016:77b9c61d,needs_human_review,,,,,
occupation_alias,CPX-OCC-BOP-009:95baaf77,excluded_from_exact_matching,,,,,
occupation_alias,CPX-OCC-BOP-010:95baaf77,excluded_from_exact_matching,,,,,
occupation_alias,CPX-OCC-ENG-003:0b53f804,needs_human_review,,,,,
occupation_alias,CPX-OCC-ENG-013:415fbd74,needs_human_review,,,,,
occupation_alias,CPX-OCC-ENG-016:865581c4,excluded_from_exact_matching,,,,,
occupation_alias,CPX-OCC-ENG-016:865581c4,excluded_from_exact_matching,,,,,
occupation_alias,CPX-OCC-ENG-001:865581c4,excluded_from_exact_matching,,,,,
occupation_alias,CPX-OCC-ENG-001:65b9dfa7,needs_human_review,,,,,
occupation_alias,CPX-OCC-ENG-001:11309ac3,needs_human_review,,,,,
occupation_alias,CPX-OCC-ENG-003:7db31a01,needs_human_review,,,,,
occupation_alias,CPX-OCC-PPM-007:0772197f,needs_human_review,,,,,
occupation_alias,CPX-OCC-PPM-007:4c683f61,needs_human_review,,,,,
occupation_alias,CPX-OCC-ENG-001:1d039d9f,excluded_from_exact_matching,,,,,
occupation_alias,CPX-OCC-ENG-005:1d039d9f,excluded_from_exact_matching,,,,,
occupation_alias,CPX-OCC-ENG-014:be7c4183,needs_human_review,,,,,
occupation_alias,CPX-OCC-ENG-014:208bcaa1,needs_human_review,,,,,
occupation_alias,CPX-OCC-BOP-006:885060bd,needs_human_review,,,,,
occupation_alias,CPX-OCC-BOP-001:0a363c99,needs_human_review,,,,,
occupation_alias,CPX-OCC-PPM-007:9b32634b,needs_human_review,,,,,
occupation_alias,CPX-OCC-DDA-016:3ea1aca5,needs_human_review,,,,,
occupation_alias,CPX-OCC-ENG-014:8c447bbf,needs_human_review,,,,,
occupation_alias,CPX-OCC-ENG-014:63fdca1c,excluded_from_exact_matching,,,,,
occupation_alias,CPX-OCC-DDA-019:63fdca1c,excluded_from_exact_matching,,,,,
occupation_alias,CPX-OCC-DDA-014:d1d91f06,needs_human_review,,,,,
occupation_alias,CPX-OCC-DDA-014:fd1bea65,needs_human_review,,,,,
occupation_alias,CPX-OCC-DDA-008:158ca3ba,needs_human_review,,,,,
occupation_alias,CPX-OCC-ENE-012:c1325706,needs_human_review,,,,,
occupation_alias,CPX-OCC-DDA-009:e6b7a974,needs_human_review,,,,,
occupation_alias,CPX-OCC-DDA-009:f9a33cac,needs_human_review,,,,,
occupation_alias,CPX-OCC-DDA-009:027d2c16,needs_human_review,,,,,
occupation_alias,CPX-OCC-DDA-009:807546f7,needs_human_review,,,,,
occupation_alias,CPX-OCC-DDA-009:6e3f6196,needs_human_review,,,,,
occupation_alias,CPX-OCC-BOP-006:1d5cd6d2,needs_human_review,,,,,
occupation_alias,CPX-OCC-BOP-008:49b612e9,needs_human_review,,,,,
occupation_alias,CPX-OCC-ENG-011:85eb36ba,needs_human_review,,,,,
occupation_alias,CPX-OCC-ENG-011:57c495b4,needs_human_review,,,,,
occupation_alias,CPX-OCC-CBE-009:18ada858,needs_human_review,,,,,
occupation_alias,CPX-OCC-BOP-002:bdb1df82,needs_human_review,,,,,
occupation_alias,CPX-OCC-PPM-009:297e05d1,excluded_from_exact_matching,,,,,
occupation_alias,CPX-OCC-BOP-008:297e05d1,excluded_from_exact_matching,,,,,
occupation_alias,CPX-OCC-PPM-004:297e05d1,excluded_from_exact_matching,,,,,
occupation_alias,CPX-OCC-DDA-009:297e05d1,excluded_from_exact_matching,,,,,
occupation_alias,CPX-OCC-DDA-014:297e05d1,excluded_from_exact_matching,,,,,
occupation_alias,CPX-OCC-CBE-009:3db61345,needs_human_review,,,,,
occupation_alias,CPX-OCC-BOP-002:f60ae6d3,needs_human_review,,,,,
occupation_alias,CPX-OCC-BOP-002:f60ae6d3,needs_human_review,,,,,
occupation_alias,CPX-OCC-BOP-002:3516f585,needs_human_review,,,,,
occupation_alias,CPX-OCC-BOP-002:e9db496a,needs_human_review,,,,,
occupation_alias,CPX-OCC-BOP-002:4add0819,needs_human_review,,,,,
occupation_alias,CPX-OCC-DDA-008:060ecc02,needs_human_review,,,,,
occupation_alias,CPX-OCC-BOP-004:14e55fb2,needs_human_review,,,,,
occupation_alias,CPX-OCC-BOP-002:11fcb45d,needs_human_review,,,,,
occupation_alias,CPX-OCC-DDA-009:fafb209d,needs_human_review,,,,,
occupation_alias,CPX-OCC-DDA-009:d79e3bc2,needs_human_review,,,,,
occupation_alias,CPX-OCC-DDA-008:eceaaba5,needs_human_review,,,,,
occupation_alias,CPX-OCC-DDA-009:fbc876cb,needs_human_review,,,,,
occupation_alias,CPX-OCC-DDA-009:fbc876cb,needs_human_review,,,,,
occupation_alias,CPX-OCC-BOP-002:2a279a16,needs_human_review,,,,,
occupation_alias,CPX-OCC-ENE-012:9ce40262,needs_human_review,,,,,
occupation_alias,CPX-OCC-DDA-018:e9bb82dd,needs_human_review,,,,,
occupation_alias,CPX-OCC-DDA-014:f6553bd5,needs_human_review,,,,,
occupation_alias,CPX-OCC-DDA-014:f6553bd5,needs_human_review,,,,,
occupation_alias,CPX-OCC-DDA-014:dd09e518,needs_human_review,,,,,
occupation_alias,CPX-OCC-DDA-014:e303edee,needs_human_review,,,,,
occupation_alias,CPX-OCC-DDA-008:25fce281,needs_human_review,,,,,
occupation_alias,CPX-OCC-DDA-008:8e86b061,needs_human_review,,,,,
occupation_alias,CPX-OCC-ENG-018:d19dd2c5,needs_human_review,,,,,
occupation_alias,CPX-OCC-PPM-013:959c72b0,needs_human_review,,,,,
occupation_alias,CPX-OCC-DDA-009:5fd13df7,needs_human_review,,,,,
occupation_alias,CPX-OCC-PPM-013:68e30753,needs_human_review,,,,,
occupation_alias,CPX-OCC-BOP-002:7848bb3a,needs_human_review,,,,,
occupation_alias,CPX-OCC-DDA-007:acca9bb2,needs_human_review,,,,,
occupation_alias,CPX-OCC-PPM-013:966ea651,needs_human_review,,,,,
occupation_alias,CPX-OCC-DDA-009:b2b57776,needs_human_review,,,,,
occupation_alias,CPX-OCC-BOP-002:9ec7433a,needs_human_review,,,,,
occupation_alias,CPX-OCC-DDA-008:d50156ec,needs_human_review,,,,,
occupation_alias,CPX-OCC-DDA-008:6fb4f6f3,needs_human_review,,,,,
occupation_alias,CPX-OCC-DDA-008:6514feda,needs_human_review,,,,,
occupation_alias,CPX-OCC-DDA-008:8da87cef,needs_human_review,,,,,
occupation_alias,CPX-OCC-DDA-008:149fa8c5,needs_human_review,,,,,
occupation_alias,CPX-OCC-DDA-008:21db462f,needs_human_review,,,,,
occupation_alias,CPX-OCC-DDA-008:73b50431,needs_human_review,,,,,
occupation_alias,CPX-OCC-DDA-008:d479daca,needs_human_review,,,,,
occupation_alias,CPX-OCC-BOP-002:d327c372,needs_human_review,,,,,
occupation_alias,CPX-OCC-BOP-002:d327c372,needs_human_review,,,,,
occupation_alias,CPX-OCC-DDA-016:ccb0b4d9,needs_human_review,,,,,
occupation_alias,CPX-OCC-BOP-002:e386b94d,needs_human_review,,,,,
occupation_alias,CPX-OCC-DDA-016:6dfe2c67,needs_human_review,,,,,
occupation_alias,CPX-OCC-DDA-016:67994686,needs_human_review,,,,,
occupation_alias,CPX-OCC-DDA-016:f533bc92,needs_human_review,,,,,
occupation_alias,CPX-OCC-DDA-016:e956f6f1,needs_human_review,,,,,
occupation_alias,CPX-OCC-DDA-016:21f4996d,needs_human_review,,,,,
occupation_alias,CPX-OCC-DDA-016:2d8a52ab,needs_human_review,,,,,
occupation_alias,CPX-OCC-DDA-009:1086f2af,needs_human_review,,,,,
occupation_alias,CPX-OCC-DDA-009:785db9be,needs_human_review,,,,,
occupation_alias,CPX-OCC-DDA-014:bef8dc83,needs_human_review,,,,,
occupation_alias,CPX-OCC-DDA-017:7aeb8006,needs_human_review,,,,,
occupation_alias,CPX-OCC-PPM-003:12866fcf,needs_human_review,,,,,
occupation_alias,CPX-OCC-DDA-009:bc00935c,needs_human_review,,,,,
occupation_alias,CPX-OCC-ENE-012:42ff8c72,needs_human_review,,,,,
occupation_alias,CPX-OCC-ENE-012:5dc3712d,excluded_from_exact_matching,,,,,
occupation_alias,CPX-OCC-DDA-009:5dc3712d,excluded_from_exact_matching,,,,,
occupation_alias,CPX-OCC-DDA-011:6b09fab5,needs_human_review,,,,,
occupation_alias,CPX-OCC-DDA-020:5438dce5,excluded_from_exact_matching,,,,,
occupation_alias,CPX-OCC-ENG-011:5438dce5,excluded_from_exact_matching,,,,,
occupation_alias,CPX-OCC-BOP-008:e62d441d,needs_human_review,,,,,
occupation_alias,CPX-OCC-DDA-009:4f711f5b,needs_human_review,,,,,
occupation_alias,CPX-OCC-DDA-014:8569697c,needs_human_review,,,,,
occupation_alias,CPX-OCC-PPM-011:186b9663,needs_human_review,,,,,
occupation_alias,CPX-OCC-PPM-011:853ea505,needs_human_review,,,,,
occupation_alias,CPX-OCC-PPM-011:dea54f76,needs_human_review,,,,,
occupation_alias,CPX-OCC-PPM-011:4bae69ff,needs_human_review,,,,,
occupation_alias,CPX-OCC-DDA-009:faad2e9e,needs_human_review,,,,,
occupation_alias,CPX-OCC-CBE-008:dd40643f,needs_human_review,,,,,
occupation_alias,CPX-OCC-CBE-008:fd0ae226,needs_human_review,,,,,
occupation_alias,CPX-OCC-CBE-008:36840bd8,needs_human_review,,,,,
occupation_alias,CPX-OCC-CBE-008:93816f89,needs_human_review,,,,,
occupation_alias,CPX-OCC-CBE-008:62e29644,needs_human_review,,,,,
occupation_alias,CPX-OCC-DDA-001:401d85b5,excluded_from_exact_matching,,,,,
occupation_alias,CPX-OCC-DDA-009:401d85b5,excluded_from_exact_matching,,,,,
occupation_alias,CPX-OCC-DDA-001:5210a309,needs_human_review,,,,,
occupation_alias,CPX-OCC-DDA-009:f318da53,needs_human_review,,,,,
occupation_alias,CPX-OCC-DDA-001:20174452,needs_human_review,,,,,
occupation_alias,CPX-OCC-BOP-001:0e51fcc0,excluded_from_exact_matching,,,,,
occupation_alias,CPX-OCC-PPM-017:0e51fcc0,excluded_from_exact_matching,,,,,
occupation_alias,CPX-OCC-DDA-001:c4d4e34a,excluded_from_exact_matching,,,,,
occupation_alias,CPX-OCC-ENG-013:c4d4e34a,excluded_from_exact_matching,,,,,
occupation_alias,CPX-OCC-ENE-003:c4d4e34a,excluded_from_exact_matching,,,,,
occupation_alias,CPX-OCC-DDA-001:9e98186f,needs_human_review,,,,,
occupation_alias,CPX-OCC-PPM-017:4adfbe0b,needs_human_review,,,,,
occupation_alias,CPX-OCC-DDA-007:949ff191,needs_human_review,,,,,
occupation_alias,CPX-OCC-DDA-007:bd229b6c,needs_human_review,,,,,
occupation_alias,CPX-OCC-DDA-007:a41bdd13,needs_human_review,,,,,
occupation_alias,CPX-OCC-DDA-007:6dd46af3,needs_human_review,,,,,
occupation_alias,CPX-OCC-DDA-008:70a3ef56,needs_human_review,,,,,
occupation_alias,CPX-OCC-DDA-008:61bece52,needs_human_review,,,,,
occupation_alias,CPX-OCC-DDA-007:e1026884,needs_human_review,,,,,
occupation_alias,CPX-OCC-DDA-008:3b419437,needs_human_review,,,,,
occupation_alias,CPX-OCC-DDA-008:afa4675b,needs_human_review,,,,,
occupation_alias,CPX-OCC-ENG-011:a587693e,needs_human_review,,,,,
occupation_alias,CPX-OCC-ENG-011:c28d458b,needs_human_review,,,,,
occupation_alias,CPX-OCC-DDA-007:b888c79c,needs_human_review,,,,,
occupation_alias,CPX-OCC-ENG-020:e719a01e,needs_human_review,,,,,
occupation_alias,CPX-OCC-DDA-016:16c36f92,needs_human_review,,,,,
occupation_alias,CPX-OCC-ENG-019:2e7b75c9,excluded_from_exact_matching,,,,,
occupation_alias,CPX-OCC-ENG-019:2e7b75c9,excluded_from_exact_matching,,,,,
occupation_alias,CPX-OCC-ENG-012:2e7b75c9,excluded_from_exact_matching,,,,,
occupation_alias,CPX-OCC-DDA-007:81f850a6,needs_human_review,,,,,
occupation_alias,CPX-OCC-DDA-008:53db94d0,needs_human_review,,,,,
occupation_alias,CPX-OCC-DDA-016:5bfcf891,needs_human_review,,,,,
occupation_alias,CPX-OCC-DDA-012:c19258a5,excluded_from_exact_matching,,,,,
occupation_alias,CPX-OCC-DDA-009:c19258a5,excluded_from_exact_matching,,,,,
occupation_alias,CPX-OCC-DDA-009:c19258a5,excluded_from_exact_matching,,,,,
occupation_alias,CPX-OCC-DDA-009:b2b8e08c,needs_human_review,,,,,
occupation_alias,CPX-OCC-ENG-016:bc31d7a8,needs_human_review,,,,,
occupation_alias,CPX-OCC-CBE-003:4ce1129c,needs_human_review,,,,,
occupation_alias,CPX-OCC-CBE-011:df229e38,excluded_from_exact_matching,,,,,
occupation_alias,CPX-OCC-CBE-011:df229e38,excluded_from_exact_matching,,,,,
occupation_alias,CPX-OCC-CBE-001:df229e38,excluded_from_exact_matching,,,,,
occupation_alias,CPX-OCC-CBE-011:0a722adb,needs_human_review,,,,,
occupation_alias,CPX-OCC-CBE-011:889b2bb8,needs_human_review,,,,,
occupation_alias,CPX-OCC-BOP-004:35d4efd3,needs_human_review,,,,,
occupation_alias,CPX-OCC-CBE-011:a2441b58,needs_human_review,,,,,
occupation_alias,CPX-OCC-CBE-011:3c907801,needs_human_review,,,,,
occupation_alias,CPX-OCC-CBE-011:17b5d953,needs_human_review,,,,,
occupation_alias,CPX-OCC-CBE-011:2a059763,needs_human_review,,,,,
occupation_alias,CPX-OCC-CBE-011:80e3fd05,needs_human_review,,,,,
occupation_alias,CPX-OCC-CBE-011:2023d7f2,needs_human_review,,,,,
occupation_alias,CPX-OCC-CBE-011:4dade505,needs_human_review,,,,,
occupation_alias,CPX-OCC-CBE-011:36f000f8,needs_human_review,,,,,
occupation_alias,CPX-OCC-DDA-018:a456e0ff,needs_human_review,,,,,
occupation_alias,CPX-OCC-CBE-011:ccc0adee,needs_human_review,,,,,
occupation_alias,CPX-OCC-CBE-011:473eda01,needs_human_review,,,,,
occupation_alias,CPX-OCC-CBE-011:9c8050fb,needs_human_review,,,,,
occupation_alias,CPX-OCC-CBE-011:89ba5b39,needs_human_review,,,,,
occupation_alias,CPX-OCC-DDA-014:a0e9f8a0,needs_human_review,,,,,
occupation_alias,CPX-OCC-CBE-011:4b55d3b6,needs_human_review,,,,,
occupation_alias,CPX-OCC-CBE-011:b161d1e6,needs_human_review,,,,,
occupation_alias,CPX-OCC-ENG-018:ace2a611,excluded_from_exact_matching,,,,,
occupation_alias,CPX-OCC-CBE-011:5489264f,needs_human_review,,,,,
occupation_alias,CPX-OCC-CBE-011:f7bea442,needs_human_review,,,,,
occupation_alias,CPX-OCC-CBE-011:e496e8bb,needs_human_review,,,,,
occupation_alias,CPX-OCC-CBE-011:66fb79cf,needs_human_review,,,,,
occupation_alias,CPX-OCC-CBE-011:f01a776e,needs_human_review,,,,,
occupation_alias,CPX-OCC-CBE-011:d3f2e8e7,needs_human_review,,,,,
occupation_alias,CPX-OCC-CBE-011:92e2ae6e,needs_human_review,,,,,
occupation_alias,CPX-OCC-DDA-008:0dd9c974,needs_human_review,,,,,
occupation_alias,CPX-OCC-CBE-011:3317a69b,needs_human_review,,,,,
occupation_alias,CPX-OCC-CBE-011:2fe0253d,needs_human_review,,,,,
occupation_alias,CPX-OCC-CBE-011:630e8d05,needs_human_review,,,,,
occupation_alias,CPX-OCC-CBE-011:02ebe44a,needs_human_review,,,,,
occupation_alias,CPX-OCC-DDA-020:75a3c61a,needs_human_review,,,,,
occupation_alias,CPX-OCC-CBE-011:bd95571c,needs_human_review,,,,,
occupation_alias,CPX-OCC-CBE-011:bd95571c,needs_human_review,,,,,
occupation_alias,CPX-OCC-CBE-011:bd95571c,needs_human_review,,,,,
occupation_alias,CPX-OCC-CBE-011:bd95571c,needs_human_review,,,,,
occupation_alias,CPX-OCC-CBE-011:9d72fc1f,needs_human_review,,,,,
occupation_alias,CPX-OCC-CBE-011:418cf481,needs_human_review,,,,,
occupation_alias,CPX-OCC-CBE-011:cd4156a2,needs_human_review,,,,,
occupation_alias,CPX-OCC-CBE-011:97dacb0c,needs_human_review,,,,,
occupation_alias,CPX-OCC-CBE-011:dbe0aac1,needs_human_review,,,,,
occupation_alias,CPX-OCC-ENG-001:8964e258,needs_human_review,,,,,
occupation_alias,CPX-OCC-BOP-008:adfd82d3,needs_human_review,,,,,
occupation_alias,CPX-OCC-BOP-008:f358029f,needs_human_review,,,,,
occupation_alias,CPX-OCC-ENG-018:f9d0ce0d,needs_human_review,,,,,
occupation_alias,CPX-OCC-CBE-011:b14f5b41,excluded_from_exact_matching,,,,,
occupation_alias,CPX-OCC-ENG-018:b14f5b41,excluded_from_exact_matching,,,,,
occupation_alias,CPX-OCC-PPM-020:b14f5b41,excluded_from_exact_matching,,,,,
occupation_alias,CPX-OCC-CBE-001:61d2c993,excluded_from_exact_matching,,,,,
occupation_alias,CPX-OCC-CBE-008:61d2c993,excluded_from_exact_matching,,,,,
occupation_alias,CPX-OCC-PPM-020:c46e768b,excluded_from_exact_matching,,,,,
occupation_alias,CPX-OCC-BOP-006:c46e768b,excluded_from_exact_matching,,,,,
occupation_alias,CPX-OCC-BOP-001:a3258e7c,needs_human_review,,,,,
occupation_alias,CPX-OCC-PPM-011:16e8b34b,needs_human_review,,,,,
occupation_alias,CPX-OCC-PPM-011:8618e37f,needs_human_review,,,,,
occupation_alias,CPX-OCC-BOP-001:16327004,needs_human_review,,,,,
occupation_alias,CPX-OCC-ENG-019:2d9badb2,needs_human_review,,,,,
occupation_alias,CPX-OCC-CBE-008:745bd3cb,needs_human_review,,,,,
occupation_alias,CPX-OCC-CBE-008:bfbd5a19,needs_human_review,,,,,
occupation_alias,CPX-OCC-CBE-008:8e427a4d,needs_human_review,,,,,
occupation_alias,CPX-OCC-PPM-003:ebdb443a,needs_human_review,,,,,
occupation_alias,CPX-OCC-PPM-018:a022f03c,needs_human_review,,,,,
occupation_alias,CPX-OCC-CBE-008:9bb11c82,needs_human_review,,,,,
occupation_alias,CPX-OCC-CBE-008:b618e008,needs_human_review,,,,,
occupation_alias,CPX-OCC-DDA-014:67e066e4,needs_human_review,,,,,
occupation_alias,CPX-OCC-DDA-012:5451279f,needs_human_review,,,,,
occupation_alias,CPX-OCC-DDA-008:c7b59796,excluded_from_exact_matching,,,,,
occupation_alias,CPX-OCC-DDA-007:c7b59796,excluded_from_exact_matching,,,,,
occupation_alias,CPX-OCC-DDA-007:c7b59796,excluded_from_exact_matching,,,,,
occupation_alias,CPX-OCC-DDA-013:05a5f73a,needs_human_review,,,,,
occupation_alias,CPX-OCC-DDA-012:188b2596,excluded_from_exact_matching,,,,,
occupation_alias,CPX-OCC-DDA-001:188b2596,excluded_from_exact_matching,,,,,
occupation_alias,CPX-OCC-CBE-008:6300bbd7,needs_human_review,,,,,
occupation_alias,CPX-OCC-PPM-020:b042737b,needs_human_review,,,,,
occupation_alias,CPX-OCC-PPM-020:b042737b,needs_human_review,,,,,
occupation_alias,CPX-OCC-PPM-003:c816a82d,needs_human_review,,,,,
occupation_alias,CPX-OCC-CBE-009:83b3beaf,needs_human_review,,,,,
occupation_alias,CPX-OCC-CBE-009:83b3beaf,needs_human_review,,,,,
occupation_alias,CPX-OCC-ENG-001:c6405a16,needs_human_review,,,,,
occupation_alias,CPX-OCC-ENE-007:3d08528b,needs_human_review,,,,,
occupation_alias,CPX-OCC-ENG-018:b67b2de2,needs_human_review,,,,,
occupation_alias,CPX-OCC-ENG-018:883f2491,needs_human_review,,,,,
occupation_alias,CPX-OCC-ENG-018:562c1daf,needs_human_review,,,,,
occupation_alias,CPX-OCC-ENG-018:f63cc5db,excluded_from_exact_matching,,,,,
occupation_alias,CPX-OCC-ENG-018:f63cc5db,excluded_from_exact_matching,,,,,
occupation_alias,CPX-OCC-ENE-007:f63cc5db,excluded_from_exact_matching,,,,,
occupation_alias,CPX-OCC-ENG-018:d4a44c15,needs_human_review,,,,,
occupation_alias,CPX-OCC-ENG-018:d4a44c15,needs_human_review,,,,,
occupation_alias,CPX-OCC-ENG-018:d4a44c15,needs_human_review,,,,,
occupation_alias,CPX-OCC-ENG-018:3eb3cfa6,needs_human_review,,,,,
occupation_alias,CPX-OCC-ENG-018:3eb3cfa6,needs_human_review,,,,,
occupation_alias,CPX-OCC-BOP-001:c4c365e0,needs_human_review,,,,,
occupation_alias,CPX-OCC-CBE-009:c3ed377d,needs_human_review,,,,,
occupation_alias,CPX-OCC-ENE-002:171e7429,needs_human_review,,,,,
occupation_alias,CPX-OCC-PPM-004:e7883c90,needs_human_review,,,,,
occupation_alias,CPX-OCC-PPM-004:a5b3eede,needs_human_review,,,,,
occupation_alias,CPX-OCC-PPM-004:b0a40862,needs_human_review,,,,,
occupation_alias,CPX-OCC-PPM-004:7ef4ec1b,needs_human_review,,,,,
occupation_alias,CPX-OCC-PPM-004:6d0fc94f,needs_human_review,,,,,
occupation_alias,CPX-OCC-PPM-004:99d687c9,needs_human_review,,,,,
occupation_alias,CPX-OCC-PPM-004:d1bb4c45,needs_human_review,,,,,
occupation_alias,CPX-OCC-BOP-004:87615d1a,needs_human_review,,,,,
occupation_alias,CPX-OCC-CBE-001:e67f70f4,needs_human_review,,,,,
occupation_alias,CPX-OCC-ENG-015:591eaa6a,needs_human_review,,,,,
occupation_alias,CPX-OCC-PPM-001:7c015662,needs_human_review,,,,,
occupation_alias,CPX-OCC-BOP-009:54ef5065,needs_human_review,,,,,
occupation_alias,CPX-OCC-BOP-009:54ef5065,needs_human_review,,,,,
occupation_alias,CPX-OCC-BOP-009:54ef5065,needs_human_review,,,,,
occupation_alias,CPX-OCC-BOP-009:54ef5065,needs_human_review,,,,,
occupation_alias,CPX-OCC-BOP-009:54ef5065,needs_human_review,,,,,
occupation_alias,CPX-OCC-BOP-009:54ef5065,needs_human_review,,,,,
occupation_alias,CPX-OCC-BOP-009:54ef5065,needs_human_review,,,,,
occupation_alias,CPX-OCC-BOP-009:54ef5065,needs_human_review,,,,,
occupation_alias,CPX-OCC-BOP-009:54ef5065,needs_human_review,,,,,
occupation_alias,CPX-OCC-BOP-009:54ef5065,needs_human_review,,,,,
occupation_alias,CPX-OCC-BOP-009:54ef5065,needs_human_review,,,,,
occupation_alias,CPX-OCC-BOP-009:54ef5065,needs_human_review,,,,,
occupation_alias,CPX-OCC-CBE-001:373c931f,needs_human_review,,,,,
occupation_alias,CPX-OCC-CBE-003:649f6a62,needs_human_review,,,,,
occupation_alias,CPX-OCC-BOP-009:b6bbfe66,needs_human_review,,,,,
occupation_alias,CPX-OCC-ENG-012:e1e9130b,needs_human_review,,,,,
occupation_alias,CPX-OCC-ENG-012:582780d3,needs_human_review,,,,,
occupation_alias,CPX-OCC-ENG-012:57a15271,needs_human_review,,,,,
occupation_alias,CPX-OCC-ENG-012:ea040895,needs_human_review,,,,,
occupation_alias,CPX-OCC-ENE-010:54c7e980,needs_human_review,,,,,
occupation_alias,CPX-OCC-ENE-010:9bc1db5e,needs_human_review,,,,,
occupation_alias,CPX-OCC-ENE-010:b9fc410c,needs_human_review,,,,,
occupation_alias,CPX-OCC-ENE-010:99c70cf5,needs_human_review,,,,,
occupation_alias,CPX-OCC-ENE-010:bbaa62bb,needs_human_review,,,,,
occupation_alias,CPX-OCC-ENE-010:37b953a6,needs_human_review,,,,,
occupation_alias,CPX-OCC-ENE-010:6783ca72,needs_human_review,,,,,
occupation_alias,CPX-OCC-CBE-009:ef6262cd,needs_human_review,,,,,
occupation_alias,CPX-OCC-ENE-010:98b13183,needs_human_review,,,,,
occupation_alias,CPX-OCC-ENE-010:c8d0a2b6,needs_human_review,,,,,
occupation_alias,CPX-OCC-DDA-020:71958c02,needs_human_review,,,,,
occupation_alias,CPX-OCC-DDA-020:2c8bd025,needs_human_review,,,,,
occupation_alias,CPX-OCC-BOP-008:844e9c37,needs_human_review,,,,,
occupation_alias,CPX-OCC-DDA-008:24c3d4a8,needs_human_review,,,,,
occupation_alias,CPX-OCC-DDA-008:761014b3,needs_human_review,,,,,
occupation_alias,CPX-OCC-DDA-008:1d73951b,needs_human_review,,,,,
occupation_alias,CPX-OCC-BOP-008:fa9b5fc4,needs_human_review,,,,,
occupation_alias,CPX-OCC-ENG-011:5471063b,needs_human_review,,,,,
occupation_alias,CPX-OCC-BOP-006:f5da3a5b,needs_human_review,,,,,
occupation_alias,CPX-OCC-ENG-014:98637ac2,needs_human_review,,,,,
occupation_alias,CPX-OCC-BOP-004:5b5393b8,needs_human_review,,,,,
occupation_alias,CPX-OCC-DDA-020:d574415c,needs_human_review,,,,,
occupation_alias,CPX-OCC-DDA-020:36e6c7f6,needs_human_review,,,,,
occupation_alias,CPX-OCC-DDA-016:92bcaa15,excluded_from_exact_matching,,,,,
occupation_alias,CPX-OCC-DDA-015:92bcaa15,excluded_from_exact_matching,,,,,
occupation_alias,CPX-OCC-DDA-008:5d3e58db,needs_human_review,,,,,
occupation_alias,CPX-OCC-ENG-019:a87cea7d,needs_human_review,,,,,
occupation_alias,CPX-OCC-DDA-009:43cb5d88,needs_human_review,,,,,
occupation_alias,CPX-OCC-ENG-019:87de0e3c,needs_human_review,,,,,
occupation_alias,CPX-OCC-ENG-014:b7b8144c,excluded_from_exact_matching,,,,,
occupation_alias,CPX-OCC-ENG-011:b7b8144c,excluded_from_exact_matching,,,,,
occupation_alias,CPX-OCC-DDA-020:b7b8144c,excluded_from_exact_matching,,,,,
occupation_alias,CPX-OCC-DDA-020:b7b8144c,excluded_from_exact_matching,,,,,
occupation_alias,CPX-OCC-DDA-020:b7b8144c,excluded_from_exact_matching,,,,,
occupation_alias,CPX-OCC-ENG-013:b7b8144c,excluded_from_exact_matching,,,,,
occupation_alias,CPX-OCC-ENG-019:b7b8144c,excluded_from_exact_matching,,,,,
occupation_alias,CPX-OCC-DDA-019:b7b8144c,excluded_from_exact_matching,,,,,
occupation_alias,CPX-OCC-DDA-020:a67722bf,needs_human_review,,,,,
occupation_alias,CPX-OCC-DDA-007:dcbe50c8,needs_human_review,,,,,
occupation_alias,CPX-OCC-DDA-020:769b28a2,needs_human_review,,,,,
occupation_alias,CPX-OCC-ENG-019:db8f65d2,needs_human_review,,,,,
occupation_alias,CPX-OCC-ENG-019:93f24fdd,needs_human_review,,,,,
occupation_alias,CPX-OCC-ENG-001:2f8dfd4f,needs_human_review,,,,,
occupation_alias,CPX-OCC-ENG-019:e723975f,needs_human_review,,,,,
occupation_alias,CPX-OCC-ENG-019:fc7747c1,needs_human_review,,,,,
occupation_alias,CPX-OCC-ENG-019:d27b5343,needs_human_review,,,,,
occupation_alias,CPX-OCC-DDA-007:11375c0c,needs_human_review,,,,,
occupation_alias,CPX-OCC-ENG-019:bda01955,needs_human_review,,,,,
occupation_alias,CPX-OCC-DDA-019:60978efd,needs_human_review,,,,,
occupation_alias,CPX-OCC-DDA-019:20556b56,excluded_from_exact_matching,,,,,
occupation_alias,CPX-OCC-ENG-015:20556b56,excluded_from_exact_matching,,,,,
occupation_alias,CPX-OCC-CBE-013:d9e14333,needs_human_review,,,,,
occupation_alias,CPX-OCC-ENE-007:be686a6b,needs_human_review,,,,,
occupation_alias,CPX-OCC-ENE-007:ce151b8d,needs_human_review,,,,,
occupation_alias,CPX-OCC-ENE-007:cec2676f,needs_human_review,,,,,
occupation_alias,CPX-OCC-PPM-007:729dafac,needs_human_review,,,,,
occupation_alias,CPX-OCC-ENG-014:171654fd,needs_human_review,,,,,
occupation_alias,CPX-OCC-ENG-003:4ad10471,needs_human_review,,,,,
occupation_alias,CPX-OCC-ENG-016:c2b6dcb0,needs_human_review,,,,,
occupation_alias,CPX-OCC-ENG-014:b1f2f49a,excluded_from_exact_matching,,,,,
occupation_alias,CPX-OCC-ENG-001:b1f2f49a,excluded_from_exact_matching,,,,,
occupation_alias,CPX-OCC-ENG-014:b1f2f49a,excluded_from_exact_matching,,,,,
occupation_alias,CPX-OCC-ENG-013:b1f2f49a,excluded_from_exact_matching,,,,,
occupation_alias,CPX-OCC-BOP-001:4cdc49f5,needs_human_review,,,,,
occupation_alias,CPX-OCC-DDA-003:7c4124fe,needs_human_review,,,,,
occupation_alias,CPX-OCC-DDA-003:8e02cbb9,needs_human_review,,,,,
occupation_alias,CPX-OCC-DDA-003:e7d42e5b,needs_human_review,,,,,
occupation_alias,CPX-OCC-DDA-003:f2d64dee,needs_human_review,,,,,
occupation_alias,CPX-OCC-DDA-014:c22836f3,needs_human_review,,,,,
occupation_alias,CPX-OCC-BOP-009:a51bcfa2,needs_human_review,,,,,
occupation_alias,CPX-OCC-BOP-009:a51bcfa2,needs_human_review,,,,,
occupation_alias,CPX-OCC-BOP-009:a51bcfa2,needs_human_review,,,,,
occupation_alias,CPX-OCC-BOP-009:a51bcfa2,needs_human_review,,,,,
occupation_alias,CPX-OCC-BOP-009:a51bcfa2,needs_human_review,,,,,
occupation_alias,CPX-OCC-BOP-009:a51bcfa2,needs_human_review,,,,,
occupation_alias,CPX-OCC-BOP-009:a51bcfa2,needs_human_review,,,,,
occupation_alias,CPX-OCC-BOP-009:a51bcfa2,needs_human_review,,,,,
occupation_alias,CPX-OCC-BOP-009:a51bcfa2,needs_human_review,,,,,
occupation_alias,CPX-OCC-BOP-009:a51bcfa2,needs_human_review,,,,,
occupation_alias,CPX-OCC-BOP-009:a51bcfa2,needs_human_review,,,,,
occupation_alias,CPX-OCC-BOP-009:a51bcfa2,needs_human_review,,,,,
occupation_alias,CPX-OCC-BOP-009:a51bcfa2,needs_human_review,,,,,
occupation_alias,CPX-OCC-BOP-009:a51bcfa2,needs_human_review,,,,,
occupation_alias,CPX-OCC-BOP-009:65d0f583,needs_human_review,,,,,
occupation_alias,CPX-OCC-BOP-009:65d0f583,needs_human_review,,,,,
occupation_alias,CPX-OCC-BOP-009:65d0f583,needs_human_review,,,,,
occupation_alias,CPX-OCC-BOP-009:65d0f583,needs_human_review,,,,,
occupation_alias,CPX-OCC-BOP-009:65d0f583,needs_human_review,,,,,
occupation_alias,CPX-OCC-BOP-009:65d0f583,needs_human_review,,,,,
occupation_alias,CPX-OCC-BOP-009:65d0f583,needs_human_review,,,,,
occupation_alias,CPX-OCC-BOP-009:65d0f583,needs_human_review,,,,,
occupation_alias,CPX-OCC-BOP-009:65d0f583,needs_human_review,,,,,
occupation_alias,CPX-OCC-BOP-009:65d0f583,needs_human_review,,,,,
occupation_alias,CPX-OCC-BOP-009:65d0f583,needs_human_review,,,,,
occupation_alias,CPX-OCC-BOP-009:65d0f583,needs_human_review,,,,,
occupation_alias,CPX-OCC-BOP-009:65d0f583,needs_human_review,,,,,
occupation_alias,CPX-OCC-BOP-009:65d0f583,needs_human_review,,,,,
occupation_alias,CPX-OCC-BOP-008:ae160bbe,needs_human_review,,,,,
occupation_alias,CPX-OCC-BOP-001:b5e8d205,excluded_from_exact_matching,,,,,
occupation_alias,CPX-OCC-BOP-001:b5e8d205,excluded_from_exact_matching,,,,,
occupation_alias,CPX-OCC-ENG-018:b5e8d205,excluded_from_exact_matching,,,,,
occupation_alias,CPX-OCC-ENG-018:b5e8d205,excluded_from_exact_matching,,,,,
occupation_alias,CPX-OCC-ENG-018:b5e8d205,excluded_from_exact_matching,,,,,
occupation_alias,CPX-OCC-PPM-011:5c47f5dc,needs_human_review,,,,,
occupation_alias,CPX-OCC-PPM-011:25b4c594,needs_human_review,,,,,
occupation_alias,CPX-OCC-PPM-011:c39ac265,needs_human_review,,,,,
occupation_alias,CPX-OCC-PPM-017:2dd024a9,needs_human_review,,,,,
occupation_alias,CPX-OCC-ENG-001:2b6b051e,needs_human_review,,,,,
occupation_alias,CPX-OCC-ENE-007:96ebf412,needs_human_review,,,,,
occupation_alias,CPX-OCC-PPM-011:4ea2d255,needs_human_review,,,,,
occupation_alias,CPX-OCC-PPM-011:f1c6347a,needs_human_review,,,,,
occupation_alias,CPX-OCC-PPM-011:94eabf21,needs_human_review,,,,,
occupation_alias,CPX-OCC-ENG-018:014a1c07,excluded_from_exact_matching,,,,,
occupation_alias,CPX-OCC-ENG-018:014a1c07,excluded_from_exact_matching,,,,,
occupation_alias,CPX-OCC-PPM-018:014a1c07,excluded_from_exact_matching,,,,,
occupation_alias,CPX-OCC-PPM-018:014a1c07,excluded_from_exact_matching,,,,,
occupation_alias,CPX-OCC-PPM-018:014a1c07,excluded_from_exact_matching,,,,,
occupation_alias,CPX-OCC-PPM-018:7b84e943,needs_human_review,,,,,
occupation_alias,CPX-OCC-PPM-018:7b84e943,needs_human_review,,,,,
occupation_alias,CPX-OCC-DDA-013:8bb5ce79,needs_human_review,,,,,
occupation_alias,CPX-OCC-PPM-003:6bc7da45,needs_human_review,,,,,
occupation_alias,CPX-OCC-PPM-003:1ee56e6c,needs_human_review,,,,,
occupation_alias,CPX-OCC-PPM-003:702d2b58,needs_human_review,,,,,
occupation_alias,CPX-OCC-PPM-003:9ab3de74,needs_human_review,,,,,
occupation_alias,CPX-OCC-PPM-003:cda0cebd,needs_human_review,,,,,
occupation_alias,CPX-OCC-PPM-014:cbcdc463,excluded_from_exact_matching,,,,,
occupation_alias,CPX-OCC-ENG-018:cbcdc463,excluded_from_exact_matching,,,,,
occupation_alias,CPX-OCC-ENG-018:cbcdc463,excluded_from_exact_matching,,,,,
occupation_alias,CPX-OCC-ENG-018:cbcdc463,excluded_from_exact_matching,,,,,
occupation_alias,CPX-OCC-ENG-018:cbcdc463,excluded_from_exact_matching,,,,,
occupation_alias,CPX-OCC-BOP-009:cbcdc463,excluded_from_exact_matching,,,,,
occupation_alias,CPX-OCC-ENG-018:da0a358d,needs_human_review,,,,,
occupation_alias,CPX-OCC-PPM-014:c3a0a176,excluded_from_exact_matching,,,,,
occupation_alias,CPX-OCC-ENG-018:c3a0a176,excluded_from_exact_matching,,,,,
occupation_alias,CPX-OCC-BOP-009:c3a0a176,excluded_from_exact_matching,,,,,
occupation_alias,CPX-OCC-BOP-010:e71fd879,needs_human_review,,,,,
occupation_alias,CPX-OCC-DDA-011:8c702758,needs_human_review,,,,,
occupation_alias,CPX-OCC-DDA-011:8e88913d,needs_human_review,,,,,
occupation_alias,CPX-OCC-DDA-011:8e88913d,needs_human_review,,,,,
occupation_alias,CPX-OCC-DDA-009:54d0141b,needs_human_review,,,,,
occupation_alias,CPX-OCC-DDA-009:e2f83f76,needs_human_review,,,,,
occupation_alias,CPX-OCC-ENG-018:0f608939,needs_human_review,,,,,
occupation_alias,CPX-OCC-BOP-001:3129c89a,needs_human_review,,,,,
occupation_alias,CPX-OCC-DDA-010:d29c7eaf,needs_human_review,,,,,
occupation_alias,CPX-OCC-DDA-010:d29c7eaf,needs_human_review,,,,,
occupation_alias,CPX-OCC-ENG-001:46c2601b,excluded_from_exact_matching,,,,,
occupation_alias,CPX-OCC-DDA-010:46c2601b,excluded_from_exact_matching,,,,,
occupation_alias,CPX-OCC-DDA-010:46c2601b,excluded_from_exact_matching,,,,,
occupation_alias,CPX-OCC-DDA-010:46c2601b,excluded_from_exact_matching,,,,,
occupation_alias,CPX-OCC-DDA-010:46c2601b,excluded_from_exact_matching,,,,,
occupation_alias,CPX-OCC-DDA-017:4f0607a0,needs_human_review,,,,,
occupation_alias,CPX-OCC-DDA-017:15585ceb,needs_human_review,,,,,
occupation_alias,CPX-OCC-BOP-001:31c6dc29,needs_human_review,,,,,
occupation_alias,CPX-OCC-BOP-001:49967d5a,needs_human_review,,,,,
occupation_alias,CPX-OCC-BOP-001:ed7e8d2e,needs_human_review,,,,,
occupation_alias,CPX-OCC-DDA-017:d1601f9e,needs_human_review,,,,,
occupation_alias,CPX-OCC-DDA-017:283e8cc9,needs_human_review,,,,,
occupation_alias,CPX-OCC-DDA-017:07d9cc66,needs_human_review,,,,,
occupation_alias,CPX-OCC-ENE-003:113b0c79,needs_human_review,,,,,
occupation_alias,CPX-OCC-BOP-001:3453fd28,needs_human_review,,,,,
occupation_alias,CPX-OCC-BOP-001:791543ac,needs_human_review,,,,,
occupation_alias,CPX-OCC-BOP-001:97b80f8b,needs_human_review,,,,,
occupation_alias,CPX-OCC-DDA-009:ec7375bf,needs_human_review,,,,,
occupation_alias,CPX-OCC-DDA-009:24a3be70,needs_human_review,,,,,
occupation_alias,CPX-OCC-DDA-009:1ffd7503,needs_human_review,,,,,
occupation_alias,CPX-OCC-DDA-009:1ffd7503,needs_human_review,,,,,
occupation_alias,CPX-OCC-DDA-009:95be9974,needs_human_review,,,,,
occupation_alias,CPX-OCC-DDA-009:9546be7d,needs_human_review,,,,,
occupation_alias,CPX-OCC-DDA-009:db8495f7,needs_human_review,,,,,
occupation_alias,CPX-OCC-DDA-009:58fe2ec5,needs_human_review,,,,,
occupation_alias,CPX-OCC-DDA-009:38484193,needs_human_review,,,,,
occupation_alias,CPX-OCC-DDA-009:f7ff40a4,needs_human_review,,,,,
occupation_alias,CPX-OCC-DDA-010:282d37d2,needs_human_review,,,,,
occupation_alias,CPX-OCC-DDA-010:282d37d2,needs_human_review,,,,,
occupation_alias,CPX-OCC-DDA-010:282d37d2,needs_human_review,,,,,
occupation_alias,CPX-OCC-DDA-010:282d37d2,needs_human_review,,,,,
occupation_alias,CPX-OCC-DDA-010:282d37d2,needs_human_review,,,,,
occupation_alias,CPX-OCC-DDA-010:21901b0a,needs_human_review,,,,,
occupation_alias,CPX-OCC-DDA-010:6de1f844,needs_human_review,,,,,
occupation_alias,CPX-OCC-ENE-003:b2e8f86c,needs_human_review,,,,,
occupation_alias,CPX-OCC-DDA-010:af15a930,needs_human_review,,,,,
occupation_alias,CPX-OCC-DDA-010:af15a930,needs_human_review,,,,,
occupation_alias,CPX-OCC-DDA-009:5f1bcbb5,needs_human_review,,,,,
occupation_alias,CPX-OCC-DDA-009:178a46ce,needs_human_review,,,,,
occupation_alias,CPX-OCC-DDA-009:71884986,needs_human_review,,,,,
occupation_alias,CPX-OCC-ENG-001:d475dc25,needs_human_review,,,,,
occupation_alias,CPX-OCC-DDA-007:5b929e66,needs_human_review,,,,,
occupation_alias,CPX-OCC-BOP-001:32733f25,needs_human_review,,,,,
occupation_alias,CPX-OCC-ENG-014:7acf0409,needs_human_review,,,,,
occupation_alias,CPX-OCC-ENG-014:5ef03333,needs_human_review,,,,,
occupation_alias,CPX-OCC-ENG-014:56ac4694,needs_human_review,,,,,
occupation_alias,CPX-OCC-ENG-014:1c04c0cf,needs_human_review,,,,,
occupation_alias,CPX-OCC-ENG-014:f1d5762c,needs_human_review,,,,,
occupation_alias,CPX-OCC-DDA-008:b9f60808,needs_human_review,,,,,
occupation_alias,CPX-OCC-PPM-020:4ccecf19,needs_human_review,,,,,
occupation_alias,CPX-OCC-ENG-001:055217b6,needs_human_review,,,,,
occupation_alias,CPX-OCC-ENG-001:055217b6,needs_human_review,,,,,
occupation_alias,CPX-OCC-DDA-020:a324051b,needs_human_review,,,,,
occupation_alias,CPX-OCC-ENG-013:642812d2,needs_human_review,,,,,
occupation_alias,CPX-OCC-BOP-008:5f7a9d3b,needs_human_review,,,,,
occupation_alias,CPX-OCC-BOP-002:b3cbfe7c,needs_human_review,,,,,
occupation_alias,CPX-OCC-BOP-008:b14f3f9f,needs_human_review,,,,,
occupation_alias,CPX-OCC-ENE-007:95f93d25,needs_human_review,,,,,
occupation_alias,CPX-OCC-DDA-010:f324da31,needs_human_review,,,,,
occupation_alias,CPX-OCC-DDA-010:f324da31,needs_human_review,,,,,
occupation_alias,CPX-OCC-ENG-013:528634e2,needs_human_review,,,,,
occupation_alias,CPX-OCC-PPM-011:ea29fc72,needs_human_review,,,,,
occupation_alias,CPX-OCC-PPM-011:06d76d61,needs_human_review,,,,,
occupation_alias,CPX-OCC-DDA-017:4d0c53fe,needs_human_review,,,,,
occupation_alias,CPX-OCC-CBE-001:e4aeefd1,needs_human_review,,,,,
occupation_alias,CPX-OCC-ENG-001:99afb187,needs_human_review,,,,,
occupation_alias,CPX-OCC-ENG-001:679c54af,needs_human_review,,,,,
occupation_alias,CPX-OCC-ENG-001:c6dd08ae,excluded_from_exact_matching,,,,,
occupation_alias,CPX-OCC-ENG-008:c6dd08ae,excluded_from_exact_matching,,,,,
occupation_alias,CPX-OCC-BOP-008:87adb5bd,excluded_from_exact_matching,,,,,
occupation_alias,CPX-OCC-ENG-008:809a0e19,needs_human_review,,,,,
occupation_alias,CPX-OCC-PPM-019:39168fde,needs_human_review,,,,,
occupation_alias,CPX-OCC-ENG-008:bd6f31b4,needs_human_review,,,,,
occupation_alias,CPX-OCC-DDA-009:a4dd3cb2,needs_human_review,,,,,
occupation_alias,CPX-OCC-ENG-001:5fb2e587,needs_human_review,,,,,
occupation_alias,CPX-OCC-PPM-003:d154a9c8,needs_human_review,,,,,
occupation_alias,CPX-OCC-PPM-003:923052ee,excluded_from_exact_matching,,,,,
occupation_alias,CPX-OCC-BOP-001:923052ee,excluded_from_exact_matching,,,,,
occupation_alias,CPX-OCC-ENG-012:dbd3df5e,excluded_from_exact_matching,,,,,
occupation_alias,CPX-OCC-ENG-001:dbd3df5e,excluded_from_exact_matching,,,,,
occupation_alias,CPX-OCC-ENG-001:dbd3df5e,excluded_from_exact_matching,,,,,
occupation_alias,CPX-OCC-ENG-001:dbd3df5e,excluded_from_exact_matching,,,,,
occupation_alias,CPX-OCC-PPM-003:04d6b76c,needs_human_review,,,,,
occupation_alias,CPX-OCC-PPM-020:07009314,needs_human_review,,,,,
occupation_alias,CPX-OCC-PPM-020:07009314,needs_human_review,,,,,
occupation_alias,CPX-OCC-PPM-003:d79054b8,needs_human_review,,,,,
occupation_alias,CPX-OCC-PPM-003:fff00cd6,needs_human_review,,,,,
occupation_alias,CPX-OCC-PPM-003:d4142b6e,needs_human_review,,,,,
occupation_alias,CPX-OCC-PPM-003:32fb5661,needs_human_review,,,,,
occupation_alias,CPX-OCC-PPM-003:2d6c9cf4,needs_human_review,,,,,
occupation_alias,CPX-OCC-PPM-003:a658b39b,needs_human_review,,,,,
occupation_alias,CPX-OCC-CBE-007:599f21ae,excluded_from_exact_matching,,,,,
occupation_alias,CPX-OCC-ENG-001:599f21ae,excluded_from_exact_matching,,,,,
occupation_alias,CPX-OCC-CBE-007:599f21ae,excluded_from_exact_matching,,,,,
occupation_alias,CPX-OCC-ENG-001:599f21ae,excluded_from_exact_matching,,,,,
occupation_alias,CPX-OCC-CBE-007:aec1e843,excluded_from_exact_matching,,,,,
occupation_alias,CPX-OCC-PPM-005:aec1e843,excluded_from_exact_matching,,,,,
occupation_alias,CPX-OCC-ENE-010:aec1e843,excluded_from_exact_matching,,,,,
occupation_alias,CPX-OCC-PPM-005:2a260e42,excluded_from_exact_matching,,,,,
occupation_alias,CPX-OCC-ENE-010:2a260e42,excluded_from_exact_matching,,,,,
occupation_alias,CPX-OCC-CBE-011:b627d4bb,needs_human_review,,,,,
occupation_alias,CPX-OCC-BOP-008:00bc31d9,needs_human_review,,,,,
occupation_alias,CPX-OCC-PPM-009:bea68734,needs_human_review,,,,,
occupation_alias,CPX-OCC-CBE-011:c99d1bf0,needs_human_review,,,,,
occupation_alias,CPX-OCC-CBE-001:029d75db,needs_human_review,,,,,
occupation_alias,CPX-OCC-CBE-004:926f9159,needs_human_review,,,,,
occupation_alias,CPX-OCC-CBE-004:926f9159,needs_human_review,,,,,
occupation_alias,CPX-OCC-CBE-004:926f9159,needs_human_review,,,,,
occupation_alias,CPX-OCC-CBE-001:e45591c4,needs_human_review,,,,,
occupation_alias,CPX-OCC-CBE-007:6e418373,excluded_from_exact_matching,,,,,
occupation_alias,CPX-OCC-ENG-003:6e418373,excluded_from_exact_matching,,,,,
occupation_alias,CPX-OCC-PPM-009:9a4b2738,needs_human_review,,,,,
occupation_alias,CPX-OCC-CBE-011:537799e7,needs_human_review,,,,,
occupation_alias,CPX-OCC-CBE-013:60743176,needs_human_review,,,,,
occupation_alias,CPX-OCC-CBE-013:b4e53cd3,needs_human_review,,,,,
occupation_alias,CPX-OCC-ENE-012:9d635f62,needs_human_review,,,,,
occupation_alias,CPX-OCC-ENE-013:c77c7a3a,needs_human_review,,,,,
occupation_alias,CPX-OCC-CBE-001:eef9f591,needs_human_review,,,,,
occupation_alias,CPX-OCC-CBE-001:9da2ab7c,needs_human_review,,,,,
occupation_alias,CPX-OCC-PPM-011:e209e209,needs_human_review,,,,,
occupation_alias,CPX-OCC-PPM-011:763c9f32,needs_human_review,,,,,
occupation_alias,CPX-OCC-ENE-012:03a0e722,needs_human_review,,,,,
occupation_alias,CPX-OCC-ENE-012:8e6bcbe5,needs_human_review,,,,,
occupation_alias,CPX-OCC-CBE-013:47c0b475,excluded_from_exact_matching,,,,,
occupation_alias,CPX-OCC-CBE-007:5af970e9,needs_human_review,,,,,
occupation_alias,CPX-OCC-CBE-007:5142b5ca,needs_human_review,,,,,
occupation_alias,CPX-OCC-BOP-001:82406528,needs_human_review,,,,,
occupation_alias,CPX-OCC-DDA-015:baab88aa,excluded_from_exact_matching,,,,,
occupation_alias,CPX-OCC-CBE-009:baab88aa,excluded_from_exact_matching,,,,,
occupation_alias,CPX-OCC-PPM-013:d72b5631,excluded_from_exact_matching,,,,,
occupation_alias,CPX-OCC-ENE-012:d72b5631,excluded_from_exact_matching,,,,,
occupation_alias,CPX-OCC-DDA-014:d72b5631,excluded_from_exact_matching,,,,,
occupation_alias,CPX-OCC-BOP-002:19d1b9ed,excluded_from_exact_matching,,,,,
occupation_alias,CPX-OCC-DDA-014:19d1b9ed,excluded_from_exact_matching,,,,,
occupation_alias,CPX-OCC-DDA-014:19d1b9ed,excluded_from_exact_matching,,,,,
occupation_alias,CPX-OCC-DDA-014:19d1b9ed,excluded_from_exact_matching,,,,,
occupation_alias,CPX-OCC-DDA-014:19d1b9ed,excluded_from_exact_matching,,,,,
occupation_alias,CPX-OCC-BOP-002:19d1b9ed,excluded_from_exact_matching,,,,,
occupation_alias,CPX-OCC-BOP-002:19d1b9ed,excluded_from_exact_matching,,,,,
occupation_alias,CPX-OCC-BOP-002:19d1b9ed,excluded_from_exact_matching,,,,,
occupation_alias,CPX-OCC-BOP-002:19d1b9ed,excluded_from_exact_matching,,,,,
occupation_alias,CPX-OCC-PPM-005:fdf9b3bb,excluded_from_exact_matching,,,,,
occupation_alias,CPX-OCC-PPM-010:fdf9b3bb,excluded_from_exact_matching,,,,,
occupation_alias,CPX-OCC-PPM-010:fdf9b3bb,excluded_from_exact_matching,,,,,
occupation_alias,CPX-OCC-PPM-001:fdf9b3bb,excluded_from_exact_matching,,,,,
occupation_alias,CPX-OCC-PPM-012:fdf9b3bb,excluded_from_exact_matching,,,,,
occupation_alias,CPX-OCC-PPM-012:fdf9b3bb,excluded_from_exact_matching,,,,,
occupation_alias,CPX-OCC-PPM-012:fdf9b3bb,excluded_from_exact_matching,,,,,
occupation_alias,CPX-OCC-PPM-003:fdf9b3bb,excluded_from_exact_matching,,,,,
occupation_alias,CPX-OCC-PPM-014:fdf9b3bb,excluded_from_exact_matching,,,,,
occupation_alias,CPX-OCC-PPM-014:fdf9b3bb,excluded_from_exact_matching,,,,,
occupation_alias,CPX-OCC-PPM-004:fdf9b3bb,excluded_from_exact_matching,,,,,
occupation_alias,CPX-OCC-PPM-001:fdf9b3bb,excluded_from_exact_matching,,,,,
occupation_alias,CPX-OCC-PPM-001:fdf9b3bb,excluded_from_exact_matching,,,,,
occupation_alias,CPX-OCC-PPM-001:fdf9b3bb,excluded_from_exact_matching,,,,,
occupation_alias,CPX-OCC-PPM-001:fdf9b3bb,excluded_from_exact_matching,,,,,
occupation_alias,CPX-OCC-PPM-001:fdf9b3bb,excluded_from_exact_matching,,,,,
occupation_alias,CPX-OCC-PPM-001:fdf9b3bb,excluded_from_exact_matching,,,,,
occupation_alias,CPX-OCC-PPM-010:fdf9b3bb,excluded_from_exact_matching,,,,,
occupation_alias,CPX-OCC-PPM-010:fdf9b3bb,excluded_from_exact_matching,,,,,
occupation_alias,CPX-OCC-PPM-001:fdf9b3bb,excluded_from_exact_matching,,,,,
occupation_alias,CPX-OCC-PPM-016:fdf9b3bb,excluded_from_exact_matching,,,,,
occupation_alias,CPX-OCC-PPM-016:fdf9b3bb,excluded_from_exact_matching,,,,,
occupation_alias,CPX-OCC-PPM-015:fdf9b3bb,excluded_from_exact_matching,,,,,
occupation_alias,CPX-OCC-PPM-001:fdf9b3bb,excluded_from_exact_matching,,,,,
occupation_alias,CPX-OCC-PPM-001:fdf9b3bb,excluded_from_exact_matching,,,,,
occupation_alias,CPX-OCC-PPM-017:fdf9b3bb,excluded_from_exact_matching,,,,,
occupation_alias,CPX-OCC-PPM-010:fdf9b3bb,excluded_from_exact_matching,,,,,
occupation_alias,CPX-OCC-PPM-010:fdf9b3bb,excluded_from_exact_matching,,,,,
occupation_alias,CPX-OCC-PPM-010:fdf9b3bb,excluded_from_exact_matching,,,,,
occupation_alias,CPX-OCC-PPM-001:fdf9b3bb,excluded_from_exact_matching,,,,,
occupation_alias,CPX-OCC-PPM-001:0a4ce3dc,excluded_from_exact_matching,,,,,
occupation_alias,CPX-OCC-PPM-012:0a4ce3dc,excluded_from_exact_matching,,,,,
occupation_alias,CPX-OCC-PPM-012:0a4ce3dc,excluded_from_exact_matching,,,,,
occupation_alias,CPX-OCC-PPM-012:0a4ce3dc,excluded_from_exact_matching,,,,,
occupation_alias,CPX-OCC-PPM-003:0a4ce3dc,excluded_from_exact_matching,,,,,
occupation_alias,CPX-OCC-PPM-014:0a4ce3dc,excluded_from_exact_matching,,,,,
occupation_alias,CPX-OCC-PPM-014:0a4ce3dc,excluded_from_exact_matching,,,,,
occupation_alias,CPX-OCC-PPM-004:0a4ce3dc,excluded_from_exact_matching,,,,,
occupation_alias,CPX-OCC-PPM-001:0a4ce3dc,excluded_from_exact_matching,,,,,
occupation_alias,CPX-OCC-PPM-001:0a4ce3dc,excluded_from_exact_matching,,,,,
occupation_alias,CPX-OCC-PPM-001:0a4ce3dc,excluded_from_exact_matching,,,,,
occupation_alias,CPX-OCC-PPM-001:0a4ce3dc,excluded_from_exact_matching,,,,,
occupation_alias,CPX-OCC-PPM-001:0a4ce3dc,excluded_from_exact_matching,,,,,
occupation_alias,CPX-OCC-PPM-001:0a4ce3dc,excluded_from_exact_matching,,,,,
occupation_alias,CPX-OCC-PPM-001:0a4ce3dc,excluded_from_exact_matching,,,,,
occupation_alias,CPX-OCC-PPM-015:0a4ce3dc,excluded_from_exact_matching,,,,,
occupation_alias,CPX-OCC-PPM-001:0a4ce3dc,excluded_from_exact_matching,,,,,
occupation_alias,CPX-OCC-PPM-001:0a4ce3dc,excluded_from_exact_matching,,,,,
occupation_alias,CPX-OCC-PPM-001:0a4ce3dc,excluded_from_exact_matching,,,,,
occupation_alias,CPX-OCC-DDA-014:d1a1ae7a,excluded_from_exact_matching,,,,,
occupation_alias,CPX-OCC-PPM-013:d1a1ae7a,excluded_from_exact_matching,,,,,
occupation_alias,CPX-OCC-DDA-014:d1a1ae7a,excluded_from_exact_matching,,,,,
occupation_alias,CPX-OCC-DDA-018:d1a1ae7a,excluded_from_exact_matching,,,,,
occupation_alias,CPX-OCC-DDA-014:d1a1ae7a,excluded_from_exact_matching,,,,,
occupation_alias,CPX-OCC-PPM-013:0762c20a,excluded_from_exact_matching,,,,,
occupation_alias,CPX-OCC-DDA-014:0762c20a,excluded_from_exact_matching,,,,,
occupation_alias,CPX-OCC-DDA-018:0762c20a,excluded_from_exact_matching,,,,,
occupation_alias,CPX-OCC-BOP-002:ce098646,excluded_from_exact_matching,,,,,
occupation_alias,CPX-OCC-DDA-016:ce098646,excluded_from_exact_matching,,,,,
occupation_alias,CPX-OCC-DDA-016:ce098646,excluded_from_exact_matching,,,,,
occupation_alias,CPX-OCC-BOP-004:ce098646,excluded_from_exact_matching,,,,,
occupation_alias,CPX-OCC-BOP-009:ce098646,excluded_from_exact_matching,,,,,
occupation_alias,CPX-OCC-PPM-016:3983c08e,needs_human_review,,,,,
occupation_alias,CPX-OCC-ENG-010:2c69d3bb,needs_human_review,,,,,
occupation_alias,CPX-OCC-PPM-016:b98e2358,needs_human_review,,,,,
occupation_alias,CPX-OCC-PPM-016:b98e2358,needs_human_review,,,,,
occupation_alias,CPX-OCC-PPM-013:58d303cc,excluded_from_exact_matching,,,,,
occupation_alias,CPX-OCC-PPM-016:58d303cc,excluded_from_exact_matching,,,,,
occupation_alias,CPX-OCC-DDA-013:58d303cc,excluded_from_exact_matching,,,,,
occupation_alias,CPX-OCC-DDA-014:58d303cc,excluded_from_exact_matching,,,,,
occupation_alias,CPX-OCC-PPM-016:555e7595,needs_human_review,,,,,
occupation_alias,CPX-OCC-PPM-016:2e294bd1,needs_human_review,,,,,
occupation_alias,CPX-OCC-PPM-016:e04f4374,needs_human_review,,,,,
occupation_alias,CPX-OCC-PPM-016:b1ab3f50,needs_human_review,,,,,
occupation_alias,CPX-OCC-PPM-020:704a309c,needs_human_review,,,,,
occupation_alias,CPX-OCC-DDA-014:8fbe9bea,needs_human_review,,,,,
occupation_alias,CPX-OCC-DDA-014:da1f67ca,needs_human_review,,,,,
occupation_alias,CPX-OCC-DDA-017:2234e775,needs_human_review,,,,,
occupation_alias,CPX-OCC-PPM-013:88795957,excluded_from_exact_matching,,,,,
occupation_alias,CPX-OCC-BOP-002:88795957,excluded_from_exact_matching,,,,,
occupation_alias,CPX-OCC-BOP-002:9082dc7e,needs_human_review,,,,,
occupation_alias,CPX-OCC-DDA-017:a285147b,excluded_from_exact_matching,,,,,
occupation_alias,CPX-OCC-PPM-001:a285147b,excluded_from_exact_matching,,,,,
occupation_alias,CPX-OCC-DDA-017:7fdfbf20,excluded_from_exact_matching,,,,,
occupation_alias,CPX-OCC-PPM-001:7fdfbf20,excluded_from_exact_matching,,,,,
occupation_alias,CPX-OCC-BOP-002:a386ade8,needs_human_review,,,,,
occupation_alias,CPX-OCC-BOP-002:00cda85a,needs_human_review,,,,,
occupation_alias,CPX-OCC-DDA-014:fb9ff288,needs_human_review,,,,,
occupation_alias,CPX-OCC-PPM-013:5fe28ce9,needs_human_review,,,,,
occupation_alias,CPX-OCC-PPM-020:9b1786eb,needs_human_review,,,,,
occupation_alias,CPX-OCC-ENE-012:78966e24,needs_human_review,,,,,
occupation_alias,CPX-OCC-ENE-012:4528d6ab,excluded_from_exact_matching,,,,,
occupation_alias,CPX-OCC-BOP-002:4528d6ab,excluded_from_exact_matching,,,,,
occupation_alias,CPX-OCC-CBE-009:7d265e83,excluded_from_exact_matching,,,,,
occupation_alias,CPX-OCC-CBE-009:7d265e83,excluded_from_exact_matching,,,,,
occupation_alias,CPX-OCC-BOP-010:7d265e83,excluded_from_exact_matching,,,,,
occupation_alias,CPX-OCC-BOP-010:7d265e83,excluded_from_exact_matching,,,,,
occupation_alias,CPX-OCC-BOP-008:903dcf27,needs_human_review,,,,,
occupation_alias,CPX-OCC-DDA-016:58b48509,needs_human_review,,,,,
occupation_alias,CPX-OCC-BOP-002:db1e716a,excluded_from_exact_matching,,,,,
occupation_alias,CPX-OCC-DDA-016:db1e716a,excluded_from_exact_matching,,,,,
occupation_alias,CPX-OCC-DDA-016:db1e716a,excluded_from_exact_matching,,,,,
occupation_alias,CPX-OCC-PPM-012:3e30859e,needs_human_review,,,,,
occupation_alias,CPX-OCC-BOP-004:a78054b3,needs_human_review,,,,,
occupation_alias,CPX-OCC-BOP-004:a78054b3,needs_human_review,,,,,
occupation_alias,CPX-OCC-ENG-015:e65bd188,needs_human_review,,,,,
occupation_alias,CPX-OCC-ENG-015:20961806,needs_human_review,,,,,
occupation_alias,CPX-OCC-ENG-015:ae6eb801,needs_human_review,,,,,
occupation_alias,CPX-OCC-ENG-011:89473418,needs_human_review,,,,,
occupation_alias,CPX-OCC-ENG-020:03928463,needs_human_review,,,,,
occupation_alias,CPX-OCC-PPM-003:e687d953,needs_human_review,,,,,
occupation_alias,CPX-OCC-DDA-015:c4f2b726,excluded_from_exact_matching,,,,,
occupation_alias,CPX-OCC-ENG-015:c4f2b726,excluded_from_exact_matching,,,,,
occupation_alias,CPX-OCC-ENG-018:c4f2b726,excluded_from_exact_matching,,,,,
occupation_alias,CPX-OCC-CBE-001:c4f2b726,excluded_from_exact_matching,,,,,
occupation_alias,CPX-OCC-CBE-001:c4f2b726,excluded_from_exact_matching,,,,,
occupation_alias,CPX-OCC-CBE-008:c4f2b726,excluded_from_exact_matching,,,,,
occupation_alias,CPX-OCC-DDA-015:f4e67c3d,excluded_from_exact_matching,,,,,
occupation_alias,CPX-OCC-ENG-015:f4e67c3d,excluded_from_exact_matching,,,,,
occupation_alias,CPX-OCC-ENG-018:f4e67c3d,excluded_from_exact_matching,,,,,
occupation_alias,CPX-OCC-CBE-001:f4e67c3d,excluded_from_exact_matching,,,,,
occupation_alias,CPX-OCC-ENG-001:bb71e73d,needs_human_review,,,,,
occupation_alias,CPX-OCC-ENG-018:026517eb,excluded_from_exact_matching,,,,,
occupation_alias,CPX-OCC-ENG-018:026517eb,excluded_from_exact_matching,,,,,
occupation_alias,CPX-OCC-ENG-018:026517eb,excluded_from_exact_matching,,,,,
occupation_alias,CPX-OCC-PPM-018:026517eb,excluded_from_exact_matching,,,,,
occupation_alias,CPX-OCC-PPM-018:026517eb,excluded_from_exact_matching,,,,,
occupation_alias,CPX-OCC-BOP-001:075073f7,needs_human_review,,,,,
occupation_alias,CPX-OCC-BOP-001:01f5badc,needs_human_review,,,,,
occupation_alias,CPX-OCC-ENG-016:69ff3b80,needs_human_review,,,,,
occupation_alias,CPX-OCC-BOP-009:5491a00a,excluded_from_exact_matching,,,,,
occupation_alias,CPX-OCC-BOP-009:5491a00a,excluded_from_exact_matching,,,,,
occupation_alias,CPX-OCC-BOP-009:5491a00a,excluded_from_exact_matching,,,,,
occupation_alias,CPX-OCC-BOP-010:5491a00a,excluded_from_exact_matching,,,,,
occupation_alias,CPX-OCC-BOP-009:5491a00a,excluded_from_exact_matching,,,,,
occupation_alias,CPX-OCC-BOP-009:5491a00a,excluded_from_exact_matching,,,,,
occupation_alias,CPX-OCC-BOP-009:5491a00a,excluded_from_exact_matching,,,,,
occupation_alias,CPX-OCC-ENE-013:0b0aadbb,needs_human_review,,,,,
occupation_alias,CPX-OCC-PPM-020:786dee74,needs_human_review,,,,,
occupation_alias,CPX-OCC-PPM-020:ddb1a0ae,needs_human_review,,,,,
occupation_alias,CPX-OCC-CBE-012:74d2b0c7,needs_human_review,,,,,
occupation_alias,CPX-OCC-PPM-003:7ff5c95e,needs_human_review,,,,,
occupation_alias,CPX-OCC-BOP-001:7d93a264,needs_human_review,,,,,
occupation_alias,CPX-OCC-ENG-013:983cfe7b,needs_human_review,,,,,
occupation_alias,CPX-OCC-PPM-018:9094d935,needs_human_review,,,,,
occupation_alias,CPX-OCC-ENE-012:ce04c3d4,needs_human_review,,,,,
occupation_alias,CPX-OCC-ENE-012:818bf053,needs_human_review,,,,,
occupation_alias,CPX-OCC-BOP-001:0e07fad0,needs_human_review,,,,,
occupation_alias,CPX-OCC-ENG-011:1813b9f5,needs_human_review,,,,,
occupation_alias,CPX-OCC-CBE-002:346fad5d,excluded_from_exact_matching,,,,,
occupation_alias,CPX-OCC-CBE-002:346fad5d,excluded_from_exact_matching,,,,,
occupation_alias,CPX-OCC-CBE-007:346fad5d,excluded_from_exact_matching,,,,,
occupation_alias,CPX-OCC-ENG-006:d7c7e049,needs_human_review,,,,,
occupation_alias,CPX-OCC-ENG-006:5f4d76ef,needs_human_review,,,,,
occupation_alias,CPX-OCC-ENG-018:6523fde1,needs_human_review,,,,,
occupation_alias,CPX-OCC-DDA-017:b3ef63ff,needs_human_review,,,,,
occupation_alias,CPX-OCC-BOP-005:ef1079d2,needs_human_review,,,,,
occupation_alias,CPX-OCC-BOP-001:95ddd359,excluded_from_exact_matching,,,,,
occupation_alias,CPX-OCC-ENG-018:95ddd359,excluded_from_exact_matching,,,,,
occupation_alias,CPX-OCC-ENG-018:95ddd359,excluded_from_exact_matching,,,,,
occupation_alias,CPX-OCC-BOP-010:95ddd359,excluded_from_exact_matching,,,,,
occupation_alias,CPX-OCC-PPM-018:b4af6e0a,needs_human_review,,,,,
occupation_alias,CPX-OCC-PPM-018:b4af6e0a,needs_human_review,,,,,
occupation_alias,CPX-OCC-CBE-009:e7145bbd,needs_human_review,,,,,
occupation_alias,CPX-OCC-PPM-020:e112526e,needs_human_review,,,,,
occupation_alias,CPX-OCC-DDA-020:4222fe11,needs_human_review,,,,,
occupation_alias,CPX-OCC-DDA-020:edc62df5,needs_human_review,,,,,
occupation_alias,CPX-OCC-DDA-009:0e03cec4,needs_human_review,,,,,
occupation_alias,CPX-OCC-BOP-008:f3947039,needs_human_review,,,,,
occupation_alias,CPX-OCC-ENE-012:ca7cde4d,needs_human_review,,,,,
occupation_alias,CPX-OCC-DDA-008:9919bdd6,needs_human_review,,,,,
occupation_alias,CPX-OCC-CBE-009:cfc8f5d6,needs_human_review,,,,,
occupation_alias,CPX-OCC-CBE-009:6b9d089b,needs_human_review,,,,,
occupation_alias,CPX-OCC-CBE-009:6b9d089b,needs_human_review,,,,,
occupation_alias,CPX-OCC-CBE-013:ae10ea18,needs_human_review,,,,,
occupation_alias,CPX-OCC-DDA-008:15c58819,needs_human_review,,,,,
occupation_alias,CPX-OCC-PPM-003:a34c7d2d,needs_human_review,,,,,
occupation_alias,CPX-OCC-PPM-003:33df10bf,needs_human_review,,,,,
occupation_alias,CPX-OCC-ENG-018:04ffc854,excluded_from_exact_matching,,,,,
occupation_alias,CPX-OCC-ENG-018:04ffc854,excluded_from_exact_matching,,,,,
occupation_alias,CPX-OCC-PPM-020:04ffc854,excluded_from_exact_matching,,,,,
occupation_alias,CPX-OCC-DDA-015:ea9acea4,needs_human_review,,,,,
occupation_alias,CPX-OCC-PPM-005:108efdc7,needs_human_review,,,,,
occupation_alias,CPX-OCC-PPM-005:108efdc7,needs_human_review,,,,,
occupation_alias,CPX-OCC-CBE-005:7002a6f2,excluded_from_exact_matching,,,,,
occupation_alias,CPX-OCC-CBE-012:7002a6f2,excluded_from_exact_matching,,,,,
occupation_alias,CPX-OCC-CBE-012:7002a6f2,excluded_from_exact_matching,,,,,
occupation_alias,CPX-OCC-PPM-006:7002a6f2,excluded_from_exact_matching,,,,,
occupation_alias,CPX-OCC-CBE-004:6674fcd6,excluded_from_exact_matching,,,,,
occupation_alias,CPX-OCC-CBE-004:6674fcd6,excluded_from_exact_matching,,,,,
occupation_alias,CPX-OCC-CBE-003:6674fcd6,excluded_from_exact_matching,,,,,
occupation_alias,CPX-OCC-ENG-009:6674fcd6,excluded_from_exact_matching,,,,,
occupation_alias,CPX-OCC-CBE-004:6674fcd6,excluded_from_exact_matching,,,,,
occupation_alias,CPX-OCC-CBE-003:c5559047,needs_human_review,,,,,
occupation_alias,CPX-OCC-ENG-005:c92b21c9,needs_human_review,,,,,
occupation_alias,CPX-OCC-ENG-018:d796aa83,needs_human_review,,,,,
occupation_alias,CPX-OCC-ENG-018:f599fe74,excluded_from_exact_matching,,,,,
occupation_alias,CPX-OCC-ENE-007:f599fe74,excluded_from_exact_matching,,,,,
occupation_alias,CPX-OCC-ENE-007:f599fe74,excluded_from_exact_matching,,,,,
occupation_alias,CPX-OCC-ENE-007:f599fe74,excluded_from_exact_matching,,,,,
occupation_alias,CPX-OCC-ENE-007:f599fe74,excluded_from_exact_matching,,,,,
occupation_alias,CPX-OCC-ENE-007:f599fe74,excluded_from_exact_matching,,,,,
occupation_alias,CPX-OCC-ENE-007:f599fe74,excluded_from_exact_matching,,,,,
occupation_alias,CPX-OCC-ENE-007:f599fe74,excluded_from_exact_matching,,,,,
occupation_alias,CPX-OCC-ENE-007:f599fe74,excluded_from_exact_matching,,,,,
occupation_alias,CPX-OCC-ENE-007:f599fe74,excluded_from_exact_matching,,,,,
occupation_alias,CPX-OCC-ENE-007:f599fe74,excluded_from_exact_matching,,,,,
occupation_alias,CPX-OCC-ENE-007:f599fe74,excluded_from_exact_matching,,,,,
occupation_alias,CPX-OCC-ENE-007:f599fe74,excluded_from_exact_matching,,,,,
occupation_alias,CPX-OCC-ENE-007:f599fe74,excluded_from_exact_matching,,,,,
occupation_alias,CPX-OCC-ENE-007:f599fe74,excluded_from_exact_matching,,,,,
occupation_alias,CPX-OCC-ENG-014:fe7afb30,needs_human_review,,,,,
occupation_alias,CPX-OCC-CBE-009:4147a63a,needs_human_review,,,,,
occupation_alias,CPX-OCC-ENG-014:36c86ac0,needs_human_review,,,,,
occupation_alias,CPX-OCC-PPM-003:d4b7700a,needs_human_review,,,,,
occupation_alias,CPX-OCC-ENG-001:b25e14d0,excluded_from_exact_matching,,,,,
occupation_alias,CPX-OCC-ENG-001:b25e14d0,excluded_from_exact_matching,,,,,
occupation_alias,CPX-OCC-ENG-001:b25e14d0,excluded_from_exact_matching,,,,,
occupation_alias,CPX-OCC-ENG-001:b25e14d0,excluded_from_exact_matching,,,,,
occupation_alias,CPX-OCC-CBE-009:4055b134,needs_human_review,,,,,
occupation_alias,CPX-OCC-PPM-003:7b222c93,needs_human_review,,,,,
occupation_alias,CPX-OCC-ENG-014:f48c348c,needs_human_review,,,,,
occupation_alias,CPX-OCC-PPM-003:6b1eff07,needs_human_review,,,,,
occupation_alias,CPX-OCC-ENG-014:780c180c,needs_human_review,,,,,
occupation_alias,CPX-OCC-DDA-010:bbd05626,needs_human_review,,,,,
occupation_alias,CPX-OCC-DDA-010:b337c6ac,needs_human_review,,,,,
occupation_alias,CPX-OCC-DDA-009:ee85ea3d,needs_human_review,,,,,
occupation_alias,CPX-OCC-DDA-009:6dcb99b5,needs_human_review,,,,,
occupation_alias,CPX-OCC-PPM-020:38f1a04e,needs_human_review,,,,,
occupation_alias,CPX-OCC-ENE-013:287c39ca,needs_human_review,,,,,
occupation_alias,CPX-OCC-CBE-009:95444a79,excluded_from_exact_matching,,,,,
occupation_alias,CPX-OCC-PPM-020:95444a79,excluded_from_exact_matching,,,,,
occupation_alias,CPX-OCC-PPM-020:95444a79,excluded_from_exact_matching,,,,,
occupation_alias,CPX-OCC-ENE-013:bf2c47bc,needs_human_review,,,,,
occupation_alias,CPX-OCC-BOP-001:acd91988,needs_human_review,,,,,
occupation_alias,CPX-OCC-ENE-013:7628c41f,needs_human_review,,,,,
occupation_alias,CPX-OCC-PPM-020:ad25a2b1,needs_human_review,,,,,
occupation_alias,CPX-OCC-PPM-020:ddbf4114,needs_human_review,,,,,
occupation_alias,CPX-OCC-PPM-020:6ff35b3c,needs_human_review,,,,,
occupation_alias,CPX-OCC-BOP-009:59ec37b9,needs_human_review,,,,,
occupation_alias,CPX-OCC-ENG-018:9104e8a3,excluded_from_exact_matching,,,,,
occupation_alias,CPX-OCC-PPM-018:9104e8a3,excluded_from_exact_matching,,,,,
occupation_alias,CPX-OCC-ENG-011:638a7073,needs_human_review,,,,,
occupation_alias,CPX-OCC-CBE-012:7c8baa81,needs_human_review,,,,,
occupation_alias,CPX-OCC-CBE-012:f68ab314,excluded_from_exact_matching,,,,,
occupation_alias,CPX-OCC-ENG-001:f68ab314,excluded_from_exact_matching,,,,,
occupation_alias,CPX-OCC-CBE-012:30eadb0e,excluded_from_exact_matching,,,,,
occupation_alias,CPX-OCC-ENG-001:30eadb0e,excluded_from_exact_matching,,,,,
occupation_alias,CPX-OCC-PPM-003:e600100a,needs_human_review,,,,,
occupation_alias,CPX-OCC-ENG-001:891a6de0,needs_human_review,,,,,
occupation_alias,CPX-OCC-ENG-001:3b469f14,needs_human_review,,,,,
occupation_alias,CPX-OCC-ENG-001:3b469f14,needs_human_review,,,,,
occupation_alias,CPX-OCC-ENG-001:750fc141,needs_human_review,,,,,
occupation_alias,CPX-OCC-ENG-001:382603a6,needs_human_review,,,,,
occupation_alias,CPX-OCC-ENG-001:be242063,needs_human_review,,,,,
occupation_alias,CPX-OCC-PPM-020:ed90740c,needs_human_review,,,,,
occupation_alias,CPX-OCC-ENG-018:f31d274e,needs_human_review,,,,,
occupation_alias,CPX-OCC-ENG-007:47a4e44f,needs_human_review,,,,,
occupation_alias,CPX-OCC-CBE-007:e7e83303,excluded_from_exact_matching,,,,,
occupation_alias,CPX-OCC-ENG-001:e7e83303,excluded_from_exact_matching,,,,,
occupation_alias,CPX-OCC-ENG-001:e7e83303,excluded_from_exact_matching,,,,,
occupation_alias,CPX-OCC-ENG-015:e7e83303,excluded_from_exact_matching,,,,,
occupation_alias,CPX-OCC-ENG-010:e7e83303,excluded_from_exact_matching,,,,,
occupation_alias,CPX-OCC-ENG-004:e7e83303,excluded_from_exact_matching,,,,,
occupation_alias,CPX-OCC-ENG-007:e7e83303,excluded_from_exact_matching,,,,,
occupation_alias,CPX-OCC-ENG-007:e7e83303,excluded_from_exact_matching,,,,,
occupation_alias,CPX-OCC-ENG-016:e7e83303,excluded_from_exact_matching,,,,,
occupation_alias,CPX-OCC-ENG-007:e7e83303,excluded_from_exact_matching,,,,,
occupation_alias,CPX-OCC-CBE-007:e7e83303,excluded_from_exact_matching,,,,,
occupation_alias,CPX-OCC-ENG-003:e7e83303,excluded_from_exact_matching,,,,,
occupation_alias,CPX-OCC-ENE-010:e7e83303,excluded_from_exact_matching,,,,,
occupation_alias,CPX-OCC-ENG-009:e7e83303,excluded_from_exact_matching,,,,,
occupation_alias,CPX-OCC-ENG-001:e7e83303,excluded_from_exact_matching,,,,,
occupation_alias,CPX-OCC-ENG-001:e7e83303,excluded_from_exact_matching,,,,,
occupation_alias,CPX-OCC-ENG-001:e7e83303,excluded_from_exact_matching,,,,,
occupation_alias,CPX-OCC-ENG-001:e7e83303,excluded_from_exact_matching,,,,,
occupation_alias,CPX-OCC-ENG-001:e7e83303,excluded_from_exact_matching,,,,,
occupation_alias,CPX-OCC-ENG-001:e7e83303,excluded_from_exact_matching,,,,,
occupation_alias,CPX-OCC-ENG-001:e7e83303,excluded_from_exact_matching,,,,,
occupation_alias,CPX-OCC-ENG-001:e7e83303,excluded_from_exact_matching,,,,,
occupation_alias,CPX-OCC-ENG-001:e7e83303,excluded_from_exact_matching,,,,,
occupation_alias,CPX-OCC-ENG-001:e7e83303,excluded_from_exact_matching,,,,,
occupation_alias,CPX-OCC-ENG-001:e7e83303,excluded_from_exact_matching,,,,,
occupation_alias,CPX-OCC-ENG-001:e7e83303,excluded_from_exact_matching,,,,,
occupation_alias,CPX-OCC-ENG-001:e7e83303,excluded_from_exact_matching,,,,,
occupation_alias,CPX-OCC-ENG-001:e7e83303,excluded_from_exact_matching,,,,,
occupation_alias,CPX-OCC-ENG-007:e7e83303,excluded_from_exact_matching,,,,,
occupation_alias,CPX-OCC-ENG-005:e7e83303,excluded_from_exact_matching,,,,,
occupation_alias,CPX-OCC-ENG-001:8b3c0006,needs_human_review,,,,,
occupation_alias,CPX-OCC-ENG-001:8b3c0006,needs_human_review,,,,,
occupation_alias,CPX-OCC-ENG-001:8b3c0006,needs_human_review,,,,,
occupation_alias,CPX-OCC-ENG-001:8b3c0006,needs_human_review,,,,,
occupation_alias,CPX-OCC-PPM-009:04956e77,needs_human_review,,,,,
occupation_alias,CPX-OCC-ENG-018:6735d40e,needs_human_review,,,,,
occupation_alias,CPX-OCC-ENG-005:e8df8fec,needs_human_review,,,,,
occupation_alias,CPX-OCC-CBE-002:52cae414,needs_human_review,,,,,
occupation_alias,CPX-OCC-ENG-018:45a53816,needs_human_review,,,,,
occupation_alias,CPX-OCC-BOP-010:dfe57e38,excluded_from_exact_matching,,,,,
occupation_alias,CPX-OCC-ENG-018:dfe57e38,excluded_from_exact_matching,,,,,
occupation_alias,CPX-OCC-PPM-020:3ba5d56c,excluded_from_exact_matching,,,,,
occupation_alias,CPX-OCC-BOP-001:3ba5d56c,excluded_from_exact_matching,,,,,
occupation_alias,CPX-OCC-CBE-002:3ba5d56c,excluded_from_exact_matching,,,,,
occupation_alias,CPX-OCC-ENG-018:3ba5d56c,excluded_from_exact_matching,,,,,
occupation_alias,CPX-OCC-ENG-018:3ba5d56c,excluded_from_exact_matching,,,,,
occupation_alias,CPX-OCC-PPM-018:3ba5d56c,excluded_from_exact_matching,,,,,
occupation_alias,CPX-OCC-PPM-018:3ba5d56c,excluded_from_exact_matching,,,,,
occupation_alias,CPX-OCC-PPM-018:3ba5d56c,excluded_from_exact_matching,,,,,
occupation_alias,CPX-OCC-PPM-018:3ba5d56c,excluded_from_exact_matching,,,,,
occupation_alias,CPX-OCC-PPM-018:3ba5d56c,excluded_from_exact_matching,,,,,
occupation_alias,CPX-OCC-PPM-018:3ba5d56c,excluded_from_exact_matching,,,,,
occupation_alias,CPX-OCC-BOP-010:3ba5d56c,excluded_from_exact_matching,,,,,
occupation_alias,CPX-OCC-BOP-009:1283f11c,needs_human_review,,,,,
occupation_alias,CPX-OCC-BOP-009:1283f11c,needs_human_review,,,,,
occupation_alias,CPX-OCC-BOP-009:1283f11c,needs_human_review,,,,,
occupation_alias,CPX-OCC-ENE-013:2cf5b945,needs_human_review,,,,,
occupation_alias,CPX-OCC-DDA-009:3ef4723b,needs_human_review,,,,,
occupation_alias,CPX-OCC-PPM-003:eecbc8eb,needs_human_review,,,,,
occupation_alias,CPX-OCC-DDA-009:d096e345,needs_human_review,,,,,
occupation_alias,CPX-OCC-DDA-009:30972552,needs_human_review,,,,,
occupation_alias,CPX-OCC-PPM-003:b117c861,needs_human_review,,,,,
occupation_alias,CPX-OCC-PPM-003:1f2835cc,needs_human_review,,,,,
occupation_alias,CPX-OCC-PPM-003:0809cd74,needs_human_review,,,,,
occupation_alias,CPX-OCC-PPM-003:897b3adf,needs_human_review,,,,,
occupation_alias,CPX-OCC-PPM-003:fedacb30,needs_human_review,,,,,
occupation_alias,CPX-OCC-PPM-003:12a8bd47,needs_human_review,,,,,
occupation_alias,CPX-OCC-DDA-009:0bdf4841,needs_human_review,,,,,
occupation_alias,CPX-OCC-PPM-005:6043d60e,needs_human_review,,,,,
occupation_alias,CPX-OCC-PPM-018:3f2ebf62,needs_human_review,,,,,
occupation_alias,CPX-OCC-DDA-009:7609294a,excluded_from_exact_matching,,,,,
occupation_alias,CPX-OCC-DDA-011:7609294a,excluded_from_exact_matching,,,,,
occupation_alias,CPX-OCC-ENG-020:7609294a,excluded_from_exact_matching,,,,,
occupation_alias,CPX-OCC-DDA-007:7f1fc4dd,excluded_from_exact_matching,,,,,
occupation_alias,CPX-OCC-DDA-007:7f1fc4dd,excluded_from_exact_matching,,,,,
occupation_alias,CPX-OCC-ENG-020:7f1fc4dd,excluded_from_exact_matching,,,,,
occupation_alias,CPX-OCC-DDA-011:3498bc23,needs_human_review,,,,,
occupation_alias,CPX-OCC-ENG-020:f5c046f2,needs_human_review,,,,,
occupation_alias,CPX-OCC-DDA-009:5fb5d613,needs_human_review,,,,,
occupation_alias,CPX-OCC-ENG-020:c7448538,needs_human_review,,,,,
occupation_alias,CPX-OCC-PPM-017:c361192d,needs_human_review,,,,,
occupation_alias,CPX-OCC-ENG-017:80b3d8ad,needs_human_review,,,,,
occupation_alias,CPX-OCC-ENG-020:d4bcd737,needs_human_review,,,,,
occupation_alias,CPX-OCC-DDA-007:6092b4f0,needs_human_review,,,,,
occupation_alias,CPX-OCC-BOP-001:065e81b5,needs_human_review,,,,,
occupation_alias,CPX-OCC-BOP-001:a4ed8da0,needs_human_review,,,,,
occupation_alias,CPX-OCC-BOP-009:344f55f7,needs_human_review,,,,,
occupation_alias,CPX-OCC-ENG-004:bb61e142,needs_human_review,,,,,
occupation_alias,CPX-OCC-DDA-001:bb001383,excluded_from_exact_matching,,,,,
occupation_alias,CPX-OCC-ENE-007:bb001383,excluded_from_exact_matching,,,,,
occupation_alias,CPX-OCC-ENE-007:bb001383,excluded_from_exact_matching,,,,,
occupation_alias,CPX-OCC-PPM-007:850c3736,needs_human_review,,,,,
occupation_alias,CPX-OCC-ENG-001:864f778b,excluded_from_exact_matching,,,,,
occupation_alias,CPX-OCC-ENE-003:864f778b,excluded_from_exact_matching,,,,,
occupation_alias,CPX-OCC-BOP-009:c961410f,needs_human_review,,,,,
occupation_alias,CPX-OCC-PPM-009:f669786a,needs_human_review,,,,,
occupation_alias,CPX-OCC-PPM-019:ab5759bd,needs_human_review,,,,,
occupation_alias,CPX-OCC-PPM-019:70aaf6ce,needs_human_review,,,,,
occupation_alias,CPX-OCC-PPM-011:62d92090,needs_human_review,,,,,
occupation_alias,CPX-OCC-PPM-011:7cdd653d,needs_human_review,,,,,
occupation_alias,CPX-OCC-ENE-012:d56a0010,needs_human_review,,,,,
occupation_alias,CPX-OCC-ENE-012:da4ef9ec,needs_human_review,,,,,
occupation_alias,CPX-OCC-ENE-003:6659deec,needs_human_review,,,,,
occupation_alias,CPX-OCC-CBE-011:e4fbd4ab,needs_human_review,,,,,
occupation_alias,CPX-OCC-CBE-011:a1b7f1a0,needs_human_review,,,,,
occupation_alias,CPX-OCC-PPM-011:f9b8fdff,needs_human_review,,,,,
occupation_alias,CPX-OCC-PPM-019:fcc39f4c,needs_human_review,,,,,
occupation_alias,CPX-OCC-BOP-005:a55692f5,needs_human_review,,,,,
occupation_alias,CPX-OCC-ENG-003:cd972904,excluded_from_exact_matching,,,,,
occupation_alias,CPX-OCC-ENE-008:c0eb5ec1,needs_human_review,,,,,
occupation_alias,CPX-OCC-BOP-005:57d74263,needs_human_review,,,,,
occupation_alias,CPX-OCC-ENG-015:05ee5b19,needs_human_review,,,,,
occupation_alias,CPX-OCC-ENG-020:527d1835,needs_human_review,,,,,
occupation_alias,CPX-OCC-ENG-020:01444ed2,needs_human_review,,,,,
occupation_alias,CPX-OCC-ENG-020:0685e092,needs_human_review,,,,,
occupation_alias,CPX-OCC-ENG-020:96a52454,needs_human_review,,,,,
occupation_alias,CPX-OCC-ENG-020:df9881c7,needs_human_review,,,,,
occupation_alias,CPX-OCC-ENG-020:25952298,needs_human_review,,,,,
occupation_alias,CPX-OCC-BOP-002:d9b5f8c3,needs_human_review,,,,,
occupation_alias,CPX-OCC-ENG-020:9a82a3fd,needs_human_review,,,,,
occupation_alias,CPX-OCC-CBE-012:892d0a68,needs_human_review,,,,,
occupation_alias,CPX-OCC-CBE-012:4665010a,needs_human_review,,,,,
occupation_alias,CPX-OCC-PPM-005:6226aa9a,needs_human_review,,,,,
occupation_alias,CPX-OCC-PPM-011:3776ed6a,needs_human_review,,,,,
occupation_alias,CPX-OCC-PPM-003:3b6b3a58,needs_human_review,,,,,
occupation_alias,CPX-OCC-BOP-009:84f68d47,needs_human_review,,,,,
occupation_alias,CPX-OCC-BOP-008:a721d6af,needs_human_review,,,,,
occupation_alias,CPX-OCC-BOP-008:ff66a85f,needs_human_review,,,,,
occupation_alias,CPX-OCC-BOP-008:9a5da983,needs_human_review,,,,,
occupation_alias,CPX-OCC-BOP-001:e98afb3a,needs_human_review,,,,,
occupation_alias,CPX-OCC-BOP-008:15a41757,needs_human_review,,,,,
occupation_alias,CPX-OCC-ENG-003:257dec18,needs_human_review,,,,,
occupation_alias,CPX-OCC-DDA-012:0f545ea0,excluded_from_exact_matching,,,,,
occupation_alias,CPX-OCC-DDA-013:0f545ea0,excluded_from_exact_matching,,,,,
occupation_alias,CPX-OCC-DDA-012:ebf6291f,needs_human_review,,,,,
occupation_alias,CPX-OCC-DDA-012:c9788764,needs_human_review,,,,,
occupation_alias,CPX-OCC-DDA-016:86f17ab7,needs_human_review,,,,,
occupation_alias,CPX-OCC-DDA-013:f0ea3ab8,needs_human_review,,,,,
occupation_alias,CPX-OCC-DDA-013:f0ea3ab8,needs_human_review,,,,,
occupation_alias,CPX-OCC-BOP-001:77fd656a,needs_human_review,,,,,
occupation_alias,CPX-OCC-DDA-016:6f01cbda,excluded_from_exact_matching,,,,,
occupation_alias,CPX-OCC-DDA-011:6f01cbda,excluded_from_exact_matching,,,,,
occupation_alias,CPX-OCC-DDA-013:afc19d93,needs_human_review,,,,,
occupation_alias,CPX-OCC-ENG-011:b015fe99,needs_human_review,,,,,
occupation_alias,CPX-OCC-ENG-011:3b09721a,needs_human_review,,,,,
occupation_alias,CPX-OCC-DDA-003:3ec79553,excluded_from_exact_matching,,,,,
occupation_alias,CPX-OCC-DDA-018:3ec79553,excluded_from_exact_matching,,,,,
occupation_alias,CPX-OCC-DDA-003:061a89be,excluded_from_exact_matching,,,,,
occupation_alias,CPX-OCC-DDA-018:061a89be,excluded_from_exact_matching,,,,,
occupation_alias,CPX-OCC-DDA-013:372e9ca9,needs_human_review,,,,,
occupation_alias,CPX-OCC-DDA-007:12a647f1,excluded_from_exact_matching,,,,,
occupation_alias,CPX-OCC-DDA-009:12a647f1,excluded_from_exact_matching,,,,,
occupation_alias,CPX-OCC-DDA-009:a7c79279,needs_human_review,,,,,
occupation_alias,CPX-OCC-DDA-007:b18674f5,needs_human_review,,,,,
occupation_alias,CPX-OCC-DDA-007:3b424d8c,needs_human_review,,,,,
occupation_alias,CPX-OCC-DDA-009:0128caa3,needs_human_review,,,,,
occupation_alias,CPX-OCC-DDA-007:2a2bb653,needs_human_review,,,,,
occupation_alias,CPX-OCC-BOP-001:446f6a2c,needs_human_review,,,,,
occupation_alias,CPX-OCC-DDA-013:0df4e207,needs_human_review,,,,,
occupation_alias,CPX-OCC-DDA-013:db2f5ba7,needs_human_review,,,,,
occupation_alias,CPX-OCC-BOP-001:de60ba55,needs_human_review,,,,,
occupation_alias,CPX-OCC-PPM-017:0c1ef50f,needs_human_review,,,,,
occupation_alias,CPX-OCC-BOP-001:b492c83b,needs_human_review,,,,,
occupation_alias,CPX-OCC-ENG-016:ec12257b,excluded_from_exact_matching,,,,,
occupation_alias,CPX-OCC-ENG-016:ec12257b,excluded_from_exact_matching,,,,,
occupation_alias,CPX-OCC-DDA-016:ec12257b,excluded_from_exact_matching,,,,,
occupation_alias,CPX-OCC-DDA-007:d46dbaca,needs_human_review,,,,,
occupation_alias,CPX-OCC-DDA-009:1abfd161,needs_human_review,,,,,
occupation_alias,CPX-OCC-PPM-019:3ad05a4e,needs_human_review,,,,,
occupation_alias,CPX-OCC-BOP-001:28e9835a,needs_human_review,,,,,
occupation_alias,CPX-OCC-DDA-004:98183fc7,excluded_from_exact_matching,,,,,
occupation_alias,CPX-OCC-ENE-007:98183fc7,excluded_from_exact_matching,,,,,
occupation_alias,CPX-OCC-CBE-013:6332cd9b,needs_human_review,,,,,
occupation_alias,CPX-OCC-ENG-018:06743d74,needs_human_review,,,,,
occupation_alias,CPX-OCC-PPM-007:fe4bbfeb,needs_human_review,,,,,
occupation_alias,CPX-OCC-CBE-001:016c850d,excluded_from_exact_matching,,,,,
occupation_alias,CPX-OCC-CBE-014:016c850d,excluded_from_exact_matching,,,,,
occupation_alias,CPX-OCC-CBE-014:016c850d,excluded_from_exact_matching,,,,,
occupation_alias,CPX-OCC-CBE-001:016c850d,excluded_from_exact_matching,,,,,
occupation_alias,CPX-OCC-CBE-001:5814fb2e,excluded_from_exact_matching,,,,,
occupation_alias,CPX-OCC-CBE-001:5814fb2e,excluded_from_exact_matching,,,,,
occupation_alias,CPX-OCC-ENG-001:5814fb2e,excluded_from_exact_matching,,,,,
occupation_alias,CPX-OCC-ENG-015:5814fb2e,excluded_from_exact_matching,,,,,
occupation_alias,CPX-OCC-ENG-016:5814fb2e,excluded_from_exact_matching,,,,,
occupation_alias,CPX-OCC-CBE-001:5814fb2e,excluded_from_exact_matching,,,,,
occupation_alias,CPX-OCC-CBE-001:5814fb2e,excluded_from_exact_matching,,,,,
occupation_alias,CPX-OCC-CBE-001:5814fb2e,excluded_from_exact_matching,,,,,
occupation_alias,CPX-OCC-CBE-001:5814fb2e,excluded_from_exact_matching,,,,,
occupation_alias,CPX-OCC-CBE-001:97f993c7,excluded_from_exact_matching,,,,,
occupation_alias,CPX-OCC-CBE-014:97f993c7,excluded_from_exact_matching,,,,,
occupation_alias,CPX-OCC-CBE-014:97f993c7,excluded_from_exact_matching,,,,,
occupation_alias,CPX-OCC-CBE-007:97f993c7,excluded_from_exact_matching,,,,,
occupation_alias,CPX-OCC-CBE-001:97f993c7,excluded_from_exact_matching,,,,,
occupation_alias,CPX-OCC-CBE-001:97f993c7,excluded_from_exact_matching,,,,,
occupation_alias,CPX-OCC-PPM-019:4d72c454,needs_human_review,,,,,
occupation_alias,CPX-OCC-PPM-020:4ecee1ca,needs_human_review,,,,,
occupation_alias,CPX-OCC-CBE-007:3e2f0e82,needs_human_review,,,,,
occupation_alias,CPX-OCC-CBE-001:e2753c92,needs_human_review,,,,,
occupation_alias,CPX-OCC-ENG-004:5fb0f7db,needs_human_review,,,,,
occupation_alias,CPX-OCC-CBE-009:a3411cb1,needs_human_review,,,,,
occupation_alias,CPX-OCC-CBE-001:ba43dca0,needs_human_review,,,,,
occupation_alias,CPX-OCC-ENG-001:38d728f9,excluded_from_exact_matching,,,,,
occupation_alias,CPX-OCC-ENG-010:38d728f9,excluded_from_exact_matching,,,,,
occupation_alias,CPX-OCC-CBE-001:38d728f9,excluded_from_exact_matching,,,,,
occupation_alias,CPX-OCC-CBE-001:38d728f9,excluded_from_exact_matching,,,,,
occupation_alias,CPX-OCC-CBE-001:1a22719b,needs_human_review,,,,,
occupation_alias,CPX-OCC-CBE-001:a1ec656c,needs_human_review,,,,,
occupation_alias,CPX-OCC-ENG-001:5032df2f,excluded_from_exact_matching,,,,,
occupation_alias,CPX-OCC-PPM-011:5032df2f,excluded_from_exact_matching,,,,,
occupation_alias,CPX-OCC-PPM-012:5032df2f,excluded_from_exact_matching,,,,,
occupation_alias,CPX-OCC-PPM-012:5032df2f,excluded_from_exact_matching,,,,,
occupation_alias,CPX-OCC-PPM-001:5032df2f,excluded_from_exact_matching,,,,,
occupation_alias,CPX-OCC-PPM-012:5032df2f,excluded_from_exact_matching,,,,,
occupation_alias,CPX-OCC-PPM-001:5032df2f,excluded_from_exact_matching,,,,,
occupation_alias,CPX-OCC-PPM-019:5032df2f,excluded_from_exact_matching,,,,,
occupation_alias,CPX-OCC-PPM-001:5032df2f,excluded_from_exact_matching,,,,,
occupation_alias,CPX-OCC-CBE-007:9d924ff6,needs_human_review,,,,,
occupation_alias,CPX-OCC-CBE-014:2be254bf,excluded_from_exact_matching,,,,,
occupation_alias,CPX-OCC-ENG-001:2be254bf,excluded_from_exact_matching,,,,,
occupation_alias,CPX-OCC-PPM-011:2be254bf,excluded_from_exact_matching,,,,,
occupation_alias,CPX-OCC-PPM-012:2be254bf,excluded_from_exact_matching,,,,,
occupation_alias,CPX-OCC-PPM-012:2be254bf,excluded_from_exact_matching,,,,,
occupation_alias,CPX-OCC-PPM-001:2be254bf,excluded_from_exact_matching,,,,,
occupation_alias,CPX-OCC-PPM-012:2be254bf,excluded_from_exact_matching,,,,,
occupation_alias,CPX-OCC-PPM-001:2be254bf,excluded_from_exact_matching,,,,,
occupation_alias,CPX-OCC-PPM-019:2be254bf,excluded_from_exact_matching,,,,,
occupation_alias,CPX-OCC-PPM-001:2be254bf,excluded_from_exact_matching,,,,,
occupation_alias,CPX-OCC-CBE-014:96c26e78,needs_human_review,,,,,
occupation_alias,CPX-OCC-CBE-001:0484b59b,needs_human_review,,,,,
occupation_alias,CPX-OCC-BOP-007:284923c5,needs_human_review,,,,,
occupation_alias,CPX-OCC-CBE-009:3deafaab,needs_human_review,,,,,
occupation_alias,CPX-OCC-CBE-009:1b899cb6,needs_human_review,,,,,
occupation_alias,CPX-OCC-CBE-001:e832366b,needs_human_review,,,,,
occupation_alias,CPX-OCC-ENG-007:651a4627,needs_human_review,,,,,
occupation_alias,CPX-OCC-CBE-001:5cd5aca7,needs_human_review,,,,,
occupation_alias,CPX-OCC-CBE-009:48395618,needs_human_review,,,,,
occupation_alias,CPX-OCC-BOP-004:23a3c6c1,needs_human_review,,,,,
occupation_alias,CPX-OCC-DDA-008:e3711976,needs_human_review,,,,,
occupation_alias,CPX-OCC-ENG-018:efab5a59,needs_human_review,,,,,
occupation_alias,CPX-OCC-ENE-002:62805d54,needs_human_review,,,,,
occupation_alias,CPX-OCC-ENE-002:62805d54,needs_human_review,,,,,
occupation_alias,CPX-OCC-DDA-018:35688c54,needs_human_review,,,,,
occupation_alias,CPX-OCC-CBE-009:09c73384,needs_human_review,,,,,
occupation_alias,CPX-OCC-CBE-009:8e16fd06,needs_human_review,,,,,
occupation_alias,CPX-OCC-DDA-008:fc779ad8,needs_human_review,,,,,
occupation_alias,CPX-OCC-DDA-014:710808a5,needs_human_review,,,,,
occupation_alias,CPX-OCC-PPM-001:cba395f4,needs_human_review,,,,,
occupation_alias,CPX-OCC-CBE-009:05232b4f,needs_human_review,,,,,
occupation_alias,CPX-OCC-CBE-009:42191aa0,needs_human_review,,,,,
occupation_alias,CPX-OCC-CBE-009:9ed885f5,needs_human_review,,,,,
occupation_alias,CPX-OCC-DDA-008:8918bbef,needs_human_review,,,,,
occupation_alias,CPX-OCC-DDA-008:42e895b3,needs_human_review,,,,,
occupation_alias,CPX-OCC-BOP-009:5db7060b,needs_human_review,,,,,
occupation_alias,CPX-OCC-CBE-007:d5b4812a,needs_human_review,,,,,
occupation_alias,CPX-OCC-DDA-008:a949d61c,needs_human_review,,,,,
occupation_alias,CPX-OCC-ENG-009:b8823936,excluded_from_exact_matching,,,,,
occupation_alias,CPX-OCC-ENE-003:b8823936,excluded_from_exact_matching,,,,,
occupation_alias,CPX-OCC-ENG-012:b8823936,excluded_from_exact_matching,,,,,
occupation_alias,CPX-OCC-DDA-020:366685d4,needs_human_review,,,,,
occupation_alias,CPX-OCC-CBE-009:e762214d,needs_human_review,,,,,
occupation_alias,CPX-OCC-DDA-018:c460fcb0,needs_human_review,,,,,
occupation_alias,CPX-OCC-PPM-001:cf1ef92f,needs_human_review,,,,,
occupation_alias,CPX-OCC-ENG-017:81f5de37,needs_human_review,,,,,
occupation_alias,CPX-OCC-ENG-014:45d11542,needs_human_review,,,,,
occupation_alias,CPX-OCC-PPM-012:6de6bcdc,needs_human_review,,,,,
occupation_alias,CPX-OCC-PPM-012:dbd4b2ce,needs_human_review,,,,,
occupation_alias,CPX-OCC-BOP-005:cc824b3e,needs_human_review,,,,,
occupation_alias,CPX-OCC-PPM-012:d413616b,needs_human_review,,,,,
occupation_alias,CPX-OCC-BOP-005:79ce2044,needs_human_review,,,,,
occupation_alias,CPX-OCC-PPM-012:3df7dfc5,needs_human_review,,,,,
occupation_alias,CPX-OCC-ENG-001:c69e4586,needs_human_review,,,,,
occupation_alias,CPX-OCC-PPM-012:c682aaa0,needs_human_review,,,,,
occupation_alias,CPX-OCC-ENG-012:6c866910,needs_human_review,,,,,
occupation_alias,CPX-OCC-ENG-015:2846d151,needs_human_review,,,,,
occupation_alias,CPX-OCC-ENG-015:b844d6e3,needs_human_review,,,,,
occupation_alias,CPX-OCC-ENG-015:ffa49972,needs_human_review,,,,,
occupation_alias,CPX-OCC-ENG-015:ffa49972,needs_human_review,,,,,
occupation_alias,CPX-OCC-ENG-015:ffa49972,needs_human_review,,,,,
occupation_alias,CPX-OCC-ENG-015:ffa49972,needs_human_review,,,,,
occupation_alias,CPX-OCC-ENG-015:ffa49972,needs_human_review,,,,,
occupation_alias,CPX-OCC-ENG-015:ffa49972,needs_human_review,,,,,
occupation_alias,CPX-OCC-ENG-015:5530a2cb,needs_human_review,,,,,
occupation_alias,CPX-OCC-ENG-015:78ba86e8,needs_human_review,,,,,
occupation_alias,CPX-OCC-ENG-019:f146ebbb,needs_human_review,,,,,
occupation_alias,CPX-OCC-ENG-019:78d962d1,excluded_from_exact_matching,,,,,
occupation_alias,CPX-OCC-ENG-019:78d962d1,excluded_from_exact_matching,,,,,
occupation_alias,CPX-OCC-ENE-010:b56842a6,needs_human_review,,,,,
occupation_alias,CPX-OCC-ENE-010:5bfc2684,needs_human_review,,,,,
occupation_alias,CPX-OCC-ENE-010:5bfc2684,needs_human_review,,,,,
occupation_alias,CPX-OCC-ENG-018:8f44f1f1,needs_human_review,,,,,
occupation_alias,CPX-OCC-ENE-010:f999d0b8,needs_human_review,,,,,
occupation_alias,CPX-OCC-ENE-010:5e8b662d,needs_human_review,,,,,
occupation_alias,CPX-OCC-ENG-011:fa2019a4,excluded_from_exact_matching,,,,,
occupation_alias,CPX-OCC-DDA-019:fa2019a4,excluded_from_exact_matching,,,,,
occupation_alias,CPX-OCC-PPM-018:dc4a4ef8,needs_human_review,,,,,
occupation_alias,CPX-OCC-PPM-018:dc4a4ef8,needs_human_review,,,,,
occupation_alias,CPX-OCC-PPM-018:dc4a4ef8,needs_human_review,,,,,
occupation_alias,CPX-OCC-PPM-018:dc4a4ef8,needs_human_review,,,,,
occupation_alias,CPX-OCC-PPM-018:dc4a4ef8,needs_human_review,,,,,
occupation_alias,CPX-OCC-PPM-018:dc4a4ef8,needs_human_review,,,,,
occupation_alias,CPX-OCC-BOP-004:6a3805b8,needs_human_review,,,,,
occupation_alias,CPX-OCC-BOP-010:b4e67dff,needs_human_review,,,,,
occupation_alias,CPX-OCC-CBE-009:27401aed,needs_human_review,,,,,
occupation_alias,CPX-OCC-PPM-005:d255c6f9,needs_human_review,,,,,
occupation_alias,CPX-OCC-PPM-005:d255c6f9,needs_human_review,,,,,
occupation_alias,CPX-OCC-PPM-005:d255c6f9,needs_human_review,,,,,
occupation_alias,CPX-OCC-PPM-005:d255c6f9,needs_human_review,,,,,
occupation_alias,CPX-OCC-PPM-005:d255c6f9,needs_human_review,,,,,
occupation_alias,CPX-OCC-PPM-005:d255c6f9,needs_human_review,,,,,
occupation_alias,CPX-OCC-PPM-005:d255c6f9,needs_human_review,,,,,
occupation_alias,CPX-OCC-PPM-005:d255c6f9,needs_human_review,,,,,
occupation_alias,CPX-OCC-PPM-005:d255c6f9,needs_human_review,,,,,
occupation_alias,CPX-OCC-PPM-005:f17ff4fa,needs_human_review,,,,,
occupation_alias,CPX-OCC-PPM-005:1f2dad02,needs_human_review,,,,,
occupation_alias,CPX-OCC-PPM-005:fef4b773,needs_human_review,,,,,
occupation_alias,CPX-OCC-PPM-005:99ebffdd,needs_human_review,,,,,
occupation_alias,CPX-OCC-PPM-005:b59a4d31,needs_human_review,,,,,
occupation_alias,CPX-OCC-PPM-005:d9607278,needs_human_review,,,,,
occupation_alias,CPX-OCC-PPM-005:ec282ad9,needs_human_review,,,,,
occupation_alias,CPX-OCC-PPM-005:4f56be0c,needs_human_review,,,,,
occupation_alias,CPX-OCC-BOP-009:03003c21,needs_human_review,,,,,
occupation_alias,CPX-OCC-CBE-013:3195b2a1,needs_human_review,,,,,
occupation_alias,CPX-OCC-CBE-013:8e149db0,needs_human_review,,,,,
occupation_alias,CPX-OCC-PPM-003:851b8c34,needs_human_review,,,,,
occupation_alias,CPX-OCC-ENG-017:769c2c95,needs_human_review,,,,,
occupation_alias,CPX-OCC-BOP-008:4f428835,needs_human_review,,,,,
occupation_alias,CPX-OCC-ENE-013:65fdb249,needs_human_review,,,,,
occupation_alias,CPX-OCC-ENE-013:ecc9f497,needs_human_review,,,,,
occupation_alias,CPX-OCC-PPM-001:98a2343a,needs_human_review,,,,,
occupation_alias,CPX-OCC-BOP-001:bb9554fb,needs_human_review,,,,,
occupation_alias,CPX-OCC-ENG-014:9a1744ab,excluded_from_exact_matching,,,,,
occupation_alias,CPX-OCC-ENG-014:1f3b0a8d,needs_human_review,,,,,
occupation_alias,CPX-OCC-CBE-013:cabe30cf,needs_human_review,,,,,
occupation_alias,CPX-OCC-ENG-009:ceae43f5,needs_human_review,,,,,
occupation_alias,CPX-OCC-ENG-018:773ea81f,needs_human_review,,,,,
occupation_alias,CPX-OCC-PPM-011:dd9f460b,needs_human_review,,,,,
occupation_alias,CPX-OCC-PPM-011:ffe74ee6,needs_human_review,,,,,
occupation_alias,CPX-OCC-PPM-011:cf7fcef3,needs_human_review,,,,,
occupation_alias,CPX-OCC-PPM-011:eafef498,needs_human_review,,,,,
occupation_alias,CPX-OCC-BOP-009:d1b6b4fb,excluded_from_exact_matching,,,,,
occupation_alias,CPX-OCC-BOP-009:d1b6b4fb,excluded_from_exact_matching,,,,,
occupation_alias,CPX-OCC-BOP-009:d1b6b4fb,excluded_from_exact_matching,,,,,
occupation_alias,CPX-OCC-BOP-009:d1b6b4fb,excluded_from_exact_matching,,,,,
occupation_alias,CPX-OCC-BOP-010:d1b6b4fb,excluded_from_exact_matching,,,,,
occupation_alias,CPX-OCC-BOP-009:d1b6b4fb,excluded_from_exact_matching,,,,,
occupation_alias,CPX-OCC-BOP-009:d1b6b4fb,excluded_from_exact_matching,,,,,
occupation_alias,CPX-OCC-DDA-017:d1b6b4fb,excluded_from_exact_matching,,,,,
occupation_alias,CPX-OCC-BOP-009:d1b6b4fb,excluded_from_exact_matching,,,,,
occupation_alias,CPX-OCC-BOP-009:bc99a15d,needs_human_review,,,,,
occupation_alias,CPX-OCC-BOP-009:bc99a15d,needs_human_review,,,,,
occupation_alias,CPX-OCC-BOP-009:bc99a15d,needs_human_review,,,,,
occupation_alias,CPX-OCC-BOP-009:bc99a15d,needs_human_review,,,,,
occupation_alias,CPX-OCC-BOP-009:bc99a15d,needs_human_review,,,,,
occupation_alias,CPX-OCC-BOP-009:bc99a15d,needs_human_review,,,,,
occupation_alias,CPX-OCC-BOP-009:bc99a15d,needs_human_review,,,,,
occupation_alias,CPX-OCC-BOP-009:bc99a15d,needs_human_review,,,,,
occupation_alias,CPX-OCC-BOP-009:bc99a15d,needs_human_review,,,,,
occupation_alias,CPX-OCC-BOP-009:bc99a15d,needs_human_review,,,,,
occupation_alias,CPX-OCC-BOP-009:bc99a15d,needs_human_review,,,,,
occupation_alias,CPX-OCC-BOP-009:bc99a15d,needs_human_review,,,,,
occupation_alias,CPX-OCC-BOP-009:62e6f7f4,needs_human_review,,,,,
occupation_alias,CPX-OCC-DDA-008:28887076,needs_human_review,,,,,
occupation_alias,CPX-OCC-DDA-015:42086aca,needs_human_review,,,,,
occupation_alias,CPX-OCC-DDA-008:6d594dd5,needs_human_review,,,,,
occupation_alias,CPX-OCC-DDA-008:35f6740b,needs_human_review,,,,,
occupation_alias,CPX-OCC-DDA-008:a2a7f2d4,needs_human_review,,,,,
occupation_alias,CPX-OCC-DDA-008:45001638,needs_human_review,,,,,
occupation_alias,CPX-OCC-DDA-008:71e4faa4,needs_human_review,,,,,
occupation_alias,CPX-OCC-PPM-017:9f7b70be,needs_human_review,,,,,
occupation_alias,CPX-OCC-DDA-008:48c5ea92,excluded_from_exact_matching,,,,,
occupation_alias,CPX-OCC-DDA-008:48c5ea92,excluded_from_exact_matching,,,,,
occupation_alias,CPX-OCC-DDA-008:48c5ea92,excluded_from_exact_matching,,,,,
occupation_alias,CPX-OCC-DDA-008:48c5ea92,excluded_from_exact_matching,,,,,
occupation_alias,CPX-OCC-DDA-013:48c5ea92,excluded_from_exact_matching,,,,,
occupation_alias,CPX-OCC-DDA-008:48c5ea92,excluded_from_exact_matching,,,,,
occupation_alias,CPX-OCC-DDA-008:b1a52248,excluded_from_exact_matching,,,,,
occupation_alias,CPX-OCC-PPM-010:b1a52248,excluded_from_exact_matching,,,,,
occupation_alias,CPX-OCC-PPM-010:b1a52248,excluded_from_exact_matching,,,,,
occupation_alias,CPX-OCC-DDA-008:b1a52248,excluded_from_exact_matching,,,,,
occupation_alias,CPX-OCC-DDA-008:b1a52248,excluded_from_exact_matching,,,,,
occupation_alias,CPX-OCC-DDA-008:b1a52248,excluded_from_exact_matching,,,,,
occupation_alias,CPX-OCC-DDA-008:5eb088b6,excluded_from_exact_matching,,,,,
occupation_alias,CPX-OCC-DDA-008:5eb088b6,excluded_from_exact_matching,,,,,
occupation_alias,CPX-OCC-DDA-008:5eb088b6,excluded_from_exact_matching,,,,,
occupation_alias,CPX-OCC-DDA-008:5eb088b6,excluded_from_exact_matching,,,,,
occupation_alias,CPX-OCC-DDA-008:5eb088b6,excluded_from_exact_matching,,,,,
occupation_alias,CPX-OCC-DDA-008:5eb088b6,excluded_from_exact_matching,,,,,
occupation_alias,CPX-OCC-DDA-008:5eb088b6,excluded_from_exact_matching,,,,,
occupation_alias,CPX-OCC-DDA-008:5eb088b6,excluded_from_exact_matching,,,,,
occupation_alias,CPX-OCC-DDA-008:5eb088b6,excluded_from_exact_matching,,,,,
occupation_alias,CPX-OCC-PPM-010:5eb088b6,excluded_from_exact_matching,,,,,
occupation_alias,CPX-OCC-DDA-008:5eb088b6,excluded_from_exact_matching,,,,,
occupation_alias,CPX-OCC-DDA-008:5eb088b6,excluded_from_exact_matching,,,,,
occupation_alias,CPX-OCC-DDA-008:5eb088b6,excluded_from_exact_matching,,,,,
occupation_alias,CPX-OCC-DDA-008:5eb088b6,excluded_from_exact_matching,,,,,
occupation_alias,CPX-OCC-DDA-013:5eb088b6,excluded_from_exact_matching,,,,,
occupation_alias,CPX-OCC-DDA-008:5eb088b6,excluded_from_exact_matching,,,,,
occupation_alias,CPX-OCC-PPM-010:5eb088b6,excluded_from_exact_matching,,,,,
occupation_alias,CPX-OCC-DDA-008:5eb088b6,excluded_from_exact_matching,,,,,
occupation_alias,CPX-OCC-DDA-008:5eb088b6,excluded_from_exact_matching,,,,,
occupation_alias,CPX-OCC-DDA-008:5eb088b6,excluded_from_exact_matching,,,,,
occupation_alias,CPX-OCC-DDA-008:5eb088b6,excluded_from_exact_matching,,,,,
occupation_alias,CPX-OCC-DDA-008:5eb088b6,excluded_from_exact_matching,,,,,
occupation_alias,CPX-OCC-DDA-008:5eb088b6,excluded_from_exact_matching,,,,,
occupation_alias,CPX-OCC-CBE-011:5eb088b6,excluded_from_exact_matching,,,,,
occupation_alias,CPX-OCC-PPM-017:4e96c613,needs_human_review,,,,,
occupation_alias,CPX-OCC-PPM-018:0cc5234f,needs_human_review,,,,,
occupation_alias,CPX-OCC-DDA-015:de052d95,needs_human_review,,,,,
occupation_alias,CPX-OCC-PPM-004:cc36ae74,excluded_from_exact_matching,,,,,
occupation_alias,CPX-OCC-DDA-009:cc36ae74,excluded_from_exact_matching,,,,,
occupation_alias,CPX-OCC-DDA-009:cc36ae74,excluded_from_exact_matching,,,,,
occupation_alias,CPX-OCC-DDA-009:cc36ae74,excluded_from_exact_matching,,,,,
occupation_alias,CPX-OCC-DDA-009:cc36ae74,excluded_from_exact_matching,,,,,
occupation_alias,CPX-OCC-DDA-009:34771967,excluded_from_exact_matching,,,,,
occupation_alias,CPX-OCC-PPM-013:34771967,excluded_from_exact_matching,,,,,
occupation_alias,CPX-OCC-PPM-013:34771967,excluded_from_exact_matching,,,,,
occupation_alias,CPX-OCC-PPM-013:34771967,excluded_from_exact_matching,,,,,
occupation_alias,CPX-OCC-DDA-016:34771967,excluded_from_exact_matching,,,,,
occupation_alias,CPX-OCC-DDA-009:34771967,excluded_from_exact_matching,,,,,
occupation_alias,CPX-OCC-DDA-009:34771967,excluded_from_exact_matching,,,,,
occupation_alias,CPX-OCC-BOP-002:34771967,excluded_from_exact_matching,,,,,
occupation_alias,CPX-OCC-PPM-013:34771967,excluded_from_exact_matching,,,,,
occupation_alias,CPX-OCC-PPM-013:34771967,excluded_from_exact_matching,,,,,
occupation_alias,CPX-OCC-DDA-009:c56a8286,needs_human_review,,,,,
occupation_alias,CPX-OCC-DDA-009:804dca49,needs_human_review,,,,,
occupation_alias,CPX-OCC-DDA-009:07f94579,needs_human_review,,,,,
occupation_alias,CPX-OCC-CBE-011:459ce98b,needs_human_review,,,,,
occupation_alias,CPX-OCC-CBE-011:459ce98b,needs_human_review,,,,,
occupation_alias,CPX-OCC-CBE-011:459ce98b,needs_human_review,,,,,
occupation_alias,CPX-OCC-CBE-011:459ce98b,needs_human_review,,,,,
occupation_alias,CPX-OCC-CBE-011:459ce98b,needs_human_review,,,,,
occupation_alias,CPX-OCC-DDA-009:43be49ff,needs_human_review,,,,,
occupation_alias,CPX-OCC-DDA-009:0583dadd,needs_human_review,,,,,
occupation_alias,CPX-OCC-DDA-009:251cc9b0,needs_human_review,,,,,
occupation_alias,CPX-OCC-DDA-015:52685cce,excluded_from_exact_matching,,,,,
occupation_alias,CPX-OCC-ENG-018:8b687110,needs_human_review,,,,,
occupation_alias,CPX-OCC-ENG-018:a06935db,needs_human_review,,,,,
occupation_alias,CPX-OCC-DDA-011:37f28bca,needs_human_review,,,,,
occupation_alias,CPX-OCC-DDA-011:37f28bca,needs_human_review,,,,,
occupation_alias,CPX-OCC-DDA-011:ea43d896,needs_human_review,,,,,
occupation_alias,CPX-OCC-DDA-015:794b527e,needs_human_review,,,,,
occupation_alias,CPX-OCC-DDA-011:354c8255,needs_human_review,,,,,
occupation_alias,CPX-OCC-DDA-011:603af360,needs_human_review,,,,,
occupation_alias,CPX-OCC-DDA-011:10c01b25,needs_human_review,,,,,
occupation_alias,CPX-OCC-DDA-009:7faf8043,needs_human_review,,,,,
occupation_alias,CPX-OCC-DDA-015:6f534933,needs_human_review,,,,,
occupation_alias,CPX-OCC-DDA-015:af713eae,needs_human_review,,,,,
occupation_alias,CPX-OCC-BOP-010:c5e328be,needs_human_review,,,,,
occupation_alias,CPX-OCC-CBE-013:8d03e080,needs_human_review,,,,,
occupation_alias,CPX-OCC-DDA-012:ed712dd1,needs_human_review,,,,,
occupation_alias,CPX-OCC-BOP-001:5d9c4bc7,needs_human_review,,,,,
occupation_alias,CPX-OCC-BOP-010:bba70268,needs_human_review,,,,,
occupation_alias,CPX-OCC-BOP-010:bba70268,needs_human_review,,,,,
occupation_alias,CPX-OCC-BOP-010:bba70268,needs_human_review,,,,,
occupation_alias,CPX-OCC-BOP-010:bba70268,needs_human_review,,,,,
occupation_alias,CPX-OCC-BOP-010:bba70268,needs_human_review,,,,,
occupation_alias,CPX-OCC-BOP-010:bba70268,needs_human_review,,,,,
occupation_alias,CPX-OCC-BOP-010:bba70268,needs_human_review,,,,,
occupation_alias,CPX-OCC-BOP-010:bba70268,needs_human_review,,,,,
occupation_alias,CPX-OCC-BOP-010:bba70268,needs_human_review,,,,,
occupation_alias,CPX-OCC-BOP-010:8fbcf60c,needs_human_review,,,,,
occupation_alias,CPX-OCC-BOP-010:8fbcf60c,needs_human_review,,,,,
occupation_alias,CPX-OCC-BOP-010:8fbcf60c,needs_human_review,,,,,
occupation_alias,CPX-OCC-BOP-010:8fbcf60c,needs_human_review,,,,,
occupation_alias,CPX-OCC-BOP-010:8fbcf60c,needs_human_review,,,,,
occupation_alias,CPX-OCC-BOP-010:8fbcf60c,needs_human_review,,,,,
occupation_alias,CPX-OCC-BOP-010:8fbcf60c,needs_human_review,,,,,
occupation_alias,CPX-OCC-BOP-010:8fbcf60c,needs_human_review,,,,,
occupation_alias,CPX-OCC-BOP-001:559757be,needs_human_review,,,,,
occupation_alias,CPX-OCC-PPM-001:4694c5ab,needs_human_review,,,,,
occupation_alias,CPX-OCC-BOP-004:4982c8c5,needs_human_review,,,,,
occupation_alias,CPX-OCC-DDA-013:2d02c2cf,needs_human_review,,,,,
occupation_alias,CPX-OCC-ENG-011:ca2de0e9,needs_human_review,,,,,
occupation_alias,CPX-OCC-ENG-018:d1b987de,excluded_from_exact_matching,,,,,
occupation_alias,CPX-OCC-ENG-018:d1b987de,excluded_from_exact_matching,,,,,
occupation_alias,CPX-OCC-PPM-018:d1b987de,excluded_from_exact_matching,,,,,
occupation_alias,CPX-OCC-PPM-018:d1b987de,excluded_from_exact_matching,,,,,
occupation_alias,CPX-OCC-PPM-018:d1b987de,excluded_from_exact_matching,,,,,
occupation_alias,CPX-OCC-PPM-020:d1b987de,excluded_from_exact_matching,,,,,
occupation_alias,CPX-OCC-CBE-001:7ddea5d5,needs_human_review,,,,,
occupation_alias,CPX-OCC-PPM-018:a4db780e,excluded_from_exact_matching,,,,,
occupation_alias,CPX-OCC-PPM-020:a4db780e,excluded_from_exact_matching,,,,,
occupation_alias,CPX-OCC-ENG-011:51dab718,excluded_from_exact_matching,,,,,
occupation_alias,CPX-OCC-DDA-020:51dab718,excluded_from_exact_matching,,,,,
occupation_alias,CPX-OCC-ENG-019:51dab718,excluded_from_exact_matching,,,,,
occupation_alias,CPX-OCC-DDA-019:51dab718,excluded_from_exact_matching,,,,,
occupation_alias,CPX-OCC-ENG-003:51dab718,excluded_from_exact_matching,,,,,
occupation_alias,CPX-OCC-PPM-001:55f75177,needs_human_review,,,,,
occupation_alias,CPX-OCC-ENG-011:6a513940,needs_human_review,,,,,
occupation_alias,CPX-OCC-DDA-018:b0ef58cd,needs_human_review,,,,,
occupation_alias,CPX-OCC-DDA-018:e8f428a7,needs_human_review,,,,,
occupation_alias,CPX-OCC-DDA-003:f33e5f38,needs_human_review,,,,,
occupation_alias,CPX-OCC-DDA-014:26975170,needs_human_review,,,,,
occupation_alias,CPX-OCC-DDA-001:1363c0db,needs_human_review,,,,,
occupation_alias,CPX-OCC-DDA-005:0ce7d1b6,needs_human_review,,,,,
occupation_alias,CPX-OCC-DDA-003:c23fb0cc,needs_human_review,,,,,
occupation_alias,CPX-OCC-PPM-001:5291c13a,needs_human_review,,,,,
occupation_alias,CPX-OCC-ENG-010:66feeddb,needs_human_review,,,,,
occupation_alias,CPX-OCC-PPM-001:51441f83,needs_human_review,,,,,
occupation_alias,CPX-OCC-DDA-009:0f08c3a8,needs_human_review,,,,,
occupation_alias,CPX-OCC-DDA-013:b79fe495,needs_human_review,,,,,
occupation_alias,CPX-OCC-ENG-019:eca74bc9,needs_human_review,,,,,
occupation_alias,CPX-OCC-ENG-011:5f4d06a5,needs_human_review,,,,,
occupation_alias,CPX-OCC-DDA-006:02280128,needs_human_review,,,,,
occupation_alias,CPX-OCC-DDA-018:1961c390,needs_human_review,,,,,
occupation_alias,CPX-OCC-ENG-015:093bab9c,needs_human_review,,,,,
occupation_alias,CPX-OCC-PPM-003:95a676f6,needs_human_review,,,,,
occupation_alias,CPX-OCC-ENG-009:7c1743c9,needs_human_review,,,,,
occupation_alias,CPX-OCC-BOP-004:23dbf4e2,needs_human_review,,,,,
occupation_alias,CPX-OCC-ENG-018:046f47c0,excluded_from_exact_matching,,,,,
occupation_alias,CPX-OCC-CBE-001:046f47c0,excluded_from_exact_matching,,,,,
occupation_alias,CPX-OCC-CBE-001:eddfa127,needs_human_review,,,,,
occupation_alias,CPX-OCC-CBE-009:564fbd56,needs_human_review,,,,,
occupation_alias,CPX-OCC-ENG-018:8453a6d1,needs_human_review,,,,,
occupation_alias,CPX-OCC-DDA-013:9db31a50,needs_human_review,,,,,
occupation_alias,CPX-OCC-PPM-020:85213a90,needs_human_review,,,,,
occupation_alias,CPX-OCC-PPM-020:85213a90,needs_human_review,,,,,
occupation_alias,CPX-OCC-PPM-020:44c64f71,needs_human_review,,,,,
occupation_alias,CPX-OCC-BOP-009:62b97934,needs_human_review,,,,,
occupation_alias,CPX-OCC-ENG-018:c9927d24,excluded_from_exact_matching,,,,,
occupation_alias,CPX-OCC-ENE-010:c9927d24,excluded_from_exact_matching,,,,,
occupation_alias,CPX-OCC-CBE-001:c9927d24,excluded_from_exact_matching,,,,,
occupation_alias,CPX-OCC-PPM-020:a83f6f85,excluded_from_exact_matching,,,,,
occupation_alias,CPX-OCC-PPM-020:a83f6f85,excluded_from_exact_matching,,,,,
occupation_alias,CPX-OCC-PPM-018:a83f6f85,excluded_from_exact_matching,,,,,
occupation_alias,CPX-OCC-PPM-018:a83f6f85,excluded_from_exact_matching,,,,,
occupation_alias,CPX-OCC-ENG-018:a83f6f85,excluded_from_exact_matching,,,,,
occupation_alias,CPX-OCC-ENG-018:a83f6f85,excluded_from_exact_matching,,,,,
occupation_alias,CPX-OCC-PPM-020:a83f6f85,excluded_from_exact_matching,,,,,
occupation_alias,CPX-OCC-PPM-020:a83f6f85,excluded_from_exact_matching,,,,,
occupation_alias,CPX-OCC-PPM-020:a83f6f85,excluded_from_exact_matching,,,,,
occupation_alias,CPX-OCC-PPM-018:a83f6f85,excluded_from_exact_matching,,,,,
occupation_alias,CPX-OCC-ENG-018:a83f6f85,excluded_from_exact_matching,,,,,
occupation_alias,CPX-OCC-PPM-020:a83f6f85,excluded_from_exact_matching,,,,,
occupation_alias,CPX-OCC-PPM-020:a83f6f85,excluded_from_exact_matching,,,,,
occupation_alias,CPX-OCC-PPM-020:a83f6f85,excluded_from_exact_matching,,,,,
occupation_alias,CPX-OCC-PPM-020:a83f6f85,excluded_from_exact_matching,,,,,
occupation_alias,CPX-OCC-PPM-020:a83f6f85,excluded_from_exact_matching,,,,,
occupation_alias,CPX-OCC-PPM-018:a83f6f85,excluded_from_exact_matching,,,,,
occupation_alias,CPX-OCC-PPM-018:a83f6f85,excluded_from_exact_matching,,,,,
occupation_alias,CPX-OCC-PPM-020:a83f6f85,excluded_from_exact_matching,,,,,
occupation_alias,CPX-OCC-PPM-020:a83f6f85,excluded_from_exact_matching,,,,,
occupation_alias,CPX-OCC-PPM-020:a83f6f85,excluded_from_exact_matching,,,,,
occupation_alias,CPX-OCC-PPM-020:a83f6f85,excluded_from_exact_matching,,,,,
occupation_alias,CPX-OCC-PPM-020:58ff0e45,excluded_from_exact_matching,,,,,
occupation_alias,CPX-OCC-PPM-018:58ff0e45,excluded_from_exact_matching,,,,,
occupation_alias,CPX-OCC-ENG-018:58ff0e45,excluded_from_exact_matching,,,,,
occupation_alias,CPX-OCC-PPM-020:772906b8,excluded_from_exact_matching,,,,,
occupation_alias,CPX-OCC-PPM-018:772906b8,excluded_from_exact_matching,,,,,
occupation_alias,CPX-OCC-BOP-010:772906b8,excluded_from_exact_matching,,,,,
occupation_alias,CPX-OCC-PPM-018:772906b8,excluded_from_exact_matching,,,,,
occupation_alias,CPX-OCC-BOP-004:772906b8,excluded_from_exact_matching,,,,,
occupation_alias,CPX-OCC-PPM-020:772906b8,excluded_from_exact_matching,,,,,
occupation_alias,CPX-OCC-PPM-020:772906b8,excluded_from_exact_matching,,,,,
occupation_alias,CPX-OCC-PPM-020:85d40f8a,excluded_from_exact_matching,,,,,
occupation_alias,CPX-OCC-PPM-018:85d40f8a,excluded_from_exact_matching,,,,,
occupation_alias,CPX-OCC-BOP-010:85d40f8a,excluded_from_exact_matching,,,,,
occupation_alias,CPX-OCC-PPM-018:85d40f8a,excluded_from_exact_matching,,,,,
occupation_alias,CPX-OCC-PPM-020:85d40f8a,excluded_from_exact_matching,,,,,
occupation_alias,CPX-OCC-ENG-014:be7fcefb,needs_human_review,,,,,
occupation_alias,CPX-OCC-PPM-003:c97f413b,needs_human_review,,,,,
occupation_alias,CPX-OCC-ENG-012:0e8c1195,excluded_from_exact_matching,,,,,
occupation_alias,CPX-OCC-PPM-001:252689d6,needs_human_review,,,,,
occupation_alias,CPX-OCC-PPM-001:654f524d,needs_human_review,,,,,
occupation_alias,CPX-OCC-PPM-001:1057080c,needs_human_review,,,,,
occupation_alias,CPX-OCC-PPM-001:f4e0be71,needs_human_review,,,,,
occupation_alias,CPX-OCC-BOP-001:0c9d2fb1,needs_human_review,,,,,
occupation_alias,CPX-OCC-BOP-001:a7d6dd55,needs_human_review,,,,,
occupation_alias,CPX-OCC-BOP-001:842722ce,needs_human_review,,,,,
occupation_alias,CPX-OCC-ENG-012:9596fe16,needs_human_review,,,,,
occupation_alias,CPX-OCC-ENG-012:98148a80,needs_human_review,,,,,
occupation_alias,CPX-OCC-ENG-017:fd59a775,needs_human_review,,,,,
occupation_alias,CPX-OCC-CBE-001:76bfbd49,needs_human_review,,,,,
occupation_alias,CPX-OCC-CBE-001:76bfbd49,needs_human_review,,,,,
occupation_alias,CPX-OCC-CBE-001:76bfbd49,needs_human_review,,,,,
occupation_alias,CPX-OCC-BOP-005:0bd72a94,needs_human_review,,,,,
occupation_alias,CPX-OCC-ENG-017:9affbd31,needs_human_review,,,,,
occupation_alias,CPX-OCC-ENG-010:deff1c4f,needs_human_review,,,,,
occupation_alias,CPX-OCC-ENG-010:576f0bae,needs_human_review,,,,,
occupation_alias,CPX-OCC-ENG-010:5ada34cc,needs_human_review,,,,,
occupation_alias,CPX-OCC-ENG-010:4cd59af2,needs_human_review,,,,,
occupation_alias,CPX-OCC-ENG-010:cb47b33e,needs_human_review,,,,,
occupation_alias,CPX-OCC-ENG-010:cb26c0c2,needs_human_review,,,,,
occupation_alias,CPX-OCC-ENG-010:6b09b7e4,needs_human_review,,,,,
occupation_alias,CPX-OCC-ENG-010:03df1401,needs_human_review,,,,,
occupation_alias,CPX-OCC-ENG-010:668dc666,needs_human_review,,,,,
occupation_alias,CPX-OCC-ENG-010:f63c8b9b,needs_human_review,,,,,
occupation_alias,CPX-OCC-ENG-010:f1ecbac7,needs_human_review,,,,,
occupation_alias,CPX-OCC-ENG-010:e9ce9864,needs_human_review,,,,,
occupation_alias,CPX-OCC-ENG-010:49dcdf03,needs_human_review,,,,,
occupation_alias,CPX-OCC-PPM-007:6efa3ad8,needs_human_review,,,,,
occupation_alias,CPX-OCC-CBE-001:db47f63d,needs_human_review,,,,,
occupation_alias,CPX-OCC-PPM-007:2cb22216,needs_human_review,,,,,
occupation_alias,CPX-OCC-PPM-007:6ceb0ce2,needs_human_review,,,,,
occupation_alias,CPX-OCC-ENE-010:ffe98d06,needs_human_review,,,,,
occupation_alias,CPX-OCC-BOP-010:edaf68b8,needs_human_review,,,,,
occupation_alias,CPX-OCC-ENG-011:eb7ce645,needs_human_review,,,,,
occupation_alias,CPX-OCC-ENG-014:b3c42ab0,needs_human_review,,,,,
occupation_alias,CPX-OCC-DDA-007:ba0e714b,needs_human_review,,,,,
occupation_alias,CPX-OCC-ENG-018:efe1b488,needs_human_review,,,,,
occupation_alias,CPX-OCC-ENG-018:efe1b488,needs_human_review,,,,,
occupation_alias,CPX-OCC-PPM-020:42ed500a,excluded_from_exact_matching,,,,,
occupation_alias,CPX-OCC-PPM-018:42ed500a,excluded_from_exact_matching,,,,,
occupation_alias,CPX-OCC-PPM-018:42ed500a,excluded_from_exact_matching,,,,,
occupation_alias,CPX-OCC-PPM-018:42ed500a,excluded_from_exact_matching,,,,,
occupation_alias,CPX-OCC-DDA-009:41cebd79,needs_human_review,,,,,
occupation_alias,CPX-OCC-DDA-009:a6ee5885,needs_human_review,,,,,
occupation_alias,CPX-OCC-PPM-020:849d3a67,needs_human_review,,,,,
occupation_alias,CPX-OCC-ENG-018:4f0f686d,excluded_from_exact_matching,,,,,
occupation_alias,CPX-OCC-PPM-003:4f0f686d,excluded_from_exact_matching,,,,,
occupation_alias,CPX-OCC-DDA-015:a29ac215,needs_human_review,,,,,
occupation_alias,CPX-OCC-PPM-020:9dd81fb6,needs_human_review,,,,,
occupation_alias,CPX-OCC-PPM-003:be37f63a,needs_human_review,,,,,
occupation_alias,CPX-OCC-ENG-017:76e7edba,needs_human_review,,,,,
occupation_alias,CPX-OCC-ENG-017:a447855b,needs_human_review,,,,,
occupation_alias,CPX-OCC-ENG-017:bf46203c,needs_human_review,,,,,
occupation_alias,CPX-OCC-CBE-009:f05f7e3f,needs_human_review,,,,,
occupation_alias,CPX-OCC-CBE-009:6f952466,needs_human_review,,,,,
occupation_alias,CPX-OCC-ENG-011:c243f482,needs_human_review,,,,,
occupation_alias,CPX-OCC-ENG-012:ce71ff8a,needs_human_review,,,,,
occupation_alias,CPX-OCC-ENG-012:2e33e805,needs_human_review,,,,,
occupation_alias,CPX-OCC-ENG-012:a04c6dee,needs_human_review,,,,,
occupation_alias,CPX-OCC-ENG-012:a77acbd1,needs_human_review,,,,,
occupation_alias,CPX-OCC-ENG-011:eb9c1cf0,excluded_from_exact_matching,,,,,
occupation_alias,CPX-OCC-ENG-016:eb9c1cf0,excluded_from_exact_matching,,,,,
occupation_alias,CPX-OCC-ENG-001:eb9c1cf0,excluded_from_exact_matching,,,,,
occupation_alias,CPX-OCC-ENG-020:aa7e839a,excluded_from_exact_matching,,,,,
occupation_alias,CPX-OCC-ENG-011:aa7e839a,excluded_from_exact_matching,,,,,
occupation_alias,CPX-OCC-ENG-011:b4cc1981,needs_human_review,,,,,
occupation_alias,CPX-OCC-ENG-011:b4cc1981,needs_human_review,,,,,
occupation_alias,CPX-OCC-ENG-011:49bebd11,needs_human_review,,,,,
occupation_alias,CPX-OCC-ENG-011:0981fd53,needs_human_review,,,,,
occupation_alias,CPX-OCC-ENG-011:bfaedf3d,needs_human_review,,,,,
occupation_alias,CPX-OCC-ENG-011:bfaedf3d,needs_human_review,,,,,
occupation_alias,CPX-OCC-ENG-016:5721d297,needs_human_review,,,,,
occupation_alias,CPX-OCC-ENG-011:5bf154ae,needs_human_review,,,,,
occupation_alias,CPX-OCC-ENG-011:2abcd38b,needs_human_review,,,,,
occupation_alias,CPX-OCC-ENG-012:29155f86,excluded_from_exact_matching,,,,,
occupation_alias,CPX-OCC-ENG-012:29155f86,excluded_from_exact_matching,,,,,
occupation_alias,CPX-OCC-ENG-012:29155f86,excluded_from_exact_matching,,,,,
occupation_alias,CPX-OCC-ENG-012:29155f86,excluded_from_exact_matching,,,,,
occupation_alias,CPX-OCC-ENG-015:29155f86,excluded_from_exact_matching,,,,,
occupation_alias,CPX-OCC-ENE-003:29155f86,excluded_from_exact_matching,,,,,
occupation_alias,CPX-OCC-ENG-012:29155f86,excluded_from_exact_matching,,,,,
occupation_alias,CPX-OCC-ENG-011:29155f86,excluded_from_exact_matching,,,,,
occupation_alias,CPX-OCC-ENG-011:29155f86,excluded_from_exact_matching,,,,,
occupation_alias,CPX-OCC-ENG-011:29155f86,excluded_from_exact_matching,,,,,
occupation_alias,CPX-OCC-ENG-011:29155f86,excluded_from_exact_matching,,,,,
occupation_alias,CPX-OCC-ENG-011:29155f86,excluded_from_exact_matching,,,,,
occupation_alias,CPX-OCC-ENG-011:29155f86,excluded_from_exact_matching,,,,,
occupation_alias,CPX-OCC-ENG-011:29155f86,excluded_from_exact_matching,,,,,
occupation_alias,CPX-OCC-ENG-011:29155f86,excluded_from_exact_matching,,,,,
occupation_alias,CPX-OCC-ENG-011:29155f86,excluded_from_exact_matching,,,,,
occupation_alias,CPX-OCC-ENG-012:29155f86,excluded_from_exact_matching,,,,,
occupation_alias,CPX-OCC-ENG-012:29155f86,excluded_from_exact_matching,,,,,
occupation_alias,CPX-OCC-ENG-011:29155f86,excluded_from_exact_matching,,,,,
occupation_alias,CPX-OCC-ENG-012:29155f86,excluded_from_exact_matching,,,,,
occupation_alias,CPX-OCC-ENG-012:29155f86,excluded_from_exact_matching,,,,,
occupation_alias,CPX-OCC-ENG-012:29155f86,excluded_from_exact_matching,,,,,
occupation_alias,CPX-OCC-ENG-012:29155f86,excluded_from_exact_matching,,,,,
occupation_alias,CPX-OCC-ENG-012:29155f86,excluded_from_exact_matching,,,,,
occupation_alias,CPX-OCC-ENG-012:29155f86,excluded_from_exact_matching,,,,,
occupation_alias,CPX-OCC-ENG-012:29155f86,excluded_from_exact_matching,,,,,
occupation_alias,CPX-OCC-ENG-012:29155f86,excluded_from_exact_matching,,,,,
occupation_alias,CPX-OCC-ENG-012:29155f86,excluded_from_exact_matching,,,,,
occupation_alias,CPX-OCC-ENG-012:29155f86,excluded_from_exact_matching,,,,,
occupation_alias,CPX-OCC-ENG-001:29155f86,excluded_from_exact_matching,,,,,
occupation_alias,CPX-OCC-ENG-001:29155f86,excluded_from_exact_matching,,,,,
occupation_alias,CPX-OCC-ENG-001:29155f86,excluded_from_exact_matching,,,,,
occupation_alias,CPX-OCC-ENG-012:29155f86,excluded_from_exact_matching,,,,,
occupation_alias,CPX-OCC-ENG-018:29155f86,excluded_from_exact_matching,,,,,
occupation_alias,CPX-OCC-ENG-011:29155f86,excluded_from_exact_matching,,,,,
occupation_alias,CPX-OCC-ENG-012:29155f86,excluded_from_exact_matching,,,,,
occupation_alias,CPX-OCC-ENG-013:29155f86,excluded_from_exact_matching,,,,,
occupation_alias,CPX-OCC-ENG-011:a36d5b1a,needs_human_review,,,,,
occupation_alias,CPX-OCC-ENG-012:5d314f0c,needs_human_review,,,,,
occupation_alias,CPX-OCC-ENG-017:8414504d,needs_human_review,,,,,
occupation_alias,CPX-OCC-ENG-011:f93bfbca,excluded_from_exact_matching,,,,,
occupation_alias,CPX-OCC-DDA-012:f93bfbca,excluded_from_exact_matching,,,,,
occupation_alias,CPX-OCC-ENG-011:f93bfbca,excluded_from_exact_matching,,,,,
occupation_alias,CPX-OCC-ENG-016:f93bfbca,excluded_from_exact_matching,,,,,
occupation_alias,CPX-OCC-ENG-016:f93bfbca,excluded_from_exact_matching,,,,,
occupation_alias,CPX-OCC-ENG-011:f93bfbca,excluded_from_exact_matching,,,,,
occupation_alias,CPX-OCC-ENG-011:29d4143b,needs_human_review,,,,,
occupation_alias,CPX-OCC-ENG-011:caf9d1cf,needs_human_review,,,,,
occupation_alias,CPX-OCC-ENG-011:7e0eea94,needs_human_review,,,,,
occupation_alias,CPX-OCC-ENG-011:9469a6e3,needs_human_review,,,,,
occupation_alias,CPX-OCC-ENG-011:d7e74612,needs_human_review,,,,,
occupation_alias,CPX-OCC-ENG-011:d0b392df,needs_human_review,,,,,
occupation_alias,CPX-OCC-ENG-011:dff46906,needs_human_review,,,,,
occupation_alias,CPX-OCC-ENG-012:191a5ad0,needs_human_review,,,,,
occupation_alias,CPX-OCC-ENG-012:ab8f3a20,needs_human_review,,,,,
occupation_alias,CPX-OCC-ENG-012:57373064,needs_human_review,,,,,
occupation_alias,CPX-OCC-ENG-011:0f9198db,excluded_from_exact_matching,,,,,
occupation_alias,CPX-OCC-ENG-011:0f9198db,excluded_from_exact_matching,,,,,
occupation_alias,CPX-OCC-ENG-011:0f9198db,excluded_from_exact_matching,,,,,
occupation_alias,CPX-OCC-ENG-011:0f9198db,excluded_from_exact_matching,,,,,
occupation_alias,CPX-OCC-ENG-011:0f9198db,excluded_from_exact_matching,,,,,
occupation_alias,CPX-OCC-ENG-013:0f9198db,excluded_from_exact_matching,,,,,
occupation_alias,CPX-OCC-DDA-012:0f9198db,excluded_from_exact_matching,,,,,
occupation_alias,CPX-OCC-ENG-011:0f9198db,excluded_from_exact_matching,,,,,
occupation_alias,CPX-OCC-ENE-014:0f9198db,excluded_from_exact_matching,,,,,
occupation_alias,CPX-OCC-ENE-014:0f9198db,excluded_from_exact_matching,,,,,
occupation_alias,CPX-OCC-ENE-014:0f9198db,excluded_from_exact_matching,,,,,
occupation_alias,CPX-OCC-ENE-014:0f9198db,excluded_from_exact_matching,,,,,
occupation_alias,CPX-OCC-ENE-014:0f9198db,excluded_from_exact_matching,,,,,
occupation_alias,CPX-OCC-ENG-011:0f9198db,excluded_from_exact_matching,,,,,
occupation_alias,CPX-OCC-ENE-014:52cd7269,needs_human_review,,,,,
occupation_alias,CPX-OCC-ENG-011:95c9dec2,needs_human_review,,,,,
occupation_alias,CPX-OCC-ENG-012:9984469b,needs_human_review,,,,,
occupation_alias,CPX-OCC-ENG-014:ab2d905a,needs_human_review,,,,,
occupation_alias,CPX-OCC-ENG-014:42325e47,needs_human_review,,,,,
occupation_alias,CPX-OCC-ENG-014:be14d4cf,needs_human_review,,,,,
occupation_alias,CPX-OCC-ENG-014:289c6593,needs_human_review,,,,,
occupation_alias,CPX-OCC-ENE-009:58eb049a,needs_human_review,,,,,
occupation_alias,CPX-OCC-ENG-011:bf6116e1,excluded_from_exact_matching,,,,,
occupation_alias,CPX-OCC-ENG-013:bf6116e1,excluded_from_exact_matching,,,,,
occupation_alias,CPX-OCC-ENG-014:215cde1d,needs_human_review,,,,,
occupation_alias,CPX-OCC-ENG-014:eb33a48e,needs_human_review,,,,,
occupation_alias,CPX-OCC-ENG-014:b8c3f2fb,needs_human_review,,,,,
occupation_alias,CPX-OCC-ENG-014:466a7e28,needs_human_review,,,,,
occupation_alias,CPX-OCC-ENG-014:bb460747,needs_human_review,,,,,
occupation_alias,CPX-OCC-ENG-014:e638f292,needs_human_review,,,,,
occupation_alias,CPX-OCC-ENG-014:67e95215,needs_human_review,,,,,
occupation_alias,CPX-OCC-ENG-014:ffdbcad9,needs_human_review,,,,,
occupation_alias,CPX-OCC-ENG-014:8075d148,needs_human_review,,,,,
occupation_alias,CPX-OCC-ENG-014:f37d722d,needs_human_review,,,,,
occupation_alias,CPX-OCC-ENG-014:a8a18a94,needs_human_review,,,,,
occupation_alias,CPX-OCC-ENG-014:d1c3b2b7,needs_human_review,,,,,
occupation_alias,CPX-OCC-ENG-014:47c0f2d5,needs_human_review,,,,,
occupation_alias,CPX-OCC-ENG-014:bc5844d7,needs_human_review,,,,,
occupation_alias,CPX-OCC-ENG-014:39285cbe,needs_human_review,,,,,
occupation_alias,CPX-OCC-ENG-015:3ae0ea4f,needs_human_review,,,,,
occupation_alias,CPX-OCC-ENG-016:a297a15a,needs_human_review,,,,,
occupation_alias,CPX-OCC-ENG-015:a1965e9a,needs_human_review,,,,,
occupation_alias,CPX-OCC-ENG-015:937985c7,needs_human_review,,,,,
occupation_alias,CPX-OCC-ENG-014:81fe74bf,excluded_from_exact_matching,,,,,
occupation_alias,CPX-OCC-ENG-012:81fe74bf,excluded_from_exact_matching,,,,,
occupation_alias,CPX-OCC-ENG-001:81fe74bf,excluded_from_exact_matching,,,,,
occupation_alias,CPX-OCC-ENG-001:81fe74bf,excluded_from_exact_matching,,,,,
occupation_alias,CPX-OCC-ENG-001:81fe74bf,excluded_from_exact_matching,,,,,
occupation_alias,CPX-OCC-ENG-001:81fe74bf,excluded_from_exact_matching,,,,,
occupation_alias,CPX-OCC-ENG-001:81fe74bf,excluded_from_exact_matching,,,,,
occupation_alias,CPX-OCC-ENG-001:81fe74bf,excluded_from_exact_matching,,,,,
occupation_alias,CPX-OCC-ENG-001:81fe74bf,excluded_from_exact_matching,,,,,
occupation_alias,CPX-OCC-ENG-018:81fe74bf,excluded_from_exact_matching,,,,,
occupation_alias,CPX-OCC-ENG-014:81fe74bf,excluded_from_exact_matching,,,,,
occupation_alias,CPX-OCC-ENG-014:81fe74bf,excluded_from_exact_matching,,,,,
occupation_alias,CPX-OCC-CBE-001:0a27133f,excluded_from_exact_matching,,,,,
occupation_alias,CPX-OCC-CBE-001:0a27133f,excluded_from_exact_matching,,,,,
occupation_alias,CPX-OCC-ENG-001:0a27133f,excluded_from_exact_matching,,,,,
occupation_alias,CPX-OCC-ENG-018:19760194,excluded_from_exact_matching,,,,,
occupation_alias,CPX-OCC-ENG-018:19760194,excluded_from_exact_matching,,,,,
occupation_alias,CPX-OCC-ENG-018:19760194,excluded_from_exact_matching,,,,,
occupation_alias,CPX-OCC-ENE-007:19760194,excluded_from_exact_matching,,,,,
occupation_alias,CPX-OCC-ENE-007:19760194,excluded_from_exact_matching,,,,,
occupation_alias,CPX-OCC-ENE-007:19760194,excluded_from_exact_matching,,,,,
occupation_alias,CPX-OCC-ENG-018:19760194,excluded_from_exact_matching,,,,,
occupation_alias,CPX-OCC-ENG-014:584b0596,needs_human_review,,,,,
occupation_alias,CPX-OCC-PPM-003:f76cb2c1,needs_human_review,,,,,
occupation_alias,CPX-OCC-ENE-012:ff7ee1a8,needs_human_review,,,,,
occupation_alias,CPX-OCC-ENE-013:500cfaf3,excluded_from_exact_matching,,,,,
occupation_alias,CPX-OCC-ENE-013:072655bb,needs_human_review,,,,,
occupation_alias,CPX-OCC-ENE-013:d33c69a6,needs_human_review,,,,,
occupation_alias,CPX-OCC-ENE-012:8e62f117,excluded_from_exact_matching,,,,,
occupation_alias,CPX-OCC-ENG-012:8e62f117,excluded_from_exact_matching,,,,,
occupation_alias,CPX-OCC-ENG-012:5b8c0e74,needs_human_review,,,,,
occupation_alias,CPX-OCC-ENG-012:cc24b782,needs_human_review,,,,,
occupation_alias,CPX-OCC-PPM-001:156ee21e,needs_human_review,,,,,
occupation_alias,CPX-OCC-ENG-012:6ab4ec00,needs_human_review,,,,,
occupation_alias,CPX-OCC-ENE-012:506a8eb8,excluded_from_exact_matching,,,,,
occupation_alias,CPX-OCC-ENG-001:e5ca609c,excluded_from_exact_matching,,,,,
occupation_alias,CPX-OCC-ENG-001:e5ca609c,excluded_from_exact_matching,,,,,
occupation_alias,CPX-OCC-ENE-002:e5ca609c,excluded_from_exact_matching,,,,,
occupation_alias,CPX-OCC-ENE-002:e5ca609c,excluded_from_exact_matching,,,,,
occupation_alias,CPX-OCC-ENE-002:e5ca609c,excluded_from_exact_matching,,,,,
occupation_alias,CPX-OCC-CBE-002:6c79c67a,needs_human_review,,,,,
occupation_alias,CPX-OCC-ENG-012:5941daad,needs_human_review,,,,,
occupation_alias,CPX-OCC-ENE-001:467f6dda,needs_human_review,,,,,
occupation_alias,CPX-OCC-CBE-002:1ba0f33b,needs_human_review,,,,,
occupation_alias,CPX-OCC-ENE-007:de85936f,needs_human_review,,,,,
occupation_alias,CPX-OCC-ENE-007:de85936f,needs_human_review,,,,,
occupation_alias,CPX-OCC-ENE-007:de85936f,needs_human_review,,,,,
occupation_alias,CPX-OCC-ENE-007:de85936f,needs_human_review,,,,,
occupation_alias,CPX-OCC-ENE-007:de85936f,needs_human_review,,,,,
occupation_alias,CPX-OCC-ENE-007:21ee9897,needs_human_review,,,,,
occupation_alias,CPX-OCC-ENE-007:21ee9897,needs_human_review,,,,,
occupation_alias,CPX-OCC-ENE-007:21ee9897,needs_human_review,,,,,
occupation_alias,CPX-OCC-ENE-007:21ee9897,needs_human_review,,,,,
occupation_alias,CPX-OCC-ENE-007:21ee9897,needs_human_review,,,,,
occupation_alias,CPX-OCC-ENG-012:f61b133b,needs_human_review,,,,,
occupation_alias,CPX-OCC-PPM-001:31ec396e,needs_human_review,,,,,
occupation_alias,CPX-OCC-CBE-002:37e2d8dc,needs_human_review,,,,,
occupation_alias,CPX-OCC-CBE-002:ddab3e8b,needs_human_review,,,,,
occupation_alias,CPX-OCC-ENG-011:b0da27e2,needs_human_review,,,,,
occupation_alias,CPX-OCC-ENG-011:0730ac7b,needs_human_review,,,,,
occupation_alias,CPX-OCC-ENG-012:56989857,needs_human_review,,,,,
occupation_alias,CPX-OCC-ENG-012:854653e0,needs_human_review,,,,,
occupation_alias,CPX-OCC-ENG-012:68022cef,needs_human_review,,,,,
occupation_alias,CPX-OCC-ENG-012:11b338fe,needs_human_review,,,,,
occupation_alias,CPX-OCC-ENG-012:831cb40f,needs_human_review,,,,,
occupation_alias,CPX-OCC-ENG-012:ddafcd3f,needs_human_review,,,,,
occupation_alias,CPX-OCC-ENG-012:141280af,needs_human_review,,,,,
occupation_alias,CPX-OCC-ENG-012:d98a8b3f,needs_human_review,,,,,
occupation_alias,CPX-OCC-ENG-012:cbe881f5,needs_human_review,,,,,
occupation_alias,CPX-OCC-ENG-012:ca660705,needs_human_review,,,,,
occupation_alias,CPX-OCC-ENG-012:beaa2b28,needs_human_review,,,,,
occupation_alias,CPX-OCC-ENE-008:d7cbbd91,needs_human_review,,,,,
occupation_alias,CPX-OCC-ENG-012:56767c99,needs_human_review,,,,,
occupation_alias,CPX-OCC-ENG-020:de10874b,excluded_from_exact_matching,,,,,
occupation_alias,CPX-OCC-ENG-005:de10874b,excluded_from_exact_matching,,,,,
occupation_alias,CPX-OCC-ENG-009:de10874b,excluded_from_exact_matching,,,,,
occupation_alias,CPX-OCC-ENG-001:de10874b,excluded_from_exact_matching,,,,,
occupation_alias,CPX-OCC-CBE-009:de10874b,excluded_from_exact_matching,,,,,
occupation_alias,CPX-OCC-ENG-017:de10874b,excluded_from_exact_matching,,,,,
occupation_alias,CPX-OCC-DDA-020:de10874b,excluded_from_exact_matching,,,,,
occupation_alias,CPX-OCC-DDA-020:de10874b,excluded_from_exact_matching,,,,,
occupation_alias,CPX-OCC-ENG-004:de10874b,excluded_from_exact_matching,,,,,
occupation_alias,CPX-OCC-ENG-019:de10874b,excluded_from_exact_matching,,,,,
occupation_alias,CPX-OCC-ENG-014:de10874b,excluded_from_exact_matching,,,,,
occupation_alias,CPX-OCC-ENG-019:de10874b,excluded_from_exact_matching,,,,,
occupation_alias,CPX-OCC-ENG-012:de10874b,excluded_from_exact_matching,,,,,
occupation_alias,CPX-OCC-ENG-012:7835b656,needs_human_review,,,,,
occupation_alias,CPX-OCC-DDA-020:8e51dc79,needs_human_review,,,,,
occupation_alias,CPX-OCC-DDA-020:8e51dc79,needs_human_review,,,,,
occupation_alias,CPX-OCC-ENG-012:e1e1f25b,needs_human_review,,,,,
occupation_alias,CPX-OCC-CBE-007:f3e00829,needs_human_review,,,,,
occupation_alias,CPX-OCC-ENG-001:14a2121f,needs_human_review,,,,,
occupation_alias,CPX-OCC-ENG-012:e87ef38f,needs_human_review,,,,,
occupation_alias,CPX-OCC-ENG-012:1f2cf09a,needs_human_review,,,,,
occupation_alias,CPX-OCC-ENG-001:34a751b6,needs_human_review,,,,,
occupation_alias,CPX-OCC-ENG-001:34a751b6,needs_human_review,,,,,
occupation_alias,CPX-OCC-ENG-001:e226a490,needs_human_review,,,,,
occupation_alias,CPX-OCC-DDA-007:45c3b760,needs_human_review,,,,,
occupation_alias,CPX-OCC-ENG-022:d69310a0,needs_human_review,,,,,
occupation_alias,CPX-OCC-ENG-022:d69310a0,needs_human_review,,,,,
occupation_alias,CPX-OCC-ENG-015:805fc56f,needs_human_review,,,,,
occupation_alias,CPX-OCC-ENG-015:ef44111f,needs_human_review,,,,,
occupation_alias,CPX-OCC-ENG-015:90ef88d7,needs_human_review,,,,,
occupation_alias,CPX-OCC-ENG-015:be792ebc,needs_human_review,,,,,
occupation_alias,CPX-OCC-ENG-015:be792ebc,needs_human_review,,,,,
occupation_alias,CPX-OCC-ENG-015:6712d003,needs_human_review,,,,,
occupation_alias,CPX-OCC-ENG-015:2e79fa9a,needs_human_review,,,,,
occupation_alias,CPX-OCC-ENG-015:074be594,needs_human_review,,,,,
occupation_alias,CPX-OCC-ENG-015:38fb1e45,needs_human_review,,,,,
occupation_alias,CPX-OCC-ENG-015:5ef289e8,needs_human_review,,,,,
occupation_alias,CPX-OCC-ENG-015:ce150322,needs_human_review,,,,,
occupation_alias,CPX-OCC-ENG-015:83ecf4c7,needs_human_review,,,,,
occupation_alias,CPX-OCC-PPM-009:f32c62e4,needs_human_review,,,,,
occupation_alias,CPX-OCC-DDA-011:81345f0c,needs_human_review,,,,,
occupation_alias,CPX-OCC-DDA-011:81345f0c,needs_human_review,,,,,
occupation_alias,CPX-OCC-DDA-011:c062db44,needs_human_review,,,,,
occupation_alias,CPX-OCC-BOP-010:30d551e2,needs_human_review,,,,,
occupation_alias,CPX-OCC-ENG-011:24e5ee3c,needs_human_review,,,,,
occupation_alias,CPX-OCC-ENG-007:f7d22cc6,needs_human_review,,,,,
occupation_alias,CPX-OCC-ENG-013:5d8e0f90,needs_human_review,,,,,
occupation_alias,CPX-OCC-DDA-002:dc36a8ac,needs_human_review,,,,,
occupation_alias,CPX-OCC-ENG-013:7ad1299f,needs_human_review,,,,,
occupation_alias,CPX-OCC-DDA-002:6d5131d8,needs_human_review,,,,,
occupation_alias,CPX-OCC-DDA-006:3838f074,needs_human_review,,,,,
occupation_alias,CPX-OCC-ENE-003:76dc97a6,needs_human_review,,,,,
occupation_alias,CPX-OCC-ENE-003:76dc97a6,needs_human_review,,,,,
occupation_alias,CPX-OCC-ENE-003:8512e785,needs_human_review,,,,,
occupation_alias,CPX-OCC-ENG-012:1bb1fcd2,needs_human_review,,,,,
occupation_alias,CPX-OCC-ENG-010:5d58cfa4,needs_human_review,,,,,
occupation_alias,CPX-OCC-ENG-010:5d58cfa4,needs_human_review,,,,,
occupation_alias,CPX-OCC-ENE-002:03c61e5d,needs_human_review,,,,,
occupation_alias,CPX-OCC-ENG-011:505f0d9e,needs_human_review,,,,,
occupation_alias,CPX-OCC-ENG-011:505f0d9e,needs_human_review,,,,,
occupation_alias,CPX-OCC-ENG-011:505f0d9e,needs_human_review,,,,,
occupation_alias,CPX-OCC-ENG-011:505f0d9e,needs_human_review,,,,,
occupation_alias,CPX-OCC-ENG-011:505f0d9e,needs_human_review,,,,,
occupation_alias,CPX-OCC-ENG-011:4aaa4260,needs_human_review,,,,,
occupation_alias,CPX-OCC-ENG-011:4aaa4260,needs_human_review,,,,,
occupation_alias,CPX-OCC-ENG-011:6dc1fbd8,needs_human_review,,,,,
occupation_alias,CPX-OCC-ENG-011:218ddf3c,needs_human_review,,,,,
occupation_alias,CPX-OCC-ENG-011:d1872ff6,needs_human_review,,,,,
occupation_alias,CPX-OCC-ENG-011:7b625ac5,needs_human_review,,,,,
occupation_alias,CPX-OCC-ENG-011:62737732,needs_human_review,,,,,
occupation_alias,CPX-OCC-ENG-011:74a51d42,needs_human_review,,,,,
occupation_alias,CPX-OCC-ENG-011:f692a7b2,needs_human_review,,,,,
occupation_alias,CPX-OCC-ENG-011:09acc920,needs_human_review,,,,,
occupation_alias,CPX-OCC-ENG-011:a4530cb7,needs_human_review,,,,,
occupation_alias,CPX-OCC-ENG-011:8b46b056,needs_human_review,,,,,
occupation_alias,CPX-OCC-ENG-011:81e55540,needs_human_review,,,,,
occupation_alias,CPX-OCC-ENG-011:81e55540,needs_human_review,,,,,
occupation_alias,CPX-OCC-ENG-011:b48a03be,needs_human_review,,,,,
occupation_alias,CPX-OCC-ENG-011:d76faf2b,needs_human_review,,,,,
occupation_alias,CPX-OCC-ENG-013:9c0fdd79,needs_human_review,,,,,
occupation_alias,CPX-OCC-ENG-013:9c0fdd79,needs_human_review,,,,,
occupation_alias,CPX-OCC-ENE-002:cbc0c7b9,needs_human_review,,,,,
occupation_alias,CPX-OCC-ENG-012:5cfb1628,needs_human_review,,,,,
occupation_alias,CPX-OCC-ENG-009:e511c2d5,needs_human_review,,,,,
occupation_alias,CPX-OCC-ENG-012:42ec06bf,needs_human_review,,,,,
occupation_alias,CPX-OCC-ENG-004:4a717a88,needs_human_review,,,,,
occupation_alias,CPX-OCC-ENG-007:dbd6796b,needs_human_review,,,,,
occupation_alias,CPX-OCC-ENG-009:656a30bc,needs_human_review,,,,,
occupation_alias,CPX-OCC-DDA-020:45509112,needs_human_review,,,,,
occupation_alias,CPX-OCC-DDA-020:c7e88195,needs_human_review,,,,,
occupation_alias,CPX-OCC-DDA-020:0b50e730,needs_human_review,,,,,
occupation_alias,CPX-OCC-ENG-011:bc8627bb,needs_human_review,,,,,
occupation_alias,CPX-OCC-ENG-011:2df6fcb8,needs_human_review,,,,,
occupation_alias,CPX-OCC-ENG-014:34201cad,needs_human_review,,,,,
occupation_alias,CPX-OCC-ENG-014:304637c4,needs_human_review,,,,,
occupation_alias,CPX-OCC-ENG-014:41f6b5f9,needs_human_review,,,,,
occupation_alias,CPX-OCC-ENG-006:40e46abc,needs_human_review,,,,,
occupation_alias,CPX-OCC-ENG-020:35b92d89,needs_human_review,,,,,
occupation_alias,CPX-OCC-ENG-020:02e9d715,needs_human_review,,,,,
occupation_alias,CPX-OCC-ENG-015:39d4ff16,needs_human_review,,,,,
occupation_alias,CPX-OCC-ENG-015:215cd24b,needs_human_review,,,,,
occupation_alias,CPX-OCC-DDA-013:f1e776de,needs_human_review,,,,,
occupation_alias,CPX-OCC-DDA-012:f97081d3,needs_human_review,,,,,
occupation_alias,CPX-OCC-DDA-012:42cba643,needs_human_review,,,,,
occupation_alias,CPX-OCC-DDA-012:42cba643,needs_human_review,,,,,
occupation_alias,CPX-OCC-DDA-012:42cba643,needs_human_review,,,,,
occupation_alias,CPX-OCC-DDA-012:dcf5590c,needs_human_review,,,,,
occupation_alias,CPX-OCC-ENG-011:f3360bee,needs_human_review,,,,,
occupation_alias,CPX-OCC-ENG-016:12de6545,needs_human_review,,,,,
occupation_alias,CPX-OCC-ENG-016:12de6545,needs_human_review,,,,,
occupation_alias,CPX-OCC-ENG-016:12de6545,needs_human_review,,,,,
occupation_alias,CPX-OCC-ENG-016:12de6545,needs_human_review,,,,,
occupation_alias,CPX-OCC-ENG-016:12de6545,needs_human_review,,,,,
occupation_alias,CPX-OCC-ENG-016:12de6545,needs_human_review,,,,,
occupation_alias,CPX-OCC-ENG-016:12de6545,needs_human_review,,,,,
occupation_alias,CPX-OCC-ENG-016:12de6545,needs_human_review,,,,,
occupation_alias,CPX-OCC-ENG-016:12de6545,needs_human_review,,,,,
occupation_alias,CPX-OCC-ENG-016:12de6545,needs_human_review,,,,,
occupation_alias,CPX-OCC-ENG-016:12de6545,needs_human_review,,,,,
occupation_alias,CPX-OCC-ENG-016:12de6545,needs_human_review,,,,,
occupation_alias,CPX-OCC-ENG-016:12de6545,needs_human_review,,,,,
occupation_alias,CPX-OCC-ENG-016:12de6545,needs_human_review,,,,,
occupation_alias,CPX-OCC-ENG-016:dd68430d,needs_human_review,,,,,
occupation_alias,CPX-OCC-ENG-016:4f97b9da,needs_human_review,,,,,
occupation_alias,CPX-OCC-ENG-011:690064e2,needs_human_review,,,,,
occupation_alias,CPX-OCC-ENG-007:379f30ad,needs_human_review,,,,,
occupation_alias,CPX-OCC-ENG-013:88f9206c,needs_human_review,,,,,
occupation_alias,CPX-OCC-ENG-016:b6bee7b5,needs_human_review,,,,,
occupation_alias,CPX-OCC-ENG-016:d364433c,needs_human_review,,,,,
occupation_alias,CPX-OCC-ENG-016:b37ccdce,needs_human_review,,,,,
occupation_alias,CPX-OCC-ENG-002:ef5a8d07,needs_human_review,,,,,
occupation_alias,CPX-OCC-ENG-013:326ad59e,needs_human_review,,,,,
occupation_alias,CPX-OCC-ENG-013:326ad59e,needs_human_review,,,,,
occupation_alias,CPX-OCC-ENG-013:326ad59e,needs_human_review,,,,,
occupation_alias,CPX-OCC-ENG-013:326ad59e,needs_human_review,,,,,
occupation_alias,CPX-OCC-ENG-013:326ad59e,needs_human_review,,,,,
occupation_alias,CPX-OCC-ENG-011:7677d744,needs_human_review,,,,,
occupation_alias,CPX-OCC-ENG-011:7677d744,needs_human_review,,,,,
occupation_alias,CPX-OCC-ENG-011:7677d744,needs_human_review,,,,,
occupation_alias,CPX-OCC-ENG-013:2850e438,needs_human_review,,,,,
occupation_alias,CPX-OCC-ENG-013:84832649,needs_human_review,,,,,
occupation_alias,CPX-OCC-ENG-013:3c97799b,needs_human_review,,,,,
occupation_alias,CPX-OCC-ENG-013:6b06e3e4,needs_human_review,,,,,
occupation_alias,CPX-OCC-ENG-013:441a396d,needs_human_review,,,,,
occupation_alias,CPX-OCC-ENE-014:7f4e166e,needs_human_review,,,,,
occupation_alias,CPX-OCC-ENE-014:7f4e166e,needs_human_review,,,,,
occupation_alias,CPX-OCC-ENE-014:1bd6c83f,needs_human_review,,,,,
occupation_alias,CPX-OCC-ENE-014:955ddbeb,needs_human_review,,,,,
occupation_alias,CPX-OCC-ENG-014:e75ad90e,needs_human_review,,,,,
occupation_alias,CPX-OCC-ENG-014:10967117,needs_human_review,,,,,
occupation_alias,CPX-OCC-PPM-007:a9f8f2b2,needs_human_review,,,,,
occupation_alias,CPX-OCC-PPM-007:fccfccda,needs_human_review,,,,,
occupation_alias,CPX-OCC-CBE-001:ff0c957c,needs_human_review,,,,,
occupation_alias,CPX-OCC-ENG-012:2c3670e6,needs_human_review,,,,,
occupation_alias,CPX-OCC-PPM-007:b6119e9d,needs_human_review,,,,,
occupation_alias,CPX-OCC-ENG-019:fab99dea,needs_human_review,,,,,
occupation_alias,CPX-OCC-ENG-019:fab99dea,needs_human_review,,,,,
occupation_alias,CPX-OCC-ENG-019:fab99dea,needs_human_review,,,,,
occupation_alias,CPX-OCC-ENG-019:fab99dea,needs_human_review,,,,,
occupation_alias,CPX-OCC-ENG-019:fab99dea,needs_human_review,,,,,
occupation_alias,CPX-OCC-ENG-019:fab99dea,needs_human_review,,,,,
occupation_alias,CPX-OCC-ENG-011:a5063e0f,needs_human_review,,,,,
occupation_alias,CPX-OCC-ENG-013:420e87ed,needs_human_review,,,,,
occupation_alias,CPX-OCC-ENG-018:f280d7b8,needs_human_review,,,,,
occupation_alias,CPX-OCC-ENG-002:5fe09c95,needs_human_review,,,,,
occupation_alias,CPX-OCC-CBE-001:b01d07f1,needs_human_review,,,,,
occupation_alias,CPX-OCC-ENG-012:d617a8ac,needs_human_review,,,,,
occupation_alias,CPX-OCC-ENG-007:0a06e14d,needs_human_review,,,,,
occupation_alias,CPX-OCC-DDA-019:18b61eed,needs_human_review,,,,,
occupation_alias,CPX-OCC-CBE-009:8f3bc693,needs_human_review,,,,,
occupation_alias,CPX-OCC-CBE-009:2157963d,needs_human_review,,,,,
occupation_alias,CPX-OCC-ENG-012:6172d342,needs_human_review,,,,,
occupation_alias,CPX-OCC-ENG-012:6172d342,needs_human_review,,,,,
occupation_alias,CPX-OCC-ENG-002:7b396682,needs_human_review,,,,,
occupation_alias,CPX-OCC-ENG-018:135c80af,needs_human_review,,,,,
occupation_alias,CPX-OCC-BOP-009:f9c9b26f,needs_human_review,,,,,
occupation_alias,CPX-OCC-ENG-011:f757af01,needs_human_review,,,,,
occupation_alias,CPX-OCC-ENG-013:5d30a0db,needs_human_review,,,,,
occupation_alias,CPX-OCC-CBE-007:11770188,needs_human_review,,,,,
occupation_alias,CPX-OCC-CBE-007:f46cb7b3,needs_human_review,,,,,
occupation_alias,CPX-OCC-ENG-013:77b2694d,needs_human_review,,,,,
occupation_alias,CPX-OCC-ENG-012:72bb1470,needs_human_review,,,,,
occupation_alias,CPX-OCC-DDA-012:04ab0393,needs_human_review,,,,,
occupation_alias,CPX-OCC-DDA-002:268e3ea6,needs_human_review,,,,,
occupation_alias,CPX-OCC-DDA-002:cf805247,needs_human_review,,,,,
occupation_alias,CPX-OCC-DDA-002:07fa6980,needs_human_review,,,,,
occupation_alias,CPX-OCC-DDA-002:9177850d,needs_human_review,,,,,
occupation_alias,CPX-OCC-DDA-002:adf3722e,needs_human_review,,,,,
occupation_alias,CPX-OCC-DDA-002:cd7354e1,needs_human_review,,,,,
occupation_alias,CPX-OCC-ENG-014:098bb45a,needs_human_review,,,,,
occupation_alias,CPX-OCC-ENG-012:a1d97940,needs_human_review,,,,,
occupation_alias,CPX-OCC-ENG-003:e58c5db5,needs_human_review,,,,,
occupation_alias,CPX-OCC-ENG-012:ce7127c7,needs_human_review,,,,,
occupation_alias,CPX-OCC-ENG-012:3fa96aa4,needs_human_review,,,,,
occupation_alias,CPX-OCC-DDA-002:71d3fefb,needs_human_review,,,,,
occupation_alias,CPX-OCC-ENG-012:54541777,needs_human_review,,,,,
occupation_alias,CPX-OCC-ENG-014:fba7470f,needs_human_review,,,,,
occupation_alias,CPX-OCC-ENG-014:fba7470f,needs_human_review,,,,,
occupation_alias,CPX-OCC-ENG-014:fba7470f,needs_human_review,,,,,
occupation_alias,CPX-OCC-ENG-014:481a6eb4,needs_human_review,,,,,
occupation_alias,CPX-OCC-ENG-014:aef5ae30,needs_human_review,,,,,
occupation_alias,CPX-OCC-ENG-014:c72dd62a,needs_human_review,,,,,
occupation_alias,CPX-OCC-ENG-014:e8a06106,needs_human_review,,,,,
occupation_alias,CPX-OCC-ENG-014:05ae043a,needs_human_review,,,,,
occupation_alias,CPX-OCC-ENG-014:6fdd6c0f,needs_human_review,,,,,
occupation_alias,CPX-OCC-ENG-014:cb326c6b,needs_human_review,,,,,
occupation_alias,CPX-OCC-ENG-014:8e7820c0,needs_human_review,,,,,
occupation_alias,CPX-OCC-ENG-014:87f26694,needs_human_review,,,,,
occupation_alias,CPX-OCC-ENG-014:16263615,needs_human_review,,,,,
occupation_alias,CPX-OCC-ENG-014:5637ff3d,needs_human_review,,,,,
occupation_alias,CPX-OCC-ENG-014:1282ced9,needs_human_review,,,,,
occupation_alias,CPX-OCC-ENG-012:766cf6bc,needs_human_review,,,,,
occupation_alias,CPX-OCC-ENG-014:98ffb2ed,needs_human_review,,,,,
occupation_alias,CPX-OCC-ENG-014:3facd987,needs_human_review,,,,,
occupation_alias,CPX-OCC-ENG-014:c4e9c6d9,needs_human_review,,,,,
occupation_alias,CPX-OCC-ENG-011:2fac5719,needs_human_review,,,,,
occupation_alias,CPX-OCC-DDA-002:f425240e,needs_human_review,,,,,
occupation_alias,CPX-OCC-DDA-012:3e211d4e,needs_human_review,,,,,
occupation_alias,CPX-OCC-DDA-012:3e211d4e,needs_human_review,,,,,
occupation_alias,CPX-OCC-ENE-004:20ea7645,needs_human_review,,,,,
occupation_alias,CPX-OCC-ENE-004:20ea7645,needs_human_review,,,,,
occupation_alias,CPX-OCC-ENG-012:e353e114,needs_human_review,,,,,
occupation_alias,CPX-OCC-ENG-012:e353e114,needs_human_review,,,,,
occupation_alias,CPX-OCC-ENG-005:94c308ed,needs_human_review,,,,,
occupation_alias,CPX-OCC-ENG-005:94c308ed,needs_human_review,,,,,
occupation_alias,CPX-OCC-ENG-005:84e4b4b3,needs_human_review,,,,,
occupation_alias,CPX-OCC-ENE-010:e42f364b,needs_human_review,,,,,
occupation_alias,CPX-OCC-ENE-010:255c46ef,needs_human_review,,,,,
occupation_alias,CPX-OCC-ENE-010:255c46ef,needs_human_review,,,,,
occupation_alias,CPX-OCC-ENG-009:da5ad6e8,needs_human_review,,,,,
occupation_alias,CPX-OCC-ENG-009:da5ad6e8,needs_human_review,,,,,
occupation_alias,CPX-OCC-ENG-009:266ea832,needs_human_review,,,,,
occupation_alias,CPX-OCC-ENG-009:94b94250,needs_human_review,,,,,
occupation_alias,CPX-OCC-BOP-007:875c75ec,needs_human_review,,,,,
occupation_alias,CPX-OCC-PPM-020:bf1b7d48,needs_human_review,,,,,
occupation_alias,CPX-OCC-ENG-001:fe11809f,needs_human_review,,,,,
occupation_alias,CPX-OCC-ENG-016:fc7e99fa,needs_human_review,,,,,
occupation_alias,CPX-OCC-ENG-018:06575215,excluded_from_exact_matching,,,,,
occupation_alias,CPX-OCC-ENG-013:06575215,excluded_from_exact_matching,,,,,
occupation_alias,CPX-OCC-ENG-018:163c053e,excluded_from_exact_matching,,,,,
occupation_alias,CPX-OCC-ENG-015:163c053e,excluded_from_exact_matching,,,,,
occupation_alias,CPX-OCC-ENG-002:163c053e,excluded_from_exact_matching,,,,,
occupation_alias,CPX-OCC-ENG-005:163c053e,excluded_from_exact_matching,,,,,
occupation_alias,CPX-OCC-ENG-001:163c053e,excluded_from_exact_matching,,,,,
occupation_alias,CPX-OCC-ENG-001:163c053e,excluded_from_exact_matching,,,,,
occupation_alias,CPX-OCC-ENG-001:163c053e,excluded_from_exact_matching,,,,,
occupation_alias,CPX-OCC-ENG-001:163c053e,excluded_from_exact_matching,,,,,
occupation_alias,CPX-OCC-ENG-001:163c053e,excluded_from_exact_matching,,,,,
occupation_alias,CPX-OCC-ENG-001:163c053e,excluded_from_exact_matching,,,,,
occupation_alias,CPX-OCC-ENG-001:163c053e,excluded_from_exact_matching,,,,,
occupation_alias,CPX-OCC-ENG-001:163c053e,excluded_from_exact_matching,,,,,
occupation_alias,CPX-OCC-ENG-001:163c053e,excluded_from_exact_matching,,,,,
occupation_alias,CPX-OCC-ENG-001:163c053e,excluded_from_exact_matching,,,,,
occupation_alias,CPX-OCC-ENG-001:163c053e,excluded_from_exact_matching,,,,,
occupation_alias,CPX-OCC-ENG-001:163c053e,excluded_from_exact_matching,,,,,
occupation_alias,CPX-OCC-ENG-001:163c053e,excluded_from_exact_matching,,,,,
occupation_alias,CPX-OCC-ENG-001:163c053e,excluded_from_exact_matching,,,,,
occupation_alias,CPX-OCC-ENG-001:163c053e,excluded_from_exact_matching,,,,,
occupation_alias,CPX-OCC-ENG-001:163c053e,excluded_from_exact_matching,,,,,
occupation_alias,CPX-OCC-ENG-001:163c053e,excluded_from_exact_matching,,,,,
occupation_alias,CPX-OCC-ENG-001:163c053e,excluded_from_exact_matching,,,,,
occupation_alias,CPX-OCC-ENG-001:163c053e,excluded_from_exact_matching,,,,,
occupation_alias,CPX-OCC-ENG-001:163c053e,excluded_from_exact_matching,,,,,
occupation_alias,CPX-OCC-ENG-014:163c053e,excluded_from_exact_matching,,,,,
occupation_alias,CPX-OCC-DDA-019:163c053e,excluded_from_exact_matching,,,,,
occupation_alias,CPX-OCC-ENE-002:163c053e,excluded_from_exact_matching,,,,,
occupation_alias,CPX-OCC-ENE-002:163c053e,excluded_from_exact_matching,,,,,
occupation_alias,CPX-OCC-ENE-002:163c053e,excluded_from_exact_matching,,,,,
occupation_alias,CPX-OCC-ENG-006:9681e468,excluded_from_exact_matching,,,,,
occupation_alias,CPX-OCC-ENG-019:8a0e15c6,excluded_from_exact_matching,,,,,
occupation_alias,CPX-OCC-PPM-012:8a0e15c6,excluded_from_exact_matching,,,,,
occupation_alias,CPX-OCC-PPM-001:8a0e15c6,excluded_from_exact_matching,,,,,
occupation_alias,CPX-OCC-ENG-019:8a0e15c6,excluded_from_exact_matching,,,,,
occupation_alias,CPX-OCC-ENG-019:8a0e15c6,excluded_from_exact_matching,,,,,
occupation_alias,CPX-OCC-ENG-019:8a0e15c6,excluded_from_exact_matching,,,,,
occupation_alias,CPX-OCC-ENG-019:8a0e15c6,excluded_from_exact_matching,,,,,
occupation_alias,CPX-OCC-ENG-019:8a0e15c6,excluded_from_exact_matching,,,,,
occupation_alias,CPX-OCC-ENG-018:8a0e15c6,excluded_from_exact_matching,,,,,
occupation_alias,CPX-OCC-ENG-018:8a0e15c6,excluded_from_exact_matching,,,,,
occupation_alias,CPX-OCC-ENG-018:8a0e15c6,excluded_from_exact_matching,,,,,
occupation_alias,CPX-OCC-ENG-011:8a0e15c6,excluded_from_exact_matching,,,,,
occupation_alias,CPX-OCC-ENG-018:8a0e15c6,excluded_from_exact_matching,,,,,
occupation_alias,CPX-OCC-ENG-013:8a0e15c6,excluded_from_exact_matching,,,,,
occupation_alias,CPX-OCC-ENG-018:8a0e15c6,excluded_from_exact_matching,,,,,
occupation_alias,CPX-OCC-ENG-018:8a0e15c6,excluded_from_exact_matching,,,,,
occupation_alias,CPX-OCC-DDA-020:25545f33,needs_human_review,,,,,
occupation_alias,CPX-OCC-ENG-016:24e44b90,needs_human_review,,,,,
occupation_alias,CPX-OCC-CBE-007:522f2ac9,needs_human_review,,,,,
occupation_alias,CPX-OCC-CBE-003:5fc98d0a,needs_human_review,,,,,
occupation_alias,CPX-OCC-ENG-018:a55108f9,excluded_from_exact_matching,,,,,
occupation_alias,CPX-OCC-ENG-022:a55108f9,excluded_from_exact_matching,,,,,
occupation_alias,CPX-OCC-ENE-003:a55108f9,excluded_from_exact_matching,,,,,
occupation_alias,CPX-OCC-ENG-018:a55108f9,excluded_from_exact_matching,,,,,
occupation_alias,CPX-OCC-ENE-008:a55108f9,excluded_from_exact_matching,,,,,
occupation_alias,CPX-OCC-ENG-014:a55108f9,excluded_from_exact_matching,,,,,
occupation_alias,CPX-OCC-ENG-018:e6197c00,excluded_from_exact_matching,,,,,
occupation_alias,CPX-OCC-ENG-022:e6197c00,excluded_from_exact_matching,,,,,
occupation_alias,CPX-OCC-ENE-003:e6197c00,excluded_from_exact_matching,,,,,
occupation_alias,CPX-OCC-ENG-018:e6197c00,excluded_from_exact_matching,,,,,
occupation_alias,CPX-OCC-ENG-014:e6197c00,excluded_from_exact_matching,,,,,
occupation_alias,CPX-OCC-DDA-007:a37944e7,needs_human_review,,,,,
occupation_alias,CPX-OCC-ENG-001:b1a281bf,excluded_from_exact_matching,,,,,
occupation_alias,CPX-OCC-ENE-001:b1a281bf,excluded_from_exact_matching,,,,,
occupation_alias,CPX-OCC-ENG-018:b1a281bf,excluded_from_exact_matching,,,,,
occupation_alias,CPX-OCC-ENG-018:b1a281bf,excluded_from_exact_matching,,,,,
occupation_alias,CPX-OCC-PPM-010:b1a281bf,excluded_from_exact_matching,,,,,
occupation_alias,CPX-OCC-ENE-013:b1a281bf,excluded_from_exact_matching,,,,,
occupation_alias,CPX-OCC-ENG-001:01fe3154,needs_human_review,,,,,
occupation_alias,CPX-OCC-PPM-020:bf2c7a3e,excluded_from_exact_matching,,,,,
occupation_alias,CPX-OCC-PPM-018:bf2c7a3e,excluded_from_exact_matching,,,,,
occupation_alias,CPX-OCC-ENG-018:95c1a054,needs_human_review,,,,,
occupation_alias,CPX-OCC-ENG-010:98bae252,needs_human_review,,,,,
occupation_alias,CPX-OCC-CBE-009:3c8df310,needs_human_review,,,,,
occupation_alias,CPX-OCC-CBE-009:5b0bf32b,needs_human_review,,,,,
occupation_alias,CPX-OCC-CBE-009:a82b7db7,needs_human_review,,,,,
occupation_alias,CPX-OCC-PPM-007:f31c46f9,needs_human_review,,,,,
occupation_alias,CPX-OCC-PPM-007:1518de34,needs_human_review,,,,,
occupation_alias,CPX-OCC-ENG-018:11b00013,excluded_from_exact_matching,,,,,
occupation_alias,CPX-OCC-PPM-010:11b00013,excluded_from_exact_matching,,,,,
occupation_alias,CPX-OCC-ENG-012:c4a3b887,needs_human_review,,,,,
occupation_alias,CPX-OCC-PPM-007:3b47fd7d,needs_human_review,,,,,
occupation_alias,CPX-OCC-ENG-017:4a00835a,excluded_from_exact_matching,,,,,
occupation_alias,CPX-OCC-ENG-013:4a00835a,excluded_from_exact_matching,,,,,
occupation_alias,CPX-OCC-ENG-017:f59d57ca,needs_human_review,,,,,
occupation_alias,CPX-OCC-PPM-004:4d693953,needs_human_review,,,,,
occupation_alias,CPX-OCC-PPM-004:ff3bf80e,needs_human_review,,,,,
occupation_alias,CPX-OCC-CBE-006:c05d2d04,needs_human_review,,,,,
occupation_alias,CPX-OCC-PPM-009:c3f5903b,excluded_from_exact_matching,,,,,
occupation_alias,CPX-OCC-CBE-006:c3f5903b,excluded_from_exact_matching,,,,,
occupation_alias,CPX-OCC-CBE-003:c3f5903b,excluded_from_exact_matching,,,,,
occupation_alias,CPX-OCC-CBE-003:c3f5903b,excluded_from_exact_matching,,,,,
occupation_alias,CPX-OCC-CBE-003:c3f5903b,excluded_from_exact_matching,,,,,
occupation_alias,CPX-OCC-PPM-009:257ec77f,excluded_from_exact_matching,,,,,
occupation_alias,CPX-OCC-CBE-003:257ec77f,excluded_from_exact_matching,,,,,
occupation_alias,CPX-OCC-CBE-003:257ec77f,excluded_from_exact_matching,,,,,
occupation_alias,CPX-OCC-CBE-003:257ec77f,excluded_from_exact_matching,,,,,
occupation_alias,CPX-OCC-DDA-013:30c2fc82,needs_human_review,,,,,
occupation_alias,CPX-OCC-DDA-009:86bcb807,needs_human_review,,,,,
occupation_alias,CPX-OCC-PPM-020:b1d90fd2,needs_human_review,,,,,
occupation_alias,CPX-OCC-PPM-020:b1d90fd2,needs_human_review,,,,,
occupation_alias,CPX-OCC-ENG-018:84dfc079,excluded_from_exact_matching,,,,,
occupation_alias,CPX-OCC-ENG-018:84dfc079,excluded_from_exact_matching,,,,,
occupation_alias,CPX-OCC-PPM-018:84dfc079,excluded_from_exact_matching,,,,,
occupation_alias,CPX-OCC-DDA-014:7d30ab95,needs_human_review,,,,,
occupation_alias,CPX-OCC-BOP-009:e2a02841,needs_human_review,,,,,
occupation_alias,CPX-OCC-PPM-018:f2829c0a,needs_human_review,,,,,
occupation_alias,CPX-OCC-DDA-018:4ff095ec,needs_human_review,,,,,
occupation_alias,CPX-OCC-ENE-014:09cc797e,needs_human_review,,,,,
occupation_alias,CPX-OCC-ENG-004:68ff9b43,needs_human_review,,,,,
occupation_alias,CPX-OCC-PPM-007:ebcb0442,needs_human_review,,,,,
occupation_alias,CPX-OCC-CBE-013:8c320e17,needs_human_review,,,,,
occupation_alias,CPX-OCC-DDA-015:10db24fa,needs_human_review,,,,,
occupation_alias,CPX-OCC-CBE-013:3b2feae8,needs_human_review,,,,,
occupation_alias,CPX-OCC-CBE-013:200d3f99,excluded_from_exact_matching,,,,,
occupation_alias,CPX-OCC-CBE-013:200d3f99,excluded_from_exact_matching,,,,,
occupation_alias,CPX-OCC-CBE-013:200d3f99,excluded_from_exact_matching,,,,,
occupation_alias,CPX-OCC-PPM-001:200d3f99,excluded_from_exact_matching,,,,,
occupation_alias,CPX-OCC-CBE-013:200d3f99,excluded_from_exact_matching,,,,,
occupation_alias,CPX-OCC-DDA-020:e33ca931,needs_human_review,,,,,
occupation_alias,CPX-OCC-ENG-004:01ff0c3b,needs_human_review,,,,,
occupation_alias,CPX-OCC-ENG-003:84273e0b,needs_human_review,,,,,
occupation_alias,CPX-OCC-ENE-008:12590832,needs_human_review,,,,,
occupation_alias,CPX-OCC-ENG-018:8e5a7934,needs_human_review,,,,,
occupation_alias,CPX-OCC-ENG-018:8e5a7934,needs_human_review,,,,,
occupation_alias,CPX-OCC-ENG-018:8e5a7934,needs_human_review,,,,,
occupation_alias,CPX-OCC-PPM-004:c5873051,needs_human_review,,,,,
occupation_alias,CPX-OCC-PPM-013:9b3efd0f,excluded_from_exact_matching,,,,,
occupation_alias,CPX-OCC-DDA-016:9b3efd0f,excluded_from_exact_matching,,,,,
occupation_alias,CPX-OCC-PPM-013:9b3efd0f,excluded_from_exact_matching,,,,,
occupation_alias,CPX-OCC-BOP-009:8439cf44,excluded_from_exact_matching,,,,,
occupation_alias,CPX-OCC-BOP-009:8439cf44,excluded_from_exact_matching,,,,,
occupation_alias,CPX-OCC-BOP-009:8439cf44,excluded_from_exact_matching,,,,,
occupation_alias,CPX-OCC-BOP-009:8439cf44,excluded_from_exact_matching,,,,,
occupation_alias,CPX-OCC-PPM-011:8439cf44,excluded_from_exact_matching,,,,,
occupation_alias,CPX-OCC-BOP-010:8439cf44,excluded_from_exact_matching,,,,,
occupation_alias,CPX-OCC-BOP-009:8439cf44,excluded_from_exact_matching,,,,,
occupation_alias,CPX-OCC-BOP-009:8439cf44,excluded_from_exact_matching,,,,,
occupation_alias,CPX-OCC-BOP-009:8439cf44,excluded_from_exact_matching,,,,,
occupation_alias,CPX-OCC-PPM-004:8439cf44,excluded_from_exact_matching,,,,,
occupation_alias,CPX-OCC-PPM-011:7b735980,needs_human_review,,,,,
occupation_alias,CPX-OCC-BOP-009:04185fb6,excluded_from_exact_matching,,,,,
occupation_alias,CPX-OCC-BOP-009:04185fb6,excluded_from_exact_matching,,,,,
occupation_alias,CPX-OCC-BOP-009:04185fb6,excluded_from_exact_matching,,,,,
occupation_alias,CPX-OCC-BOP-009:04185fb6,excluded_from_exact_matching,,,,,
occupation_alias,CPX-OCC-BOP-010:04185fb6,excluded_from_exact_matching,,,,,
occupation_alias,CPX-OCC-BOP-009:04185fb6,excluded_from_exact_matching,,,,,
occupation_alias,CPX-OCC-BOP-009:04185fb6,excluded_from_exact_matching,,,,,
occupation_alias,CPX-OCC-BOP-009:04185fb6,excluded_from_exact_matching,,,,,
occupation_alias,CPX-OCC-DDA-015:fd91b4b5,excluded_from_exact_matching,,,,,
occupation_alias,CPX-OCC-BOP-009:fd91b4b5,excluded_from_exact_matching,,,,,
occupation_alias,CPX-OCC-BOP-009:fd91b4b5,excluded_from_exact_matching,,,,,
occupation_alias,CPX-OCC-PPM-004:409593a4,needs_human_review,,,,,
occupation_alias,CPX-OCC-PPM-004:b4c024ff,needs_human_review,,,,,
occupation_alias,CPX-OCC-PPM-013:7010409f,excluded_from_exact_matching,,,,,
occupation_alias,CPX-OCC-DDA-016:7010409f,excluded_from_exact_matching,,,,,
occupation_alias,CPX-OCC-PPM-013:7010409f,excluded_from_exact_matching,,,,,
occupation_alias,CPX-OCC-PPM-004:de77f80c,needs_human_review,,,,,
occupation_alias,CPX-OCC-PPM-004:563cdb8b,needs_human_review,,,,,
occupation_alias,CPX-OCC-BOP-001:bf5fce1b,excluded_from_exact_matching,,,,,
occupation_alias,CPX-OCC-BOP-001:bf5fce1b,excluded_from_exact_matching,,,,,
occupation_alias,CPX-OCC-BOP-001:bf5fce1b,excluded_from_exact_matching,,,,,
occupation_alias,CPX-OCC-BOP-001:bf5fce1b,excluded_from_exact_matching,,,,,
occupation_alias,CPX-OCC-ENG-018:bf5fce1b,excluded_from_exact_matching,,,,,
occupation_alias,CPX-OCC-ENG-018:bf5fce1b,excluded_from_exact_matching,,,,,
occupation_alias,CPX-OCC-ENG-018:bf5fce1b,excluded_from_exact_matching,,,,,
occupation_alias,CPX-OCC-ENG-018:bf5fce1b,excluded_from_exact_matching,,,,,
occupation_alias,CPX-OCC-ENG-018:bf5fce1b,excluded_from_exact_matching,,,,,
occupation_alias,CPX-OCC-ENG-018:bf5fce1b,excluded_from_exact_matching,,,,,
occupation_alias,CPX-OCC-ENG-018:bf5fce1b,excluded_from_exact_matching,,,,,
occupation_alias,CPX-OCC-ENG-018:bf5fce1b,excluded_from_exact_matching,,,,,
occupation_alias,CPX-OCC-ENG-018:bf5fce1b,excluded_from_exact_matching,,,,,
occupation_alias,CPX-OCC-ENG-018:bf5fce1b,excluded_from_exact_matching,,,,,
occupation_alias,CPX-OCC-ENG-018:bf5fce1b,excluded_from_exact_matching,,,,,
occupation_alias,CPX-OCC-ENG-018:bf5fce1b,excluded_from_exact_matching,,,,,
occupation_alias,CPX-OCC-ENG-018:bf5fce1b,excluded_from_exact_matching,,,,,
occupation_alias,CPX-OCC-ENG-018:bf5fce1b,excluded_from_exact_matching,,,,,
occupation_alias,CPX-OCC-ENG-018:bf5fce1b,excluded_from_exact_matching,,,,,
occupation_alias,CPX-OCC-PPM-018:bf5fce1b,excluded_from_exact_matching,,,,,
occupation_alias,CPX-OCC-PPM-020:bf5fce1b,excluded_from_exact_matching,,,,,
occupation_alias,CPX-OCC-PPM-020:bf5fce1b,excluded_from_exact_matching,,,,,
occupation_alias,CPX-OCC-PPM-020:bf5fce1b,excluded_from_exact_matching,,,,,
occupation_alias,CPX-OCC-DDA-017:bf5fce1b,excluded_from_exact_matching,,,,,
occupation_alias,CPX-OCC-PPM-020:bf5fce1b,excluded_from_exact_matching,,,,,
occupation_alias,CPX-OCC-PPM-011:bf5fce1b,excluded_from_exact_matching,,,,,
occupation_alias,CPX-OCC-PPM-020:bf5fce1b,excluded_from_exact_matching,,,,,
occupation_alias,CPX-OCC-BOP-001:3cfb7468,excluded_from_exact_matching,,,,,
occupation_alias,CPX-OCC-BOP-001:3cfb7468,excluded_from_exact_matching,,,,,
occupation_alias,CPX-OCC-ENG-018:3cfb7468,excluded_from_exact_matching,,,,,
occupation_alias,CPX-OCC-ENG-018:3cfb7468,excluded_from_exact_matching,,,,,
occupation_alias,CPX-OCC-ENG-018:3cfb7468,excluded_from_exact_matching,,,,,
occupation_alias,CPX-OCC-ENG-018:3cfb7468,excluded_from_exact_matching,,,,,
occupation_alias,CPX-OCC-ENG-018:3cfb7468,excluded_from_exact_matching,,,,,
occupation_alias,CPX-OCC-ENG-018:3cfb7468,excluded_from_exact_matching,,,,,
occupation_alias,CPX-OCC-ENG-018:3cfb7468,excluded_from_exact_matching,,,,,
occupation_alias,CPX-OCC-ENG-018:3cfb7468,excluded_from_exact_matching,,,,,
occupation_alias,CPX-OCC-ENG-018:3cfb7468,excluded_from_exact_matching,,,,,
occupation_alias,CPX-OCC-ENG-018:3cfb7468,excluded_from_exact_matching,,,,,
occupation_alias,CPX-OCC-ENG-018:3cfb7468,excluded_from_exact_matching,,,,,
occupation_alias,CPX-OCC-PPM-018:3cfb7468,excluded_from_exact_matching,,,,,
occupation_alias,CPX-OCC-PPM-020:3cfb7468,excluded_from_exact_matching,,,,,
occupation_alias,CPX-OCC-PPM-020:3cfb7468,excluded_from_exact_matching,,,,,
occupation_alias,CPX-OCC-PPM-020:3cfb7468,excluded_from_exact_matching,,,,,
occupation_alias,CPX-OCC-DDA-017:3cfb7468,excluded_from_exact_matching,,,,,
occupation_alias,CPX-OCC-PPM-020:3cfb7468,excluded_from_exact_matching,,,,,
occupation_alias,CPX-OCC-PPM-020:35ae1f0e,needs_human_review,,,,,
occupation_alias,CPX-OCC-CBE-009:510246dc,needs_human_review,,,,,
occupation_alias,CPX-OCC-CBE-009:510246dc,needs_human_review,,,,,
occupation_alias,CPX-OCC-CBE-009:510246dc,needs_human_review,,,,,
occupation_alias,CPX-OCC-CBE-009:510246dc,needs_human_review,,,,,
occupation_alias,CPX-OCC-CBE-009:510246dc,needs_human_review,,,,,
occupation_alias,CPX-OCC-CBE-009:510246dc,needs_human_review,,,,,
occupation_alias,CPX-OCC-PPM-007:af53d1a5,needs_human_review,,,,,
occupation_alias,CPX-OCC-ENG-018:7c3f9fa3,excluded_from_exact_matching,,,,,
occupation_alias,CPX-OCC-ENG-018:7c3f9fa3,excluded_from_exact_matching,,,,,
occupation_alias,CPX-OCC-ENG-018:7c3f9fa3,excluded_from_exact_matching,,,,,
occupation_alias,CPX-OCC-ENG-018:7c3f9fa3,excluded_from_exact_matching,,,,,
occupation_alias,CPX-OCC-PPM-018:7c3f9fa3,excluded_from_exact_matching,,,,,
occupation_alias,CPX-OCC-ENG-011:82345ba5,needs_human_review,,,,,
occupation_alias,CPX-OCC-ENG-018:c397f6b3,needs_human_review,,,,,
occupation_alias,CPX-OCC-ENG-018:511d40e3,needs_human_review,,,,,
occupation_alias,CPX-OCC-PPM-004:6fae48dd,needs_human_review,,,,,
occupation_alias,CPX-OCC-DDA-016:5ddcfeb6,needs_human_review,,,,,
occupation_alias,CPX-OCC-BOP-010:e51ab1be,needs_human_review,,,,,
occupation_alias,CPX-OCC-ENG-010:537b3c9a,needs_human_review,,,,,
occupation_alias,CPX-OCC-ENE-010:2f50a3d7,needs_human_review,,,,,
occupation_alias,CPX-OCC-ENE-007:b9361954,needs_human_review,,,,,
occupation_alias,CPX-OCC-ENE-007:b9361954,needs_human_review,,,,,
occupation_alias,CPX-OCC-ENE-007:b9361954,needs_human_review,,,,,
occupation_alias,CPX-OCC-ENE-007:b9361954,needs_human_review,,,,,
occupation_alias,CPX-OCC-ENE-007:b9361954,needs_human_review,,,,,
occupation_alias,CPX-OCC-ENE-007:b9361954,needs_human_review,,,,,
occupation_alias,CPX-OCC-ENE-007:933218ea,needs_human_review,,,,,
occupation_alias,CPX-OCC-ENE-007:933218ea,needs_human_review,,,,,
occupation_alias,CPX-OCC-ENG-018:9aee0cc0,needs_human_review,,,,,
occupation_alias,CPX-OCC-ENG-018:fdcfb877,needs_human_review,,,,,
occupation_alias,CPX-OCC-ENG-018:5b4bc40f,needs_human_review,,,,,
occupation_alias,CPX-OCC-CBE-001:e79b8043,needs_human_review,,,,,
occupation_alias,CPX-OCC-ENG-018:50035c3d,needs_human_review,,,,,
occupation_alias,CPX-OCC-ENG-018:0fc4ff29,needs_human_review,,,,,
occupation_alias,CPX-OCC-ENG-018:8dbfe523,needs_human_review,,,,,
occupation_alias,CPX-OCC-DDA-008:00e8121c,needs_human_review,,,,,
occupation_alias,CPX-OCC-ENG-018:8dd69567,needs_human_review,,,,,
occupation_alias,CPX-OCC-ENG-018:8dd69567,needs_human_review,,,,,
occupation_alias,CPX-OCC-ENG-018:c1b7d985,needs_human_review,,,,,
occupation_alias,CPX-OCC-ENG-018:e13f492b,needs_human_review,,,,,
occupation_alias,CPX-OCC-DDA-020:7d34660a,needs_human_review,,,,,
occupation_alias,CPX-OCC-ENG-018:d652050c,needs_human_review,,,,,
occupation_alias,CPX-OCC-DDA-018:abc929c1,excluded_from_exact_matching,,,,,
occupation_alias,CPX-OCC-PPM-020:460fdde8,excluded_from_exact_matching,,,,,
occupation_alias,CPX-OCC-BOP-009:460fdde8,excluded_from_exact_matching,,,,,
occupation_alias,CPX-OCC-PPM-020:460fdde8,excluded_from_exact_matching,,,,,
occupation_alias,CPX-OCC-PPM-020:460fdde8,excluded_from_exact_matching,,,,,
occupation_alias,CPX-OCC-PPM-020:460fdde8,excluded_from_exact_matching,,,,,
occupation_alias,CPX-OCC-PPM-020:460fdde8,excluded_from_exact_matching,,,,,
occupation_alias,CPX-OCC-PPM-020:460fdde8,excluded_from_exact_matching,,,,,
occupation_alias,CPX-OCC-PPM-020:460fdde8,excluded_from_exact_matching,,,,,
occupation_alias,CPX-OCC-BOP-001:460fdde8,excluded_from_exact_matching,,,,,
occupation_alias,CPX-OCC-ENG-018:460fdde8,excluded_from_exact_matching,,,,,
occupation_alias,CPX-OCC-ENG-018:460fdde8,excluded_from_exact_matching,,,,,
occupation_alias,CPX-OCC-ENG-018:460fdde8,excluded_from_exact_matching,,,,,
occupation_alias,CPX-OCC-BOP-010:460fdde8,excluded_from_exact_matching,,,,,
occupation_alias,CPX-OCC-PPM-003:460fdde8,excluded_from_exact_matching,,,,,
occupation_alias,CPX-OCC-PPM-020:460fdde8,excluded_from_exact_matching,,,,,
occupation_alias,CPX-OCC-PPM-020:460fdde8,excluded_from_exact_matching,,,,,
occupation_alias,CPX-OCC-PPM-003:460fdde8,excluded_from_exact_matching,,,,,
occupation_alias,CPX-OCC-PPM-004:19cc7b58,needs_human_review,,,,,
occupation_alias,CPX-OCC-PPM-004:21811800,needs_human_review,,,,,
occupation_alias,CPX-OCC-PPM-004:fc1fe2b3,needs_human_review,,,,,
occupation_alias,CPX-OCC-PPM-004:dea16a45,needs_human_review,,,,,
occupation_alias,CPX-OCC-BOP-001:1b42c0d4,needs_human_review,,,,,
occupation_alias,CPX-OCC-BOP-001:203ac640,needs_human_review,,,,,
occupation_alias,CPX-OCC-BOP-001:4669dc44,needs_human_review,,,,,
occupation_alias,CPX-OCC-BOP-001:e96da9b1,needs_human_review,,,,,
occupation_alias,CPX-OCC-ENG-018:274cd2c1,excluded_from_exact_matching,,,,,
occupation_alias,CPX-OCC-PPM-018:274cd2c1,excluded_from_exact_matching,,,,,
occupation_alias,CPX-OCC-PPM-018:274cd2c1,excluded_from_exact_matching,,,,,
occupation_alias,CPX-OCC-PPM-003:4d8b26f0,needs_human_review,,,,,
occupation_alias,CPX-OCC-PPM-003:463d82d9,needs_human_review,,,,,
occupation_alias,CPX-OCC-ENE-010:ecf729e9,needs_human_review,,,,,
occupation_alias,CPX-OCC-BOP-010:8b3a62c9,excluded_from_exact_matching,,,,,
occupation_alias,CPX-OCC-ENG-018:8b3a62c9,excluded_from_exact_matching,,,,,
occupation_alias,CPX-OCC-ENG-018:8b3a62c9,excluded_from_exact_matching,,,,,
occupation_alias,CPX-OCC-ENG-018:8b3a62c9,excluded_from_exact_matching,,,,,
occupation_alias,CPX-OCC-PPM-018:8b3a62c9,excluded_from_exact_matching,,,,,
occupation_alias,CPX-OCC-PPM-018:8b3a62c9,excluded_from_exact_matching,,,,,
occupation_alias,CPX-OCC-ENG-018:8b3a62c9,excluded_from_exact_matching,,,,,
occupation_alias,CPX-OCC-PPM-020:8b3a62c9,excluded_from_exact_matching,,,,,
occupation_alias,CPX-OCC-ENG-001:6e050260,needs_human_review,,,,,
occupation_alias,CPX-OCC-BOP-001:cb1c2bf4,needs_human_review,,,,,
occupation_alias,CPX-OCC-ENG-012:503c1cf4,needs_human_review,,,,,
occupation_alias,CPX-OCC-BOP-001:ca6e3ce7,needs_human_review,,,,,
occupation_alias,CPX-OCC-BOP-001:87741643,needs_human_review,,,,,
occupation_alias,CPX-OCC-BOP-001:6d7f1d99,needs_human_review,,,,,
occupation_alias,CPX-OCC-BOP-001:8b0d6a9c,needs_human_review,,,,,
occupation_alias,CPX-OCC-BOP-001:3f33420a,needs_human_review,,,,,
occupation_alias,CPX-OCC-PPM-001:5ba7fb96,needs_human_review,,,,,
occupation_alias,CPX-OCC-ENG-004:65f2babe,needs_human_review,,,,,
occupation_alias,CPX-OCC-ENG-004:6b242988,needs_human_review,,,,,
occupation_alias,CPX-OCC-ENG-004:471c4796,needs_human_review,,,,,
occupation_alias,CPX-OCC-ENG-004:7bdb225a,needs_human_review,,,,,
occupation_alias,CPX-OCC-ENG-004:e4ef738e,needs_human_review,,,,,
occupation_alias,CPX-OCC-ENG-004:98a49753,needs_human_review,,,,,
occupation_alias,CPX-OCC-ENG-004:1f6d9f4f,needs_human_review,,,,,
occupation_alias,CPX-OCC-ENG-004:ff2fe90f,needs_human_review,,,,,
occupation_alias,CPX-OCC-ENG-004:f908ecdc,needs_human_review,,,,,
occupation_alias,CPX-OCC-ENG-004:1938f750,needs_human_review,,,,,
occupation_alias,CPX-OCC-ENG-004:19241c22,needs_human_review,,,,,
occupation_alias,CPX-OCC-DDA-010:15dfc1d1,needs_human_review,,,,,
occupation_alias,CPX-OCC-CBE-003:3cc60ffd,needs_human_review,,,,,
occupation_alias,CPX-OCC-ENG-004:a5b62bdf,needs_human_review,,,,,
occupation_alias,CPX-OCC-ENG-001:7490ff62,needs_human_review,,,,,
occupation_alias,CPX-OCC-ENG-004:2308b4c0,needs_human_review,,,,,
occupation_alias,CPX-OCC-ENG-004:11db1641,needs_human_review,,,,,
occupation_alias,CPX-OCC-BOP-001:d93f5c50,needs_human_review,,,,,
occupation_alias,CPX-OCC-BOP-001:98d81712,needs_human_review,,,,,
occupation_alias,CPX-OCC-BOP-001:ceada376,needs_human_review,,,,,
occupation_alias,CPX-OCC-BOP-001:99c1353d,needs_human_review,,,,,
occupation_alias,CPX-OCC-PPM-004:f6515af0,needs_human_review,,,,,
occupation_alias,CPX-OCC-BOP-001:e96375c6,needs_human_review,,,,,
occupation_alias,CPX-OCC-BOP-001:a0288761,needs_human_review,,,,,
occupation_alias,CPX-OCC-BOP-004:92817053,needs_human_review,,,,,
occupation_alias,CPX-OCC-BOP-004:bb2eae07,needs_human_review,,,,,
occupation_alias,CPX-OCC-ENG-018:d7271c4e,needs_human_review,,,,,
occupation_alias,CPX-OCC-DDA-009:98196ecb,needs_human_review,,,,,
occupation_alias,CPX-OCC-PPM-001:28d329c3,needs_human_review,,,,,
occupation_alias,CPX-OCC-CBE-008:43f0e5ba,excluded_from_exact_matching,,,,,
occupation_alias,CPX-OCC-PPM-020:43f0e5ba,excluded_from_exact_matching,,,,,
occupation_alias,CPX-OCC-ENE-013:289118cd,needs_human_review,,,,,
occupation_alias,CPX-OCC-CBE-009:79e4bf92,excluded_from_exact_matching,,,,,
occupation_alias,CPX-OCC-BOP-001:79e4bf92,excluded_from_exact_matching,,,,,
occupation_alias,CPX-OCC-ENG-018:79e4bf92,excluded_from_exact_matching,,,,,
occupation_alias,CPX-OCC-ENG-018:79e4bf92,excluded_from_exact_matching,,,,,
occupation_alias,CPX-OCC-ENG-018:79e4bf92,excluded_from_exact_matching,,,,,
occupation_alias,CPX-OCC-ENG-018:79e4bf92,excluded_from_exact_matching,,,,,
occupation_alias,CPX-OCC-ENG-018:79e4bf92,excluded_from_exact_matching,,,,,
occupation_alias,CPX-OCC-PPM-018:79e4bf92,excluded_from_exact_matching,,,,,
occupation_alias,CPX-OCC-BOP-010:79e4bf92,excluded_from_exact_matching,,,,,
occupation_alias,CPX-OCC-PPM-020:79e4bf92,excluded_from_exact_matching,,,,,
occupation_alias,CPX-OCC-ENG-018:5479a729,excluded_from_exact_matching,,,,,
occupation_alias,CPX-OCC-ENG-018:5479a729,excluded_from_exact_matching,,,,,
occupation_alias,CPX-OCC-ENG-018:5479a729,excluded_from_exact_matching,,,,,
occupation_alias,CPX-OCC-PPM-018:5479a729,excluded_from_exact_matching,,,,,
occupation_alias,CPX-OCC-PPM-018:5479a729,excluded_from_exact_matching,,,,,
occupation_alias,CPX-OCC-PPM-018:5479a729,excluded_from_exact_matching,,,,,
occupation_alias,CPX-OCC-PPM-018:5479a729,excluded_from_exact_matching,,,,,
occupation_alias,CPX-OCC-ENG-018:5479a729,excluded_from_exact_matching,,,,,
occupation_alias,CPX-OCC-ENG-018:5479a729,excluded_from_exact_matching,,,,,
occupation_alias,CPX-OCC-PPM-018:5479a729,excluded_from_exact_matching,,,,,
occupation_alias,CPX-OCC-PPM-018:5479a729,excluded_from_exact_matching,,,,,
occupation_alias,CPX-OCC-PPM-018:5479a729,excluded_from_exact_matching,,,,,
occupation_alias,CPX-OCC-PPM-020:5479a729,excluded_from_exact_matching,,,,,
occupation_alias,CPX-OCC-ENG-018:5479a729,excluded_from_exact_matching,,,,,
occupation_alias,CPX-OCC-PPM-020:5479a729,excluded_from_exact_matching,,,,,
occupation_alias,CPX-OCC-PPM-018:5479a729,excluded_from_exact_matching,,,,,
occupation_alias,CPX-OCC-ENG-018:cf5d4ec9,excluded_from_exact_matching,,,,,
occupation_alias,CPX-OCC-ENG-018:cf5d4ec9,excluded_from_exact_matching,,,,,
occupation_alias,CPX-OCC-PPM-018:cf5d4ec9,excluded_from_exact_matching,,,,,
occupation_alias,CPX-OCC-PPM-018:cf5d4ec9,excluded_from_exact_matching,,,,,
occupation_alias,CPX-OCC-PPM-018:cf5d4ec9,excluded_from_exact_matching,,,,,
occupation_alias,CPX-OCC-PPM-020:cf5d4ec9,excluded_from_exact_matching,,,,,
occupation_alias,CPX-OCC-ENG-018:cf5d4ec9,excluded_from_exact_matching,,,,,
occupation_alias,CPX-OCC-ENG-018:10902e04,excluded_from_exact_matching,,,,,
occupation_alias,CPX-OCC-PPM-018:10902e04,excluded_from_exact_matching,,,,,
occupation_alias,CPX-OCC-BOP-001:3623bde0,needs_human_review,,,,,
occupation_alias,CPX-OCC-CBE-009:1d4cd5b3,needs_human_review,,,,,
occupation_alias,CPX-OCC-CBE-009:1d4cd5b3,needs_human_review,,,,,
occupation_alias,CPX-OCC-CBE-009:1d4cd5b3,needs_human_review,,,,,
occupation_alias,CPX-OCC-CBE-009:1d4cd5b3,needs_human_review,,,,,
occupation_alias,CPX-OCC-CBE-009:1d4cd5b3,needs_human_review,,,,,
occupation_alias,CPX-OCC-CBE-009:78e06eab,needs_human_review,,,,,
occupation_alias,CPX-OCC-CBE-009:78e06eab,needs_human_review,,,,,
occupation_alias,CPX-OCC-CBE-009:78e06eab,needs_human_review,,,,,
occupation_alias,CPX-OCC-CBE-009:78e06eab,needs_human_review,,,,,
occupation_alias,CPX-OCC-CBE-009:78e06eab,needs_human_review,,,,,
occupation_alias,CPX-OCC-CBE-009:78e06eab,needs_human_review,,,,,
occupation_alias,CPX-OCC-CBE-009:78e06eab,needs_human_review,,,,,
occupation_alias,CPX-OCC-CBE-009:78e06eab,needs_human_review,,,,,
occupation_alias,CPX-OCC-CBE-009:78e06eab,needs_human_review,,,,,
occupation_alias,CPX-OCC-CBE-009:78e06eab,needs_human_review,,,,,
occupation_alias,CPX-OCC-CBE-009:78e06eab,needs_human_review,,,,,
occupation_alias,CPX-OCC-CBE-009:78e06eab,needs_human_review,,,,,
occupation_alias,CPX-OCC-CBE-009:78e06eab,needs_human_review,,,,,
occupation_alias,CPX-OCC-CBE-009:78e06eab,needs_human_review,,,,,
occupation_alias,CPX-OCC-CBE-009:78e06eab,needs_human_review,,,,,
occupation_alias,CPX-OCC-CBE-009:78e06eab,needs_human_review,,,,,
occupation_alias,CPX-OCC-CBE-009:78e06eab,needs_human_review,,,,,
occupation_alias,CPX-OCC-CBE-009:78e06eab,needs_human_review,,,,,
occupation_alias,CPX-OCC-CBE-009:78e06eab,needs_human_review,,,,,
occupation_alias,CPX-OCC-CBE-009:78e06eab,needs_human_review,,,,,
occupation_alias,CPX-OCC-CBE-009:76191a7e,needs_human_review,,,,,
occupation_alias,CPX-OCC-CBE-009:76191a7e,needs_human_review,,,,,
occupation_alias,CPX-OCC-CBE-009:76191a7e,needs_human_review,,,,,
occupation_alias,CPX-OCC-ENG-018:65bed413,excluded_from_exact_matching,,,,,
occupation_alias,CPX-OCC-BOP-001:65bed413,excluded_from_exact_matching,,,,,
occupation_alias,CPX-OCC-BOP-001:4bf33f17,excluded_from_exact_matching,,,,,
occupation_alias,CPX-OCC-BOP-010:4bf33f17,excluded_from_exact_matching,,,,,
occupation_alias,CPX-OCC-BOP-010:4bf33f17,excluded_from_exact_matching,,,,,
occupation_alias,CPX-OCC-ENG-018:4bf33f17,excluded_from_exact_matching,,,,,
occupation_alias,CPX-OCC-ENG-018:4bf33f17,excluded_from_exact_matching,,,,,
occupation_alias,CPX-OCC-ENG-018:4bf33f17,excluded_from_exact_matching,,,,,
occupation_alias,CPX-OCC-BOP-010:4bf33f17,excluded_from_exact_matching,,,,,
occupation_alias,CPX-OCC-CBE-002:4bf33f17,excluded_from_exact_matching,,,,,
occupation_alias,CPX-OCC-BOP-010:4bf33f17,excluded_from_exact_matching,,,,,
occupation_alias,CPX-OCC-BOP-001:4bf33f17,excluded_from_exact_matching,,,,,
occupation_alias,CPX-OCC-DDA-015:1c66ae7b,needs_human_review,,,,,
occupation_alias,CPX-OCC-BOP-001:d75e80ae,excluded_from_exact_matching,,,,,
occupation_alias,CPX-OCC-BOP-010:d75e80ae,excluded_from_exact_matching,,,,,
occupation_alias,CPX-OCC-BOP-010:d75e80ae,excluded_from_exact_matching,,,,,
occupation_alias,CPX-OCC-ENG-018:d75e80ae,excluded_from_exact_matching,,,,,
occupation_alias,CPX-OCC-ENG-018:d75e80ae,excluded_from_exact_matching,,,,,
occupation_alias,CPX-OCC-ENG-018:d75e80ae,excluded_from_exact_matching,,,,,
occupation_alias,CPX-OCC-BOP-010:d75e80ae,excluded_from_exact_matching,,,,,
occupation_alias,CPX-OCC-CBE-002:d75e80ae,excluded_from_exact_matching,,,,,
occupation_alias,CPX-OCC-BOP-010:d75e80ae,excluded_from_exact_matching,,,,,
occupation_alias,CPX-OCC-BOP-001:d75e80ae,excluded_from_exact_matching,,,,,
occupation_alias,CPX-OCC-ENE-009:d7e952aa,needs_human_review,,,,,
occupation_alias,CPX-OCC-ENG-001:9f86fc81,needs_human_review,,,,,
occupation_alias,CPX-OCC-ENG-001:9f86fc81,needs_human_review,,,,,
occupation_alias,CPX-OCC-PPM-018:f0dba47f,needs_human_review,,,,,
occupation_alias,CPX-OCC-ENG-016:4a82b4b7,needs_human_review,,,,,
occupation_alias,CPX-OCC-ENG-010:c91c4b70,needs_human_review,,,,,
occupation_alias,CPX-OCC-ENG-005:bf718746,needs_human_review,,,,,
occupation_alias,CPX-OCC-ENG-007:50178c4a,needs_human_review,,,,,
occupation_alias,CPX-OCC-ENG-005:31da9879,needs_human_review,,,,,
occupation_alias,CPX-OCC-ENG-005:b4e58122,needs_human_review,,,,,
occupation_alias,CPX-OCC-ENG-008:98cf0616,needs_human_review,,,,,
occupation_alias,CPX-OCC-ENG-007:d8c42c0d,needs_human_review,,,,,
occupation_alias,CPX-OCC-ENG-005:d48b2f47,excluded_from_exact_matching,,,,,
occupation_alias,CPX-OCC-BOP-001:e490124b,excluded_from_exact_matching,,,,,
occupation_alias,CPX-OCC-BOP-010:e490124b,excluded_from_exact_matching,,,,,
occupation_alias,CPX-OCC-ENG-018:e490124b,excluded_from_exact_matching,,,,,
occupation_alias,CPX-OCC-ENG-018:e490124b,excluded_from_exact_matching,,,,,
occupation_alias,CPX-OCC-ENG-018:e490124b,excluded_from_exact_matching,,,,,
occupation_alias,CPX-OCC-ENG-018:e490124b,excluded_from_exact_matching,,,,,
occupation_alias,CPX-OCC-ENG-018:e490124b,excluded_from_exact_matching,,,,,
occupation_alias,CPX-OCC-ENG-018:e490124b,excluded_from_exact_matching,,,,,
occupation_alias,CPX-OCC-PPM-018:e490124b,excluded_from_exact_matching,,,,,
occupation_alias,CPX-OCC-PPM-018:e490124b,excluded_from_exact_matching,,,,,
occupation_alias,CPX-OCC-PPM-018:e490124b,excluded_from_exact_matching,,,,,
occupation_alias,CPX-OCC-PPM-018:e490124b,excluded_from_exact_matching,,,,,
occupation_alias,CPX-OCC-PPM-018:e490124b,excluded_from_exact_matching,,,,,
occupation_alias,CPX-OCC-PPM-018:e490124b,excluded_from_exact_matching,,,,,
occupation_alias,CPX-OCC-PPM-018:e490124b,excluded_from_exact_matching,,,,,
occupation_alias,CPX-OCC-BOP-010:e490124b,excluded_from_exact_matching,,,,,
occupation_alias,CPX-OCC-ENG-018:e490124b,excluded_from_exact_matching,,,,,
occupation_alias,CPX-OCC-PPM-018:e490124b,excluded_from_exact_matching,,,,,
occupation_alias,CPX-OCC-ENG-018:2a114ccb,excluded_from_exact_matching,,,,,
occupation_alias,CPX-OCC-BOP-010:2a114ccb,excluded_from_exact_matching,,,,,
occupation_alias,CPX-OCC-ENG-018:ac9fa809,needs_human_review,,,,,
occupation_alias,CPX-OCC-BOP-010:8f2d8da7,excluded_from_exact_matching,,,,,
occupation_alias,CPX-OCC-CBE-002:8f2d8da7,excluded_from_exact_matching,,,,,
occupation_alias,CPX-OCC-CBE-002:8f2d8da7,excluded_from_exact_matching,,,,,
occupation_alias,CPX-OCC-ENG-018:8f2d8da7,excluded_from_exact_matching,,,,,
occupation_alias,CPX-OCC-ENG-018:8f2d8da7,excluded_from_exact_matching,,,,,
occupation_alias,CPX-OCC-ENG-018:8f2d8da7,excluded_from_exact_matching,,,,,
occupation_alias,CPX-OCC-ENG-018:8f2d8da7,excluded_from_exact_matching,,,,,
occupation_alias,CPX-OCC-ENG-018:8f2d8da7,excluded_from_exact_matching,,,,,
occupation_alias,CPX-OCC-ENG-018:8f2d8da7,excluded_from_exact_matching,,,,,
occupation_alias,CPX-OCC-ENG-018:8f2d8da7,excluded_from_exact_matching,,,,,
occupation_alias,CPX-OCC-PPM-018:8f2d8da7,excluded_from_exact_matching,,,,,
occupation_alias,CPX-OCC-PPM-018:8f2d8da7,excluded_from_exact_matching,,,,,
occupation_alias,CPX-OCC-PPM-018:8f2d8da7,excluded_from_exact_matching,,,,,
occupation_alias,CPX-OCC-PPM-018:8f2d8da7,excluded_from_exact_matching,,,,,
occupation_alias,CPX-OCC-CBE-002:8f2d8da7,excluded_from_exact_matching,,,,,
occupation_alias,CPX-OCC-PPM-005:31a0b52d,needs_human_review,,,,,
occupation_alias,CPX-OCC-PPM-005:31a0b52d,needs_human_review,,,,,
occupation_alias,CPX-OCC-PPM-020:3f522b76,needs_human_review,,,,,
occupation_alias,CPX-OCC-ENG-018:7834c05e,excluded_from_exact_matching,,,,,
occupation_alias,CPX-OCC-ENG-018:7834c05e,excluded_from_exact_matching,,,,,
occupation_alias,CPX-OCC-BOP-010:7834c05e,excluded_from_exact_matching,,,,,
occupation_alias,CPX-OCC-PPM-020:7834c05e,excluded_from_exact_matching,,,,,
occupation_alias,CPX-OCC-PPM-016:7834c05e,excluded_from_exact_matching,,,,,
occupation_alias,CPX-OCC-BOP-001:7834c05e,excluded_from_exact_matching,,,,,
occupation_alias,CPX-OCC-DDA-015:372b7399,needs_human_review,,,,,
occupation_alias,CPX-OCC-DDA-015:372b7399,needs_human_review,,,,,
occupation_alias,CPX-OCC-DDA-015:372b7399,needs_human_review,,,,,
occupation_alias,CPX-OCC-BOP-010:74aa1771,excluded_from_exact_matching,,,,,
occupation_alias,CPX-OCC-PPM-020:74aa1771,excluded_from_exact_matching,,,,,
occupation_alias,CPX-OCC-PPM-016:74aa1771,excluded_from_exact_matching,,,,,
occupation_alias,CPX-OCC-BOP-001:74aa1771,excluded_from_exact_matching,,,,,
occupation_alias,CPX-OCC-PPM-001:888b0120,needs_human_review,,,,,
occupation_alias,CPX-OCC-ENG-009:d90d0e2d,needs_human_review,,,,,
occupation_alias,CPX-OCC-ENG-009:0754d129,needs_human_review,,,,,
occupation_alias,CPX-OCC-PPM-001:7681f26c,needs_human_review,,,,,
occupation_alias,CPX-OCC-PPM-001:35c739d0,needs_human_review,,,,,
occupation_alias,CPX-OCC-PPM-001:f8b24832,needs_human_review,,,,,
occupation_alias,CPX-OCC-PPM-001:259d7c7c,needs_human_review,,,,,
occupation_alias,CPX-OCC-ENG-009:7ebfbc05,needs_human_review,,,,,
occupation_alias,CPX-OCC-ENG-009:1c0f2565,needs_human_review,,,,,
occupation_alias,CPX-OCC-PPM-001:e8d338a8,needs_human_review,,,,,
occupation_alias,CPX-OCC-PPM-001:1e8a76fa,needs_human_review,,,,,
occupation_alias,CPX-OCC-PPM-001:aec06189,needs_human_review,,,,,
occupation_alias,CPX-OCC-PPM-001:577b3b5b,needs_human_review,,,,,
occupation_alias,CPX-OCC-PPM-020:3a099849,excluded_from_exact_matching,,,,,
occupation_alias,CPX-OCC-PPM-020:3a099849,excluded_from_exact_matching,,,,,
occupation_alias,CPX-OCC-PPM-018:3a099849,excluded_from_exact_matching,,,,,
occupation_alias,CPX-OCC-PPM-018:3a099849,excluded_from_exact_matching,,,,,
occupation_alias,CPX-OCC-BOP-006:fbe2b597,needs_human_review,,,,,
occupation_alias,CPX-OCC-BOP-006:ac4f30cb,needs_human_review,,,,,
occupation_alias,CPX-OCC-BOP-006:315106ba,needs_human_review,,,,,
occupation_alias,CPX-OCC-BOP-006:1bf418b7,needs_human_review,,,,,
occupation_alias,CPX-OCC-PPM-004:0c1a900a,needs_human_review,,,,,
occupation_alias,CPX-OCC-PPM-004:ac37630a,needs_human_review,,,,,
occupation_alias,CPX-OCC-ENG-015:8a09223c,excluded_from_exact_matching,,,,,
occupation_alias,CPX-OCC-PPM-007:8a09223c,excluded_from_exact_matching,,,,,
occupation_alias,CPX-OCC-ENG-014:8a09223c,excluded_from_exact_matching,,,,,
occupation_alias,CPX-OCC-ENG-001:8a09223c,excluded_from_exact_matching,,,,,
occupation_alias,CPX-OCC-ENG-001:8a09223c,excluded_from_exact_matching,,,,,
occupation_alias,CPX-OCC-ENG-015:8a09223c,excluded_from_exact_matching,,,,,
occupation_alias,CPX-OCC-DDA-020:8a09223c,excluded_from_exact_matching,,,,,
occupation_alias,CPX-OCC-ENG-018:e99cf1a1,needs_human_review,,,,,
occupation_alias,CPX-OCC-ENG-015:41aeb56d,needs_human_review,,,,,
occupation_alias,CPX-OCC-ENE-002:937a3c37,needs_human_review,,,,,
occupation_alias,CPX-OCC-ENG-016:0530f256,needs_human_review,,,,,
occupation_alias,CPX-OCC-ENG-016:b41eb7ce,needs_human_review,,,,,
occupation_alias,CPX-OCC-ENG-016:e806ba07,needs_human_review,,,,,
occupation_alias,CPX-OCC-ENG-016:b3ad92c4,needs_human_review,,,,,
occupation_alias,CPX-OCC-ENG-016:63cb6d1f,needs_human_review,,,,,
occupation_alias,CPX-OCC-ENG-016:369795e9,needs_human_review,,,,,
occupation_alias,CPX-OCC-ENG-016:69187fc1,needs_human_review,,,,,
occupation_alias,CPX-OCC-ENG-016:d5a4a680,needs_human_review,,,,,
occupation_alias,CPX-OCC-ENG-016:60800562,needs_human_review,,,,,
occupation_alias,CPX-OCC-BOP-001:14ad4f5d,needs_human_review,,,,,
occupation_alias,CPX-OCC-BOP-007:a66116df,needs_human_review,,,,,
occupation_alias,CPX-OCC-BOP-007:c7170d23,needs_human_review,,,,,
occupation_alias,CPX-OCC-BOP-007:5ef6cc34,needs_human_review,,,,,
occupation_alias,CPX-OCC-BOP-007:abc2b433,needs_human_review,,,,,
occupation_alias,CPX-OCC-BOP-007:cad0b867,needs_human_review,,,,,
occupation_alias,CPX-OCC-PPM-020:2a6e86fa,excluded_from_exact_matching,,,,,
occupation_alias,CPX-OCC-PPM-018:2a6e86fa,excluded_from_exact_matching,,,,,
occupation_alias,CPX-OCC-PPM-020:2a6e86fa,excluded_from_exact_matching,,,,,
occupation_alias,CPX-OCC-PPM-020:89091d8d,excluded_from_exact_matching,,,,,
occupation_alias,CPX-OCC-PPM-003:89091d8d,excluded_from_exact_matching,,,,,
occupation_alias,CPX-OCC-PPM-018:89091d8d,excluded_from_exact_matching,,,,,
occupation_alias,CPX-OCC-PPM-003:89091d8d,excluded_from_exact_matching,,,,,
occupation_alias,CPX-OCC-PPM-020:89091d8d,excluded_from_exact_matching,,,,,
occupation_alias,CPX-OCC-PPM-020:89091d8d,excluded_from_exact_matching,,,,,
occupation_alias,CPX-OCC-PPM-003:89091d8d,excluded_from_exact_matching,,,,,
occupation_alias,CPX-OCC-PPM-020:89091d8d,excluded_from_exact_matching,,,,,
occupation_alias,CPX-OCC-PPM-018:89091d8d,excluded_from_exact_matching,,,,,
occupation_alias,CPX-OCC-PPM-020:89091d8d,excluded_from_exact_matching,,,,,
occupation_alias,CPX-OCC-PPM-020:7df8d896,excluded_from_exact_matching,,,,,
occupation_alias,CPX-OCC-PPM-018:7df8d896,excluded_from_exact_matching,,,,,
occupation_alias,CPX-OCC-PPM-020:7df8d896,excluded_from_exact_matching,,,,,
occupation_alias,CPX-OCC-CBE-002:c6c2ac68,excluded_from_exact_matching,,,,,
occupation_alias,CPX-OCC-DDA-006:c6c2ac68,excluded_from_exact_matching,,,,,
occupation_alias,CPX-OCC-PPM-003:e395ace3,excluded_from_exact_matching,,,,,
occupation_alias,CPX-OCC-PPM-003:e395ace3,excluded_from_exact_matching,,,,,
occupation_alias,CPX-OCC-PPM-020:e395ace3,excluded_from_exact_matching,,,,,
occupation_alias,CPX-OCC-PPM-003:e395ace3,excluded_from_exact_matching,,,,,
occupation_alias,CPX-OCC-ENG-018:5da1b6d3,needs_human_review,,,,,
occupation_alias,CPX-OCC-ENG-018:5da1b6d3,needs_human_review,,,,,
occupation_alias,CPX-OCC-ENG-018:5da1b6d3,needs_human_review,,,,,
occupation_alias,CPX-OCC-ENG-018:5da1b6d3,needs_human_review,,,,,
occupation_alias,CPX-OCC-ENG-018:5da1b6d3,needs_human_review,,,,,
occupation_alias,CPX-OCC-ENG-018:09264549,needs_human_review,,,,,
occupation_alias,CPX-OCC-CBE-009:a5c1b53a,needs_human_review,,,,,
occupation_alias,CPX-OCC-ENG-008:d7189047,needs_human_review,,,,,
occupation_alias,CPX-OCC-ENG-018:a9859179,needs_human_review,,,,,
occupation_alias,CPX-OCC-ENG-018:84de9b8c,needs_human_review,,,,,
occupation_alias,CPX-OCC-CBE-001:34c65f3e,needs_human_review,,,,,
occupation_alias,CPX-OCC-CBE-009:a691d2b5,excluded_from_exact_matching,,,,,
occupation_alias,CPX-OCC-CBE-009:a691d2b5,excluded_from_exact_matching,,,,,
occupation_alias,CPX-OCC-CBE-001:a691d2b5,excluded_from_exact_matching,,,,,
occupation_alias,CPX-OCC-CBE-009:a691d2b5,excluded_from_exact_matching,,,,,
occupation_alias,CPX-OCC-CBE-009:a691d2b5,excluded_from_exact_matching,,,,,
occupation_alias,CPX-OCC-CBE-009:a691d2b5,excluded_from_exact_matching,,,,,
occupation_alias,CPX-OCC-CBE-014:a691d2b5,excluded_from_exact_matching,,,,,
occupation_alias,CPX-OCC-CBE-001:a691d2b5,excluded_from_exact_matching,,,,,
occupation_alias,CPX-OCC-CBE-001:9d76a745,excluded_from_exact_matching,,,,,
occupation_alias,CPX-OCC-CBE-014:9d76a745,excluded_from_exact_matching,,,,,
occupation_alias,CPX-OCC-ENG-011:f5bab96f,excluded_from_exact_matching,,,,,
occupation_alias,CPX-OCC-ENG-011:f5bab96f,excluded_from_exact_matching,,,,,
occupation_alias,CPX-OCC-ENG-011:f5bab96f,excluded_from_exact_matching,,,,,
occupation_alias,CPX-OCC-ENG-011:f5bab96f,excluded_from_exact_matching,,,,,
occupation_alias,CPX-OCC-DDA-012:f5bab96f,excluded_from_exact_matching,,,,,
occupation_alias,CPX-OCC-ENG-011:f5bab96f,excluded_from_exact_matching,,,,,
occupation_alias,CPX-OCC-ENG-011:f5bab96f,excluded_from_exact_matching,,,,,
occupation_alias,CPX-OCC-ENE-009:ce152ec9,needs_human_review,,,,,
occupation_alias,CPX-OCC-ENE-009:fde877b8,needs_human_review,,,,,
occupation_alias,CPX-OCC-ENE-009:fde877b8,needs_human_review,,,,,
occupation_alias,CPX-OCC-ENE-014:5370ab2a,needs_human_review,,,,,
occupation_alias,CPX-OCC-DDA-016:4970db20,needs_human_review,,,,,
occupation_alias,CPX-OCC-ENG-015:8e42a720,needs_human_review,,,,,
occupation_alias,CPX-OCC-CBE-003:475c6479,needs_human_review,,,,,
occupation_alias,CPX-OCC-CBE-003:1ab1e028,needs_human_review,,,,,
occupation_alias,CPX-OCC-ENG-015:008273be,needs_human_review,,,,,
occupation_alias,CPX-OCC-ENG-015:71d6169e,needs_human_review,,,,,
occupation_alias,CPX-OCC-ENG-015:1acdc120,needs_human_review,,,,,
occupation_alias,CPX-OCC-ENG-015:50689e1c,needs_human_review,,,,,
occupation_alias,CPX-OCC-ENG-015:ff73dd2a,needs_human_review,,,,,
occupation_alias,CPX-OCC-ENG-015:50875457,needs_human_review,,,,,
occupation_alias,CPX-OCC-ENG-015:5541f27d,needs_human_review,,,,,
occupation_alias,CPX-OCC-ENG-015:e32c1c3c,needs_human_review,,,,,
occupation_alias,CPX-OCC-ENG-015:3f723913,needs_human_review,,,,,
occupation_alias,CPX-OCC-ENG-015:32a88378,needs_human_review,,,,,
occupation_alias,CPX-OCC-ENG-015:f83e03e1,needs_human_review,,,,,
occupation_alias,CPX-OCC-ENG-015:3e857abe,needs_human_review,,,,,
occupation_alias,CPX-OCC-CBE-001:9ae8471b,needs_human_review,,,,,
occupation_alias,CPX-OCC-DDA-015:5f75e821,excluded_from_exact_matching,,,,,
occupation_alias,CPX-OCC-BOP-009:5f75e821,excluded_from_exact_matching,,,,,
occupation_alias,CPX-OCC-BOP-009:5f75e821,excluded_from_exact_matching,,,,,
occupation_alias,CPX-OCC-ENG-018:d90aaa16,needs_human_review,,,,,
occupation_alias,CPX-OCC-DDA-014:44125827,needs_human_review,,,,,
occupation_alias,CPX-OCC-DDA-014:44125827,needs_human_review,,,,,
occupation_alias,CPX-OCC-CBE-001:10039ed4,needs_human_review,,,,,
occupation_alias,CPX-OCC-CBE-001:faa70b32,needs_human_review,,,,,
occupation_alias,CPX-OCC-CBE-001:6552b9ca,needs_human_review,,,,,
occupation_alias,CPX-OCC-BOP-006:c56305a5,needs_human_review,,,,,
occupation_alias,CPX-OCC-BOP-006:2ac7394f,needs_human_review,,,,,
occupation_alias,CPX-OCC-BOP-006:fbb12635,needs_human_review,,,,,
occupation_alias,CPX-OCC-BOP-006:390c083b,needs_human_review,,,,,
occupation_alias,CPX-OCC-BOP-006:32cc39c0,needs_human_review,,,,,
occupation_alias,CPX-OCC-BOP-001:7cb44def,needs_human_review,,,,,
occupation_alias,CPX-OCC-PPM-001:19e1c4bd,needs_human_review,,,,,
occupation_alias,CPX-OCC-BOP-004:d5389ca6,needs_human_review,,,,,
occupation_alias,CPX-OCC-BOP-004:d9247306,needs_human_review,,,,,
occupation_alias,CPX-OCC-ENG-018:b0194a42,excluded_from_exact_matching,,,,,
occupation_alias,CPX-OCC-PPM-020:b0194a42,excluded_from_exact_matching,,,,,
occupation_alias,CPX-OCC-PPM-004:ee8c93a6,needs_human_review,,,,,
occupation_alias,CPX-OCC-PPM-004:b0d0bf7a,needs_human_review,,,,,
occupation_alias,CPX-OCC-PPM-004:479d5f7f,needs_human_review,,,,,
occupation_alias,CPX-OCC-PPM-004:1ca6a810,needs_human_review,,,,,
occupation_alias,CPX-OCC-PPM-004:89054f3b,needs_human_review,,,,,
occupation_alias,CPX-OCC-PPM-004:63fd7960,needs_human_review,,,,,
occupation_alias,CPX-OCC-PPM-004:f238daab,needs_human_review,,,,,
occupation_alias,CPX-OCC-PPM-004:f238daab,needs_human_review,,,,,
occupation_alias,CPX-OCC-PPM-004:6a331b2f,needs_human_review,,,,,
occupation_alias,CPX-OCC-PPM-004:95650aa4,needs_human_review,,,,,
occupation_alias,CPX-OCC-PPM-004:b1f32135,needs_human_review,,,,,
occupation_alias,CPX-OCC-PPM-004:b1f32135,needs_human_review,,,,,
occupation_alias,CPX-OCC-PPM-004:738ae055,needs_human_review,,,,,
occupation_alias,CPX-OCC-ENG-010:e5a3b86e,needs_human_review,,,,,
occupation_alias,CPX-OCC-ENG-018:a18a6a8b,needs_human_review,,,,,
occupation_alias,CPX-OCC-DDA-009:48fa0899,excluded_from_exact_matching,,,,,
occupation_alias,CPX-OCC-PPM-013:48fa0899,excluded_from_exact_matching,,,,,
occupation_alias,CPX-OCC-BOP-002:32e8cebc,excluded_from_exact_matching,,,,,
occupation_alias,CPX-OCC-BOP-002:32e8cebc,excluded_from_exact_matching,,,,,
occupation_alias,CPX-OCC-DDA-009:32e8cebc,excluded_from_exact_matching,,,,,
occupation_alias,CPX-OCC-DDA-009:32e8cebc,excluded_from_exact_matching,,,,,
occupation_alias,CPX-OCC-DDA-016:32e8cebc,excluded_from_exact_matching,,,,,
occupation_alias,CPX-OCC-DDA-009:32e8cebc,excluded_from_exact_matching,,,,,
occupation_alias,CPX-OCC-BOP-002:32e8cebc,excluded_from_exact_matching,,,,,
occupation_alias,CPX-OCC-CBE-011:32e8cebc,excluded_from_exact_matching,,,,,
occupation_alias,CPX-OCC-DDA-014:32e8cebc,excluded_from_exact_matching,,,,,
occupation_alias,CPX-OCC-DDA-016:32e8cebc,excluded_from_exact_matching,,,,,
occupation_alias,CPX-OCC-BOP-002:cae1943e,excluded_from_exact_matching,,,,,
occupation_alias,CPX-OCC-BOP-002:cae1943e,excluded_from_exact_matching,,,,,
occupation_alias,CPX-OCC-DDA-009:cae1943e,excluded_from_exact_matching,,,,,
occupation_alias,CPX-OCC-DDA-009:cae1943e,excluded_from_exact_matching,,,,,
occupation_alias,CPX-OCC-DDA-016:cae1943e,excluded_from_exact_matching,,,,,
occupation_alias,CPX-OCC-DDA-009:cae1943e,excluded_from_exact_matching,,,,,
occupation_alias,CPX-OCC-CBE-011:cae1943e,excluded_from_exact_matching,,,,,
occupation_alias,CPX-OCC-CBE-011:cae1943e,excluded_from_exact_matching,,,,,
occupation_alias,CPX-OCC-CBE-011:cae1943e,excluded_from_exact_matching,,,,,
occupation_alias,CPX-OCC-CBE-011:cae1943e,excluded_from_exact_matching,,,,,
occupation_alias,CPX-OCC-CBE-011:cae1943e,excluded_from_exact_matching,,,,,
occupation_alias,CPX-OCC-CBE-011:cae1943e,excluded_from_exact_matching,,,,,
occupation_alias,CPX-OCC-CBE-011:cae1943e,excluded_from_exact_matching,,,,,
occupation_alias,CPX-OCC-ENG-014:cae1943e,excluded_from_exact_matching,,,,,
occupation_alias,CPX-OCC-CBE-011:cae1943e,excluded_from_exact_matching,,,,,
occupation_alias,CPX-OCC-CBE-011:cae1943e,excluded_from_exact_matching,,,,,
occupation_alias,CPX-OCC-DDA-010:cae1943e,excluded_from_exact_matching,,,,,
occupation_alias,CPX-OCC-CBE-011:cae1943e,excluded_from_exact_matching,,,,,
occupation_alias,CPX-OCC-ENG-020:cae1943e,excluded_from_exact_matching,,,,,
occupation_alias,CPX-OCC-CBE-011:cae1943e,excluded_from_exact_matching,,,,,
occupation_alias,CPX-OCC-CBE-011:cae1943e,excluded_from_exact_matching,,,,,
occupation_alias,CPX-OCC-CBE-011:cae1943e,excluded_from_exact_matching,,,,,
occupation_alias,CPX-OCC-CBE-011:cae1943e,excluded_from_exact_matching,,,,,
occupation_alias,CPX-OCC-BOP-002:cae1943e,excluded_from_exact_matching,,,,,
occupation_alias,CPX-OCC-BOP-004:cae1943e,excluded_from_exact_matching,,,,,
occupation_alias,CPX-OCC-CBE-011:cae1943e,excluded_from_exact_matching,,,,,
occupation_alias,CPX-OCC-DDA-018:cae1943e,excluded_from_exact_matching,,,,,
occupation_alias,CPX-OCC-CBE-011:cae1943e,excluded_from_exact_matching,,,,,
occupation_alias,CPX-OCC-CBE-011:cae1943e,excluded_from_exact_matching,,,,,
occupation_alias,CPX-OCC-DDA-007:cae1943e,excluded_from_exact_matching,,,,,
occupation_alias,CPX-OCC-DDA-011:cae1943e,excluded_from_exact_matching,,,,,
occupation_alias,CPX-OCC-ENG-020:cae1943e,excluded_from_exact_matching,,,,,
occupation_alias,CPX-OCC-ENG-014:cae1943e,excluded_from_exact_matching,,,,,
occupation_alias,CPX-OCC-CBE-011:cae1943e,excluded_from_exact_matching,,,,,
occupation_alias,CPX-OCC-CBE-011:cae1943e,excluded_from_exact_matching,,,,,
occupation_alias,CPX-OCC-DDA-014:cae1943e,excluded_from_exact_matching,,,,,
occupation_alias,CPX-OCC-CBE-011:cae1943e,excluded_from_exact_matching,,,,,
occupation_alias,CPX-OCC-DDA-016:cae1943e,excluded_from_exact_matching,,,,,
occupation_alias,CPX-OCC-DDA-011:cae1943e,excluded_from_exact_matching,,,,,
occupation_alias,CPX-OCC-ENG-014:cae1943e,excluded_from_exact_matching,,,,,
occupation_alias,CPX-OCC-DDA-013:cae1943e,excluded_from_exact_matching,,,,,
occupation_alias,CPX-OCC-DDA-013:cae1943e,excluded_from_exact_matching,,,,,
occupation_alias,CPX-OCC-ENG-014:391eca0f,excluded_from_exact_matching,,,,,
occupation_alias,CPX-OCC-DDA-010:391eca0f,excluded_from_exact_matching,,,,,
occupation_alias,CPX-OCC-CBE-011:391eca0f,excluded_from_exact_matching,,,,,
occupation_alias,CPX-OCC-ENG-020:391eca0f,excluded_from_exact_matching,,,,,
occupation_alias,CPX-OCC-DDA-007:391eca0f,excluded_from_exact_matching,,,,,
occupation_alias,CPX-OCC-ENG-020:391eca0f,excluded_from_exact_matching,,,,,
occupation_alias,CPX-OCC-ENG-014:391eca0f,excluded_from_exact_matching,,,,,
occupation_alias,CPX-OCC-CBE-011:391eca0f,excluded_from_exact_matching,,,,,
occupation_alias,CPX-OCC-ENG-014:391eca0f,excluded_from_exact_matching,,,,,
occupation_alias,CPX-OCC-ENG-018:0b2652d3,needs_human_review,,,,,
occupation_alias,CPX-OCC-BOP-007:fa5b7be2,excluded_from_exact_matching,,,,,
occupation_alias,CPX-OCC-BOP-010:fa5b7be2,excluded_from_exact_matching,,,,,
occupation_alias,CPX-OCC-BOP-010:fa5b7be2,excluded_from_exact_matching,,,,,
occupation_alias,CPX-OCC-ENG-018:fa5b7be2,excluded_from_exact_matching,,,,,
occupation_alias,CPX-OCC-BOP-001:fa5b7be2,excluded_from_exact_matching,,,,,
occupation_alias,CPX-OCC-BOP-001:fa5b7be2,excluded_from_exact_matching,,,,,
occupation_alias,CPX-OCC-BOP-001:fa5b7be2,excluded_from_exact_matching,,,,,
occupation_alias,CPX-OCC-BOP-001:fa5b7be2,excluded_from_exact_matching,,,,,
occupation_alias,CPX-OCC-DDA-017:fa5b7be2,excluded_from_exact_matching,,,,,
occupation_alias,CPX-OCC-BOP-007:fa5b7be2,excluded_from_exact_matching,,,,,
occupation_alias,CPX-OCC-BOP-010:fa5b7be2,excluded_from_exact_matching,,,,,
occupation_alias,CPX-OCC-BOP-010:fa5b7be2,excluded_from_exact_matching,,,,,
occupation_alias,CPX-OCC-BOP-010:fa5b7be2,excluded_from_exact_matching,,,,,
occupation_alias,CPX-OCC-ENG-018:fa5b7be2,excluded_from_exact_matching,,,,,
occupation_alias,CPX-OCC-ENG-018:fa5b7be2,excluded_from_exact_matching,,,,,
occupation_alias,CPX-OCC-ENG-018:fa5b7be2,excluded_from_exact_matching,,,,,
occupation_alias,CPX-OCC-ENG-018:fa5b7be2,excluded_from_exact_matching,,,,,
occupation_alias,CPX-OCC-ENG-018:fa5b7be2,excluded_from_exact_matching,,,,,
occupation_alias,CPX-OCC-PPM-015:fa5b7be2,excluded_from_exact_matching,,,,,
occupation_alias,CPX-OCC-PPM-015:fa5b7be2,excluded_from_exact_matching,,,,,
occupation_alias,CPX-OCC-DDA-018:fa5b7be2,excluded_from_exact_matching,,,,,
occupation_alias,CPX-OCC-BOP-010:fa5b7be2,excluded_from_exact_matching,,,,,
occupation_alias,CPX-OCC-CBE-008:fa5b7be2,excluded_from_exact_matching,,,,,
occupation_alias,CPX-OCC-ENG-018:fa5b7be2,excluded_from_exact_matching,,,,,
occupation_alias,CPX-OCC-ENG-018:fa5b7be2,excluded_from_exact_matching,,,,,
occupation_alias,CPX-OCC-PPM-015:fa5b7be2,excluded_from_exact_matching,,,,,
occupation_alias,CPX-OCC-BOP-001:fa5b7be2,excluded_from_exact_matching,,,,,
occupation_alias,CPX-OCC-BOP-010:fa5b7be2,excluded_from_exact_matching,,,,,
occupation_alias,CPX-OCC-BOP-010:fa5b7be2,excluded_from_exact_matching,,,,,
occupation_alias,CPX-OCC-ENG-018:fa5b7be2,excluded_from_exact_matching,,,,,
occupation_alias,CPX-OCC-ENG-018:fa5b7be2,excluded_from_exact_matching,,,,,
occupation_alias,CPX-OCC-BOP-007:499f11d3,excluded_from_exact_matching,,,,,
occupation_alias,CPX-OCC-ENG-018:499f11d3,excluded_from_exact_matching,,,,,
occupation_alias,CPX-OCC-ENG-018:499f11d3,excluded_from_exact_matching,,,,,
occupation_alias,CPX-OCC-ENG-018:499f11d3,excluded_from_exact_matching,,,,,
occupation_alias,CPX-OCC-DDA-018:499f11d3,excluded_from_exact_matching,,,,,
occupation_alias,CPX-OCC-CBE-008:499f11d3,excluded_from_exact_matching,,,,,
occupation_alias,CPX-OCC-ENG-018:499f11d3,excluded_from_exact_matching,,,,,
occupation_alias,CPX-OCC-ENG-018:499f11d3,excluded_from_exact_matching,,,,,
occupation_alias,CPX-OCC-ENG-014:18d7d82c,needs_human_review,,,,,
occupation_alias,CPX-OCC-ENG-014:18d7d82c,needs_human_review,,,,,
occupation_alias,CPX-OCC-DDA-017:f6bec074,needs_human_review,,,,,
occupation_alias,CPX-OCC-PPM-001:5037364a,needs_human_review,,,,,
occupation_alias,CPX-OCC-PPM-001:0fa90152,excluded_from_exact_matching,,,,,
occupation_alias,CPX-OCC-PPM-001:0fa90152,excluded_from_exact_matching,,,,,
occupation_alias,CPX-OCC-PPM-001:0fa90152,excluded_from_exact_matching,,,,,
occupation_alias,CPX-OCC-PPM-001:0fa90152,excluded_from_exact_matching,,,,,
occupation_alias,CPX-OCC-PPM-016:0fa90152,excluded_from_exact_matching,,,,,
occupation_alias,CPX-OCC-PPM-016:0fa90152,excluded_from_exact_matching,,,,,
occupation_alias,CPX-OCC-PPM-016:0fa90152,excluded_from_exact_matching,,,,,
occupation_alias,CPX-OCC-PPM-001:0fa90152,excluded_from_exact_matching,,,,,
occupation_alias,CPX-OCC-PPM-001:0fa90152,excluded_from_exact_matching,,,,,
occupation_alias,CPX-OCC-PPM-001:0fa90152,excluded_from_exact_matching,,,,,
occupation_alias,CPX-OCC-PPM-001:0fa90152,excluded_from_exact_matching,,,,,
occupation_alias,CPX-OCC-PPM-001:0fa90152,excluded_from_exact_matching,,,,,
occupation_alias,CPX-OCC-PPM-004:0fa90152,excluded_from_exact_matching,,,,,
occupation_alias,CPX-OCC-PPM-001:2a2691bd,needs_human_review,,,,,
occupation_alias,CPX-OCC-DDA-002:93af5872,needs_human_review,,,,,
occupation_alias,CPX-OCC-DDA-009:6db75a21,needs_human_review,,,,,
occupation_alias,CPX-OCC-BOP-010:eaa8ebf2,excluded_from_exact_matching,,,,,
occupation_alias,CPX-OCC-BOP-010:eaa8ebf2,excluded_from_exact_matching,,,,,
occupation_alias,CPX-OCC-BOP-001:eaa8ebf2,excluded_from_exact_matching,,,,,
occupation_alias,CPX-OCC-BOP-001:eaa8ebf2,excluded_from_exact_matching,,,,,
occupation_alias,CPX-OCC-BOP-001:eaa8ebf2,excluded_from_exact_matching,,,,,
occupation_alias,CPX-OCC-BOP-010:eaa8ebf2,excluded_from_exact_matching,,,,,
occupation_alias,CPX-OCC-BOP-010:eaa8ebf2,excluded_from_exact_matching,,,,,
occupation_alias,CPX-OCC-BOP-010:eaa8ebf2,excluded_from_exact_matching,,,,,
occupation_alias,CPX-OCC-PPM-015:eaa8ebf2,excluded_from_exact_matching,,,,,
occupation_alias,CPX-OCC-PPM-015:eaa8ebf2,excluded_from_exact_matching,,,,,
occupation_alias,CPX-OCC-BOP-010:eaa8ebf2,excluded_from_exact_matching,,,,,
occupation_alias,CPX-OCC-PPM-015:eaa8ebf2,excluded_from_exact_matching,,,,,
occupation_alias,CPX-OCC-BOP-001:eaa8ebf2,excluded_from_exact_matching,,,,,
occupation_alias,CPX-OCC-CBE-011:415304b0,needs_human_review,,,,,
occupation_alias,CPX-OCC-CBE-011:415304b0,needs_human_review,,,,,
occupation_alias,CPX-OCC-CBE-011:02d3aefc,excluded_from_exact_matching,,,,,
occupation_alias,CPX-OCC-CBE-011:02d3aefc,excluded_from_exact_matching,,,,,
occupation_alias,CPX-OCC-CBE-011:02d3aefc,excluded_from_exact_matching,,,,,
occupation_alias,CPX-OCC-CBE-011:02d3aefc,excluded_from_exact_matching,,,,,
occupation_alias,CPX-OCC-CBE-011:02d3aefc,excluded_from_exact_matching,,,,,
occupation_alias,CPX-OCC-CBE-011:02d3aefc,excluded_from_exact_matching,,,,,
occupation_alias,CPX-OCC-BOP-004:02d3aefc,excluded_from_exact_matching,,,,,
occupation_alias,CPX-OCC-CBE-011:02d3aefc,excluded_from_exact_matching,,,,,
occupation_alias,CPX-OCC-DDA-018:02d3aefc,excluded_from_exact_matching,,,,,
occupation_alias,CPX-OCC-CBE-011:02d3aefc,excluded_from_exact_matching,,,,,
occupation_alias,CPX-OCC-CBE-011:02d3aefc,excluded_from_exact_matching,,,,,
occupation_alias,CPX-OCC-CBE-011:02d3aefc,excluded_from_exact_matching,,,,,
occupation_alias,CPX-OCC-BOP-007:a9c71292,excluded_from_exact_matching,,,,,
occupation_alias,CPX-OCC-ENG-018:a9c71292,excluded_from_exact_matching,,,,,
occupation_alias,CPX-OCC-PPM-005:f339aea6,needs_human_review,,,,,
occupation_alias,CPX-OCC-PPM-005:f339aea6,needs_human_review,,,,,
occupation_alias,CPX-OCC-PPM-005:f339aea6,needs_human_review,,,,,
occupation_alias,CPX-OCC-PPM-005:f339aea6,needs_human_review,,,,,
occupation_alias,CPX-OCC-PPM-005:b685bdee,needs_human_review,,,,,
occupation_alias,CPX-OCC-PPM-005:b685bdee,needs_human_review,,,,,
occupation_alias,CPX-OCC-PPM-005:b685bdee,needs_human_review,,,,,
occupation_alias,CPX-OCC-DDA-016:fd3c97cb,excluded_from_exact_matching,,,,,
occupation_alias,CPX-OCC-BOP-010:fd3c97cb,excluded_from_exact_matching,,,,,
occupation_alias,CPX-OCC-BOP-002:fd3c97cb,excluded_from_exact_matching,,,,,
occupation_alias,CPX-OCC-PPM-013:fd3c97cb,excluded_from_exact_matching,,,,,
occupation_alias,CPX-OCC-ENG-018:acfd909b,needs_human_review,,,,,
occupation_alias,CPX-OCC-PPM-003:937feb3e,needs_human_review,,,,,
occupation_alias,CPX-OCC-ENE-009:bc57ff63,needs_human_review,,,,,
occupation_alias,CPX-OCC-PPM-017:9fec7faa,needs_human_review,,,,,
occupation_alias,CPX-OCC-CBE-001:dfe0d504,needs_human_review,,,,,
occupation_alias,CPX-OCC-ENG-010:6d2c73ec,needs_human_review,,,,,
occupation_alias,CPX-OCC-BOP-009:51e1bdbf,needs_human_review,,,,,
occupation_alias,CPX-OCC-DDA-009:d7a8431f,needs_human_review,,,,,
occupation_alias,CPX-OCC-DDA-009:b7b2288a,needs_human_review,,,,,
occupation_alias,CPX-OCC-ENG-001:d44be093,needs_human_review,,,,,
occupation_alias,CPX-OCC-ENG-001:a3663e08,needs_human_review,,,,,
occupation_alias,CPX-OCC-ENG-001:74f1b0c2,needs_human_review,,,,,
occupation_alias,CPX-OCC-CBE-003:43662069,needs_human_review,,,,,
occupation_alias,CPX-OCC-CBE-003:91a4a0b3,needs_human_review,,,,,
occupation_alias,CPX-OCC-ENG-001:6e8f731c,needs_human_review,,,,,
occupation_alias,CPX-OCC-ENG-018:6d7ba382,excluded_from_exact_matching,,,,,
occupation_alias,CPX-OCC-PPM-018:6d7ba382,excluded_from_exact_matching,,,,,
occupation_alias,CPX-OCC-BOP-010:6d7ba382,excluded_from_exact_matching,,,,,
occupation_alias,CPX-OCC-CBE-002:6d7ba382,excluded_from_exact_matching,,,,,
occupation_alias,CPX-OCC-PPM-020:6d7ba382,excluded_from_exact_matching,,,,,
occupation_alias,CPX-OCC-CBE-011:4aaa7e56,needs_human_review,,,,,
occupation_alias,CPX-OCC-ENG-018:309da46a,excluded_from_exact_matching,,,,,
occupation_alias,CPX-OCC-PPM-018:309da46a,excluded_from_exact_matching,,,,,
occupation_alias,CPX-OCC-PPM-020:309da46a,excluded_from_exact_matching,,,,,
occupation_alias,CPX-OCC-ENG-018:92537546,needs_human_review,,,,,
occupation_alias,CPX-OCC-ENG-018:efdf0ec5,needs_human_review,,,,,
occupation_alias,CPX-OCC-ENG-018:f68f9adf,needs_human_review,,,,,
occupation_alias,CPX-OCC-ENG-018:f68f9adf,needs_human_review,,,,,
occupation_alias,CPX-OCC-ENG-018:c82b9df1,excluded_from_exact_matching,,,,,
occupation_alias,CPX-OCC-BOP-001:c82b9df1,excluded_from_exact_matching,,,,,
occupation_alias,CPX-OCC-ENG-018:5be534d2,excluded_from_exact_matching,,,,,
occupation_alias,CPX-OCC-BOP-001:5be534d2,excluded_from_exact_matching,,,,,
occupation_alias,CPX-OCC-CBE-014:ca53ceef,excluded_from_exact_matching,,,,,
occupation_alias,CPX-OCC-PPM-018:ca53ceef,excluded_from_exact_matching,,,,,
occupation_alias,CPX-OCC-DDA-015:55d53c46,needs_human_review,,,,,
occupation_alias,CPX-OCC-PPM-020:a6a1e0c0,needs_human_review,,,,,
occupation_alias,CPX-OCC-CBE-009:6a565d7c,excluded_from_exact_matching,,,,,
occupation_alias,CPX-OCC-BOP-001:6a565d7c,excluded_from_exact_matching,,,,,
occupation_alias,CPX-OCC-ENG-018:6a565d7c,excluded_from_exact_matching,,,,,
occupation_alias,CPX-OCC-ENG-018:6a565d7c,excluded_from_exact_matching,,,,,
occupation_alias,CPX-OCC-ENG-018:6a565d7c,excluded_from_exact_matching,,,,,
occupation_alias,CPX-OCC-ENG-018:6a565d7c,excluded_from_exact_matching,,,,,
occupation_alias,CPX-OCC-ENG-018:6a565d7c,excluded_from_exact_matching,,,,,
occupation_alias,CPX-OCC-ENG-018:6a565d7c,excluded_from_exact_matching,,,,,
occupation_alias,CPX-OCC-ENG-018:6a565d7c,excluded_from_exact_matching,,,,,
occupation_alias,CPX-OCC-ENG-018:6a565d7c,excluded_from_exact_matching,,,,,
occupation_alias,CPX-OCC-ENG-018:6a565d7c,excluded_from_exact_matching,,,,,
occupation_alias,CPX-OCC-ENG-018:6a565d7c,excluded_from_exact_matching,,,,,
occupation_alias,CPX-OCC-ENG-018:6a565d7c,excluded_from_exact_matching,,,,,
occupation_alias,CPX-OCC-ENG-018:6a565d7c,excluded_from_exact_matching,,,,,
occupation_alias,CPX-OCC-ENG-018:6a565d7c,excluded_from_exact_matching,,,,,
occupation_alias,CPX-OCC-ENG-018:6a565d7c,excluded_from_exact_matching,,,,,
occupation_alias,CPX-OCC-ENG-018:6a565d7c,excluded_from_exact_matching,,,,,
occupation_alias,CPX-OCC-PPM-018:6a565d7c,excluded_from_exact_matching,,,,,
occupation_alias,CPX-OCC-PPM-018:6a565d7c,excluded_from_exact_matching,,,,,
occupation_alias,CPX-OCC-PPM-018:6a565d7c,excluded_from_exact_matching,,,,,
occupation_alias,CPX-OCC-PPM-018:6a565d7c,excluded_from_exact_matching,,,,,
occupation_alias,CPX-OCC-PPM-018:6a565d7c,excluded_from_exact_matching,,,,,
occupation_alias,CPX-OCC-PPM-018:6a565d7c,excluded_from_exact_matching,,,,,
occupation_alias,CPX-OCC-PPM-018:6a565d7c,excluded_from_exact_matching,,,,,
occupation_alias,CPX-OCC-PPM-018:6a565d7c,excluded_from_exact_matching,,,,,
occupation_alias,CPX-OCC-PPM-018:6a565d7c,excluded_from_exact_matching,,,,,
occupation_alias,CPX-OCC-PPM-018:6a565d7c,excluded_from_exact_matching,,,,,
occupation_alias,CPX-OCC-PPM-018:6a565d7c,excluded_from_exact_matching,,,,,
occupation_alias,CPX-OCC-PPM-018:6a565d7c,excluded_from_exact_matching,,,,,
occupation_alias,CPX-OCC-PPM-018:6a565d7c,excluded_from_exact_matching,,,,,
occupation_alias,CPX-OCC-PPM-018:6a565d7c,excluded_from_exact_matching,,,,,
occupation_alias,CPX-OCC-PPM-018:6a565d7c,excluded_from_exact_matching,,,,,
occupation_alias,CPX-OCC-BOP-010:6a565d7c,excluded_from_exact_matching,,,,,
occupation_alias,CPX-OCC-PPM-020:6a565d7c,excluded_from_exact_matching,,,,,
occupation_alias,CPX-OCC-ENG-018:15c920c6,excluded_from_exact_matching,,,,,
occupation_alias,CPX-OCC-ENG-018:15c920c6,excluded_from_exact_matching,,,,,
occupation_alias,CPX-OCC-ENG-018:15c920c6,excluded_from_exact_matching,,,,,
occupation_alias,CPX-OCC-ENG-018:15c920c6,excluded_from_exact_matching,,,,,
occupation_alias,CPX-OCC-ENG-018:15c920c6,excluded_from_exact_matching,,,,,
occupation_alias,CPX-OCC-ENG-018:15c920c6,excluded_from_exact_matching,,,,,
occupation_alias,CPX-OCC-PPM-018:15c920c6,excluded_from_exact_matching,,,,,
occupation_alias,CPX-OCC-PPM-018:15c920c6,excluded_from_exact_matching,,,,,
occupation_alias,CPX-OCC-PPM-018:15c920c6,excluded_from_exact_matching,,,,,
occupation_alias,CPX-OCC-PPM-018:15c920c6,excluded_from_exact_matching,,,,,
occupation_alias,CPX-OCC-PPM-018:15c920c6,excluded_from_exact_matching,,,,,
occupation_alias,CPX-OCC-PPM-018:15c920c6,excluded_from_exact_matching,,,,,
occupation_alias,CPX-OCC-PPM-018:15c920c6,excluded_from_exact_matching,,,,,
occupation_alias,CPX-OCC-PPM-018:15c920c6,excluded_from_exact_matching,,,,,
occupation_alias,CPX-OCC-PPM-018:15c920c6,excluded_from_exact_matching,,,,,
occupation_alias,CPX-OCC-PPM-018:15c920c6,excluded_from_exact_matching,,,,,
occupation_alias,CPX-OCC-PPM-018:15c920c6,excluded_from_exact_matching,,,,,
occupation_alias,CPX-OCC-PPM-018:15c920c6,excluded_from_exact_matching,,,,,
occupation_alias,CPX-OCC-BOP-009:c8e968b2,needs_human_review,,,,,
occupation_alias,CPX-OCC-ENG-018:4cccbc64,excluded_from_exact_matching,,,,,
occupation_alias,CPX-OCC-BOP-010:4cccbc64,excluded_from_exact_matching,,,,,
occupation_alias,CPX-OCC-ENG-018:70fcbe9f,excluded_from_exact_matching,,,,,
occupation_alias,CPX-OCC-PPM-018:70fcbe9f,excluded_from_exact_matching,,,,,
occupation_alias,CPX-OCC-DDA-015:428dd069,excluded_from_exact_matching,,,,,
occupation_alias,CPX-OCC-DDA-015:428dd069,excluded_from_exact_matching,,,,,
occupation_alias,CPX-OCC-BOP-009:428dd069,excluded_from_exact_matching,,,,,
occupation_alias,CPX-OCC-BOP-009:428dd069,excluded_from_exact_matching,,,,,
occupation_alias,CPX-OCC-BOP-009:428dd069,excluded_from_exact_matching,,,,,
occupation_alias,CPX-OCC-BOP-009:428dd069,excluded_from_exact_matching,,,,,
occupation_alias,CPX-OCC-BOP-009:428dd069,excluded_from_exact_matching,,,,,
occupation_alias,CPX-OCC-DDA-015:f366d263,needs_human_review,,,,,
occupation_alias,CPX-OCC-DDA-015:f366d263,needs_human_review,,,,,
occupation_alias,CPX-OCC-BOP-009:9047a417,needs_human_review,,,,,
occupation_alias,CPX-OCC-BOP-009:9047a417,needs_human_review,,,,,
occupation_alias,CPX-OCC-BOP-009:0df68f22,needs_human_review,,,,,
occupation_alias,CPX-OCC-BOP-009:0df68f22,needs_human_review,,,,,
occupation_alias,CPX-OCC-BOP-009:dd908d85,needs_human_review,,,,,
occupation_alias,CPX-OCC-ENG-006:af2aff81,needs_human_review,,,,,
occupation_alias,CPX-OCC-ENG-012:58ba8c13,needs_human_review,,,,,
occupation_alias,CPX-OCC-ENG-006:1fb0f1f8,needs_human_review,,,,,
occupation_alias,CPX-OCC-ENG-013:28472158,excluded_from_exact_matching,,,,,
occupation_alias,CPX-OCC-ENG-015:80040f39,needs_human_review,,,,,
occupation_alias,CPX-OCC-ENG-013:9718a47e,needs_human_review,,,,,
occupation_alias,CPX-OCC-BOP-001:858c0e58,needs_human_review,,,,,
occupation_alias,CPX-OCC-BOP-010:62d14b38,needs_human_review,,,,,
occupation_alias,CPX-OCC-BOP-010:62d14b38,needs_human_review,,,,,
occupation_alias,CPX-OCC-BOP-010:62d14b38,needs_human_review,,,,,
occupation_alias,CPX-OCC-BOP-001:a279ab56,needs_human_review,,,,,
occupation_alias,CPX-OCC-ENG-013:7bd3ec31,needs_human_review,,,,,
occupation_alias,CPX-OCC-ENG-013:4e115b53,needs_human_review,,,,,
occupation_alias,CPX-OCC-ENG-013:112df468,excluded_from_exact_matching,,,,,
occupation_alias,CPX-OCC-ENG-018:3d4c3975,needs_human_review,,,,,
occupation_alias,CPX-OCC-DDA-004:c7ca6e67,needs_human_review,,,,,
occupation_alias,CPX-OCC-DDA-004:a13fb9e3,needs_human_review,,,,,
occupation_alias,CPX-OCC-ENE-010:a7322efb,needs_human_review,,,,,
occupation_alias,CPX-OCC-BOP-003:38d25b80,excluded_from_exact_matching,,,,,
occupation_alias,CPX-OCC-BOP-003:38d25b80,excluded_from_exact_matching,,,,,
occupation_alias,CPX-OCC-PPM-001:38d25b80,excluded_from_exact_matching,,,,,
occupation_alias,CPX-OCC-PPM-020:21124735,excluded_from_exact_matching,,,,,
occupation_alias,CPX-OCC-PPM-018:21124735,excluded_from_exact_matching,,,,,
occupation_alias,CPX-OCC-ENG-018:21124735,excluded_from_exact_matching,,,,,
occupation_alias,CPX-OCC-PPM-020:21124735,excluded_from_exact_matching,,,,,
occupation_alias,CPX-OCC-BOP-002:098ee4d1,excluded_from_exact_matching,,,,,
occupation_alias,CPX-OCC-BOP-003:098ee4d1,excluded_from_exact_matching,,,,,
occupation_alias,CPX-OCC-BOP-003:098ee4d1,excluded_from_exact_matching,,,,,
occupation_alias,CPX-OCC-CBE-011:098ee4d1,excluded_from_exact_matching,,,,,
occupation_alias,CPX-OCC-DDA-014:098ee4d1,excluded_from_exact_matching,,,,,
occupation_alias,CPX-OCC-DDA-014:098ee4d1,excluded_from_exact_matching,,,,,
occupation_alias,CPX-OCC-DDA-014:098ee4d1,excluded_from_exact_matching,,,,,
occupation_alias,CPX-OCC-DDA-014:098ee4d1,excluded_from_exact_matching,,,,,
occupation_alias,CPX-OCC-BOP-002:098ee4d1,excluded_from_exact_matching,,,,,
occupation_alias,CPX-OCC-BOP-002:098ee4d1,excluded_from_exact_matching,,,,,
occupation_alias,CPX-OCC-BOP-002:098ee4d1,excluded_from_exact_matching,,,,,
occupation_alias,CPX-OCC-BOP-002:098ee4d1,excluded_from_exact_matching,,,,,
occupation_alias,CPX-OCC-ENE-012:098ee4d1,excluded_from_exact_matching,,,,,
occupation_alias,CPX-OCC-PPM-001:098ee4d1,excluded_from_exact_matching,,,,,
occupation_alias,CPX-OCC-CBE-011:c240662f,excluded_from_exact_matching,,,,,
occupation_alias,CPX-OCC-ENE-012:c240662f,excluded_from_exact_matching,,,,,
occupation_alias,CPX-OCC-BOP-009:b4d44d8a,needs_human_review,,,,,
occupation_alias,CPX-OCC-BOP-009:b4d44d8a,needs_human_review,,,,,
occupation_alias,CPX-OCC-PPM-010:0d889bc4,needs_human_review,,,,,
occupation_alias,CPX-OCC-CBE-011:abc18836,needs_human_review,,,,,
occupation_alias,CPX-OCC-CBE-001:b14bd7c7,needs_human_review,,,,,
occupation_alias,CPX-OCC-BOP-007:a21daa45,needs_human_review,,,,,
occupation_alias,CPX-OCC-BOP-007:235d55e3,needs_human_review,,,,,
occupation_alias,CPX-OCC-PPM-010:b83b4db4,needs_human_review,,,,,
occupation_alias,CPX-OCC-PPM-001:139dca62,needs_human_review,,,,,
occupation_alias,CPX-OCC-BOP-009:9297b85c,needs_human_review,,,,,
occupation_alias,CPX-OCC-BOP-005:fbc22c11,needs_human_review,,,,,
occupation_alias,CPX-OCC-BOP-004:eda9df5f,needs_human_review,,,,,
occupation_alias,CPX-OCC-PPM-016:a3748bef,needs_human_review,,,,,
occupation_alias,CPX-OCC-PPM-016:a3748bef,needs_human_review,,,,,
occupation_alias,CPX-OCC-PPM-016:a3748bef,needs_human_review,,,,,
occupation_alias,CPX-OCC-PPM-016:17da1c96,needs_human_review,,,,,
occupation_alias,CPX-OCC-PPM-016:fd716775,needs_human_review,,,,,
occupation_alias,CPX-OCC-PPM-016:e02dc363,needs_human_review,,,,,
occupation_alias,CPX-OCC-PPM-011:29c74351,needs_human_review,,,,,
occupation_alias,CPX-OCC-PPM-011:29c74351,needs_human_review,,,,,
occupation_alias,CPX-OCC-BOP-008:1422ae3e,needs_human_review,,,,,
occupation_alias,CPX-OCC-CBE-001:ebce31ff,needs_human_review,,,,,
occupation_alias,CPX-OCC-CBE-013:d1a9e9c0,needs_human_review,,,,,
occupation_alias,CPX-OCC-PPM-012:e3d7e4d6,needs_human_review,,,,,
occupation_alias,CPX-OCC-PPM-012:e3d7e4d6,needs_human_review,,,,,
occupation_alias,CPX-OCC-PPM-012:e3d7e4d6,needs_human_review,,,,,
occupation_alias,CPX-OCC-PPM-012:e3d7e4d6,needs_human_review,,,,,
occupation_alias,CPX-OCC-PPM-012:e3d7e4d6,needs_human_review,,,,,
occupation_alias,CPX-OCC-PPM-012:e3d7e4d6,needs_human_review,,,,,
occupation_alias,CPX-OCC-PPM-012:e3d7e4d6,needs_human_review,,,,,
occupation_alias,CPX-OCC-PPM-012:5a263b53,needs_human_review,,,,,
occupation_alias,CPX-OCC-PPM-012:e0747aa3,needs_human_review,,,,,
occupation_alias,CPX-OCC-BOP-007:53355350,needs_human_review,,,,,
occupation_alias,CPX-OCC-BOP-009:b5e57f1d,needs_human_review,,,,,
occupation_alias,CPX-OCC-BOP-009:b5e57f1d,needs_human_review,,,,,
occupation_alias,CPX-OCC-BOP-009:b5e57f1d,needs_human_review,,,,,
occupation_alias,CPX-OCC-PPM-015:e31c2b98,needs_human_review,,,,,
occupation_alias,CPX-OCC-PPM-015:e31c2b98,needs_human_review,,,,,
occupation_alias,CPX-OCC-PPM-015:e31c2b98,needs_human_review,,,,,
occupation_alias,CPX-OCC-PPM-015:15407f7c,needs_human_review,,,,,
occupation_alias,CPX-OCC-PPM-015:a698bc4c,needs_human_review,,,,,
occupation_alias,CPX-OCC-PPM-015:02708245,needs_human_review,,,,,
occupation_alias,CPX-OCC-PPM-015:1475e067,needs_human_review,,,,,
occupation_alias,CPX-OCC-PPM-015:54e369a8,needs_human_review,,,,,
occupation_alias,CPX-OCC-PPM-003:ced5b941,needs_human_review,,,,,
occupation_alias,CPX-OCC-PPM-001:eb14b487,needs_human_review,,,,,
occupation_alias,CPX-OCC-PPM-001:eb14b487,needs_human_review,,,,,
occupation_alias,CPX-OCC-BOP-010:b3c6a8cb,needs_human_review,,,,,
occupation_alias,CPX-OCC-BOP-010:d19e1f69,needs_human_review,,,,,
occupation_alias,CPX-OCC-BOP-010:4d73dfc6,needs_human_review,,,,,
occupation_alias,CPX-OCC-PPM-015:83a59ea0,needs_human_review,,,,,
occupation_alias,CPX-OCC-CBE-008:a5515d99,needs_human_review,,,,,
occupation_alias,CPX-OCC-CBE-008:a5515d99,needs_human_review,,,,,
occupation_alias,CPX-OCC-CBE-008:423a207d,needs_human_review,,,,,
occupation_alias,CPX-OCC-CBE-008:d0b123a5,needs_human_review,,,,,
occupation_alias,CPX-OCC-BOP-010:510e13ad,needs_human_review,,,,,
occupation_alias,CPX-OCC-BOP-010:510e13ad,needs_human_review,,,,,
occupation_alias,CPX-OCC-BOP-003:32b9e3d4,needs_human_review,,,,,
occupation_alias,CPX-OCC-DDA-017:30c5c0bc,needs_human_review,,,,,
occupation_alias,CPX-OCC-ENE-001:fedb8fd4,needs_human_review,,,,,
occupation_alias,CPX-OCC-ENG-018:fca61919,needs_human_review,,,,,
occupation_alias,CPX-OCC-ENG-018:fca61919,needs_human_review,,,,,
occupation_alias,CPX-OCC-ENG-018:fca61919,needs_human_review,,,,,
occupation_alias,CPX-OCC-ENG-018:fca61919,needs_human_review,,,,,
occupation_alias,CPX-OCC-ENG-018:fca61919,needs_human_review,,,,,
occupation_alias,CPX-OCC-ENG-018:81fefa93,needs_human_review,,,,,
occupation_alias,CPX-OCC-ENG-018:3a5f99b7,needs_human_review,,,,,
occupation_alias,CPX-OCC-ENG-018:141238b4,needs_human_review,,,,,
occupation_alias,CPX-OCC-ENG-018:eeb92e54,needs_human_review,,,,,
occupation_alias,CPX-OCC-ENG-018:7fbf0243,needs_human_review,,,,,
occupation_alias,CPX-OCC-BOP-009:aedf12ce,needs_human_review,,,,,
occupation_alias,CPX-OCC-BOP-009:aedf12ce,needs_human_review,,,,,
occupation_alias,CPX-OCC-DDA-018:930ec7f5,needs_human_review,,,,,
occupation_alias,CPX-OCC-CBE-013:8fc73e9a,needs_human_review,,,,,
occupation_alias,CPX-OCC-CBE-013:812e2ed0,needs_human_review,,,,,
occupation_alias,CPX-OCC-PPM-011:080cf219,needs_human_review,,,,,
occupation_alias,CPX-OCC-BOP-010:c0395d6a,needs_human_review,,,,,
occupation_alias,CPX-OCC-CBE-009:ca6520d9,needs_human_review,,,,,
occupation_alias,CPX-OCC-BOP-003:b5c4107d,needs_human_review,,,,,
occupation_alias,CPX-OCC-BOP-003:6c912865,needs_human_review,,,,,
occupation_alias,CPX-OCC-BOP-007:4d98ba0f,needs_human_review,,,,,
occupation_alias,CPX-OCC-DDA-014:9c86d0da,needs_human_review,,,,,
occupation_alias,CPX-OCC-BOP-009:d68412b4,needs_human_review,,,,,
occupation_alias,CPX-OCC-BOP-006:3a2932ac,needs_human_review,,,,,
occupation_alias,CPX-OCC-BOP-006:065d1f0d,needs_human_review,,,,,
occupation_alias,CPX-OCC-DDA-017:ba765f2e,needs_human_review,,,,,
occupation_alias,CPX-OCC-PPM-014:8ab351cc,needs_human_review,,,,,
occupation_alias,CPX-OCC-PPM-014:8ab351cc,needs_human_review,,,,,
occupation_alias,CPX-OCC-PPM-014:8ab351cc,needs_human_review,,,,,
occupation_alias,CPX-OCC-PPM-015:091f7ed4,needs_human_review,,,,,
occupation_alias,CPX-OCC-PPM-015:091f7ed4,needs_human_review,,,,,
occupation_alias,CPX-OCC-PPM-003:e522a9da,needs_human_review,,,,,
occupation_alias,CPX-OCC-PPM-014:672a7c0c,needs_human_review,,,,,
occupation_alias,CPX-OCC-BOP-001:63312936,needs_human_review,,,,,
occupation_alias,CPX-OCC-BOP-001:63312936,needs_human_review,,,,,
occupation_alias,CPX-OCC-BOP-001:63312936,needs_human_review,,,,,
occupation_alias,CPX-OCC-BOP-001:63312936,needs_human_review,,,,,
occupation_alias,CPX-OCC-BOP-001:63312936,needs_human_review,,,,,
occupation_alias,CPX-OCC-BOP-001:63312936,needs_human_review,,,,,
occupation_alias,CPX-OCC-BOP-001:63312936,needs_human_review,,,,,
occupation_alias,CPX-OCC-BOP-001:63312936,needs_human_review,,,,,
occupation_alias,CPX-OCC-BOP-001:63312936,needs_human_review,,,,,
occupation_alias,CPX-OCC-BOP-001:63312936,needs_human_review,,,,,
occupation_alias,CPX-OCC-BOP-001:63312936,needs_human_review,,,,,
occupation_alias,CPX-OCC-BOP-001:63312936,needs_human_review,,,,,
occupation_alias,CPX-OCC-BOP-001:63312936,needs_human_review,,,,,
occupation_alias,CPX-OCC-BOP-001:63312936,needs_human_review,,,,,
occupation_alias,CPX-OCC-BOP-001:63312936,needs_human_review,,,,,
occupation_alias,CPX-OCC-BOP-001:63312936,needs_human_review,,,,,
occupation_alias,CPX-OCC-BOP-001:63312936,needs_human_review,,,,,
occupation_alias,CPX-OCC-BOP-001:63312936,needs_human_review,,,,,
occupation_alias,CPX-OCC-BOP-001:63312936,needs_human_review,,,,,
occupation_alias,CPX-OCC-BOP-001:63312936,needs_human_review,,,,,
occupation_alias,CPX-OCC-BOP-001:63312936,needs_human_review,,,,,
occupation_alias,CPX-OCC-BOP-001:63312936,needs_human_review,,,,,
occupation_alias,CPX-OCC-BOP-001:63312936,needs_human_review,,,,,
occupation_alias,CPX-OCC-BOP-001:63312936,needs_human_review,,,,,
occupation_alias,CPX-OCC-BOP-001:63312936,needs_human_review,,,,,
occupation_alias,CPX-OCC-BOP-001:63312936,needs_human_review,,,,,
occupation_alias,CPX-OCC-BOP-001:63312936,needs_human_review,,,,,
occupation_alias,CPX-OCC-BOP-001:63312936,needs_human_review,,,,,
occupation_alias,CPX-OCC-BOP-001:63312936,needs_human_review,,,,,
occupation_alias,CPX-OCC-BOP-001:1fe14037,needs_human_review,,,,,
occupation_alias,CPX-OCC-BOP-001:ca7c4330,needs_human_review,,,,,
occupation_alias,CPX-OCC-BOP-001:13a0e16a,needs_human_review,,,,,
occupation_alias,CPX-OCC-PPM-011:788fa429,needs_human_review,,,,,
occupation_alias,CPX-OCC-BOP-001:c9811eda,needs_human_review,,,,,
occupation_alias,CPX-OCC-BOP-001:6f79d068,needs_human_review,,,,,
occupation_alias,CPX-OCC-BOP-001:e9ff5147,needs_human_review,,,,,
occupation_alias,CPX-OCC-BOP-001:5285bf6b,needs_human_review,,,,,
occupation_alias,CPX-OCC-BOP-001:1ae25910,needs_human_review,,,,,
occupation_alias,CPX-OCC-BOP-001:08b4c45d,needs_human_review,,,,,
occupation_alias,CPX-OCC-BOP-001:73683b09,needs_human_review,,,,,
occupation_alias,CPX-OCC-BOP-001:ae17103e,needs_human_review,,,,,
occupation_alias,CPX-OCC-BOP-001:4288f763,needs_human_review,,,,,
occupation_alias,CPX-OCC-BOP-001:5e03ea56,needs_human_review,,,,,
occupation_alias,CPX-OCC-BOP-001:82027200,needs_human_review,,,,,
occupation_alias,CPX-OCC-BOP-001:400d151c,needs_human_review,,,,,
occupation_alias,CPX-OCC-BOP-001:e15e9f11,needs_human_review,,,,,
occupation_alias,CPX-OCC-BOP-001:a41645ba,needs_human_review,,,,,
occupation_alias,CPX-OCC-BOP-001:4d0efc32,needs_human_review,,,,,
occupation_alias,CPX-OCC-PPM-011:ef12b7a7,needs_human_review,,,,,
occupation_alias,CPX-OCC-BOP-006:5d1b00b3,needs_human_review,,,,,
occupation_alias,CPX-OCC-PPM-014:0c49c66f,needs_human_review,,,,,
occupation_alias,CPX-OCC-PPM-004:84b221f4,needs_human_review,,,,,
occupation_alias,CPX-OCC-PPM-004:84b221f4,needs_human_review,,,,,
occupation_alias,CPX-OCC-PPM-004:84b221f4,needs_human_review,,,,,
occupation_alias,CPX-OCC-PPM-004:84b221f4,needs_human_review,,,,,
occupation_alias,CPX-OCC-BOP-003:994aec61,needs_human_review,,,,,
occupation_alias,CPX-OCC-BOP-005:0fe4dd78,needs_human_review,,,,,
occupation_alias,CPX-OCC-DDA-017:7ba1370e,needs_human_review,,,,,
occupation_alias,CPX-OCC-DDA-017:7ba1370e,needs_human_review,,,,,
occupation_alias,CPX-OCC-DDA-017:7ba1370e,needs_human_review,,,,,
occupation_alias,CPX-OCC-DDA-017:7ba1370e,needs_human_review,,,,,
occupation_alias,CPX-OCC-DDA-017:7ba1370e,needs_human_review,,,,,
occupation_alias,CPX-OCC-DDA-017:7ba1370e,needs_human_review,,,,,
occupation_alias,CPX-OCC-DDA-017:7ba1370e,needs_human_review,,,,,
occupation_alias,CPX-OCC-ENG-018:9ccede17,needs_human_review,,,,,
occupation_alias,CPX-OCC-PPM-003:c4c6b0b7,needs_human_review,,,,,
occupation_alias,CPX-OCC-PPM-003:c4c6b0b7,needs_human_review,,,,,
occupation_alias,CPX-OCC-PPM-003:c4c6b0b7,needs_human_review,,,,,
occupation_alias,CPX-OCC-PPM-003:c4c6b0b7,needs_human_review,,,,,
occupation_alias,CPX-OCC-PPM-003:3bdb44b8,needs_human_review,,,,,
occupation_alias,CPX-OCC-PPM-001:e87830af,needs_human_review,,,,,
occupation_alias,CPX-OCC-PPM-001:e87830af,needs_human_review,,,,,
occupation_alias,CPX-OCC-PPM-001:e87830af,needs_human_review,,,,,
occupation_alias,CPX-OCC-PPM-001:e87830af,needs_human_review,,,,,
occupation_alias,CPX-OCC-PPM-001:e87830af,needs_human_review,,,,,
occupation_alias,CPX-OCC-PPM-001:e87830af,needs_human_review,,,,,
occupation_alias,CPX-OCC-PPM-001:e87830af,needs_human_review,,,,,
occupation_alias,CPX-OCC-PPM-001:e87830af,needs_human_review,,,,,
occupation_alias,CPX-OCC-PPM-001:e87830af,needs_human_review,,,,,
occupation_alias,CPX-OCC-PPM-001:e87830af,needs_human_review,,,,,
occupation_alias,CPX-OCC-PPM-001:e87830af,needs_human_review,,,,,
occupation_alias,CPX-OCC-PPM-001:e87830af,needs_human_review,,,,,
occupation_alias,CPX-OCC-PPM-001:8f45d809,needs_human_review,,,,,
occupation_alias,CPX-OCC-PPM-019:18d74548,needs_human_review,,,,,
occupation_alias,CPX-OCC-PPM-001:bec3e46e,needs_human_review,,,,,
occupation_alias,CPX-OCC-PPM-001:eda88a56,needs_human_review,,,,,
occupation_alias,CPX-OCC-PPM-001:8f5c7411,needs_human_review,,,,,
occupation_alias,CPX-OCC-ENG-018:39fe3bdd,needs_human_review,,,,,
occupation_alias,CPX-OCC-PPM-001:5b2ec0bc,needs_human_review,,,,,
occupation_alias,CPX-OCC-PPM-001:311d2922,needs_human_review,,,,,
occupation_alias,CPX-OCC-PPM-001:120e09d1,needs_human_review,,,,,
occupation_alias,CPX-OCC-PPM-001:fae41f16,needs_human_review,,,,,
occupation_alias,CPX-OCC-PPM-001:6fb6b020,needs_human_review,,,,,
occupation_alias,CPX-OCC-PPM-001:54ff6486,needs_human_review,,,,,
occupation_alias,CPX-OCC-PPM-002:fc5dca85,needs_human_review,,,,,
occupation_alias,CPX-OCC-BOP-007:913a8b96,needs_human_review,,,,,
occupation_alias,CPX-OCC-BOP-007:913a8b96,needs_human_review,,,,,
occupation_alias,CPX-OCC-BOP-007:32afae16,needs_human_review,,,,,
occupation_alias,CPX-OCC-BOP-007:1dd87b73,needs_human_review,,,,,
occupation_alias,CPX-OCC-BOP-009:9ecca308,needs_human_review,,,,,
occupation_alias,CPX-OCC-BOP-009:9ecca308,needs_human_review,,,,,
occupation_alias,CPX-OCC-BOP-009:9ecca308,needs_human_review,,,,,
occupation_alias,CPX-OCC-BOP-009:9ecca308,needs_human_review,,,,,
occupation_alias,CPX-OCC-BOP-009:87fecbdf,needs_human_review,,,,,
occupation_alias,CPX-OCC-PPM-010:6a54edae,needs_human_review,,,,,
occupation_alias,CPX-OCC-PPM-010:1808e424,needs_human_review,,,,,
occupation_alias,CPX-OCC-PPM-010:2bf4ce0a,needs_human_review,,,,,
occupation_alias,CPX-OCC-PPM-010:a4726c1c,needs_human_review,,,,,
occupation_alias,CPX-OCC-PPM-010:20508d03,needs_human_review,,,,,
occupation_alias,CPX-OCC-PPM-010:1c0496ff,needs_human_review,,,,,
occupation_alias,CPX-OCC-PPM-010:9cb9cf09,needs_human_review,,,,,
occupation_alias,CPX-OCC-PPM-010:18883f07,needs_human_review,,,,,
occupation_alias,CPX-OCC-PPM-011:6a4890bd,needs_human_review,,,,,
occupation_alias,CPX-OCC-BOP-006:b23b7524,needs_human_review,,,,,
occupation_alias,CPX-OCC-BOP-010:ca6cbd33,needs_human_review,,,,,
occupation_alias,CPX-OCC-BOP-010:ca6cbd33,needs_human_review,,,,,
occupation_alias,CPX-OCC-BOP-010:ca6cbd33,needs_human_review,,,,,
occupation_alias,CPX-OCC-BOP-010:ca6cbd33,needs_human_review,,,,,
occupation_alias,CPX-OCC-BOP-010:ca6cbd33,needs_human_review,,,,,
occupation_alias,CPX-OCC-BOP-010:ca6cbd33,needs_human_review,,,,,
occupation_alias,CPX-OCC-BOP-010:ca6cbd33,needs_human_review,,,,,
occupation_alias,CPX-OCC-BOP-010:ca6cbd33,needs_human_review,,,,,
occupation_alias,CPX-OCC-BOP-010:ca6cbd33,needs_human_review,,,,,
occupation_alias,CPX-OCC-BOP-010:ca6cbd33,needs_human_review,,,,,
occupation_alias,CPX-OCC-BOP-010:ca6cbd33,needs_human_review,,,,,
occupation_alias,CPX-OCC-BOP-010:ca6cbd33,needs_human_review,,,,,
occupation_alias,CPX-OCC-BOP-010:ca6cbd33,needs_human_review,,,,,
occupation_alias,CPX-OCC-BOP-010:ca6cbd33,needs_human_review,,,,,
occupation_alias,CPX-OCC-BOP-010:ca6cbd33,needs_human_review,,,,,
occupation_alias,CPX-OCC-BOP-010:ca6cbd33,needs_human_review,,,,,
occupation_alias,CPX-OCC-BOP-010:ca6cbd33,needs_human_review,,,,,
occupation_alias,CPX-OCC-BOP-010:ca6cbd33,needs_human_review,,,,,
occupation_alias,CPX-OCC-BOP-010:ca6cbd33,needs_human_review,,,,,
occupation_alias,CPX-OCC-BOP-010:ca6cbd33,needs_human_review,,,,,
occupation_alias,CPX-OCC-BOP-010:ca6cbd33,needs_human_review,,,,,
occupation_alias,CPX-OCC-BOP-010:e1c23c81,needs_human_review,,,,,
occupation_alias,CPX-OCC-BOP-010:b0a2b65b,needs_human_review,,,,,
occupation_alias,CPX-OCC-BOP-010:410e0d57,needs_human_review,,,,,
occupation_alias,CPX-OCC-BOP-010:410e0d57,needs_human_review,,,,,
occupation_alias,CPX-OCC-BOP-010:2e27f857,needs_human_review,,,,,
occupation_alias,CPX-OCC-BOP-010:1c3b83e0,needs_human_review,,,,,
occupation_alias,CPX-OCC-BOP-010:5d67c144,needs_human_review,,,,,
occupation_alias,CPX-OCC-BOP-009:c69b586b,needs_human_review,,,,,
occupation_alias,CPX-OCC-BOP-010:24399ab2,needs_human_review,,,,,
occupation_alias,CPX-OCC-BOP-010:f5a4d943,needs_human_review,,,,,
occupation_alias,CPX-OCC-BOP-010:9ee6cf96,needs_human_review,,,,,
occupation_alias,CPX-OCC-BOP-010:2603645b,needs_human_review,,,,,
occupation_alias,CPX-OCC-BOP-010:ac1dfd51,needs_human_review,,,,,
occupation_alias,CPX-OCC-BOP-010:d3fa7b05,needs_human_review,,,,,
occupation_alias,CPX-OCC-BOP-010:ee334232,needs_human_review,,,,,
occupation_alias,CPX-OCC-BOP-010:8f1d1a88,needs_human_review,,,,,
occupation_alias,CPX-OCC-BOP-010:49f1a114,needs_human_review,,,,,
occupation_alias,CPX-OCC-BOP-010:0fb02281,needs_human_review,,,,,
occupation_alias,CPX-OCC-BOP-010:8379070a,needs_human_review,,,,,
occupation_alias,CPX-OCC-BOP-010:0cf94a39,needs_human_review,,,,,
occupation_alias,CPX-OCC-BOP-010:0ea34f6f,needs_human_review,,,,,
occupation_alias,CPX-OCC-BOP-010:ab2a650a,needs_human_review,,,,,
occupation_alias,CPX-OCC-BOP-010:a92c2848,needs_human_review,,,,,
occupation_alias,CPX-OCC-BOP-010:ee563287,needs_human_review,,,,,
occupation_alias,CPX-OCC-BOP-010:e8ce4339,needs_human_review,,,,,
occupation_alias,CPX-OCC-CBE-007:1c40c2a0,needs_human_review,,,,,
occupation_alias,CPX-OCC-BOP-009:b2e1342e,needs_human_review,,,,,
occupation_alias,CPX-OCC-CBE-002:dc09a75e,needs_human_review,,,,,
occupation_alias,CPX-OCC-CBE-002:21c96601,needs_human_review,,,,,
occupation_alias,CPX-OCC-CBE-002:21c96601,needs_human_review,,,,,
occupation_alias,CPX-OCC-CBE-002:21c96601,needs_human_review,,,,,
occupation_alias,CPX-OCC-CBE-002:21c96601,needs_human_review,,,,,
occupation_alias,CPX-OCC-CBE-002:21c96601,needs_human_review,,,,,
occupation_alias,CPX-OCC-CBE-002:21c96601,needs_human_review,,,,,
occupation_alias,CPX-OCC-CBE-002:21c96601,needs_human_review,,,,,
occupation_alias,CPX-OCC-CBE-002:21c96601,needs_human_review,,,,,
occupation_alias,CPX-OCC-CBE-002:f291dde1,needs_human_review,,,,,
occupation_alias,CPX-OCC-CBE-002:d21fcf1a,needs_human_review,,,,,
occupation_alias,CPX-OCC-CBE-002:e6358956,needs_human_review,,,,,
occupation_alias,CPX-OCC-CBE-002:9b88e5b7,needs_human_review,,,,,
occupation_alias,CPX-OCC-CBE-001:830fa396,needs_human_review,,,,,
occupation_alias,CPX-OCC-CBE-002:53d6a5ab,needs_human_review,,,,,
occupation_alias,CPX-OCC-CBE-002:56bdddde,needs_human_review,,,,,
occupation_alias,CPX-OCC-CBE-002:1ddbd4f3,needs_human_review,,,,,
occupation_alias,CPX-OCC-BOP-001:7fb4605c,needs_human_review,,,,,
occupation_alias,CPX-OCC-BOP-010:f22e1893,needs_human_review,,,,,
occupation_alias,CPX-OCC-CBE-008:f0125380,needs_human_review,,,,,
occupation_alias,CPX-OCC-BOP-009:151ab91c,needs_human_review,,,,,
occupation_alias,CPX-OCC-PPM-015:2d486410,needs_human_review,,,,,
occupation_alias,CPX-OCC-BOP-009:e62053a3,needs_human_review,,,,,
occupation_alias,CPX-OCC-CBE-013:21ea5a9b,needs_human_review,,,,,
occupation_alias,CPX-OCC-BOP-006:cff1bc09,needs_human_review,,,,,
occupation_alias,CPX-OCC-PPM-001:6a981ec9,needs_human_review,,,,,
occupation_alias,CPX-OCC-ENE-013:32035bc5,needs_human_review,,,,,
occupation_alias,CPX-OCC-BOP-007:5e274e81,needs_human_review,,,,,
occupation_alias,CPX-OCC-BOP-009:2f7d85d6,needs_human_review,,,,,
occupation_alias,CPX-OCC-ENE-010:04c840b8,needs_human_review,,,,,
occupation_alias,CPX-OCC-PPM-020:ec0b03c7,excluded_from_exact_matching,,,,,
occupation_alias,CPX-OCC-PPM-020:ec0b03c7,excluded_from_exact_matching,,,,,
occupation_alias,CPX-OCC-BOP-001:ec0b03c7,excluded_from_exact_matching,,,,,
occupation_alias,CPX-OCC-BOP-001:ec0b03c7,excluded_from_exact_matching,,,,,
occupation_alias,CPX-OCC-BOP-001:ec0b03c7,excluded_from_exact_matching,,,,,
occupation_alias,CPX-OCC-BOP-010:ec0b03c7,excluded_from_exact_matching,,,,,
occupation_alias,CPX-OCC-BOP-010:ec0b03c7,excluded_from_exact_matching,,,,,
occupation_alias,CPX-OCC-ENG-018:ec0b03c7,excluded_from_exact_matching,,,,,
occupation_alias,CPX-OCC-ENG-018:ec0b03c7,excluded_from_exact_matching,,,,,
occupation_alias,CPX-OCC-ENG-018:ec0b03c7,excluded_from_exact_matching,,,,,
occupation_alias,CPX-OCC-ENG-018:ec0b03c7,excluded_from_exact_matching,,,,,
occupation_alias,CPX-OCC-ENG-018:ec0b03c7,excluded_from_exact_matching,,,,,
occupation_alias,CPX-OCC-ENG-018:ec0b03c7,excluded_from_exact_matching,,,,,
occupation_alias,CPX-OCC-ENG-018:ec0b03c7,excluded_from_exact_matching,,,,,
occupation_alias,CPX-OCC-ENG-018:ec0b03c7,excluded_from_exact_matching,,,,,
occupation_alias,CPX-OCC-ENG-018:ec0b03c7,excluded_from_exact_matching,,,,,
occupation_alias,CPX-OCC-ENG-018:ec0b03c7,excluded_from_exact_matching,,,,,
occupation_alias,CPX-OCC-ENG-018:ec0b03c7,excluded_from_exact_matching,,,,,
occupation_alias,CPX-OCC-ENG-018:ec0b03c7,excluded_from_exact_matching,,,,,
occupation_alias,CPX-OCC-ENG-018:ec0b03c7,excluded_from_exact_matching,,,,,
occupation_alias,CPX-OCC-ENG-018:ec0b03c7,excluded_from_exact_matching,,,,,
occupation_alias,CPX-OCC-ENG-018:ec0b03c7,excluded_from_exact_matching,,,,,
occupation_alias,CPX-OCC-ENG-018:ec0b03c7,excluded_from_exact_matching,,,,,
occupation_alias,CPX-OCC-CBE-002:ec0b03c7,excluded_from_exact_matching,,,,,
occupation_alias,CPX-OCC-BOP-009:ec0b03c7,excluded_from_exact_matching,,,,,
occupation_alias,CPX-OCC-CBE-011:4b216a91,excluded_from_exact_matching,,,,,
occupation_alias,CPX-OCC-CBE-008:4b216a91,excluded_from_exact_matching,,,,,
occupation_alias,CPX-OCC-CBE-008:4b216a91,excluded_from_exact_matching,,,,,
occupation_alias,CPX-OCC-ENG-018:4b216a91,excluded_from_exact_matching,,,,,
occupation_alias,CPX-OCC-ENG-018:4b216a91,excluded_from_exact_matching,,,,,
occupation_alias,CPX-OCC-ENG-018:4b216a91,excluded_from_exact_matching,,,,,
occupation_alias,CPX-OCC-ENG-018:4b216a91,excluded_from_exact_matching,,,,,
occupation_alias,CPX-OCC-ENG-018:4b216a91,excluded_from_exact_matching,,,,,
occupation_alias,CPX-OCC-ENG-018:4b216a91,excluded_from_exact_matching,,,,,
occupation_alias,CPX-OCC-ENG-018:4b216a91,excluded_from_exact_matching,,,,,
occupation_alias,CPX-OCC-ENG-018:4b216a91,excluded_from_exact_matching,,,,,
occupation_alias,CPX-OCC-PPM-018:4b216a91,excluded_from_exact_matching,,,,,
occupation_alias,CPX-OCC-PPM-018:4b216a91,excluded_from_exact_matching,,,,,
occupation_alias,CPX-OCC-PPM-018:4b216a91,excluded_from_exact_matching,,,,,
occupation_alias,CPX-OCC-PPM-018:4b216a91,excluded_from_exact_matching,,,,,
occupation_alias,CPX-OCC-PPM-020:4b216a91,excluded_from_exact_matching,,,,,
occupation_alias,CPX-OCC-PPM-020:4b216a91,excluded_from_exact_matching,,,,,
occupation_alias,CPX-OCC-PPM-020:4b216a91,excluded_from_exact_matching,,,,,
occupation_alias,CPX-OCC-PPM-020:4b216a91,excluded_from_exact_matching,,,,,
occupation_alias,CPX-OCC-CBE-008:f5f031cd,excluded_from_exact_matching,,,,,
occupation_alias,CPX-OCC-PPM-018:f5f031cd,excluded_from_exact_matching,,,,,
occupation_alias,CPX-OCC-PPM-020:f5f031cd,excluded_from_exact_matching,,,,,
occupation_alias,CPX-OCC-PPM-020:f5f031cd,excluded_from_exact_matching,,,,,
occupation_alias,CPX-OCC-ENG-018:2fc26cf9,excluded_from_exact_matching,,,,,
occupation_alias,CPX-OCC-ENG-018:2fc26cf9,excluded_from_exact_matching,,,,,
occupation_alias,CPX-OCC-ENG-018:2fc26cf9,excluded_from_exact_matching,,,,,
occupation_alias,CPX-OCC-PPM-018:2fc26cf9,excluded_from_exact_matching,,,,,
occupation_alias,CPX-OCC-ENG-018:a0fa1e9a,excluded_from_exact_matching,,,,,
occupation_alias,CPX-OCC-ENG-018:a0fa1e9a,excluded_from_exact_matching,,,,,
occupation_alias,CPX-OCC-BOP-010:a0fa1e9a,excluded_from_exact_matching,,,,,
occupation_alias,CPX-OCC-BOP-010:a0fa1e9a,excluded_from_exact_matching,,,,,
occupation_alias,CPX-OCC-BOP-001:1a918d10,excluded_from_exact_matching,,,,,
occupation_alias,CPX-OCC-ENG-018:1a918d10,excluded_from_exact_matching,,,,,
occupation_alias,CPX-OCC-ENG-018:1a918d10,excluded_from_exact_matching,,,,,
occupation_alias,CPX-OCC-ENG-018:1a918d10,excluded_from_exact_matching,,,,,
occupation_alias,CPX-OCC-ENG-018:1a918d10,excluded_from_exact_matching,,,,,
occupation_alias,CPX-OCC-ENG-018:1a918d10,excluded_from_exact_matching,,,,,
occupation_alias,CPX-OCC-PPM-018:1a918d10,excluded_from_exact_matching,,,,,
occupation_alias,CPX-OCC-PPM-018:1a918d10,excluded_from_exact_matching,,,,,
occupation_alias,CPX-OCC-PPM-018:1a918d10,excluded_from_exact_matching,,,,,
occupation_alias,CPX-OCC-PPM-020:1a918d10,excluded_from_exact_matching,,,,,
occupation_alias,CPX-OCC-PPM-020:1a918d10,excluded_from_exact_matching,,,,,
occupation_alias,CPX-OCC-PPM-020:1a918d10,excluded_from_exact_matching,,,,,
occupation_alias,CPX-OCC-PPM-018:1a918d10,excluded_from_exact_matching,,,,,
occupation_alias,CPX-OCC-ENG-018:4fe4f6ba,excluded_from_exact_matching,,,,,
occupation_alias,CPX-OCC-ENG-018:4fe4f6ba,excluded_from_exact_matching,,,,,
occupation_alias,CPX-OCC-ENG-018:4fe4f6ba,excluded_from_exact_matching,,,,,
occupation_alias,CPX-OCC-ENG-018:4fe4f6ba,excluded_from_exact_matching,,,,,
occupation_alias,CPX-OCC-ENG-018:4fe4f6ba,excluded_from_exact_matching,,,,,
occupation_alias,CPX-OCC-ENG-018:4fe4f6ba,excluded_from_exact_matching,,,,,
occupation_alias,CPX-OCC-ENG-018:4fe4f6ba,excluded_from_exact_matching,,,,,
occupation_alias,CPX-OCC-ENG-018:4fe4f6ba,excluded_from_exact_matching,,,,,
occupation_alias,CPX-OCC-ENG-018:4fe4f6ba,excluded_from_exact_matching,,,,,
occupation_alias,CPX-OCC-PPM-017:4fe4f6ba,excluded_from_exact_matching,,,,,
occupation_alias,CPX-OCC-PPM-018:4fe4f6ba,excluded_from_exact_matching,,,,,
occupation_alias,CPX-OCC-PPM-018:4fe4f6ba,excluded_from_exact_matching,,,,,
occupation_alias,CPX-OCC-PPM-018:4fe4f6ba,excluded_from_exact_matching,,,,,
occupation_alias,CPX-OCC-PPM-018:4fe4f6ba,excluded_from_exact_matching,,,,,
occupation_alias,CPX-OCC-PPM-018:4fe4f6ba,excluded_from_exact_matching,,,,,
occupation_alias,CPX-OCC-PPM-018:4fe4f6ba,excluded_from_exact_matching,,,,,
occupation_alias,CPX-OCC-PPM-018:4fe4f6ba,excluded_from_exact_matching,,,,,
occupation_alias,CPX-OCC-PPM-018:4fe4f6ba,excluded_from_exact_matching,,,,,
occupation_alias,CPX-OCC-PPM-018:4fe4f6ba,excluded_from_exact_matching,,,,,
occupation_alias,CPX-OCC-PPM-020:4fe4f6ba,excluded_from_exact_matching,,,,,
occupation_alias,CPX-OCC-ENG-018:025be445,excluded_from_exact_matching,,,,,
occupation_alias,CPX-OCC-PPM-017:025be445,excluded_from_exact_matching,,,,,
occupation_alias,CPX-OCC-PPM-018:025be445,excluded_from_exact_matching,,,,,
occupation_alias,CPX-OCC-PPM-018:025be445,excluded_from_exact_matching,,,,,
occupation_alias,CPX-OCC-PPM-018:025be445,excluded_from_exact_matching,,,,,
occupation_alias,CPX-OCC-PPM-018:025be445,excluded_from_exact_matching,,,,,
occupation_alias,CPX-OCC-CBE-009:e78cc8a3,excluded_from_exact_matching,,,,,
occupation_alias,CPX-OCC-PPM-020:e78cc8a3,excluded_from_exact_matching,,,,,
occupation_alias,CPX-OCC-PPM-020:e78cc8a3,excluded_from_exact_matching,,,,,
occupation_alias,CPX-OCC-PPM-020:e78cc8a3,excluded_from_exact_matching,,,,,
occupation_alias,CPX-OCC-PPM-020:e78cc8a3,excluded_from_exact_matching,,,,,
occupation_alias,CPX-OCC-PPM-020:e78cc8a3,excluded_from_exact_matching,,,,,
occupation_alias,CPX-OCC-PPM-020:e78cc8a3,excluded_from_exact_matching,,,,,
occupation_alias,CPX-OCC-BOP-009:e78cc8a3,excluded_from_exact_matching,,,,,
occupation_alias,CPX-OCC-BOP-001:e78cc8a3,excluded_from_exact_matching,,,,,
occupation_alias,CPX-OCC-BOP-001:e78cc8a3,excluded_from_exact_matching,,,,,
occupation_alias,CPX-OCC-BOP-010:e78cc8a3,excluded_from_exact_matching,,,,,
occupation_alias,CPX-OCC-BOP-010:e78cc8a3,excluded_from_exact_matching,,,,,
occupation_alias,CPX-OCC-BOP-010:e78cc8a3,excluded_from_exact_matching,,,,,
occupation_alias,CPX-OCC-CBE-002:e78cc8a3,excluded_from_exact_matching,,,,,
occupation_alias,CPX-OCC-ENG-018:e78cc8a3,excluded_from_exact_matching,,,,,
occupation_alias,CPX-OCC-ENG-018:e78cc8a3,excluded_from_exact_matching,,,,,
occupation_alias,CPX-OCC-ENG-018:e78cc8a3,excluded_from_exact_matching,,,,,
occupation_alias,CPX-OCC-ENG-018:e78cc8a3,excluded_from_exact_matching,,,,,
occupation_alias,CPX-OCC-ENG-018:e78cc8a3,excluded_from_exact_matching,,,,,
occupation_alias,CPX-OCC-ENG-018:e78cc8a3,excluded_from_exact_matching,,,,,
occupation_alias,CPX-OCC-ENG-018:e78cc8a3,excluded_from_exact_matching,,,,,
occupation_alias,CPX-OCC-ENG-018:e78cc8a3,excluded_from_exact_matching,,,,,
occupation_alias,CPX-OCC-ENG-018:e78cc8a3,excluded_from_exact_matching,,,,,
occupation_alias,CPX-OCC-ENG-018:e78cc8a3,excluded_from_exact_matching,,,,,
occupation_alias,CPX-OCC-ENG-018:e78cc8a3,excluded_from_exact_matching,,,,,
occupation_alias,CPX-OCC-ENG-018:e78cc8a3,excluded_from_exact_matching,,,,,
occupation_alias,CPX-OCC-ENG-018:e78cc8a3,excluded_from_exact_matching,,,,,
occupation_alias,CPX-OCC-ENG-018:e78cc8a3,excluded_from_exact_matching,,,,,
occupation_alias,CPX-OCC-ENG-018:e78cc8a3,excluded_from_exact_matching,,,,,
occupation_alias,CPX-OCC-PPM-018:e78cc8a3,excluded_from_exact_matching,,,,,
occupation_alias,CPX-OCC-PPM-018:e78cc8a3,excluded_from_exact_matching,,,,,
occupation_alias,CPX-OCC-PPM-018:e78cc8a3,excluded_from_exact_matching,,,,,
occupation_alias,CPX-OCC-PPM-018:e78cc8a3,excluded_from_exact_matching,,,,,
occupation_alias,CPX-OCC-PPM-018:e78cc8a3,excluded_from_exact_matching,,,,,
occupation_alias,CPX-OCC-PPM-018:e78cc8a3,excluded_from_exact_matching,,,,,
occupation_alias,CPX-OCC-PPM-018:e78cc8a3,excluded_from_exact_matching,,,,,
occupation_alias,CPX-OCC-PPM-018:e78cc8a3,excluded_from_exact_matching,,,,,
occupation_alias,CPX-OCC-PPM-018:e78cc8a3,excluded_from_exact_matching,,,,,
occupation_alias,CPX-OCC-PPM-018:e78cc8a3,excluded_from_exact_matching,,,,,
occupation_alias,CPX-OCC-PPM-018:e78cc8a3,excluded_from_exact_matching,,,,,
occupation_alias,CPX-OCC-PPM-018:e78cc8a3,excluded_from_exact_matching,,,,,
occupation_alias,CPX-OCC-PPM-018:e78cc8a3,excluded_from_exact_matching,,,,,
occupation_alias,CPX-OCC-PPM-018:e78cc8a3,excluded_from_exact_matching,,,,,
occupation_alias,CPX-OCC-PPM-018:e78cc8a3,excluded_from_exact_matching,,,,,
occupation_alias,CPX-OCC-PPM-018:e78cc8a3,excluded_from_exact_matching,,,,,
occupation_alias,CPX-OCC-PPM-018:e78cc8a3,excluded_from_exact_matching,,,,,
occupation_alias,CPX-OCC-PPM-018:e78cc8a3,excluded_from_exact_matching,,,,,
occupation_alias,CPX-OCC-PPM-018:e78cc8a3,excluded_from_exact_matching,,,,,
occupation_alias,CPX-OCC-PPM-018:e78cc8a3,excluded_from_exact_matching,,,,,
occupation_alias,CPX-OCC-BOP-010:e78cc8a3,excluded_from_exact_matching,,,,,
occupation_alias,CPX-OCC-BOP-010:e78cc8a3,excluded_from_exact_matching,,,,,
occupation_alias,CPX-OCC-BOP-010:e78cc8a3,excluded_from_exact_matching,,,,,
occupation_alias,CPX-OCC-CBE-002:e78cc8a3,excluded_from_exact_matching,,,,,
occupation_alias,CPX-OCC-CBE-009:e78cc8a3,excluded_from_exact_matching,,,,,
occupation_alias,CPX-OCC-BOP-004:adf299fd,excluded_from_exact_matching,,,,,
occupation_alias,CPX-OCC-BOP-006:adf299fd,excluded_from_exact_matching,,,,,
occupation_alias,CPX-OCC-BOP-006:adf299fd,excluded_from_exact_matching,,,,,
occupation_alias,CPX-OCC-BOP-006:adf299fd,excluded_from_exact_matching,,,,,
occupation_alias,CPX-OCC-BOP-001:adf299fd,excluded_from_exact_matching,,,,,
occupation_alias,CPX-OCC-BOP-006:adf299fd,excluded_from_exact_matching,,,,,
occupation_alias,CPX-OCC-PPM-012:bbf24f40,excluded_from_exact_matching,,,,,
occupation_alias,CPX-OCC-BOP-001:bbf24f40,excluded_from_exact_matching,,,,,
occupation_alias,CPX-OCC-BOP-001:bbf24f40,excluded_from_exact_matching,,,,,
occupation_alias,CPX-OCC-ENG-018:bbf24f40,excluded_from_exact_matching,,,,,
occupation_alias,CPX-OCC-ENG-018:bbf24f40,excluded_from_exact_matching,,,,,
occupation_alias,CPX-OCC-ENG-018:bbf24f40,excluded_from_exact_matching,,,,,
occupation_alias,CPX-OCC-BOP-001:bbf24f40,excluded_from_exact_matching,,,,,
occupation_alias,CPX-OCC-PPM-015:7c4df0e1,excluded_from_exact_matching,,,,,
occupation_alias,CPX-OCC-PPM-015:7c4df0e1,excluded_from_exact_matching,,,,,
occupation_alias,CPX-OCC-PPM-015:7c4df0e1,excluded_from_exact_matching,,,,,
occupation_alias,CPX-OCC-BOP-001:7c4df0e1,excluded_from_exact_matching,,,,,
occupation_alias,CPX-OCC-BOP-001:7c4df0e1,excluded_from_exact_matching,,,,,
occupation_alias,CPX-OCC-BOP-001:7c4df0e1,excluded_from_exact_matching,,,,,
occupation_alias,CPX-OCC-BOP-001:7c4df0e1,excluded_from_exact_matching,,,,,
occupation_alias,CPX-OCC-BOP-001:7c4df0e1,excluded_from_exact_matching,,,,,
occupation_alias,CPX-OCC-BOP-001:7c4df0e1,excluded_from_exact_matching,,,,,
occupation_alias,CPX-OCC-BOP-001:7c4df0e1,excluded_from_exact_matching,,,,,
occupation_alias,CPX-OCC-BOP-003:7c4df0e1,excluded_from_exact_matching,,,,,
occupation_alias,CPX-OCC-BOP-010:7c4df0e1,excluded_from_exact_matching,,,,,
occupation_alias,CPX-OCC-ENG-018:7c4df0e1,excluded_from_exact_matching,,,,,
occupation_alias,CPX-OCC-ENG-018:7c4df0e1,excluded_from_exact_matching,,,,,
occupation_alias,CPX-OCC-ENG-018:7c4df0e1,excluded_from_exact_matching,,,,,
occupation_alias,CPX-OCC-ENG-018:7c4df0e1,excluded_from_exact_matching,,,,,
occupation_alias,CPX-OCC-ENG-018:7c4df0e1,excluded_from_exact_matching,,,,,
occupation_alias,CPX-OCC-ENG-018:7c4df0e1,excluded_from_exact_matching,,,,,
occupation_alias,CPX-OCC-ENG-018:7c4df0e1,excluded_from_exact_matching,,,,,
occupation_alias,CPX-OCC-ENG-018:7c4df0e1,excluded_from_exact_matching,,,,,
occupation_alias,CPX-OCC-ENG-018:7c4df0e1,excluded_from_exact_matching,,,,,
occupation_alias,CPX-OCC-ENG-018:7c4df0e1,excluded_from_exact_matching,,,,,
occupation_alias,CPX-OCC-PPM-018:7c4df0e1,excluded_from_exact_matching,,,,,
occupation_alias,CPX-OCC-PPM-018:7c4df0e1,excluded_from_exact_matching,,,,,
occupation_alias,CPX-OCC-PPM-018:7c4df0e1,excluded_from_exact_matching,,,,,
occupation_alias,CPX-OCC-PPM-018:7c4df0e1,excluded_from_exact_matching,,,,,
occupation_alias,CPX-OCC-PPM-015:7c4df0e1,excluded_from_exact_matching,,,,,
occupation_alias,CPX-OCC-PPM-015:7c4df0e1,excluded_from_exact_matching,,,,,
occupation_alias,CPX-OCC-PPM-015:7c4df0e1,excluded_from_exact_matching,,,,,
occupation_alias,CPX-OCC-BOP-010:7c4df0e1,excluded_from_exact_matching,,,,,
occupation_alias,CPX-OCC-CBE-002:7c4df0e1,excluded_from_exact_matching,,,,,
occupation_alias,CPX-OCC-BOP-001:7c4df0e1,excluded_from_exact_matching,,,,,
occupation_alias,CPX-OCC-PPM-020:7c4df0e1,excluded_from_exact_matching,,,,,
occupation_alias,CPX-OCC-BOP-001:ef386af9,excluded_from_exact_matching,,,,,
occupation_alias,CPX-OCC-BOP-001:ef386af9,excluded_from_exact_matching,,,,,
occupation_alias,CPX-OCC-ENG-018:ef386af9,excluded_from_exact_matching,,,,,
occupation_alias,CPX-OCC-ENG-018:ef386af9,excluded_from_exact_matching,,,,,
occupation_alias,CPX-OCC-PPM-015:ef386af9,excluded_from_exact_matching,,,,,
occupation_alias,CPX-OCC-BOP-010:ef386af9,excluded_from_exact_matching,,,,,
occupation_alias,CPX-OCC-CBE-002:ef386af9,excluded_from_exact_matching,,,,,
occupation_alias,CPX-OCC-ENG-013:e7378d33,needs_human_review,,,,,
occupation_alias,CPX-OCC-DDA-020:338cc18f,needs_human_review,,,,,
occupation_alias,CPX-OCC-ENG-013:cd155cab,excluded_from_exact_matching,,,,,
occupation_alias,CPX-OCC-CBE-003:15eae2d0,needs_human_review,,,,,
occupation_alias,CPX-OCC-ENG-001:9d3b4f59,needs_human_review,,,,,
occupation_alias,CPX-OCC-ENG-001:9d3b4f59,needs_human_review,,,,,
occupation_alias,CPX-OCC-ENG-012:352df469,needs_human_review,,,,,
occupation_alias,CPX-OCC-ENG-012:1828b56a,needs_human_review,,,,,
occupation_alias,CPX-OCC-ENG-012:425f551a,needs_human_review,,,,,
occupation_alias,CPX-OCC-ENG-012:69c4ee4d,needs_human_review,,,,,
occupation_alias,CPX-OCC-ENG-012:7557eb6b,needs_human_review,,,,,
occupation_alias,CPX-OCC-ENG-012:0c580b13,needs_human_review,,,,,
occupation_alias,CPX-OCC-ENG-012:c46dd437,excluded_from_exact_matching,,,,,
occupation_alias,CPX-OCC-ENG-011:c46dd437,excluded_from_exact_matching,,,,,
occupation_alias,CPX-OCC-ENG-011:c46dd437,excluded_from_exact_matching,,,,,
occupation_alias,CPX-OCC-ENG-001:c46dd437,excluded_from_exact_matching,,,,,
occupation_alias,CPX-OCC-CBE-011:dcb5facf,excluded_from_exact_matching,,,,,
occupation_alias,CPX-OCC-ENG-002:dcb5facf,excluded_from_exact_matching,,,,,
occupation_alias,CPX-OCC-ENG-001:dcb5facf,excluded_from_exact_matching,,,,,
occupation_alias,CPX-OCC-ENG-012:0869f4c9,needs_human_review,,,,,
occupation_alias,CPX-OCC-ENG-012:241c0a31,needs_human_review,,,,,
occupation_alias,CPX-OCC-ENG-012:03d938d6,needs_human_review,,,,,
occupation_alias,CPX-OCC-ENG-018:fb6673f6,excluded_from_exact_matching,,,,,
occupation_alias,CPX-OCC-PPM-018:fb6673f6,excluded_from_exact_matching,,,,,
occupation_alias,CPX-OCC-PPM-020:9e9d660c,needs_human_review,,,,,
occupation_alias,CPX-OCC-PPM-011:1883692b,excluded_from_exact_matching,,,,,
occupation_alias,CPX-OCC-DDA-017:1883692b,excluded_from_exact_matching,,,,,
occupation_alias,CPX-OCC-ENG-018:1883692b,excluded_from_exact_matching,,,,,
occupation_alias,CPX-OCC-BOP-010:1883692b,excluded_from_exact_matching,,,,,
occupation_alias,CPX-OCC-BOP-001:1883692b,excluded_from_exact_matching,,,,,
occupation_alias,CPX-OCC-BOP-001:1883692b,excluded_from_exact_matching,,,,,
occupation_alias,CPX-OCC-PPM-020:5371b277,needs_human_review,,,,,
occupation_alias,CPX-OCC-DDA-017:0104daf2,excluded_from_exact_matching,,,,,
occupation_alias,CPX-OCC-ENG-018:0104daf2,excluded_from_exact_matching,,,,,
occupation_alias,CPX-OCC-BOP-010:0104daf2,excluded_from_exact_matching,,,,,
occupation_alias,CPX-OCC-BOP-001:0104daf2,excluded_from_exact_matching,,,,,
occupation_alias,CPX-OCC-BOP-001:0104daf2,excluded_from_exact_matching,,,,,
occupation_alias,CPX-OCC-PPM-020:34476de6,excluded_from_exact_matching,,,,,
occupation_alias,CPX-OCC-PPM-020:34476de6,excluded_from_exact_matching,,,,,
occupation_alias,CPX-OCC-PPM-020:34476de6,excluded_from_exact_matching,,,,,
occupation_alias,CPX-OCC-PPM-020:34476de6,excluded_from_exact_matching,,,,,
occupation_alias,CPX-OCC-PPM-020:34476de6,excluded_from_exact_matching,,,,,
occupation_alias,CPX-OCC-PPM-020:34476de6,excluded_from_exact_matching,,,,,
occupation_alias,CPX-OCC-PPM-018:34476de6,excluded_from_exact_matching,,,,,
occupation_alias,CPX-OCC-PPM-018:34476de6,excluded_from_exact_matching,,,,,
occupation_alias,CPX-OCC-PPM-018:34476de6,excluded_from_exact_matching,,,,,
occupation_alias,CPX-OCC-PPM-020:34476de6,excluded_from_exact_matching,,,,,
occupation_alias,CPX-OCC-PPM-017:72e049f0,needs_human_review,,,,,
occupation_alias,CPX-OCC-ENG-003:3ee4a171,needs_human_review,,,,,
occupation_alias,CPX-OCC-ENG-003:7848e53e,needs_human_review,,,,,
occupation_alias,CPX-OCC-ENG-013:19983d03,needs_human_review,,,,,
occupation_alias,CPX-OCC-ENG-001:647e366c,needs_human_review,,,,,
occupation_alias,CPX-OCC-ENG-001:647e366c,needs_human_review,,,,,
occupation_alias,CPX-OCC-ENG-001:647e366c,needs_human_review,,,,,
occupation_alias,CPX-OCC-ENG-003:02cbb0d9,needs_human_review,,,,,
occupation_alias,CPX-OCC-ENG-003:e6e6e1e3,needs_human_review,,,,,
occupation_alias,CPX-OCC-ENG-003:0fd2b8af,needs_human_review,,,,,
occupation_alias,CPX-OCC-ENG-015:01bf37fa,needs_human_review,,,,,
occupation_alias,CPX-OCC-ENG-015:6c7f54ce,needs_human_review,,,,,
occupation_alias,CPX-OCC-ENG-013:597a670d,needs_human_review,,,,,
occupation_alias,CPX-OCC-ENG-013:597a670d,needs_human_review,,,,,
occupation_alias,CPX-OCC-ENG-013:2b8a0d3d,needs_human_review,,,,,
occupation_alias,CPX-OCC-ENG-013:2b8a0d3d,needs_human_review,,,,,
occupation_alias,CPX-OCC-ENG-013:4e1adb44,needs_human_review,,,,,
occupation_alias,CPX-OCC-ENG-013:6e4bbf09,needs_human_review,,,,,
occupation_alias,CPX-OCC-ENG-013:c3cb3fc9,needs_human_review,,,,,
occupation_alias,CPX-OCC-ENG-013:40dbd6de,needs_human_review,,,,,
occupation_alias,CPX-OCC-ENG-016:eadd0755,needs_human_review,,,,,
occupation_alias,CPX-OCC-ENG-013:6ef27963,needs_human_review,,,,,
occupation_alias,CPX-OCC-CBE-011:ffc8ef58,excluded_from_exact_matching,,,,,
occupation_alias,CPX-OCC-ENG-002:ffc8ef58,excluded_from_exact_matching,,,,,
occupation_alias,CPX-OCC-ENG-013:ffc8ef58,excluded_from_exact_matching,,,,,
occupation_alias,CPX-OCC-ENG-013:ffc8ef58,excluded_from_exact_matching,,,,,
occupation_alias,CPX-OCC-ENG-013:ffc8ef58,excluded_from_exact_matching,,,,,
occupation_alias,CPX-OCC-ENG-013:ffc8ef58,excluded_from_exact_matching,,,,,
occupation_alias,CPX-OCC-ENG-013:ffc8ef58,excluded_from_exact_matching,,,,,
occupation_alias,CPX-OCC-ENG-011:ffc8ef58,excluded_from_exact_matching,,,,,
occupation_alias,CPX-OCC-CBE-007:ffc8ef58,excluded_from_exact_matching,,,,,
occupation_alias,CPX-OCC-DDA-012:ffc8ef58,excluded_from_exact_matching,,,,,
occupation_alias,CPX-OCC-ENG-001:ffc8ef58,excluded_from_exact_matching,,,,,
occupation_alias,CPX-OCC-ENG-001:ffc8ef58,excluded_from_exact_matching,,,,,
occupation_alias,CPX-OCC-ENG-001:ffc8ef58,excluded_from_exact_matching,,,,,
occupation_alias,CPX-OCC-ENG-001:ffc8ef58,excluded_from_exact_matching,,,,,
occupation_alias,CPX-OCC-ENG-001:ffc8ef58,excluded_from_exact_matching,,,,,
occupation_alias,CPX-OCC-ENG-001:ffc8ef58,excluded_from_exact_matching,,,,,
occupation_alias,CPX-OCC-ENG-001:ffc8ef58,excluded_from_exact_matching,,,,,
occupation_alias,CPX-OCC-ENG-001:ffc8ef58,excluded_from_exact_matching,,,,,
occupation_alias,CPX-OCC-ENG-018:ffc8ef58,excluded_from_exact_matching,,,,,
occupation_alias,CPX-OCC-ENG-018:ffc8ef58,excluded_from_exact_matching,,,,,
occupation_alias,CPX-OCC-ENG-013:ffc8ef58,excluded_from_exact_matching,,,,,
occupation_alias,CPX-OCC-ENG-013:ffc8ef58,excluded_from_exact_matching,,,,,
occupation_alias,CPX-OCC-ENG-001:9479aad9,needs_human_review,,,,,
occupation_alias,CPX-OCC-ENG-013:aade952f,excluded_from_exact_matching,,,,,
occupation_alias,CPX-OCC-ENG-011:aade952f,excluded_from_exact_matching,,,,,
occupation_alias,CPX-OCC-ENG-016:bd44194b,needs_human_review,,,,,
occupation_alias,CPX-OCC-ENG-013:1bbddb14,needs_human_review,,,,,
occupation_alias,CPX-OCC-ENG-013:be418d75,needs_human_review,,,,,
occupation_alias,CPX-OCC-ENG-013:04b4734a,needs_human_review,,,,,
occupation_alias,CPX-OCC-ENG-013:fc333fae,needs_human_review,,,,,
occupation_alias,CPX-OCC-ENG-013:2312c64e,needs_human_review,,,,,
occupation_alias,CPX-OCC-ENG-013:15a35544,needs_human_review,,,,,
occupation_alias,CPX-OCC-ENG-018:9c97e289,excluded_from_exact_matching,,,,,
occupation_alias,CPX-OCC-BOP-001:9c97e289,excluded_from_exact_matching,,,,,
occupation_alias,CPX-OCC-BOP-010:f44dc855,needs_human_review,,,,,
occupation_alias,CPX-OCC-BOP-004:c202a5ae,needs_human_review,,,,,
occupation_alias,CPX-OCC-ENG-015:5fdfbf06,excluded_from_exact_matching,,,,,
occupation_alias,CPX-OCC-ENG-018:5fdfbf06,excluded_from_exact_matching,,,,,
occupation_alias,CPX-OCC-ENG-018:d1457ae2,needs_human_review,,,,,
occupation_alias,CPX-OCC-ENE-010:88c77a85,excluded_from_exact_matching,,,,,
occupation_alias,CPX-OCC-ENE-007:88c77a85,excluded_from_exact_matching,,,,,
occupation_alias,CPX-OCC-ENE-007:88c77a85,excluded_from_exact_matching,,,,,
occupation_alias,CPX-OCC-ENE-007:88c77a85,excluded_from_exact_matching,,,,,
occupation_alias,CPX-OCC-ENE-007:88c77a85,excluded_from_exact_matching,,,,,
occupation_alias,CPX-OCC-ENE-010:7229b94d,excluded_from_exact_matching,,,,,
occupation_alias,CPX-OCC-ENE-007:7229b94d,excluded_from_exact_matching,,,,,
occupation_alias,CPX-OCC-ENE-007:7229b94d,excluded_from_exact_matching,,,,,
occupation_alias,CPX-OCC-ENE-007:7229b94d,excluded_from_exact_matching,,,,,
occupation_alias,CPX-OCC-ENE-007:7229b94d,excluded_from_exact_matching,,,,,
occupation_alias,CPX-OCC-CBE-001:a03dbae7,needs_human_review,,,,,
occupation_alias,CPX-OCC-CBE-001:758c5f08,needs_human_review,,,,,
occupation_alias,CPX-OCC-ENG-001:e3a52f0f,excluded_from_exact_matching,,,,,
occupation_alias,CPX-OCC-ENG-018:e3a52f0f,excluded_from_exact_matching,,,,,
occupation_alias,CPX-OCC-ENG-018:e3a52f0f,excluded_from_exact_matching,,,,,
occupation_alias,CPX-OCC-ENG-001:bbceba68,excluded_from_exact_matching,,,,,
occupation_alias,CPX-OCC-ENG-018:bbceba68,excluded_from_exact_matching,,,,,
occupation_alias,CPX-OCC-ENG-013:2e3a9b03,excluded_from_exact_matching,,,,,
occupation_alias,CPX-OCC-ENG-016:2e3a9b03,excluded_from_exact_matching,,,,,
occupation_alias,CPX-OCC-ENG-013:2e3a9b03,excluded_from_exact_matching,,,,,
occupation_alias,CPX-OCC-ENG-018:2e3a9b03,excluded_from_exact_matching,,,,,
occupation_alias,CPX-OCC-ENG-013:2e3a9b03,excluded_from_exact_matching,,,,,
occupation_alias,CPX-OCC-DDA-012:1ea819db,excluded_from_exact_matching,,,,,
occupation_alias,CPX-OCC-ENG-013:1ea819db,excluded_from_exact_matching,,,,,
occupation_alias,CPX-OCC-ENG-016:1ea819db,excluded_from_exact_matching,,,,,
occupation_alias,CPX-OCC-ENG-016:1ea819db,excluded_from_exact_matching,,,,,
occupation_alias,CPX-OCC-ENG-013:1ea819db,excluded_from_exact_matching,,,,,
occupation_alias,CPX-OCC-ENG-011:1ea819db,excluded_from_exact_matching,,,,,
occupation_alias,CPX-OCC-ENG-001:1ea819db,excluded_from_exact_matching,,,,,
occupation_alias,CPX-OCC-ENG-013:1ea819db,excluded_from_exact_matching,,,,,
occupation_alias,CPX-OCC-ENG-018:1ea819db,excluded_from_exact_matching,,,,,
occupation_alias,CPX-OCC-ENG-013:1ea819db,excluded_from_exact_matching,,,,,
occupation_alias,CPX-OCC-DDA-012:1ea819db,excluded_from_exact_matching,,,,,
occupation_alias,CPX-OCC-DDA-012:1ea819db,excluded_from_exact_matching,,,,,
occupation_alias,CPX-OCC-ENG-009:1ea819db,excluded_from_exact_matching,,,,,
occupation_alias,CPX-OCC-ENG-018:1ea819db,excluded_from_exact_matching,,,,,
occupation_alias,CPX-OCC-ENG-018:1ea819db,excluded_from_exact_matching,,,,,
occupation_alias,CPX-OCC-DDA-020:1ea819db,excluded_from_exact_matching,,,,,
occupation_alias,CPX-OCC-DDA-012:c3cadab8,excluded_from_exact_matching,,,,,
occupation_alias,CPX-OCC-ENG-001:c3cadab8,excluded_from_exact_matching,,,,,
occupation_alias,CPX-OCC-DDA-012:c3cadab8,excluded_from_exact_matching,,,,,
occupation_alias,CPX-OCC-DDA-012:c3cadab8,excluded_from_exact_matching,,,,,
occupation_alias,CPX-OCC-ENG-009:c3cadab8,excluded_from_exact_matching,,,,,
occupation_alias,CPX-OCC-ENG-018:c3cadab8,excluded_from_exact_matching,,,,,
occupation_alias,CPX-OCC-ENG-018:c3cadab8,excluded_from_exact_matching,,,,,
occupation_alias,CPX-OCC-DDA-010:2f8ef819,needs_human_review,,,,,
occupation_alias,CPX-OCC-PPM-015:d2b04cf6,needs_human_review,,,,,
occupation_alias,CPX-OCC-ENG-011:de87744a,needs_human_review,,,,,
occupation_alias,CPX-OCC-ENG-011:a883ec56,needs_human_review,,,,,
occupation_alias,CPX-OCC-PPM-007:cfa99af9,needs_human_review,,,,,
occupation_alias,CPX-OCC-ENG-004:9d7159b5,needs_human_review,,,,,
occupation_alias,CPX-OCC-ENG-015:78915fc6,needs_human_review,,,,,
occupation_alias,CPX-OCC-ENG-013:9ffea522,needs_human_review,,,,,
occupation_alias,CPX-OCC-PPM-007:d8b15e75,needs_human_review,,,,,
occupation_alias,CPX-OCC-ENG-011:ab4cd613,needs_human_review,,,,,
occupation_alias,CPX-OCC-DDA-001:b3509abf,excluded_from_exact_matching,,,,,
occupation_alias,CPX-OCC-PPM-017:b3509abf,excluded_from_exact_matching,,,,,
occupation_alias,CPX-OCC-ENE-007:b3509abf,excluded_from_exact_matching,,,,,
occupation_alias,CPX-OCC-ENE-007:b3509abf,excluded_from_exact_matching,,,,,
occupation_alias,CPX-OCC-ENE-007:b3509abf,excluded_from_exact_matching,,,,,
occupation_alias,CPX-OCC-ENE-007:b3509abf,excluded_from_exact_matching,,,,,
occupation_alias,CPX-OCC-PPM-017:017a78f2,excluded_from_exact_matching,,,,,
occupation_alias,CPX-OCC-ENE-007:017a78f2,excluded_from_exact_matching,,,,,
occupation_alias,CPX-OCC-ENE-007:017a78f2,excluded_from_exact_matching,,,,,
occupation_alias,CPX-OCC-ENG-011:b1b4eb45,needs_human_review,,,,,
occupation_alias,CPX-OCC-ENG-011:3ef90e39,needs_human_review,,,,,
occupation_alias,CPX-OCC-PPM-007:28756aec,needs_human_review,,,,,
occupation_alias,CPX-OCC-ENG-015:21999fa5,excluded_from_exact_matching,,,,,
occupation_alias,CPX-OCC-ENG-001:21999fa5,excluded_from_exact_matching,,,,,
occupation_alias,CPX-OCC-ENG-001:21999fa5,excluded_from_exact_matching,,,,,
occupation_alias,CPX-OCC-ENG-001:21999fa5,excluded_from_exact_matching,,,,,
occupation_alias,CPX-OCC-ENG-004:da64cb58,needs_human_review,,,,,
occupation_alias,CPX-OCC-ENG-018:409cc29c,needs_human_review,,,,,
occupation_alias,CPX-OCC-ENE-007:9cdfc9fc,needs_human_review,,,,,
occupation_alias,CPX-OCC-ENE-007:9cdfc9fc,needs_human_review,,,,,
occupation_alias,CPX-OCC-ENE-007:9cdfc9fc,needs_human_review,,,,,
occupation_alias,CPX-OCC-ENE-007:9cdfc9fc,needs_human_review,,,,,
occupation_alias,CPX-OCC-ENE-007:9cdfc9fc,needs_human_review,,,,,
occupation_alias,CPX-OCC-ENE-007:9cdfc9fc,needs_human_review,,,,,
occupation_alias,CPX-OCC-ENE-007:9cdfc9fc,needs_human_review,,,,,
occupation_alias,CPX-OCC-ENE-007:9cdfc9fc,needs_human_review,,,,,
occupation_alias,CPX-OCC-PPM-001:8de3258f,needs_human_review,,,,,
occupation_alias,CPX-OCC-ENG-006:9a1414ac,needs_human_review,,,,,
occupation_alias,CPX-OCC-ENG-006:f4839fa9,needs_human_review,,,,,
occupation_alias,CPX-OCC-PPM-018:661a2679,needs_human_review,,,,,
occupation_alias,CPX-OCC-DDA-015:cb4bf3de,excluded_from_exact_matching,,,,,
occupation_alias,CPX-OCC-DDA-015:cb4bf3de,excluded_from_exact_matching,,,,,
occupation_alias,CPX-OCC-CBE-009:cb4bf3de,excluded_from_exact_matching,,,,,
occupation_alias,CPX-OCC-CBE-009:cb4bf3de,excluded_from_exact_matching,,,,,
occupation_alias,CPX-OCC-BOP-009:cb4bf3de,excluded_from_exact_matching,,,,,
occupation_alias,CPX-OCC-BOP-009:cb4bf3de,excluded_from_exact_matching,,,,,
occupation_alias,CPX-OCC-BOP-009:cb4bf3de,excluded_from_exact_matching,,,,,
occupation_alias,CPX-OCC-DDA-015:941e5d80,excluded_from_exact_matching,,,,,
occupation_alias,CPX-OCC-DDA-015:941e5d80,excluded_from_exact_matching,,,,,
occupation_alias,CPX-OCC-CBE-009:941e5d80,excluded_from_exact_matching,,,,,
occupation_alias,CPX-OCC-CBE-009:941e5d80,excluded_from_exact_matching,,,,,
occupation_alias,CPX-OCC-BOP-009:941e5d80,excluded_from_exact_matching,,,,,
occupation_alias,CPX-OCC-BOP-009:d294a04d,needs_human_review,,,,,
occupation_alias,CPX-OCC-BOP-009:39f48d5b,needs_human_review,,,,,
occupation_alias,CPX-OCC-DDA-010:b95659e2,needs_human_review,,,,,
occupation_alias,CPX-OCC-ENG-012:e231c863,needs_human_review,,,,,
occupation_alias,CPX-OCC-BOP-001:0bb737d3,excluded_from_exact_matching,,,,,
occupation_alias,CPX-OCC-ENG-018:0bb737d3,excluded_from_exact_matching,,,,,
occupation_alias,CPX-OCC-BOP-001:b77df63d,needs_human_review,,,,,
occupation_alias,CPX-OCC-BOP-001:43f4f606,needs_human_review,,,,,
occupation_alias,CPX-OCC-BOP-001:84979612,needs_human_review,,,,,
occupation_alias,CPX-OCC-ENG-014:ef4ad4fb,needs_human_review,,,,,
occupation_alias,CPX-OCC-ENG-014:eb2e3302,needs_human_review,,,,,
occupation_alias,CPX-OCC-ENG-012:e1001a6c,needs_human_review,,,,,
occupation_alias,CPX-OCC-ENG-012:80d465c0,needs_human_review,,,,,
occupation_alias,CPX-OCC-ENG-012:6d61d38d,needs_human_review,,,,,
occupation_alias,CPX-OCC-ENG-012:628e484c,needs_human_review,,,,,
occupation_alias,CPX-OCC-ENG-012:a1896eba,needs_human_review,,,,,
occupation_alias,CPX-OCC-ENG-012:f2805a8e,excluded_from_exact_matching,,,,,
occupation_alias,CPX-OCC-ENG-001:f2805a8e,excluded_from_exact_matching,,,,,
occupation_alias,CPX-OCC-ENG-012:42663443,needs_human_review,,,,,
occupation_alias,CPX-OCC-ENG-012:05e72a0e,needs_human_review,,,,,
occupation_alias,CPX-OCC-ENG-012:2d7c63fd,needs_human_review,,,,,
occupation_alias,CPX-OCC-ENG-012:ba465e3b,needs_human_review,,,,,
occupation_alias,CPX-OCC-ENG-012:f74bba47,needs_human_review,,,,,
occupation_alias,CPX-OCC-ENG-012:8ad71015,needs_human_review,,,,,
occupation_alias,CPX-OCC-ENG-012:6bc9e808,needs_human_review,,,,,
occupation_alias,CPX-OCC-ENG-012:9c502948,needs_human_review,,,,,
occupation_alias,CPX-OCC-PPM-017:e0e428b0,needs_human_review,,,,,
occupation_alias,CPX-OCC-CBE-009:ad5090d4,needs_human_review,,,,,
occupation_alias,CPX-OCC-CBE-009:3ce51695,needs_human_review,,,,,
occupation_alias,CPX-OCC-CBE-009:3ce51695,needs_human_review,,,,,
occupation_alias,CPX-OCC-CBE-009:3ce51695,needs_human_review,,,,,
occupation_alias,CPX-OCC-CBE-009:3ce51695,needs_human_review,,,,,
occupation_alias,CPX-OCC-CBE-009:3ce51695,needs_human_review,,,,,
occupation_alias,CPX-OCC-CBE-009:3ce51695,needs_human_review,,,,,
occupation_alias,CPX-OCC-CBE-009:3ce51695,needs_human_review,,,,,
occupation_alias,CPX-OCC-CBE-009:3ce51695,needs_human_review,,,,,
occupation_alias,CPX-OCC-CBE-009:3ce51695,needs_human_review,,,,,
occupation_alias,CPX-OCC-PPM-014:c89a7566,excluded_from_exact_matching,,,,,
occupation_alias,CPX-OCC-PPM-014:c89a7566,excluded_from_exact_matching,,,,,
occupation_alias,CPX-OCC-ENG-018:c89a7566,excluded_from_exact_matching,,,,,
occupation_alias,CPX-OCC-BOP-010:c89a7566,excluded_from_exact_matching,,,,,
occupation_alias,CPX-OCC-PPM-001:2e532266,needs_human_review,,,,,
occupation_alias,CPX-OCC-BOP-009:5b95b721,needs_human_review,,,,,
occupation_alias,CPX-OCC-BOP-009:5b95b721,needs_human_review,,,,,
occupation_alias,CPX-OCC-BOP-009:5b95b721,needs_human_review,,,,,
occupation_alias,CPX-OCC-BOP-009:5b95b721,needs_human_review,,,,,
occupation_alias,CPX-OCC-BOP-009:5b95b721,needs_human_review,,,,,
occupation_alias,CPX-OCC-ENG-018:666041d5,needs_human_review,,,,,
occupation_alias,CPX-OCC-PPM-020:913e96a8,needs_human_review,,,,,
occupation_alias,CPX-OCC-DDA-015:a583dc04,needs_human_review,,,,,
occupation_alias,CPX-OCC-DDA-015:a583dc04,needs_human_review,,,,,
occupation_alias,CPX-OCC-DDA-015:a583dc04,needs_human_review,,,,,
occupation_alias,CPX-OCC-DDA-015:4c3b5c3e,needs_human_review,,,,,
occupation_alias,CPX-OCC-DDA-015:4c3b5c3e,needs_human_review,,,,,
occupation_alias,CPX-OCC-CBE-002:6624b787,needs_human_review,,,,,
occupation_alias,CPX-OCC-ENE-008:eedd7fb5,needs_human_review,,,,,
occupation_alias,CPX-OCC-BOP-001:a3f11125,needs_human_review,,,,,
occupation_alias,CPX-OCC-BOP-001:11115ae4,needs_human_review,,,,,
occupation_alias,CPX-OCC-BOP-001:6e178763,needs_human_review,,,,,
occupation_alias,CPX-OCC-BOP-001:260f6ffe,needs_human_review,,,,,
occupation_alias,CPX-OCC-BOP-001:666c439f,needs_human_review,,,,,
occupation_alias,CPX-OCC-BOP-001:7c705457,needs_human_review,,,,,
occupation_alias,CPX-OCC-BOP-001:04c82296,needs_human_review,,,,,
occupation_alias,CPX-OCC-BOP-001:4705a431,needs_human_review,,,,,
occupation_alias,CPX-OCC-BOP-001:cbd99e18,needs_human_review,,,,,
occupation_alias,CPX-OCC-ENE-008:36ad93a9,needs_human_review,,,,,
occupation_alias,CPX-OCC-BOP-001:e3b1398a,needs_human_review,,,,,
occupation_alias,CPX-OCC-BOP-001:93da0fb9,needs_human_review,,,,,
occupation_alias,CPX-OCC-BOP-009:700b429a,needs_human_review,,,,,
occupation_alias,CPX-OCC-BOP-010:74f7fe83,needs_human_review,,,,,
occupation_alias,CPX-OCC-ENG-018:3cc6dc4c,needs_human_review,,,,,
occupation_alias,CPX-OCC-ENG-018:77ad2882,needs_human_review,,,,,
occupation_alias,CPX-OCC-ENE-007:dcd83da0,needs_human_review,,,,,
occupation_alias,CPX-OCC-ENE-007:3bc36b4c,needs_human_review,,,,,
occupation_alias,CPX-OCC-ENG-018:d625c144,needs_human_review,,,,,
occupation_alias,CPX-OCC-ENE-007:ea2d98d2,needs_human_review,,,,,
occupation_alias,CPX-OCC-ENE-007:34f3a6e0,needs_human_review,,,,,
occupation_alias,CPX-OCC-ENE-007:75e25375,needs_human_review,,,,,
occupation_alias,CPX-OCC-ENE-007:75e25375,needs_human_review,,,,,
occupation_alias,CPX-OCC-ENE-007:75e25375,needs_human_review,,,,,
occupation_alias,CPX-OCC-ENE-007:75e25375,needs_human_review,,,,,
occupation_alias,CPX-OCC-ENE-007:75e25375,needs_human_review,,,,,
occupation_alias,CPX-OCC-ENE-007:75e25375,needs_human_review,,,,,
occupation_alias,CPX-OCC-ENE-007:75e25375,needs_human_review,,,,,
occupation_alias,CPX-OCC-ENE-007:75e25375,needs_human_review,,,,,
occupation_alias,CPX-OCC-ENE-007:75e25375,needs_human_review,,,,,
occupation_alias,CPX-OCC-ENE-007:75e25375,needs_human_review,,,,,
occupation_alias,CPX-OCC-ENE-007:75e25375,needs_human_review,,,,,
occupation_alias,CPX-OCC-ENE-007:75e25375,needs_human_review,,,,,
occupation_alias,CPX-OCC-ENE-007:75e25375,needs_human_review,,,,,
occupation_alias,CPX-OCC-ENE-007:75e25375,needs_human_review,,,,,
occupation_alias,CPX-OCC-ENE-007:75e25375,needs_human_review,,,,,
occupation_alias,CPX-OCC-ENE-007:75e25375,needs_human_review,,,,,
occupation_alias,CPX-OCC-ENE-007:75e25375,needs_human_review,,,,,
occupation_alias,CPX-OCC-ENE-007:75e25375,needs_human_review,,,,,
occupation_alias,CPX-OCC-ENE-007:e7e2bd97,needs_human_review,,,,,
occupation_alias,CPX-OCC-ENE-007:5c7af710,needs_human_review,,,,,
occupation_alias,CPX-OCC-ENE-007:fd24b6b8,needs_human_review,,,,,
occupation_alias,CPX-OCC-ENE-007:0bb3676c,needs_human_review,,,,,
occupation_alias,CPX-OCC-ENE-007:69d8e403,needs_human_review,,,,,
occupation_alias,CPX-OCC-ENE-007:de63459b,needs_human_review,,,,,
occupation_alias,CPX-OCC-ENE-007:30db3b77,needs_human_review,,,,,
occupation_alias,CPX-OCC-ENE-007:1d00258a,needs_human_review,,,,,
occupation_alias,CPX-OCC-ENE-007:4e55d075,needs_human_review,,,,,
occupation_alias,CPX-OCC-ENE-007:ec491a83,needs_human_review,,,,,
occupation_alias,CPX-OCC-ENE-007:05d2d608,needs_human_review,,,,,
occupation_alias,CPX-OCC-ENE-007:05abb50b,needs_human_review,,,,,
occupation_alias,CPX-OCC-ENE-007:14df5595,needs_human_review,,,,,
occupation_alias,CPX-OCC-ENE-007:14df5595,needs_human_review,,,,,
occupation_alias,CPX-OCC-ENE-007:b3fd5d95,needs_human_review,,,,,
occupation_alias,CPX-OCC-ENE-007:40cafd35,needs_human_review,,,,,
occupation_alias,CPX-OCC-ENE-007:ee957eeb,needs_human_review,,,,,
occupation_alias,CPX-OCC-ENE-007:ecefe532,needs_human_review,,,,,
occupation_alias,CPX-OCC-ENE-007:ecefe532,needs_human_review,,,,,
occupation_alias,CPX-OCC-ENE-007:2cf39bfe,needs_human_review,,,,,
occupation_alias,CPX-OCC-ENE-007:0eba5154,needs_human_review,,,,,
occupation_alias,CPX-OCC-ENE-007:60cfcc13,needs_human_review,,,,,
occupation_alias,CPX-OCC-ENE-007:9ddfb192,needs_human_review,,,,,
occupation_alias,CPX-OCC-ENE-007:fe4203da,needs_human_review,,,,,
occupation_alias,CPX-OCC-ENE-007:4a8f3339,needs_human_review,,,,,
occupation_alias,CPX-OCC-ENE-007:89893768,needs_human_review,,,,,
occupation_alias,CPX-OCC-ENE-007:9376f504,needs_human_review,,,,,
occupation_alias,CPX-OCC-ENE-007:601e8112,needs_human_review,,,,,
occupation_alias,CPX-OCC-ENE-007:957bebeb,needs_human_review,,,,,
occupation_alias,CPX-OCC-ENE-007:a6c8c2db,needs_human_review,,,,,
occupation_alias,CPX-OCC-ENE-007:8980d0e5,needs_human_review,,,,,
occupation_alias,CPX-OCC-ENG-018:14c5f1c8,needs_human_review,,,,,
occupation_alias,CPX-OCC-BOP-009:0f196082,needs_human_review,,,,,
occupation_alias,CPX-OCC-ENE-007:6f1bef79,needs_human_review,,,,,
occupation_alias,CPX-OCC-CBE-001:cda2db45,needs_human_review,,,,,
occupation_alias,CPX-OCC-PPM-002:9c179600,needs_human_review,,,,,
occupation_alias,CPX-OCC-DDA-015:99222bfd,excluded_from_exact_matching,,,,,
occupation_alias,CPX-OCC-CBE-009:99222bfd,excluded_from_exact_matching,,,,,
occupation_alias,CPX-OCC-DDA-015:99222bfd,excluded_from_exact_matching,,,,,
occupation_alias,CPX-OCC-BOP-009:6bff8c34,excluded_from_exact_matching,,,,,
occupation_alias,CPX-OCC-BOP-009:6bff8c34,excluded_from_exact_matching,,,,,
occupation_alias,CPX-OCC-BOP-009:6bff8c34,excluded_from_exact_matching,,,,,
occupation_alias,CPX-OCC-BOP-009:6bff8c34,excluded_from_exact_matching,,,,,
occupation_alias,CPX-OCC-BOP-010:6bff8c34,excluded_from_exact_matching,,,,,
occupation_alias,CPX-OCC-BOP-009:6bff8c34,excluded_from_exact_matching,,,,,
occupation_alias,CPX-OCC-BOP-009:6bff8c34,excluded_from_exact_matching,,,,,
occupation_alias,CPX-OCC-DDA-017:6bff8c34,excluded_from_exact_matching,,,,,
occupation_alias,CPX-OCC-BOP-009:6bff8c34,excluded_from_exact_matching,,,,,
occupation_alias,CPX-OCC-BOP-009:a16f63ae,needs_human_review,,,,,
occupation_alias,CPX-OCC-BOP-009:a16f63ae,needs_human_review,,,,,
occupation_alias,CPX-OCC-BOP-009:a16f63ae,needs_human_review,,,,,
occupation_alias,CPX-OCC-BOP-009:a16f63ae,needs_human_review,,,,,
occupation_alias,CPX-OCC-BOP-009:a16f63ae,needs_human_review,,,,,
occupation_alias,CPX-OCC-BOP-009:a16f63ae,needs_human_review,,,,,
occupation_alias,CPX-OCC-BOP-009:a16f63ae,needs_human_review,,,,,
occupation_alias,CPX-OCC-BOP-009:a16f63ae,needs_human_review,,,,,
occupation_alias,CPX-OCC-BOP-009:a16f63ae,needs_human_review,,,,,
occupation_alias,CPX-OCC-BOP-009:a16f63ae,needs_human_review,,,,,
occupation_alias,CPX-OCC-BOP-009:a16f63ae,needs_human_review,,,,,
occupation_alias,CPX-OCC-BOP-009:a16f63ae,needs_human_review,,,,,
occupation_alias,CPX-OCC-DDA-008:25271cb5,excluded_from_exact_matching,,,,,
occupation_alias,CPX-OCC-DDA-008:25271cb5,excluded_from_exact_matching,,,,,
occupation_alias,CPX-OCC-DDA-008:25271cb5,excluded_from_exact_matching,,,,,
occupation_alias,CPX-OCC-DDA-008:25271cb5,excluded_from_exact_matching,,,,,
occupation_alias,CPX-OCC-DDA-008:25271cb5,excluded_from_exact_matching,,,,,
occupation_alias,CPX-OCC-DDA-008:25271cb5,excluded_from_exact_matching,,,,,
occupation_alias,CPX-OCC-DDA-008:25271cb5,excluded_from_exact_matching,,,,,
occupation_alias,CPX-OCC-DDA-008:25271cb5,excluded_from_exact_matching,,,,,
occupation_alias,CPX-OCC-DDA-008:25271cb5,excluded_from_exact_matching,,,,,
occupation_alias,CPX-OCC-DDA-008:25271cb5,excluded_from_exact_matching,,,,,
occupation_alias,CPX-OCC-CBE-011:25271cb5,excluded_from_exact_matching,,,,,
occupation_alias,CPX-OCC-DDA-015:1b0b5a70,excluded_from_exact_matching,,,,,
occupation_alias,CPX-OCC-PPM-005:1b0b5a70,excluded_from_exact_matching,,,,,
occupation_alias,CPX-OCC-PPM-005:608fa5cb,needs_human_review,,,,,
occupation_alias,CPX-OCC-ENG-011:3614f1fa,excluded_from_exact_matching,,,,,
occupation_alias,CPX-OCC-ENG-011:3614f1fa,excluded_from_exact_matching,,,,,
occupation_alias,CPX-OCC-ENG-011:3614f1fa,excluded_from_exact_matching,,,,,
occupation_alias,CPX-OCC-ENG-011:3614f1fa,excluded_from_exact_matching,,,,,
occupation_alias,CPX-OCC-ENG-011:3614f1fa,excluded_from_exact_matching,,,,,
occupation_alias,CPX-OCC-ENG-011:3614f1fa,excluded_from_exact_matching,,,,,
occupation_alias,CPX-OCC-ENG-011:3614f1fa,excluded_from_exact_matching,,,,,
occupation_alias,CPX-OCC-ENG-011:3614f1fa,excluded_from_exact_matching,,,,,
occupation_alias,CPX-OCC-ENG-001:3614f1fa,excluded_from_exact_matching,,,,,
occupation_alias,CPX-OCC-ENG-001:3614f1fa,excluded_from_exact_matching,,,,,
occupation_alias,CPX-OCC-ENG-018:3614f1fa,excluded_from_exact_matching,,,,,
occupation_alias,CPX-OCC-ENG-011:3614f1fa,excluded_from_exact_matching,,,,,
occupation_alias,CPX-OCC-ENG-013:3614f1fa,excluded_from_exact_matching,,,,,
occupation_alias,CPX-OCC-ENG-014:972350d9,excluded_from_exact_matching,,,,,
occupation_alias,CPX-OCC-ENG-001:972350d9,excluded_from_exact_matching,,,,,
occupation_alias,CPX-OCC-ENG-001:972350d9,excluded_from_exact_matching,,,,,
occupation_alias,CPX-OCC-ENG-018:972350d9,excluded_from_exact_matching,,,,,
occupation_alias,CPX-OCC-ENG-014:972350d9,excluded_from_exact_matching,,,,,
occupation_alias,CPX-OCC-DDA-015:c528ae84,excluded_from_exact_matching,,,,,
occupation_alias,CPX-OCC-BOP-009:c528ae84,excluded_from_exact_matching,,,,,
occupation_alias,CPX-OCC-BOP-009:c528ae84,excluded_from_exact_matching,,,,,
occupation_alias,CPX-OCC-ENE-007:3945d295,needs_human_review,,,,,
occupation_alias,CPX-OCC-ENE-007:3945d295,needs_human_review,,,,,
occupation_alias,CPX-OCC-ENE-007:3945d295,needs_human_review,,,,,
occupation_alias,CPX-OCC-ENE-007:3945d295,needs_human_review,,,,,
occupation_alias,CPX-OCC-CBE-009:a6044e42,excluded_from_exact_matching,,,,,
occupation_alias,CPX-OCC-PPM-002:a6044e42,excluded_from_exact_matching,,,,,
occupation_alias,CPX-OCC-DDA-015:987e18da,needs_human_review,,,,,
occupation_alias,CPX-OCC-PPM-020:702b85d6,needs_human_review,,,,,
occupation_alias,CPX-OCC-PPM-020:702b85d6,needs_human_review,,,,,
occupation_alias,CPX-OCC-ENG-013:2597490f,excluded_from_exact_matching,,,,,
occupation_alias,CPX-OCC-ENG-013:2597490f,excluded_from_exact_matching,,,,,
occupation_alias,CPX-OCC-ENG-013:2597490f,excluded_from_exact_matching,,,,,
occupation_alias,CPX-OCC-ENG-013:2597490f,excluded_from_exact_matching,,,,,
occupation_alias,CPX-OCC-ENG-013:2597490f,excluded_from_exact_matching,,,,,
occupation_alias,CPX-OCC-ENG-011:2597490f,excluded_from_exact_matching,,,,,
occupation_alias,CPX-OCC-CBE-007:2597490f,excluded_from_exact_matching,,,,,
occupation_alias,CPX-OCC-DDA-012:2597490f,excluded_from_exact_matching,,,,,
occupation_alias,CPX-OCC-ENG-001:2597490f,excluded_from_exact_matching,,,,,
occupation_alias,CPX-OCC-ENG-001:2597490f,excluded_from_exact_matching,,,,,
occupation_alias,CPX-OCC-ENG-001:2597490f,excluded_from_exact_matching,,,,,
occupation_alias,CPX-OCC-ENG-001:2597490f,excluded_from_exact_matching,,,,,
occupation_alias,CPX-OCC-ENG-001:2597490f,excluded_from_exact_matching,,,,,
occupation_alias,CPX-OCC-ENG-001:2597490f,excluded_from_exact_matching,,,,,
occupation_alias,CPX-OCC-ENG-018:2597490f,excluded_from_exact_matching,,,,,
occupation_alias,CPX-OCC-ENG-018:2597490f,excluded_from_exact_matching,,,,,
occupation_alias,CPX-OCC-ENG-001:2597490f,excluded_from_exact_matching,,,,,
occupation_alias,CPX-OCC-DDA-010:e9554dbc,needs_human_review,,,,,
occupation_alias,CPX-OCC-CBE-003:2aea4d88,needs_human_review,,,,,
occupation_alias,CPX-OCC-ENG-001:3884e2f9,needs_human_review,,,,,
occupation_alias,CPX-OCC-BOP-010:d52c9780,needs_human_review,,,,,
occupation_alias,CPX-OCC-ENG-018:3f815ee6,needs_human_review,,,,,
occupation_alias,CPX-OCC-ENG-016:cec58e94,excluded_from_exact_matching,,,,,
occupation_alias,CPX-OCC-ENE-004:cec58e94,excluded_from_exact_matching,,,,,
occupation_alias,CPX-OCC-ENG-005:cec58e94,excluded_from_exact_matching,,,,,
occupation_alias,CPX-OCC-ENG-013:cec58e94,excluded_from_exact_matching,,,,,
occupation_alias,CPX-OCC-PPM-015:cee086ad,excluded_from_exact_matching,,,,,
occupation_alias,CPX-OCC-BOP-009:cee086ad,excluded_from_exact_matching,,,,,
occupation_alias,CPX-OCC-BOP-009:cee086ad,excluded_from_exact_matching,,,,,
occupation_alias,CPX-OCC-ENG-001:89bbdb7a,needs_human_review,,,,,
occupation_alias,CPX-OCC-ENG-012:23c2c197,needs_human_review,,,,,
occupation_alias,CPX-OCC-ENE-007:31bad92c,needs_human_review,,,,,
occupation_alias,CPX-OCC-ENE-007:2f35403b,needs_human_review,,,,,
occupation_alias,CPX-OCC-ENG-013:2235db50,needs_human_review,,,,,
occupation_alias,CPX-OCC-ENG-013:67853222,needs_human_review,,,,,
occupation_alias,CPX-OCC-ENG-018:075aa218,needs_human_review,,,,,
occupation_alias,CPX-OCC-BOP-009:36db144a,needs_human_review,,,,,
occupation_alias,CPX-OCC-ENG-001:52894847,needs_human_review,,,,,
occupation_alias,CPX-OCC-ENG-007:d9b53bbe,needs_human_review,,,,,
occupation_alias,CPX-OCC-DDA-015:2216ed6d,excluded_from_exact_matching,,,,,
occupation_alias,CPX-OCC-BOP-009:2216ed6d,excluded_from_exact_matching,,,,,
occupation_alias,CPX-OCC-BOP-009:2216ed6d,excluded_from_exact_matching,,,,,
occupation_alias,CPX-OCC-CBE-003:70abd7e3,needs_human_review,,,,,
occupation_alias,CPX-OCC-ENG-018:edea6be9,excluded_from_exact_matching,,,,,
occupation_alias,CPX-OCC-ENG-018:edea6be9,excluded_from_exact_matching,,,,,
occupation_alias,CPX-OCC-PPM-018:edea6be9,excluded_from_exact_matching,,,,,
occupation_alias,CPX-OCC-BOP-009:94395995,needs_human_review,,,,,
occupation_alias,CPX-OCC-BOP-009:84203b9c,needs_human_review,,,,,
occupation_alias,CPX-OCC-ENG-015:73883dd2,needs_human_review,,,,,
occupation_alias,CPX-OCC-ENG-015:86674564,needs_human_review,,,,,
occupation_alias,CPX-OCC-ENG-018:373b6c85,excluded_from_exact_matching,,,,,
occupation_alias,CPX-OCC-PPM-018:373b6c85,excluded_from_exact_matching,,,,,
occupation_alias,CPX-OCC-ENG-012:ef3f675c,needs_human_review,,,,,
occupation_alias,CPX-OCC-ENG-001:ec39b0a1,excluded_from_exact_matching,,,,,
occupation_alias,CPX-OCC-DDA-010:ec39b0a1,excluded_from_exact_matching,,,,,
occupation_alias,CPX-OCC-DDA-010:ec39b0a1,excluded_from_exact_matching,,,,,
occupation_alias,CPX-OCC-DDA-010:ec39b0a1,excluded_from_exact_matching,,,,,
occupation_alias,CPX-OCC-DDA-010:19418195,needs_human_review,,,,,
occupation_alias,CPX-OCC-ENE-003:4a29c58e,needs_human_review,,,,,
occupation_alias,CPX-OCC-ENG-003:f350d552,needs_human_review,,,,,
occupation_alias,CPX-OCC-PPM-001:4ae38309,needs_human_review,,,,,
occupation_alias,CPX-OCC-PPM-001:0d243485,needs_human_review,,,,,
occupation_alias,CPX-OCC-ENG-003:4d1881c5,needs_human_review,,,,,
occupation_alias,CPX-OCC-DDA-016:f50f7c2c,excluded_from_exact_matching,,,,,
occupation_alias,CPX-OCC-ENG-001:f50f7c2c,excluded_from_exact_matching,,,,,
occupation_alias,CPX-OCC-BOP-004:4d1ba2f8,needs_human_review,,,,,
occupation_alias,CPX-OCC-CBE-005:57094f3a,needs_human_review,,,,,
occupation_alias,CPX-OCC-PPM-006:5894a0bb,needs_human_review,,,,,
occupation_alias,CPX-OCC-CBE-012:4c19a973,needs_human_review,,,,,
occupation_alias,CPX-OCC-CBE-012:624c6070,needs_human_review,,,,,
occupation_alias,CPX-OCC-ENG-001:ee4dcef7,excluded_from_exact_matching,,,,,
occupation_alias,CPX-OCC-PPM-007:fbb86bb3,excluded_from_exact_matching,,,,,
occupation_alias,CPX-OCC-PPM-007:fbb86bb3,excluded_from_exact_matching,,,,,
occupation_alias,CPX-OCC-PPM-006:fbb86bb3,excluded_from_exact_matching,,,,,
occupation_alias,CPX-OCC-ENG-001:3d258485,needs_human_review,,,,,
occupation_alias,CPX-OCC-ENG-018:4b4e9486,needs_human_review,,,,,
occupation_alias,CPX-OCC-ENG-018:4b4e9486,needs_human_review,,,,,
occupation_alias,CPX-OCC-ENG-013:70782fc4,needs_human_review,,,,,
occupation_alias,CPX-OCC-ENG-013:f0c0e57d,excluded_from_exact_matching,,,,,
occupation_alias,CPX-OCC-ENG-013:fe3bfd51,needs_human_review,,,,,
occupation_alias,CPX-OCC-ENE-007:b8dfcd41,needs_human_review,,,,,
occupation_alias,CPX-OCC-ENE-007:5ecf3544,needs_human_review,,,,,
occupation_alias,CPX-OCC-ENG-009:b32efa15,excluded_from_exact_matching,,,,,
occupation_alias,CPX-OCC-ENG-016:b32efa15,excluded_from_exact_matching,,,,,
occupation_alias,CPX-OCC-ENG-009:b32efa15,excluded_from_exact_matching,,,,,
occupation_alias,CPX-OCC-ENE-014:b32efa15,excluded_from_exact_matching,,,,,
occupation_alias,CPX-OCC-ENG-009:fde0c2ce,excluded_from_exact_matching,,,,,
occupation_alias,CPX-OCC-ENG-016:fde0c2ce,excluded_from_exact_matching,,,,,
occupation_alias,CPX-OCC-ENG-009:fde0c2ce,excluded_from_exact_matching,,,,,
occupation_alias,CPX-OCC-ENE-014:fde0c2ce,excluded_from_exact_matching,,,,,
occupation_alias,CPX-OCC-ENG-010:185a3804,needs_human_review,,,,,
occupation_alias,CPX-OCC-CBE-007:bf58fa49,needs_human_review,,,,,
occupation_alias,CPX-OCC-PPM-004:7c1bbd0c,needs_human_review,,,,,
occupation_alias,CPX-OCC-PPM-004:e34249da,needs_human_review,,,,,
occupation_alias,CPX-OCC-PPM-004:2f90113c,needs_human_review,,,,,
occupation_alias,CPX-OCC-PPM-004:05708114,needs_human_review,,,,,
occupation_alias,CPX-OCC-BOP-010:353f16b7,needs_human_review,,,,,
occupation_alias,CPX-OCC-BOP-010:353f16b7,needs_human_review,,,,,
occupation_alias,CPX-OCC-BOP-010:353f16b7,needs_human_review,,,,,
occupation_alias,CPX-OCC-BOP-010:353f16b7,needs_human_review,,,,,
occupation_alias,CPX-OCC-BOP-010:353f16b7,needs_human_review,,,,,
occupation_alias,CPX-OCC-BOP-010:69d2099c,needs_human_review,,,,,
occupation_alias,CPX-OCC-BOP-010:69d2099c,needs_human_review,,,,,
occupation_alias,CPX-OCC-ENG-012:2bb95203,needs_human_review,,,,,
occupation_alias,CPX-OCC-ENG-012:88c512d6,needs_human_review,,,,,
occupation_alias,CPX-OCC-ENG-012:07cc076a,needs_human_review,,,,,
occupation_alias,CPX-OCC-ENG-012:02566648,needs_human_review,,,,,
occupation_alias,CPX-OCC-ENG-012:ae3dce77,needs_human_review,,,,,
occupation_alias,CPX-OCC-ENG-012:e27132a9,needs_human_review,,,,,
occupation_alias,CPX-OCC-ENG-012:12968121,needs_human_review,,,,,
occupation_alias,CPX-OCC-ENG-012:d1c086af,needs_human_review,,,,,
occupation_alias,CPX-OCC-ENG-012:eac23094,needs_human_review,,,,,
occupation_alias,CPX-OCC-ENG-012:97a28502,needs_human_review,,,,,
occupation_alias,CPX-OCC-ENG-012:d805175e,needs_human_review,,,,,
occupation_alias,CPX-OCC-ENG-012:f0707f02,needs_human_review,,,,,
occupation_alias,CPX-OCC-ENG-012:32af268f,needs_human_review,,,,,
occupation_alias,CPX-OCC-ENG-012:09c17668,needs_human_review,,,,,
occupation_alias,CPX-OCC-ENG-012:b5ae7934,needs_human_review,,,,,
occupation_alias,CPX-OCC-ENG-012:b777fbf9,needs_human_review,,,,,
occupation_alias,CPX-OCC-ENG-012:fbd44d05,needs_human_review,,,,,
occupation_alias,CPX-OCC-ENG-012:cac29158,needs_human_review,,,,,
occupation_alias,CPX-OCC-ENG-012:d0bdb379,needs_human_review,,,,,
occupation_alias,CPX-OCC-ENG-012:d0bdb379,needs_human_review,,,,,
occupation_alias,CPX-OCC-ENG-012:e50400df,excluded_from_exact_matching,,,,,
occupation_alias,CPX-OCC-ENG-012:e50400df,excluded_from_exact_matching,,,,,
occupation_alias,CPX-OCC-ENG-012:e50400df,excluded_from_exact_matching,,,,,
occupation_alias,CPX-OCC-ENG-012:e50400df,excluded_from_exact_matching,,,,,
occupation_alias,CPX-OCC-ENG-015:e50400df,excluded_from_exact_matching,,,,,
occupation_alias,CPX-OCC-ENE-003:e50400df,excluded_from_exact_matching,,,,,
occupation_alias,CPX-OCC-ENG-012:e50400df,excluded_from_exact_matching,,,,,
occupation_alias,CPX-OCC-ENG-011:e50400df,excluded_from_exact_matching,,,,,
occupation_alias,CPX-OCC-ENG-012:e50400df,excluded_from_exact_matching,,,,,
occupation_alias,CPX-OCC-ENG-012:e50400df,excluded_from_exact_matching,,,,,
occupation_alias,CPX-OCC-ENG-011:e50400df,excluded_from_exact_matching,,,,,
occupation_alias,CPX-OCC-ENG-012:e50400df,excluded_from_exact_matching,,,,,
occupation_alias,CPX-OCC-ENG-012:e50400df,excluded_from_exact_matching,,,,,
occupation_alias,CPX-OCC-ENG-012:e50400df,excluded_from_exact_matching,,,,,
occupation_alias,CPX-OCC-ENG-012:e50400df,excluded_from_exact_matching,,,,,
occupation_alias,CPX-OCC-ENG-012:e50400df,excluded_from_exact_matching,,,,,
occupation_alias,CPX-OCC-ENG-012:e50400df,excluded_from_exact_matching,,,,,
occupation_alias,CPX-OCC-ENG-012:e50400df,excluded_from_exact_matching,,,,,
occupation_alias,CPX-OCC-ENG-012:e50400df,excluded_from_exact_matching,,,,,
occupation_alias,CPX-OCC-ENG-012:e50400df,excluded_from_exact_matching,,,,,
occupation_alias,CPX-OCC-ENG-012:e50400df,excluded_from_exact_matching,,,,,
occupation_alias,CPX-OCC-ENG-001:e50400df,excluded_from_exact_matching,,,,,
occupation_alias,CPX-OCC-ENG-012:e50400df,excluded_from_exact_matching,,,,,
occupation_alias,CPX-OCC-ENG-012:e50400df,excluded_from_exact_matching,,,,,
occupation_alias,CPX-OCC-ENG-011:5fc0e3db,needs_human_review,,,,,
occupation_alias,CPX-OCC-PPM-006:77f741dc,needs_human_review,,,,,
occupation_alias,CPX-OCC-ENG-016:cdd74915,excluded_from_exact_matching,,,,,
occupation_alias,CPX-OCC-ENE-014:cdd74915,excluded_from_exact_matching,,,,,
occupation_alias,CPX-OCC-ENE-014:3057e512,needs_human_review,,,,,
occupation_alias,CPX-OCC-ENG-018:92454068,needs_human_review,,,,,
occupation_alias,CPX-OCC-PPM-017:7586a4be,needs_human_review,,,,,
occupation_alias,CPX-OCC-DDA-001:377bdf07,needs_human_review,,,,,
occupation_alias,CPX-OCC-PPM-018:1bb97c75,needs_human_review,,,,,
occupation_alias,CPX-OCC-ENG-018:25766e75,excluded_from_exact_matching,,,,,
occupation_alias,CPX-OCC-PPM-018:25766e75,excluded_from_exact_matching,,,,,
occupation_alias,CPX-OCC-ENG-013:0d00f473,excluded_from_exact_matching,,,,,
occupation_alias,CPX-OCC-ENG-003:0d00f473,excluded_from_exact_matching,,,,,
occupation_alias,CPX-OCC-ENG-018:4f19f945,excluded_from_exact_matching,,,,,
occupation_alias,CPX-OCC-ENG-003:8c1de371,needs_human_review,,,,,
occupation_alias,CPX-OCC-DDA-004:c0d56057,excluded_from_exact_matching,,,,,
occupation_alias,CPX-OCC-ENE-007:c0d56057,excluded_from_exact_matching,,,,,
occupation_alias,CPX-OCC-ENE-007:c0d56057,excluded_from_exact_matching,,,,,
occupation_alias,CPX-OCC-ENE-007:c0d56057,excluded_from_exact_matching,,,,,
occupation_alias,CPX-OCC-ENE-007:c0d56057,excluded_from_exact_matching,,,,,
occupation_alias,CPX-OCC-PPM-012:ba59d645,excluded_from_exact_matching,,,,,
occupation_alias,CPX-OCC-BOP-005:ba59d645,excluded_from_exact_matching,,,,,
occupation_alias,CPX-OCC-BOP-005:ba59d645,excluded_from_exact_matching,,,,,
occupation_alias,CPX-OCC-ENG-011:0d247827,needs_human_review,,,,,
occupation_alias,CPX-OCC-ENG-011:e104add3,needs_human_review,,,,,
occupation_alias,CPX-OCC-ENG-011:1146b17d,needs_human_review,,,,,
occupation_alias,CPX-OCC-ENG-011:44ad0e66,needs_human_review,,,,,
occupation_alias,CPX-OCC-ENG-011:c9cd0d2a,needs_human_review,,,,,
occupation_alias,CPX-OCC-ENG-011:2dada5b1,needs_human_review,,,,,
occupation_alias,CPX-OCC-ENG-011:f20afd45,needs_human_review,,,,,
occupation_alias,CPX-OCC-ENG-011:a6349b4a,needs_human_review,,,,,
occupation_alias,CPX-OCC-ENG-011:f15d9076,needs_human_review,,,,,
occupation_alias,CPX-OCC-ENG-011:f730e981,needs_human_review,,,,,
occupation_alias,CPX-OCC-ENG-011:804b3f72,needs_human_review,,,,,
occupation_alias,CPX-OCC-ENG-011:1507ab0f,needs_human_review,,,,,
occupation_alias,CPX-OCC-BOP-007:4b6f0c67,needs_human_review,,,,,
occupation_alias,CPX-OCC-ENG-012:c21770d6,needs_human_review,,,,,
occupation_alias,CPX-OCC-PPM-005:10a60a6f,excluded_from_exact_matching,,,,,
occupation_alias,CPX-OCC-ENG-015:10a60a6f,excluded_from_exact_matching,,,,,
occupation_alias,CPX-OCC-PPM-007:10a60a6f,excluded_from_exact_matching,,,,,
occupation_alias,CPX-OCC-ENG-014:10a60a6f,excluded_from_exact_matching,,,,,
occupation_alias,CPX-OCC-ENG-001:10a60a6f,excluded_from_exact_matching,,,,,
occupation_alias,CPX-OCC-ENG-001:10a60a6f,excluded_from_exact_matching,,,,,
occupation_alias,CPX-OCC-ENG-001:10a60a6f,excluded_from_exact_matching,,,,,
occupation_alias,CPX-OCC-ENG-001:10a60a6f,excluded_from_exact_matching,,,,,
occupation_alias,CPX-OCC-ENG-001:10a60a6f,excluded_from_exact_matching,,,,,
occupation_alias,CPX-OCC-ENG-001:10a60a6f,excluded_from_exact_matching,,,,,
occupation_alias,CPX-OCC-ENG-015:10a60a6f,excluded_from_exact_matching,,,,,
occupation_alias,CPX-OCC-ENG-015:10a60a6f,excluded_from_exact_matching,,,,,
occupation_alias,CPX-OCC-ENG-015:10a60a6f,excluded_from_exact_matching,,,,,
occupation_alias,CPX-OCC-ENG-015:10a60a6f,excluded_from_exact_matching,,,,,
occupation_alias,CPX-OCC-ENG-015:10a60a6f,excluded_from_exact_matching,,,,,
occupation_alias,CPX-OCC-ENG-015:10a60a6f,excluded_from_exact_matching,,,,,
occupation_alias,CPX-OCC-ENG-015:10a60a6f,excluded_from_exact_matching,,,,,
occupation_alias,CPX-OCC-DDA-020:10a60a6f,excluded_from_exact_matching,,,,,
occupation_alias,CPX-OCC-PPM-005:cdc99a5f,needs_human_review,,,,,
occupation_alias,CPX-OCC-ENG-018:cead5d4b,needs_human_review,,,,,
occupation_alias,CPX-OCC-ENG-013:47ffba75,needs_human_review,,,,,
occupation_alias,CPX-OCC-ENG-018:04fda545,needs_human_review,,,,,
occupation_alias,CPX-OCC-ENG-018:04fda545,needs_human_review,,,,,
occupation_alias,CPX-OCC-ENG-018:04fda545,needs_human_review,,,,,
occupation_alias,CPX-OCC-CBE-001:5ae233d6,excluded_from_exact_matching,,,,,
occupation_alias,CPX-OCC-PPM-020:5ae233d6,excluded_from_exact_matching,,,,,
occupation_alias,CPX-OCC-PPM-020:5ae233d6,excluded_from_exact_matching,,,,,
occupation_alias,CPX-OCC-CBE-001:5ae233d6,excluded_from_exact_matching,,,,,
occupation_alias,CPX-OCC-CBE-001:5ae233d6,excluded_from_exact_matching,,,,,
occupation_alias,CPX-OCC-ENG-018:5ae233d6,excluded_from_exact_matching,,,,,
occupation_alias,CPX-OCC-BOP-001:5ae233d6,excluded_from_exact_matching,,,,,
occupation_alias,CPX-OCC-BOP-010:5ae233d6,excluded_from_exact_matching,,,,,
occupation_alias,CPX-OCC-CBE-007:5ae233d6,excluded_from_exact_matching,,,,,
occupation_alias,CPX-OCC-CBE-002:5ae233d6,excluded_from_exact_matching,,,,,
occupation_alias,CPX-OCC-CBE-002:5ae233d6,excluded_from_exact_matching,,,,,
occupation_alias,CPX-OCC-ENG-018:5ae233d6,excluded_from_exact_matching,,,,,
occupation_alias,CPX-OCC-ENG-018:5ae233d6,excluded_from_exact_matching,,,,,
occupation_alias,CPX-OCC-ENG-018:5ae233d6,excluded_from_exact_matching,,,,,
occupation_alias,CPX-OCC-ENG-018:5ae233d6,excluded_from_exact_matching,,,,,
occupation_alias,CPX-OCC-ENG-018:5ae233d6,excluded_from_exact_matching,,,,,
occupation_alias,CPX-OCC-CBE-014:5ae233d6,excluded_from_exact_matching,,,,,
occupation_alias,CPX-OCC-PPM-018:5ae233d6,excluded_from_exact_matching,,,,,
occupation_alias,CPX-OCC-PPM-018:5ae233d6,excluded_from_exact_matching,,,,,
occupation_alias,CPX-OCC-PPM-018:5ae233d6,excluded_from_exact_matching,,,,,
occupation_alias,CPX-OCC-PPM-018:5ae233d6,excluded_from_exact_matching,,,,,
occupation_alias,CPX-OCC-CBE-002:5ae233d6,excluded_from_exact_matching,,,,,
occupation_alias,CPX-OCC-CBE-001:5ae233d6,excluded_from_exact_matching,,,,,
occupation_alias,CPX-OCC-CBE-001:5ae233d6,excluded_from_exact_matching,,,,,
occupation_alias,CPX-OCC-CBE-001:5ae233d6,excluded_from_exact_matching,,,,,
occupation_alias,CPX-OCC-ENG-018:131e4074,excluded_from_exact_matching,,,,,
occupation_alias,CPX-OCC-ENG-018:131e4074,excluded_from_exact_matching,,,,,
occupation_alias,CPX-OCC-PPM-020:131e4074,excluded_from_exact_matching,,,,,
occupation_alias,CPX-OCC-PPM-020:131e4074,excluded_from_exact_matching,,,,,
occupation_alias,CPX-OCC-PPM-020:131e4074,excluded_from_exact_matching,,,,,
occupation_alias,CPX-OCC-ENG-018:131e4074,excluded_from_exact_matching,,,,,
occupation_alias,CPX-OCC-BOP-001:131e4074,excluded_from_exact_matching,,,,,
occupation_alias,CPX-OCC-DDA-017:131e4074,excluded_from_exact_matching,,,,,
occupation_alias,CPX-OCC-BOP-010:131e4074,excluded_from_exact_matching,,,,,
occupation_alias,CPX-OCC-ENG-018:131e4074,excluded_from_exact_matching,,,,,
occupation_alias,CPX-OCC-ENG-018:131e4074,excluded_from_exact_matching,,,,,
occupation_alias,CPX-OCC-ENG-018:131e4074,excluded_from_exact_matching,,,,,
occupation_alias,CPX-OCC-ENG-018:131e4074,excluded_from_exact_matching,,,,,
occupation_alias,CPX-OCC-ENG-018:131e4074,excluded_from_exact_matching,,,,,
occupation_alias,CPX-OCC-ENG-018:131e4074,excluded_from_exact_matching,,,,,
occupation_alias,CPX-OCC-ENG-018:131e4074,excluded_from_exact_matching,,,,,
occupation_alias,CPX-OCC-ENG-018:131e4074,excluded_from_exact_matching,,,,,
occupation_alias,CPX-OCC-ENG-018:131e4074,excluded_from_exact_matching,,,,,
occupation_alias,CPX-OCC-PPM-018:131e4074,excluded_from_exact_matching,,,,,
occupation_alias,CPX-OCC-PPM-018:131e4074,excluded_from_exact_matching,,,,,
occupation_alias,CPX-OCC-PPM-018:131e4074,excluded_from_exact_matching,,,,,
occupation_alias,CPX-OCC-PPM-018:131e4074,excluded_from_exact_matching,,,,,
occupation_alias,CPX-OCC-ENG-018:131e4074,excluded_from_exact_matching,,,,,
occupation_alias,CPX-OCC-ENG-018:131e4074,excluded_from_exact_matching,,,,,
occupation_alias,CPX-OCC-BOP-001:812a163d,excluded_from_exact_matching,,,,,
occupation_alias,CPX-OCC-ENG-018:812a163d,excluded_from_exact_matching,,,,,
occupation_alias,CPX-OCC-ENG-018:812a163d,excluded_from_exact_matching,,,,,
occupation_alias,CPX-OCC-ENG-018:812a163d,excluded_from_exact_matching,,,,,
occupation_alias,CPX-OCC-ENG-018:812a163d,excluded_from_exact_matching,,,,,
occupation_alias,CPX-OCC-ENG-018:812a163d,excluded_from_exact_matching,,,,,
occupation_alias,CPX-OCC-PPM-018:812a163d,excluded_from_exact_matching,,,,,
occupation_alias,CPX-OCC-ENE-010:812a163d,excluded_from_exact_matching,,,,,
occupation_alias,CPX-OCC-BOP-010:812a163d,excluded_from_exact_matching,,,,,
occupation_alias,CPX-OCC-BOP-010:812a163d,excluded_from_exact_matching,,,,,
occupation_alias,CPX-OCC-BOP-001:8f369109,excluded_from_exact_matching,,,,,
occupation_alias,CPX-OCC-ENE-010:8f369109,excluded_from_exact_matching,,,,,
occupation_alias,CPX-OCC-ENG-011:c89d86bc,needs_human_review,,,,,
occupation_alias,CPX-OCC-PPM-003:f1b9b532,needs_human_review,,,,,
occupation_alias,CPX-OCC-PPM-003:c29b3b63,excluded_from_exact_matching,,,,,
occupation_alias,CPX-OCC-PPM-003:3c34eae2,needs_human_review,,,,,
occupation_alias,CPX-OCC-PPM-020:66e458dd,excluded_from_exact_matching,,,,,
occupation_alias,CPX-OCC-PPM-003:66e458dd,excluded_from_exact_matching,,,,,
occupation_alias,CPX-OCC-PPM-003:66e458dd,excluded_from_exact_matching,,,,,
occupation_alias,CPX-OCC-DDA-016:095019ac,needs_human_review,,,,,
occupation_alias,CPX-OCC-DDA-009:123c6196,excluded_from_exact_matching,,,,,
occupation_alias,CPX-OCC-PPM-013:123c6196,excluded_from_exact_matching,,,,,
occupation_alias,CPX-OCC-CBE-011:123c6196,excluded_from_exact_matching,,,,,
occupation_alias,CPX-OCC-DDA-001:123c6196,excluded_from_exact_matching,,,,,
occupation_alias,CPX-OCC-DDA-001:123c6196,excluded_from_exact_matching,,,,,
occupation_alias,CPX-OCC-DDA-002:123c6196,excluded_from_exact_matching,,,,,
occupation_alias,CPX-OCC-DDA-002:123c6196,excluded_from_exact_matching,,,,,
occupation_alias,CPX-OCC-DDA-002:123c6196,excluded_from_exact_matching,,,,,
occupation_alias,CPX-OCC-DDA-002:123c6196,excluded_from_exact_matching,,,,,
occupation_alias,CPX-OCC-DDA-002:123c6196,excluded_from_exact_matching,,,,,
occupation_alias,CPX-OCC-DDA-002:123c6196,excluded_from_exact_matching,,,,,
occupation_alias,CPX-OCC-DDA-002:123c6196,excluded_from_exact_matching,,,,,
occupation_alias,CPX-OCC-ENG-001:123c6196,excluded_from_exact_matching,,,,,
occupation_alias,CPX-OCC-DDA-012:123c6196,excluded_from_exact_matching,,,,,
occupation_alias,CPX-OCC-DDA-003:123c6196,excluded_from_exact_matching,,,,,
occupation_alias,CPX-OCC-DDA-003:123c6196,excluded_from_exact_matching,,,,,
occupation_alias,CPX-OCC-DDA-018:123c6196,excluded_from_exact_matching,,,,,
occupation_alias,CPX-OCC-DDA-014:123c6196,excluded_from_exact_matching,,,,,
occupation_alias,CPX-OCC-DDA-005:123c6196,excluded_from_exact_matching,,,,,
occupation_alias,CPX-OCC-DDA-002:123c6196,excluded_from_exact_matching,,,,,
occupation_alias,CPX-OCC-DDA-013:123c6196,excluded_from_exact_matching,,,,,
occupation_alias,CPX-OCC-DDA-002:123c6196,excluded_from_exact_matching,,,,,
occupation_alias,CPX-OCC-DDA-012:b2cc0736,excluded_from_exact_matching,,,,,
occupation_alias,CPX-OCC-DDA-018:b2cc0736,excluded_from_exact_matching,,,,,
occupation_alias,CPX-OCC-DDA-013:b2cc0736,excluded_from_exact_matching,,,,,
occupation_alias,CPX-OCC-CBE-001:0b85ff24,excluded_from_exact_matching,,,,,
occupation_alias,CPX-OCC-PPM-001:94600cc9,excluded_from_exact_matching,,,,,
occupation_alias,CPX-OCC-PPM-001:9307ff28,needs_human_review,,,,,
occupation_alias,CPX-OCC-ENG-019:d74e4480,excluded_from_exact_matching,,,,,
occupation_alias,CPX-OCC-ENG-012:d74e4480,excluded_from_exact_matching,,,,,
occupation_alias,CPX-OCC-ENG-010:4bb7afa5,needs_human_review,,,,,
occupation_alias,CPX-OCC-ENE-002:448f80f6,needs_human_review,,,,,
occupation_alias,CPX-OCC-ENG-006:c4817890,needs_human_review,,,,,
occupation_alias,CPX-OCC-ENE-002:dcbee977,needs_human_review,,,,,
occupation_alias,CPX-OCC-ENE-002:3766451b,needs_human_review,,,,,
occupation_alias,CPX-OCC-ENE-002:e56bb5a5,needs_human_review,,,,,
occupation_alias,CPX-OCC-PPM-001:5125a1e7,needs_human_review,,,,,
occupation_alias,CPX-OCC-PPM-001:80bfbb8b,excluded_from_exact_matching,,,,,
occupation_alias,CPX-OCC-PPM-005:86a0e3c1,excluded_from_exact_matching,,,,,
occupation_alias,CPX-OCC-PPM-013:86a0e3c1,excluded_from_exact_matching,,,,,
occupation_alias,CPX-OCC-BOP-010:86a0e3c1,excluded_from_exact_matching,,,,,
occupation_alias,CPX-OCC-PPM-001:86a0e3c1,excluded_from_exact_matching,,,,,
occupation_alias,CPX-OCC-PPM-001:86a0e3c1,excluded_from_exact_matching,,,,,
occupation_alias,CPX-OCC-PPM-013:86a0e3c1,excluded_from_exact_matching,,,,,
occupation_alias,CPX-OCC-PPM-006:86a0e3c1,excluded_from_exact_matching,,,,,
occupation_alias,CPX-OCC-PPM-001:03590adb,needs_human_review,,,,,
occupation_alias,CPX-OCC-PPM-003:ee76c464,needs_human_review,,,,,
occupation_alias,CPX-OCC-CBE-013:6064d1b4,excluded_from_exact_matching,,,,,
occupation_alias,CPX-OCC-CBE-013:6064d1b4,excluded_from_exact_matching,,,,,
occupation_alias,CPX-OCC-ENG-018:6064d1b4,excluded_from_exact_matching,,,,,
occupation_alias,CPX-OCC-ENG-018:6064d1b4,excluded_from_exact_matching,,,,,
occupation_alias,CPX-OCC-ENG-018:6064d1b4,excluded_from_exact_matching,,,,,
occupation_alias,CPX-OCC-ENG-018:6064d1b4,excluded_from_exact_matching,,,,,
occupation_alias,CPX-OCC-ENG-018:6064d1b4,excluded_from_exact_matching,,,,,
occupation_alias,CPX-OCC-PPM-018:6064d1b4,excluded_from_exact_matching,,,,,
occupation_alias,CPX-OCC-PPM-018:6064d1b4,excluded_from_exact_matching,,,,,
occupation_alias,CPX-OCC-PPM-018:6064d1b4,excluded_from_exact_matching,,,,,
occupation_alias,CPX-OCC-BOP-010:6064d1b4,excluded_from_exact_matching,,,,,
occupation_alias,CPX-OCC-CBE-002:6064d1b4,excluded_from_exact_matching,,,,,
occupation_alias,CPX-OCC-CBE-013:6064d1b4,excluded_from_exact_matching,,,,,
occupation_alias,CPX-OCC-PPM-001:6064d1b4,excluded_from_exact_matching,,,,,
occupation_alias,CPX-OCC-PPM-020:6064d1b4,excluded_from_exact_matching,,,,,
occupation_alias,CPX-OCC-CBE-013:6064d1b4,excluded_from_exact_matching,,,,,
occupation_alias,CPX-OCC-PPM-020:6064d1b4,excluded_from_exact_matching,,,,,
occupation_alias,CPX-OCC-PPM-020:6064d1b4,excluded_from_exact_matching,,,,,
occupation_alias,CPX-OCC-PPM-020:6064d1b4,excluded_from_exact_matching,,,,,
occupation_alias,CPX-OCC-ENG-018:8434e0fb,needs_human_review,,,,,
occupation_alias,CPX-OCC-ENG-018:8434e0fb,needs_human_review,,,,,
occupation_alias,CPX-OCC-ENG-018:c54d952e,excluded_from_exact_matching,,,,,
occupation_alias,CPX-OCC-PPM-020:c54d952e,excluded_from_exact_matching,,,,,
occupation_alias,CPX-OCC-PPM-004:96d11915,needs_human_review,,,,,
occupation_alias,CPX-OCC-BOP-001:627fee47,excluded_from_exact_matching,,,,,
occupation_alias,CPX-OCC-BOP-001:627fee47,excluded_from_exact_matching,,,,,
occupation_alias,CPX-OCC-ENG-018:627fee47,excluded_from_exact_matching,,,,,
occupation_alias,CPX-OCC-ENG-018:627fee47,excluded_from_exact_matching,,,,,
occupation_alias,CPX-OCC-PPM-018:627fee47,excluded_from_exact_matching,,,,,
occupation_alias,CPX-OCC-PPM-018:627fee47,excluded_from_exact_matching,,,,,
occupation_alias,CPX-OCC-PPM-020:3aea83ea,needs_human_review,,,,,
occupation_alias,CPX-OCC-ENG-018:aa88758a,needs_human_review,,,,,
occupation_alias,CPX-OCC-ENG-018:1856fad1,needs_human_review,,,,,
occupation_alias,CPX-OCC-DDA-015:0367789f,excluded_from_exact_matching,,,,,
occupation_alias,CPX-OCC-CBE-009:0367789f,excluded_from_exact_matching,,,,,
occupation_alias,CPX-OCC-CBE-009:0367789f,excluded_from_exact_matching,,,,,
occupation_alias,CPX-OCC-PPM-005:0367789f,excluded_from_exact_matching,,,,,
occupation_alias,CPX-OCC-ENG-018:0367789f,excluded_from_exact_matching,,,,,
occupation_alias,CPX-OCC-CBE-009:30e6f3fc,excluded_from_exact_matching,,,,,
occupation_alias,CPX-OCC-CBE-009:30e6f3fc,excluded_from_exact_matching,,,,,
occupation_alias,CPX-OCC-PPM-005:30e6f3fc,excluded_from_exact_matching,,,,,
occupation_alias,CPX-OCC-ENG-018:26c42a3c,excluded_from_exact_matching,,,,,
occupation_alias,CPX-OCC-ENG-018:26c42a3c,excluded_from_exact_matching,,,,,
occupation_alias,CPX-OCC-ENG-018:26c42a3c,excluded_from_exact_matching,,,,,
occupation_alias,CPX-OCC-PPM-018:26c42a3c,excluded_from_exact_matching,,,,,
occupation_alias,CPX-OCC-PPM-018:26c42a3c,excluded_from_exact_matching,,,,,
occupation_alias,CPX-OCC-PPM-018:26c42a3c,excluded_from_exact_matching,,,,,
occupation_alias,CPX-OCC-ENG-013:37d155db,needs_human_review,,,,,
occupation_alias,CPX-OCC-ENG-013:621a99e3,needs_human_review,,,,,
occupation_alias,CPX-OCC-PPM-012:8f7d61a8,excluded_from_exact_matching,,,,,
occupation_alias,CPX-OCC-BOP-005:8f7d61a8,excluded_from_exact_matching,,,,,
occupation_alias,CPX-OCC-BOP-005:8f7d61a8,excluded_from_exact_matching,,,,,
occupation_alias,CPX-OCC-ENE-009:4b1beb76,needs_human_review,,,,,
occupation_alias,CPX-OCC-ENE-009:b0e5ff7d,needs_human_review,,,,,
occupation_alias,CPX-OCC-ENG-012:4da8466c,needs_human_review,,,,,
occupation_alias,CPX-OCC-BOP-007:8cce88cc,needs_human_review,,,,,
occupation_alias,CPX-OCC-BOP-007:b30d3328,needs_human_review,,,,,
occupation_alias,CPX-OCC-BOP-007:9437c93e,excluded_from_exact_matching,,,,,
occupation_alias,CPX-OCC-BOP-008:9437c93e,excluded_from_exact_matching,,,,,
occupation_alias,CPX-OCC-BOP-007:9437c93e,excluded_from_exact_matching,,,,,
occupation_alias,CPX-OCC-BOP-007:9437c93e,excluded_from_exact_matching,,,,,
occupation_alias,CPX-OCC-BOP-007:9437c93e,excluded_from_exact_matching,,,,,
occupation_alias,CPX-OCC-BOP-001:9437c93e,excluded_from_exact_matching,,,,,
occupation_alias,CPX-OCC-BOP-007:9437c93e,excluded_from_exact_matching,,,,,
occupation_alias,CPX-OCC-BOP-007:9437c93e,excluded_from_exact_matching,,,,,
occupation_alias,CPX-OCC-BOP-007:9437c93e,excluded_from_exact_matching,,,,,
occupation_alias,CPX-OCC-BOP-007:421faccc,needs_human_review,,,,,
occupation_alias,CPX-OCC-BOP-007:ac7916b3,needs_human_review,,,,,
occupation_alias,CPX-OCC-BOP-007:4a6b60dd,excluded_from_exact_matching,,,,,
occupation_alias,CPX-OCC-BOP-007:4a6b60dd,excluded_from_exact_matching,,,,,
occupation_alias,CPX-OCC-BOP-007:4a6b60dd,excluded_from_exact_matching,,,,,
occupation_alias,CPX-OCC-BOP-007:4a6b60dd,excluded_from_exact_matching,,,,,
occupation_alias,CPX-OCC-BOP-001:4a6b60dd,excluded_from_exact_matching,,,,,
occupation_alias,CPX-OCC-BOP-007:4a6b60dd,excluded_from_exact_matching,,,,,
occupation_alias,CPX-OCC-BOP-007:4a6b60dd,excluded_from_exact_matching,,,,,
occupation_alias,CPX-OCC-BOP-007:4a6b60dd,excluded_from_exact_matching,,,,,
occupation_alias,CPX-OCC-ENG-015:9ac9d139,excluded_from_exact_matching,,,,,
occupation_alias,CPX-OCC-PPM-007:9ac9d139,excluded_from_exact_matching,,,,,
occupation_alias,CPX-OCC-PPM-007:9ac9d139,excluded_from_exact_matching,,,,,
occupation_alias,CPX-OCC-ENG-014:9ac9d139,excluded_from_exact_matching,,,,,
occupation_alias,CPX-OCC-ENG-001:9ac9d139,excluded_from_exact_matching,,,,,
occupation_alias,CPX-OCC-ENG-018:9ac9d139,excluded_from_exact_matching,,,,,
occupation_alias,CPX-OCC-PPM-006:9ac9d139,excluded_from_exact_matching,,,,,
occupation_alias,CPX-OCC-ENG-018:9ac9d139,excluded_from_exact_matching,,,,,
occupation_alias,CPX-OCC-ENG-015:c65fa3c4,excluded_from_exact_matching,,,,,
occupation_alias,CPX-OCC-ENG-014:c65fa3c4,excluded_from_exact_matching,,,,,
occupation_alias,CPX-OCC-ENG-001:c65fa3c4,excluded_from_exact_matching,,,,,
occupation_alias,CPX-OCC-ENG-018:c65fa3c4,excluded_from_exact_matching,,,,,
occupation_alias,CPX-OCC-ENG-018:c65fa3c4,excluded_from_exact_matching,,,,,
occupation_alias,CPX-OCC-BOP-007:70cc5681,needs_human_review,,,,,
occupation_alias,CPX-OCC-CBE-003:3da1cdb7,needs_human_review,,,,,
occupation_alias,CPX-OCC-CBE-003:3da1cdb7,needs_human_review,,,,,
occupation_alias,CPX-OCC-CBE-003:3da1cdb7,needs_human_review,,,,,
occupation_alias,CPX-OCC-CBE-003:3da1cdb7,needs_human_review,,,,,
occupation_alias,CPX-OCC-CBE-003:3da1cdb7,needs_human_review,,,,,
occupation_alias,CPX-OCC-PPM-007:daeb2f63,needs_human_review,,,,,
occupation_alias,CPX-OCC-ENG-007:8de7c2bd,needs_human_review,,,,,
occupation_alias,CPX-OCC-ENG-018:b02d646a,needs_human_review,,,,,
occupation_alias,CPX-OCC-ENG-018:b02d646a,needs_human_review,,,,,
occupation_alias,CPX-OCC-ENG-001:44c70667,needs_human_review,,,,,
occupation_alias,CPX-OCC-ENG-016:64a087fc,needs_human_review,,,,,
occupation_alias,CPX-OCC-ENG-012:943993d5,needs_human_review,,,,,
occupation_alias,CPX-OCC-ENG-012:21b85834,needs_human_review,,,,,
occupation_alias,CPX-OCC-ENG-006:db7f5e0f,needs_human_review,,,,,
occupation_alias,CPX-OCC-ENG-006:c71d55b6,needs_human_review,,,,,
occupation_alias,CPX-OCC-BOP-009:09077d5b,needs_human_review,,,,,
occupation_alias,CPX-OCC-ENG-006:71c1bbd4,needs_human_review,,,,,
occupation_alias,CPX-OCC-ENG-006:ef2517ed,needs_human_review,,,,,
occupation_alias,CPX-OCC-ENG-006:e0f84f68,needs_human_review,,,,,
occupation_alias,CPX-OCC-ENG-006:7d7c15a5,needs_human_review,,,,,
occupation_alias,CPX-OCC-ENG-012:f1e672e9,needs_human_review,,,,,
occupation_alias,CPX-OCC-ENG-006:1a6cdd5c,needs_human_review,,,,,
occupation_alias,CPX-OCC-ENG-012:544b3695,needs_human_review,,,,,
occupation_alias,CPX-OCC-ENG-012:3aa2ab3b,needs_human_review,,,,,
occupation_alias,CPX-OCC-ENG-006:c12af949,needs_human_review,,,,,
occupation_alias,CPX-OCC-BOP-009:6cf4ddf4,needs_human_review,,,,,
occupation_alias,CPX-OCC-ENG-006:81ff718a,needs_human_review,,,,,
occupation_alias,CPX-OCC-ENG-006:fc56e292,needs_human_review,,,,,
occupation_alias,CPX-OCC-BOP-009:5d360696,needs_human_review,,,,,
occupation_alias,CPX-OCC-DDA-015:a1a4f0ea,needs_human_review,,,,,
occupation_alias,CPX-OCC-PPM-020:14761779,excluded_from_exact_matching,,,,,
occupation_alias,CPX-OCC-BOP-001:14761779,excluded_from_exact_matching,,,,,
occupation_alias,CPX-OCC-ENG-018:14761779,excluded_from_exact_matching,,,,,
occupation_alias,CPX-OCC-PPM-018:14761779,excluded_from_exact_matching,,,,,
occupation_alias,CPX-OCC-PPM-018:14761779,excluded_from_exact_matching,,,,,
occupation_alias,CPX-OCC-ENG-018:6246ce8d,excluded_from_exact_matching,,,,,
occupation_alias,CPX-OCC-PPM-018:6246ce8d,excluded_from_exact_matching,,,,,
occupation_alias,CPX-OCC-ENE-002:bc28ad0f,needs_human_review,,,,,
occupation_alias,CPX-OCC-ENE-002:c68b9b62,needs_human_review,,,,,
occupation_alias,CPX-OCC-ENE-002:a5399aef,needs_human_review,,,,,
occupation_alias,CPX-OCC-ENE-002:8a458643,needs_human_review,,,,,
occupation_alias,CPX-OCC-ENE-002:661a5d3a,needs_human_review,,,,,
occupation_alias,CPX-OCC-ENE-008:88dde9ea,needs_human_review,,,,,
occupation_alias,CPX-OCC-ENE-002:56596518,needs_human_review,,,,,
occupation_alias,CPX-OCC-ENE-002:955ace72,needs_human_review,,,,,
occupation_alias,CPX-OCC-ENE-002:c28c36ac,needs_human_review,,,,,
occupation_alias,CPX-OCC-ENE-002:8fc4fdf5,needs_human_review,,,,,
occupation_alias,CPX-OCC-ENE-002:bc7b60ae,needs_human_review,,,,,
occupation_alias,CPX-OCC-ENE-002:d840d046,needs_human_review,,,,,
occupation_alias,CPX-OCC-ENE-002:e82b6252,needs_human_review,,,,,
occupation_alias,CPX-OCC-ENE-002:2591a295,needs_human_review,,,,,
occupation_alias,CPX-OCC-ENG-013:37817e13,needs_human_review,,,,,
occupation_alias,CPX-OCC-BOP-009:627753ed,needs_human_review,,,,,
occupation_alias,CPX-OCC-BOP-009:627753ed,needs_human_review,,,,,
occupation_alias,CPX-OCC-BOP-009:627753ed,needs_human_review,,,,,
occupation_alias,CPX-OCC-BOP-009:627753ed,needs_human_review,,,,,
occupation_alias,CPX-OCC-CBE-008:76b026f2,needs_human_review,,,,,
occupation_alias,CPX-OCC-PPM-020:34cd8b27,needs_human_review,,,,,
occupation_alias,CPX-OCC-CBE-008:4d6821a9,excluded_from_exact_matching,,,,,
occupation_alias,CPX-OCC-DDA-017:4d6821a9,excluded_from_exact_matching,,,,,
occupation_alias,CPX-OCC-PPM-001:4d6821a9,excluded_from_exact_matching,,,,,
occupation_alias,CPX-OCC-ENG-018:4d6821a9,excluded_from_exact_matching,,,,,
occupation_alias,CPX-OCC-BOP-003:4d6821a9,excluded_from_exact_matching,,,,,
occupation_alias,CPX-OCC-DDA-017:8253a69a,excluded_from_exact_matching,,,,,
occupation_alias,CPX-OCC-PPM-001:8253a69a,excluded_from_exact_matching,,,,,
occupation_alias,CPX-OCC-ENG-018:8253a69a,excluded_from_exact_matching,,,,,
occupation_alias,CPX-OCC-BOP-003:8253a69a,excluded_from_exact_matching,,,,,
occupation_alias,CPX-OCC-DDA-018:9472acc4,needs_human_review,,,,,
occupation_alias,CPX-OCC-DDA-018:9472acc4,needs_human_review,,,,,
occupation_alias,CPX-OCC-ENG-018:2940b2cb,excluded_from_exact_matching,,,,,
occupation_alias,CPX-OCC-ENG-018:2940b2cb,excluded_from_exact_matching,,,,,
occupation_alias,CPX-OCC-ENG-018:2940b2cb,excluded_from_exact_matching,,,,,
occupation_alias,CPX-OCC-ENG-018:2940b2cb,excluded_from_exact_matching,,,,,
occupation_alias,CPX-OCC-PPM-018:2940b2cb,excluded_from_exact_matching,,,,,
occupation_alias,CPX-OCC-PPM-018:2940b2cb,excluded_from_exact_matching,,,,,
occupation_alias,CPX-OCC-PPM-018:2940b2cb,excluded_from_exact_matching,,,,,
occupation_alias,CPX-OCC-PPM-018:2940b2cb,excluded_from_exact_matching,,,,,
occupation_alias,CPX-OCC-PPM-018:2940b2cb,excluded_from_exact_matching,,,,,
occupation_alias,CPX-OCC-BOP-010:2940b2cb,excluded_from_exact_matching,,,,,
occupation_alias,CPX-OCC-BOP-010:724a9aae,excluded_from_exact_matching,,,,,
occupation_alias,CPX-OCC-BOP-010:724a9aae,excluded_from_exact_matching,,,,,
occupation_alias,CPX-OCC-ENG-018:724a9aae,excluded_from_exact_matching,,,,,
occupation_alias,CPX-OCC-ENG-018:724a9aae,excluded_from_exact_matching,,,,,
occupation_alias,CPX-OCC-ENG-018:724a9aae,excluded_from_exact_matching,,,,,
occupation_alias,CPX-OCC-ENG-018:724a9aae,excluded_from_exact_matching,,,,,
occupation_alias,CPX-OCC-PPM-018:724a9aae,excluded_from_exact_matching,,,,,
occupation_alias,CPX-OCC-PPM-018:724a9aae,excluded_from_exact_matching,,,,,
occupation_alias,CPX-OCC-PPM-018:724a9aae,excluded_from_exact_matching,,,,,
occupation_alias,CPX-OCC-PPM-018:724a9aae,excluded_from_exact_matching,,,,,
occupation_alias,CPX-OCC-PPM-018:724a9aae,excluded_from_exact_matching,,,,,
occupation_alias,CPX-OCC-BOP-010:724a9aae,excluded_from_exact_matching,,,,,
occupation_alias,CPX-OCC-ENG-018:724a9aae,excluded_from_exact_matching,,,,,
occupation_alias,CPX-OCC-BOP-010:724a9aae,excluded_from_exact_matching,,,,,
occupation_alias,CPX-OCC-BOP-001:42a39737,excluded_from_exact_matching,,,,,
occupation_alias,CPX-OCC-ENG-018:42a39737,excluded_from_exact_matching,,,,,
occupation_alias,CPX-OCC-ENG-018:42a39737,excluded_from_exact_matching,,,,,
occupation_alias,CPX-OCC-ENG-018:42a39737,excluded_from_exact_matching,,,,,
occupation_alias,CPX-OCC-ENG-018:42a39737,excluded_from_exact_matching,,,,,
occupation_alias,CPX-OCC-ENG-018:42a39737,excluded_from_exact_matching,,,,,
occupation_alias,CPX-OCC-PPM-018:42a39737,excluded_from_exact_matching,,,,,
occupation_alias,CPX-OCC-PPM-018:42a39737,excluded_from_exact_matching,,,,,
occupation_alias,CPX-OCC-PPM-018:42a39737,excluded_from_exact_matching,,,,,
occupation_alias,CPX-OCC-PPM-018:42a39737,excluded_from_exact_matching,,,,,
occupation_alias,CPX-OCC-PPM-018:42a39737,excluded_from_exact_matching,,,,,
occupation_alias,CPX-OCC-PPM-018:42a39737,excluded_from_exact_matching,,,,,
occupation_alias,CPX-OCC-BOP-010:42a39737,excluded_from_exact_matching,,,,,
occupation_alias,CPX-OCC-ENG-018:42a39737,excluded_from_exact_matching,,,,,
occupation_alias,CPX-OCC-ENG-018:42a39737,excluded_from_exact_matching,,,,,
occupation_alias,CPX-OCC-PPM-020:42a39737,excluded_from_exact_matching,,,,,
occupation_alias,CPX-OCC-BOP-009:e9e092e8,needs_human_review,,,,,
occupation_alias,CPX-OCC-BOP-009:e9e092e8,needs_human_review,,,,,
occupation_alias,CPX-OCC-BOP-009:e9c46885,needs_human_review,,,,,
occupation_alias,CPX-OCC-BOP-009:e9c46885,needs_human_review,,,,,
occupation_alias,CPX-OCC-PPM-003:1dee4d2c,needs_human_review,,,,,
occupation_alias,CPX-OCC-ENG-016:7c4c14cf,needs_human_review,,,,,
occupation_alias,CPX-OCC-ENG-016:defc8154,needs_human_review,,,,,
occupation_alias,CPX-OCC-PPM-010:c445ac4c,needs_human_review,,,,,
occupation_alias,CPX-OCC-PPM-010:c445ac4c,needs_human_review,,,,,
occupation_alias,CPX-OCC-PPM-010:c445ac4c,needs_human_review,,,,,
occupation_alias,CPX-OCC-PPM-010:c445ac4c,needs_human_review,,,,,
occupation_alias,CPX-OCC-PPM-010:c445ac4c,needs_human_review,,,,,
occupation_alias,CPX-OCC-PPM-010:c445ac4c,needs_human_review,,,,,
occupation_alias,CPX-OCC-PPM-010:c445ac4c,needs_human_review,,,,,
occupation_alias,CPX-OCC-ENG-007:d7606ab6,needs_human_review,,,,,
occupation_alias,CPX-OCC-ENG-007:74ca7d9d,needs_human_review,,,,,
occupation_alias,CPX-OCC-ENG-007:d9ccdebe,needs_human_review,,,,,
occupation_alias,CPX-OCC-CBE-001:6788035f,needs_human_review,,,,,
occupation_alias,CPX-OCC-ENG-007:0c905c3e,needs_human_review,,,,,
occupation_alias,CPX-OCC-ENG-007:ad731694,needs_human_review,,,,,
occupation_alias,CPX-OCC-ENG-007:8431c168,needs_human_review,,,,,
occupation_alias,CPX-OCC-ENG-007:5c7f5793,needs_human_review,,,,,
occupation_alias,CPX-OCC-ENG-010:7660be6a,needs_human_review,,,,,
occupation_alias,CPX-OCC-ENG-007:1546062a,needs_human_review,,,,,
occupation_alias,CPX-OCC-ENG-005:efa7d206,needs_human_review,,,,,
occupation_alias,CPX-OCC-DDA-019:d3f066c2,needs_human_review,,,,,
occupation_alias,CPX-OCC-ENG-007:10795caa,needs_human_review,,,,,
occupation_alias,CPX-OCC-ENG-006:926db456,needs_human_review,,,,,
occupation_alias,CPX-OCC-ENG-006:cd6b5862,needs_human_review,,,,,
occupation_alias,CPX-OCC-ENG-006:e846b9ef,needs_human_review,,,,,
occupation_alias,CPX-OCC-ENG-006:b475b64a,needs_human_review,,,,,
occupation_alias,CPX-OCC-ENG-006:f68f6c05,needs_human_review,,,,,
occupation_alias,CPX-OCC-ENG-006:1a2a8ea7,needs_human_review,,,,,
occupation_alias,CPX-OCC-ENG-006:fa3da08d,needs_human_review,,,,,
occupation_alias,CPX-OCC-ENG-006:ad064f47,needs_human_review,,,,,
occupation_alias,CPX-OCC-ENG-006:9079482b,needs_human_review,,,,,
occupation_alias,CPX-OCC-ENG-006:cc0a6b8a,needs_human_review,,,,,
occupation_alias,CPX-OCC-ENG-006:2068d932,needs_human_review,,,,,
occupation_alias,CPX-OCC-ENG-018:bc2dbdfe,excluded_from_exact_matching,,,,,
occupation_alias,CPX-OCC-ENG-018:bc2dbdfe,excluded_from_exact_matching,,,,,
occupation_alias,CPX-OCC-ENG-016:bc2dbdfe,excluded_from_exact_matching,,,,,
occupation_alias,CPX-OCC-ENG-011:bc2dbdfe,excluded_from_exact_matching,,,,,
occupation_alias,CPX-OCC-ENG-018:bc2dbdfe,excluded_from_exact_matching,,,,,
occupation_alias,CPX-OCC-ENG-018:bc2dbdfe,excluded_from_exact_matching,,,,,
occupation_alias,CPX-OCC-ENG-018:bc2dbdfe,excluded_from_exact_matching,,,,,
occupation_alias,CPX-OCC-ENG-018:bc2dbdfe,excluded_from_exact_matching,,,,,
occupation_alias,CPX-OCC-ENG-018:bc2dbdfe,excluded_from_exact_matching,,,,,
occupation_alias,CPX-OCC-PPM-020:3766a57b,needs_human_review,,,,,
occupation_alias,CPX-OCC-ENE-007:4a86fe1f,needs_human_review,,,,,
occupation_alias,CPX-OCC-ENG-007:e74ba856,needs_human_review,,,,,
occupation_alias,CPX-OCC-DDA-017:e3f2429a,excluded_from_exact_matching,,,,,
occupation_alias,CPX-OCC-PPM-011:e3f2429a,excluded_from_exact_matching,,,,,
occupation_alias,CPX-OCC-ENG-018:e3f2429a,excluded_from_exact_matching,,,,,
occupation_alias,CPX-OCC-BOP-009:e3f2429a,excluded_from_exact_matching,,,,,
occupation_alias,CPX-OCC-BOP-006:e3f2429a,excluded_from_exact_matching,,,,,
occupation_alias,CPX-OCC-DDA-017:f8321986,excluded_from_exact_matching,,,,,
occupation_alias,CPX-OCC-PPM-011:f8321986,excluded_from_exact_matching,,,,,
occupation_alias,CPX-OCC-DDA-017:f8321986,excluded_from_exact_matching,,,,,
occupation_alias,CPX-OCC-DDA-017:f8321986,excluded_from_exact_matching,,,,,
occupation_alias,CPX-OCC-PPM-011:f8321986,excluded_from_exact_matching,,,,,
occupation_alias,CPX-OCC-ENG-018:f8321986,excluded_from_exact_matching,,,,,
occupation_alias,CPX-OCC-ENG-018:f8321986,excluded_from_exact_matching,,,,,
occupation_alias,CPX-OCC-ENG-018:f8321986,excluded_from_exact_matching,,,,,
occupation_alias,CPX-OCC-ENG-018:f8321986,excluded_from_exact_matching,,,,,
occupation_alias,CPX-OCC-ENG-018:f8321986,excluded_from_exact_matching,,,,,
occupation_alias,CPX-OCC-ENG-018:f8321986,excluded_from_exact_matching,,,,,
occupation_alias,CPX-OCC-BOP-009:f8321986,excluded_from_exact_matching,,,,,
occupation_alias,CPX-OCC-BOP-006:f8321986,excluded_from_exact_matching,,,,,
occupation_alias,CPX-OCC-DDA-017:cd216e32,excluded_from_exact_matching,,,,,
occupation_alias,CPX-OCC-PPM-011:cd216e32,excluded_from_exact_matching,,,,,
occupation_alias,CPX-OCC-DDA-017:cd216e32,excluded_from_exact_matching,,,,,
occupation_alias,CPX-OCC-ENG-018:cd216e32,excluded_from_exact_matching,,,,,
occupation_alias,CPX-OCC-ENG-018:cd216e32,excluded_from_exact_matching,,,,,
occupation_alias,CPX-OCC-ENG-018:cd216e32,excluded_from_exact_matching,,,,,
occupation_alias,CPX-OCC-ENG-018:cd216e32,excluded_from_exact_matching,,,,,
occupation_alias,CPX-OCC-ENG-018:cd216e32,excluded_from_exact_matching,,,,,
occupation_alias,CPX-OCC-DDA-015:c3802d78,needs_human_review,,,,,
occupation_alias,CPX-OCC-ENG-018:e92f7736,excluded_from_exact_matching,,,,,
occupation_alias,CPX-OCC-PPM-018:e92f7736,excluded_from_exact_matching,,,,,
occupation_alias,CPX-OCC-PPM-018:e92f7736,excluded_from_exact_matching,,,,,
occupation_alias,CPX-OCC-PPM-020:e92f7736,excluded_from_exact_matching,,,,,
occupation_alias,CPX-OCC-PPM-020:e92f7736,excluded_from_exact_matching,,,,,
occupation_alias,CPX-OCC-BOP-009:2a9302ed,needs_human_review,,,,,
occupation_alias,CPX-OCC-BOP-009:2a9302ed,needs_human_review,,,,,
occupation_alias,CPX-OCC-BOP-009:2a9302ed,needs_human_review,,,,,
occupation_alias,CPX-OCC-BOP-009:2a9302ed,needs_human_review,,,,,
occupation_alias,CPX-OCC-PPM-020:49378908,needs_human_review,,,,,
occupation_alias,CPX-OCC-ENE-002:ab021112,needs_human_review,,,,,
occupation_alias,CPX-OCC-BOP-010:28c6043b,excluded_from_exact_matching,,,,,
occupation_alias,CPX-OCC-ENG-018:28c6043b,excluded_from_exact_matching,,,,,
occupation_alias,CPX-OCC-ENE-002:28c6043b,excluded_from_exact_matching,,,,,
occupation_alias,CPX-OCC-DDA-017:a606bcbd,needs_human_review,,,,,
occupation_alias,CPX-OCC-PPM-018:6cdae14c,needs_human_review,,,,,
occupation_alias,CPX-OCC-ENG-019:c2290be9,needs_human_review,,,,,
occupation_alias,CPX-OCC-DDA-015:57be7aa8,needs_human_review,,,,,
occupation_alias,CPX-OCC-DDA-013:527a1573,needs_human_review,,,,,
occupation_alias,CPX-OCC-DDA-010:dc67a97f,needs_human_review,,,,,
occupation_alias,CPX-OCC-DDA-010:dc67a97f,needs_human_review,,,,,
occupation_alias,CPX-OCC-DDA-013:56d52ba0,needs_human_review,,,,,
occupation_alias,CPX-OCC-ENG-018:ae4a8c63,excluded_from_exact_matching,,,,,
occupation_alias,CPX-OCC-PPM-018:ae4a8c63,excluded_from_exact_matching,,,,,
occupation_alias,CPX-OCC-PPM-017:2cbe9643,needs_human_review,,,,,
occupation_alias,CPX-OCC-PPM-017:2cbe9643,needs_human_review,,,,,
occupation_alias,CPX-OCC-PPM-017:0602ce32,needs_human_review,,,,,
occupation_alias,CPX-OCC-PPM-017:0602ce32,needs_human_review,,,,,
occupation_alias,CPX-OCC-BOP-001:a8b358e4,excluded_from_exact_matching,,,,,
occupation_alias,CPX-OCC-ENG-018:a8b358e4,excluded_from_exact_matching,,,,,
occupation_alias,CPX-OCC-PPM-018:a8b358e4,excluded_from_exact_matching,,,,,
occupation_alias,CPX-OCC-PPM-020:68a36f89,excluded_from_exact_matching,,,,,
occupation_alias,CPX-OCC-PPM-020:68a36f89,excluded_from_exact_matching,,,,,
occupation_alias,CPX-OCC-ENG-018:68a36f89,excluded_from_exact_matching,,,,,
occupation_alias,CPX-OCC-PPM-018:68a36f89,excluded_from_exact_matching,,,,,
occupation_alias,CPX-OCC-ENG-016:3f404a9a,excluded_from_exact_matching,,,,,
occupation_alias,CPX-OCC-ENG-014:3f404a9a,excluded_from_exact_matching,,,,,
occupation_alias,CPX-OCC-ENG-011:186fcf4d,needs_human_review,,,,,
occupation_alias,CPX-OCC-CBE-001:53ced458,needs_human_review,,,,,
occupation_alias,CPX-OCC-CBE-003:62b72e73,excluded_from_exact_matching,,,,,
occupation_alias,CPX-OCC-ENG-018:62b72e73,excluded_from_exact_matching,,,,,
occupation_alias,CPX-OCC-ENG-018:a1916f35,needs_human_review,,,,,
occupation_alias,CPX-OCC-CBE-003:e010a2d6,needs_human_review,,,,,
occupation_alias,CPX-OCC-PPM-001:0a9d0624,needs_human_review,,,,,
occupation_alias,CPX-OCC-CBE-009:6d8a083a,excluded_from_exact_matching,,,,,
occupation_alias,CPX-OCC-PPM-020:6d8a083a,excluded_from_exact_matching,,,,,
occupation_alias,CPX-OCC-PPM-020:6d8a083a,excluded_from_exact_matching,,,,,
occupation_alias,CPX-OCC-ENG-010:8834790d,needs_human_review,,,,,
occupation_alias,CPX-OCC-ENE-011:a11c3c31,needs_human_review,,,,,
occupation_alias,CPX-OCC-ENE-011:0dca1b42,needs_human_review,,,,,
occupation_alias,CPX-OCC-BOP-001:bd478d60,excluded_from_exact_matching,,,,,
occupation_alias,CPX-OCC-ENG-018:bd478d60,excluded_from_exact_matching,,,,,
occupation_alias,CPX-OCC-ENG-010:18e26dfd,needs_human_review,,,,,
occupation_alias,CPX-OCC-ENE-011:96312500,needs_human_review,,,,,
occupation_alias,CPX-OCC-ENE-011:6ac86b46,needs_human_review,,,,,
occupation_alias,CPX-OCC-PPM-001:2de5abb9,needs_human_review,,,,,
occupation_alias,CPX-OCC-PPM-017:17fc6179,needs_human_review,,,,,
occupation_alias,CPX-OCC-PPM-017:17fc6179,needs_human_review,,,,,
occupation_alias,CPX-OCC-ENG-011:3278f317,excluded_from_exact_matching,,,,,
occupation_alias,CPX-OCC-ENG-011:3278f317,excluded_from_exact_matching,,,,,
occupation_alias,CPX-OCC-ENG-001:3278f317,excluded_from_exact_matching,,,,,
occupation_alias,CPX-OCC-PPM-017:3278f317,excluded_from_exact_matching,,,,,
occupation_alias,CPX-OCC-PPM-017:3278f317,excluded_from_exact_matching,,,,,
occupation_alias,CPX-OCC-ENG-012:39e40220,needs_human_review,,,,,
occupation_alias,CPX-OCC-ENG-012:3b76879a,needs_human_review,,,,,
occupation_alias,CPX-OCC-ENG-018:94b41afe,excluded_from_exact_matching,,,,,
occupation_alias,CPX-OCC-PPM-018:94b41afe,excluded_from_exact_matching,,,,,
occupation_alias,CPX-OCC-PPM-018:94b41afe,excluded_from_exact_matching,,,,,
occupation_alias,CPX-OCC-PPM-018:94b41afe,excluded_from_exact_matching,,,,,
occupation_alias,CPX-OCC-PPM-018:94b41afe,excluded_from_exact_matching,,,,,
occupation_alias,CPX-OCC-PPM-018:94b41afe,excluded_from_exact_matching,,,,,
occupation_alias,CPX-OCC-PPM-018:94b41afe,excluded_from_exact_matching,,,,,
occupation_alias,CPX-OCC-PPM-018:94b41afe,excluded_from_exact_matching,,,,,
occupation_alias,CPX-OCC-PPM-018:94b41afe,excluded_from_exact_matching,,,,,
occupation_alias,CPX-OCC-PPM-018:94b41afe,excluded_from_exact_matching,,,,,
occupation_alias,CPX-OCC-PPM-018:94b41afe,excluded_from_exact_matching,,,,,
occupation_alias,CPX-OCC-PPM-018:94b41afe,excluded_from_exact_matching,,,,,
occupation_alias,CPX-OCC-PPM-018:94b41afe,excluded_from_exact_matching,,,,,
occupation_alias,CPX-OCC-PPM-018:94b41afe,excluded_from_exact_matching,,,,,
occupation_alias,CPX-OCC-PPM-018:94b41afe,excluded_from_exact_matching,,,,,
occupation_alias,CPX-OCC-PPM-018:94b41afe,excluded_from_exact_matching,,,,,
occupation_alias,CPX-OCC-PPM-018:94b41afe,excluded_from_exact_matching,,,,,
occupation_alias,CPX-OCC-PPM-018:94b41afe,excluded_from_exact_matching,,,,,
occupation_alias,CPX-OCC-PPM-018:94b41afe,excluded_from_exact_matching,,,,,
occupation_alias,CPX-OCC-PPM-018:94b41afe,excluded_from_exact_matching,,,,,
occupation_alias,CPX-OCC-PPM-018:94b41afe,excluded_from_exact_matching,,,,,
occupation_alias,CPX-OCC-ENG-018:59f3b3af,excluded_from_exact_matching,,,,,
occupation_alias,CPX-OCC-PPM-018:59f3b3af,excluded_from_exact_matching,,,,,
occupation_alias,CPX-OCC-PPM-018:59f3b3af,excluded_from_exact_matching,,,,,
occupation_alias,CPX-OCC-PPM-018:59f3b3af,excluded_from_exact_matching,,,,,
occupation_alias,CPX-OCC-PPM-018:59f3b3af,excluded_from_exact_matching,,,,,
occupation_alias,CPX-OCC-PPM-018:59f3b3af,excluded_from_exact_matching,,,,,
occupation_alias,CPX-OCC-PPM-018:59f3b3af,excluded_from_exact_matching,,,,,
occupation_alias,CPX-OCC-PPM-018:59f3b3af,excluded_from_exact_matching,,,,,
occupation_alias,CPX-OCC-PPM-018:59f3b3af,excluded_from_exact_matching,,,,,
occupation_alias,CPX-OCC-PPM-018:59f3b3af,excluded_from_exact_matching,,,,,
occupation_alias,CPX-OCC-PPM-018:59f3b3af,excluded_from_exact_matching,,,,,
occupation_alias,CPX-OCC-PPM-018:59f3b3af,excluded_from_exact_matching,,,,,
occupation_alias,CPX-OCC-ENG-015:fc86c7c8,needs_human_review,,,,,
occupation_alias,CPX-OCC-ENG-015:80685f67,needs_human_review,,,,,
occupation_alias,CPX-OCC-ENG-003:6ef7b0f0,needs_human_review,,,,,
occupation_alias,CPX-OCC-CBE-007:2a837927,needs_human_review,,,,,
occupation_alias,CPX-OCC-ENG-004:54fb6269,needs_human_review,,,,,
occupation_alias,CPX-OCC-ENG-013:48cac657,needs_human_review,,,,,
occupation_alias,CPX-OCC-ENG-011:efa8d8e2,excluded_from_exact_matching,,,,,
occupation_alias,CPX-OCC-ENG-013:efa8d8e2,excluded_from_exact_matching,,,,,
occupation_alias,CPX-OCC-ENG-018:efa8d8e2,excluded_from_exact_matching,,,,,
occupation_alias,CPX-OCC-ENG-018:efa8d8e2,excluded_from_exact_matching,,,,,
occupation_alias,CPX-OCC-BOP-010:efa8d8e2,excluded_from_exact_matching,,,,,
occupation_alias,CPX-OCC-ENG-018:efa8d8e2,excluded_from_exact_matching,,,,,
occupation_alias,CPX-OCC-ENE-014:71080480,needs_human_review,,,,,
occupation_alias,CPX-OCC-ENE-014:71080480,needs_human_review,,,,,
occupation_alias,CPX-OCC-ENE-014:71080480,needs_human_review,,,,,
occupation_alias,CPX-OCC-ENE-014:71080480,needs_human_review,,,,,
occupation_alias,CPX-OCC-BOP-010:c0e9b4b8,excluded_from_exact_matching,,,,,
occupation_alias,CPX-OCC-BOP-010:c0e9b4b8,excluded_from_exact_matching,,,,,
occupation_alias,CPX-OCC-ENG-018:c0e9b4b8,excluded_from_exact_matching,,,,,
occupation_alias,CPX-OCC-ENG-018:c0e9b4b8,excluded_from_exact_matching,,,,,
occupation_alias,CPX-OCC-CBE-011:6bd3ec28,excluded_from_exact_matching,,,,,
occupation_alias,CPX-OCC-DDA-001:6bd3ec28,excluded_from_exact_matching,,,,,
occupation_alias,CPX-OCC-DDA-001:6bd3ec28,excluded_from_exact_matching,,,,,
occupation_alias,CPX-OCC-DDA-002:6bd3ec28,excluded_from_exact_matching,,,,,
occupation_alias,CPX-OCC-DDA-002:6bd3ec28,excluded_from_exact_matching,,,,,
occupation_alias,CPX-OCC-DDA-002:6bd3ec28,excluded_from_exact_matching,,,,,
occupation_alias,CPX-OCC-DDA-002:6bd3ec28,excluded_from_exact_matching,,,,,
occupation_alias,CPX-OCC-DDA-002:6bd3ec28,excluded_from_exact_matching,,,,,
occupation_alias,CPX-OCC-DDA-002:6bd3ec28,excluded_from_exact_matching,,,,,
occupation_alias,CPX-OCC-DDA-002:6bd3ec28,excluded_from_exact_matching,,,,,
occupation_alias,CPX-OCC-ENG-001:6bd3ec28,excluded_from_exact_matching,,,,,
occupation_alias,CPX-OCC-DDA-003:6bd3ec28,excluded_from_exact_matching,,,,,
occupation_alias,CPX-OCC-DDA-003:6bd3ec28,excluded_from_exact_matching,,,,,
occupation_alias,CPX-OCC-DDA-014:6bd3ec28,excluded_from_exact_matching,,,,,
occupation_alias,CPX-OCC-DDA-005:6bd3ec28,excluded_from_exact_matching,,,,,
occupation_alias,CPX-OCC-DDA-002:6bd3ec28,excluded_from_exact_matching,,,,,
occupation_alias,CPX-OCC-DDA-002:6bd3ec28,excluded_from_exact_matching,,,,,
occupation_alias,CPX-OCC-ENG-018:b3238366,needs_human_review,,,,,
occupation_alias,CPX-OCC-ENG-018:b3238366,needs_human_review,,,,,
occupation_alias,CPX-OCC-PPM-005:39dece8f,needs_human_review,,,,,
occupation_alias,CPX-OCC-ENG-004:029847cc,needs_human_review,,,,,
occupation_alias,CPX-OCC-ENE-009:9038bf76,needs_human_review,,,,,
occupation_alias,CPX-OCC-ENE-009:3a5669b1,needs_human_review,,,,,
occupation_alias,CPX-OCC-ENE-009:8b8d8a8a,needs_human_review,,,,,
occupation_alias,CPX-OCC-ENE-009:a569038a,needs_human_review,,,,,
occupation_alias,CPX-OCC-BOP-010:3b7fb6ea,needs_human_review,,,,,
occupation_alias,CPX-OCC-CBE-001:37c8ff52,needs_human_review,,,,,
occupation_alias,CPX-OCC-PPM-017:84787187,excluded_from_exact_matching,,,,,
occupation_alias,CPX-OCC-PPM-018:84787187,excluded_from_exact_matching,,,,,
occupation_alias,CPX-OCC-PPM-017:d707a8b0,excluded_from_exact_matching,,,,,
occupation_alias,CPX-OCC-PPM-018:d707a8b0,excluded_from_exact_matching,,,,,
occupation_alias,CPX-OCC-PPM-001:e810dd0f,needs_human_review,,,,,
occupation_alias,CPX-OCC-BOP-004:b6f1d918,needs_human_review,,,,,
occupation_alias,CPX-OCC-DDA-020:79ea006c,needs_human_review,,,,,
occupation_alias,CPX-OCC-DDA-020:83fab848,needs_human_review,,,,,
occupation_alias,CPX-OCC-DDA-013:bd5fa603,needs_human_review,,,,,
occupation_alias,CPX-OCC-BOP-009:818aaadc,needs_human_review,,,,,
occupation_alias,CPX-OCC-ENG-018:83d2a151,excluded_from_exact_matching,,,,,
occupation_alias,CPX-OCC-PPM-018:83d2a151,excluded_from_exact_matching,,,,,
occupation_alias,CPX-OCC-ENG-018:01d48281,needs_human_review,,,,,
occupation_alias,CPX-OCC-ENG-018:fd8c25e3,needs_human_review,,,,,
occupation_alias,CPX-OCC-DDA-010:2a43c3e7,needs_human_review,,,,,
occupation_alias,CPX-OCC-CBE-003:2968a125,needs_human_review,,,,,
occupation_alias,CPX-OCC-ENG-018:1ba75bab,excluded_from_exact_matching,,,,,
occupation_alias,CPX-OCC-BOP-004:1ba75bab,excluded_from_exact_matching,,,,,
occupation_alias,CPX-OCC-BOP-004:1ba75bab,excluded_from_exact_matching,,,,,
occupation_alias,CPX-OCC-ENG-010:5ff414f8,needs_human_review,,,,,
occupation_alias,CPX-OCC-ENG-003:7d8d8d4b,needs_human_review,,,,,
occupation_alias,CPX-OCC-ENG-003:015a838a,needs_human_review,,,,,
occupation_alias,CPX-OCC-ENG-003:5f391e64,needs_human_review,,,,,
occupation_alias,CPX-OCC-ENG-003:1d18fe66,needs_human_review,,,,,
occupation_alias,CPX-OCC-ENG-003:d7114176,needs_human_review,,,,,
occupation_alias,CPX-OCC-ENG-003:39675e15,needs_human_review,,,,,
occupation_alias,CPX-OCC-ENG-003:2b3a78f1,needs_human_review,,,,,
occupation_alias,CPX-OCC-ENG-003:2b3a78f1,needs_human_review,,,,,
occupation_alias,CPX-OCC-ENG-003:2b3a78f1,needs_human_review,,,,,
occupation_alias,CPX-OCC-ENG-003:1eb345f9,excluded_from_exact_matching,,,,,
occupation_alias,CPX-OCC-ENG-001:1eb345f9,excluded_from_exact_matching,,,,,
occupation_alias,CPX-OCC-ENG-003:6d11cdfb,needs_human_review,,,,,
occupation_alias,CPX-OCC-ENG-003:13bc60b8,needs_human_review,,,,,
occupation_alias,CPX-OCC-ENG-008:c5da2fc8,needs_human_review,,,,,
occupation_alias,CPX-OCC-PPM-001:40cc2dd1,needs_human_review,,,,,
occupation_alias,CPX-OCC-CBE-001:df69f759,needs_human_review,,,,,
occupation_alias,CPX-OCC-CBE-001:b757fb64,needs_human_review,,,,,
occupation_alias,CPX-OCC-BOP-009:35d08aea,needs_human_review,,,,,
occupation_alias,CPX-OCC-BOP-009:35d08aea,needs_human_review,,,,,
occupation_alias,CPX-OCC-BOP-009:35d08aea,needs_human_review,,,,,
occupation_alias,CPX-OCC-CBE-007:b86d429b,needs_human_review,,,,,
occupation_alias,CPX-OCC-CBE-007:b86d429b,needs_human_review,,,,,
occupation_alias,CPX-OCC-ENG-015:656ed365,needs_human_review,,,,,
occupation_alias,CPX-OCC-BOP-004:833f3d1c,excluded_from_exact_matching,,,,,
occupation_alias,CPX-OCC-PPM-020:833f3d1c,excluded_from_exact_matching,,,,,
occupation_alias,CPX-OCC-ENG-003:87cc94ae,needs_human_review,,,,,
occupation_alias,CPX-OCC-ENG-007:d305d80e,needs_human_review,,,,,
occupation_alias,CPX-OCC-CBE-003:9ff0416e,needs_human_review,,,,,
occupation_alias,CPX-OCC-CBE-003:7799d745,needs_human_review,,,,,
occupation_alias,CPX-OCC-CBE-003:8e14fa51,needs_human_review,,,,,
occupation_alias,CPX-OCC-ENG-018:deab6edb,excluded_from_exact_matching,,,,,
occupation_alias,CPX-OCC-PPM-020:deab6edb,excluded_from_exact_matching,,,,,
occupation_alias,CPX-OCC-PPM-018:deab6edb,excluded_from_exact_matching,,,,,
occupation_alias,CPX-OCC-CBE-003:21cfb611,needs_human_review,,,,,
occupation_alias,CPX-OCC-CBE-004:b3adce33,needs_human_review,,,,,
occupation_alias,CPX-OCC-CBE-004:97fcb480,needs_human_review,,,,,
occupation_alias,CPX-OCC-CBE-004:646c044b,needs_human_review,,,,,
occupation_alias,CPX-OCC-CBE-003:d2d3ecf0,needs_human_review,,,,,
occupation_alias,CPX-OCC-CBE-003:886769db,needs_human_review,,,,,
occupation_alias,CPX-OCC-CBE-003:8339cffc,needs_human_review,,,,,
occupation_alias,CPX-OCC-ENE-013:261ced50,needs_human_review,,,,,
occupation_alias,CPX-OCC-PPM-018:783435e3,excluded_from_exact_matching,,,,,
occupation_alias,CPX-OCC-PPM-018:783435e3,excluded_from_exact_matching,,,,,
occupation_alias,CPX-OCC-PPM-018:783435e3,excluded_from_exact_matching,,,,,
occupation_alias,CPX-OCC-ENG-018:783435e3,excluded_from_exact_matching,,,,,
occupation_alias,CPX-OCC-ENG-018:783435e3,excluded_from_exact_matching,,,,,
occupation_alias,CPX-OCC-PPM-020:783435e3,excluded_from_exact_matching,,,,,
occupation_alias,CPX-OCC-PPM-020:59783695,excluded_from_exact_matching,,,,,
occupation_alias,CPX-OCC-PPM-018:59783695,excluded_from_exact_matching,,,,,
occupation_alias,CPX-OCC-PPM-018:101fe2f6,needs_human_review,,,,,
occupation_alias,CPX-OCC-PPM-018:101fe2f6,needs_human_review,,,,,
occupation_alias,CPX-OCC-PPM-018:101fe2f6,needs_human_review,,,,,
occupation_alias,CPX-OCC-PPM-018:101fe2f6,needs_human_review,,,,,
occupation_alias,CPX-OCC-ENG-003:f5d63622,needs_human_review,,,,,
occupation_alias,CPX-OCC-BOP-010:1f1103a6,needs_human_review,,,,,
occupation_alias,CPX-OCC-BOP-010:1f1103a6,needs_human_review,,,,,
occupation_alias,CPX-OCC-ENG-015:8e3b1071,needs_human_review,,,,,
occupation_alias,CPX-OCC-ENG-015:1048281e,needs_human_review,,,,,
occupation_alias,CPX-OCC-ENG-015:f29b6685,needs_human_review,,,,,
occupation_alias,CPX-OCC-ENE-014:2b908945,needs_human_review,,,,,
occupation_alias,CPX-OCC-CBE-001:af617bf8,needs_human_review,,,,,
occupation_alias,CPX-OCC-ENE-008:45815f55,needs_human_review,,,,,
occupation_alias,CPX-OCC-ENG-015:f4bd4a91,needs_human_review,,,,,
occupation_alias,CPX-OCC-ENG-015:de6579dd,needs_human_review,,,,,
occupation_alias,CPX-OCC-ENG-012:018e7299,needs_human_review,,,,,
occupation_alias,CPX-OCC-ENG-012:24d14f45,needs_human_review,,,,,
occupation_alias,CPX-OCC-ENG-001:fe192898,excluded_from_exact_matching,,,,,
occupation_alias,CPX-OCC-ENG-001:fe192898,excluded_from_exact_matching,,,,,
occupation_alias,CPX-OCC-ENG-014:fe192898,excluded_from_exact_matching,,,,,
occupation_alias,CPX-OCC-DDA-011:b8ee85ba,excluded_from_exact_matching,,,,,
occupation_alias,CPX-OCC-ENG-016:b8ee85ba,excluded_from_exact_matching,,,,,
occupation_alias,CPX-OCC-ENG-001:b8ee85ba,excluded_from_exact_matching,,,,,
occupation_alias,CPX-OCC-BOP-009:b8ee85ba,excluded_from_exact_matching,,,,,
occupation_alias,CPX-OCC-ENE-004:b8ee85ba,excluded_from_exact_matching,,,,,
occupation_alias,CPX-OCC-BOP-010:b8ee85ba,excluded_from_exact_matching,,,,,
occupation_alias,CPX-OCC-ENG-020:c8392518,needs_human_review,,,,,
occupation_alias,CPX-OCC-ENG-020:0c5564fe,needs_human_review,,,,,
occupation_alias,CPX-OCC-ENG-018:dcec1f4e,needs_human_review,,,,,
occupation_alias,CPX-OCC-DDA-001:565e0630,excluded_from_exact_matching,,,,,
occupation_alias,CPX-OCC-DDA-004:565e0630,excluded_from_exact_matching,,,,,
occupation_alias,CPX-OCC-PPM-006:0c63814c,needs_human_review,,,,,
occupation_alias,CPX-OCC-ENG-018:6f211a02,needs_human_review,,,,,
occupation_alias,CPX-OCC-ENG-016:d298f665,needs_human_review,,,,,
occupation_alias,CPX-OCC-ENG-018:ae6d7e33,needs_human_review,,,,,
occupation_alias,CPX-OCC-ENG-018:b178b2c1,needs_human_review,,,,,
occupation_alias,CPX-OCC-ENG-018:b178b2c1,needs_human_review,,,,,
occupation_alias,CPX-OCC-ENG-018:b178b2c1,needs_human_review,,,,,
occupation_alias,CPX-OCC-ENG-018:b178b2c1,needs_human_review,,,,,
occupation_alias,CPX-OCC-ENG-018:b178b2c1,needs_human_review,,,,,
occupation_alias,CPX-OCC-ENG-018:b178b2c1,needs_human_review,,,,,
occupation_alias,CPX-OCC-ENG-018:0e3d8d73,needs_human_review,,,,,
occupation_alias,CPX-OCC-ENG-018:0e3d8d73,needs_human_review,,,,,
occupation_alias,CPX-OCC-ENG-018:0e3d8d73,needs_human_review,,,,,
occupation_alias,CPX-OCC-ENG-018:0e3d8d73,needs_human_review,,,,,
occupation_alias,CPX-OCC-ENG-018:0e3d8d73,needs_human_review,,,,,
occupation_alias,CPX-OCC-CBE-003:980bec0f,needs_human_review,,,,,
occupation_alias,CPX-OCC-ENG-001:1ff01207,excluded_from_exact_matching,,,,,
occupation_alias,CPX-OCC-CBE-005:935a264e,excluded_from_exact_matching,,,,,
occupation_alias,CPX-OCC-CBE-012:935a264e,excluded_from_exact_matching,,,,,
occupation_alias,CPX-OCC-CBE-012:935a264e,excluded_from_exact_matching,,,,,
occupation_alias,CPX-OCC-PPM-006:935a264e,excluded_from_exact_matching,,,,,
occupation_alias,CPX-OCC-ENG-006:1a538a95,needs_human_review,,,,,
occupation_alias,CPX-OCC-DDA-016:fcf2b752,needs_human_review,,,,,
occupation_alias,CPX-OCC-ENG-010:e6a554eb,needs_human_review,,,,,
occupation_alias,CPX-OCC-ENG-010:9ee5c52d,excluded_from_exact_matching,,,,,
occupation_alias,CPX-OCC-ENG-005:9ee5c52d,excluded_from_exact_matching,,,,,
occupation_alias,CPX-OCC-ENG-005:7945046f,needs_human_review,,,,,
occupation_alias,CPX-OCC-ENG-010:e288d89e,needs_human_review,,,,,
occupation_alias,CPX-OCC-BOP-009:2a9d3576,needs_human_review,,,,,
occupation_alias,CPX-OCC-DDA-015:c4dd8e3c,needs_human_review,,,,,
occupation_alias,CPX-OCC-PPM-020:0a1cf3ea,needs_human_review,,,,,
occupation_alias,CPX-OCC-DDA-016:27fd131a,needs_human_review,,,,,
occupation_alias,CPX-OCC-PPM-015:871c0d41,excluded_from_exact_matching,,,,,
occupation_alias,CPX-OCC-PPM-015:871c0d41,excluded_from_exact_matching,,,,,
occupation_alias,CPX-OCC-PPM-015:871c0d41,excluded_from_exact_matching,,,,,
occupation_alias,CPX-OCC-BOP-001:871c0d41,excluded_from_exact_matching,,,,,
occupation_alias,CPX-OCC-BOP-001:871c0d41,excluded_from_exact_matching,,,,,
occupation_alias,CPX-OCC-BOP-001:871c0d41,excluded_from_exact_matching,,,,,
occupation_alias,CPX-OCC-BOP-003:871c0d41,excluded_from_exact_matching,,,,,
occupation_alias,CPX-OCC-BOP-010:871c0d41,excluded_from_exact_matching,,,,,
occupation_alias,CPX-OCC-ENG-018:871c0d41,excluded_from_exact_matching,,,,,
occupation_alias,CPX-OCC-ENG-018:871c0d41,excluded_from_exact_matching,,,,,
occupation_alias,CPX-OCC-ENG-018:871c0d41,excluded_from_exact_matching,,,,,
occupation_alias,CPX-OCC-ENG-018:871c0d41,excluded_from_exact_matching,,,,,
occupation_alias,CPX-OCC-ENG-018:871c0d41,excluded_from_exact_matching,,,,,
occupation_alias,CPX-OCC-ENG-018:871c0d41,excluded_from_exact_matching,,,,,
occupation_alias,CPX-OCC-PPM-018:871c0d41,excluded_from_exact_matching,,,,,
occupation_alias,CPX-OCC-PPM-015:871c0d41,excluded_from_exact_matching,,,,,
occupation_alias,CPX-OCC-PPM-015:871c0d41,excluded_from_exact_matching,,,,,
occupation_alias,CPX-OCC-BOP-001:871c0d41,excluded_from_exact_matching,,,,,
occupation_alias,CPX-OCC-CBE-003:1fee10fe,needs_human_review,,,,,
occupation_alias,CPX-OCC-ENG-005:e05bf76d,needs_human_review,,,,,
occupation_alias,CPX-OCC-ENG-010:5cfa96a3,needs_human_review,,,,,
occupation_alias,CPX-OCC-ENG-010:ff62b23c,needs_human_review,,,,,
occupation_alias,CPX-OCC-ENG-005:ef52d297,needs_human_review,,,,,
occupation_alias,CPX-OCC-ENG-005:a6459eaf,needs_human_review,,,,,
occupation_alias,CPX-OCC-ENG-005:90987e2c,needs_human_review,,,,,
occupation_alias,CPX-OCC-ENG-005:0e696e48,needs_human_review,,,,,
occupation_alias,CPX-OCC-ENG-005:bbaf4e5b,needs_human_review,,,,,
occupation_alias,CPX-OCC-ENG-005:c2fe98d6,needs_human_review,,,,,
occupation_alias,CPX-OCC-ENG-005:b2f37d6b,needs_human_review,,,,,
occupation_alias,CPX-OCC-ENG-007:39e7f5ce,excluded_from_exact_matching,,,,,
occupation_alias,CPX-OCC-ENG-007:39e7f5ce,excluded_from_exact_matching,,,,,
occupation_alias,CPX-OCC-ENG-016:39e7f5ce,excluded_from_exact_matching,,,,,
occupation_alias,CPX-OCC-ENG-007:39e7f5ce,excluded_from_exact_matching,,,,,
occupation_alias,CPX-OCC-ENG-001:39e7f5ce,excluded_from_exact_matching,,,,,
occupation_alias,CPX-OCC-ENG-001:39e7f5ce,excluded_from_exact_matching,,,,,
occupation_alias,CPX-OCC-ENG-001:39e7f5ce,excluded_from_exact_matching,,,,,
occupation_alias,CPX-OCC-ENG-007:39e7f5ce,excluded_from_exact_matching,,,,,
occupation_alias,CPX-OCC-ENG-005:39e7f5ce,excluded_from_exact_matching,,,,,
occupation_alias,CPX-OCC-ENG-005:a12e62c5,needs_human_review,,,,,
occupation_alias,CPX-OCC-ENG-005:85000551,needs_human_review,,,,,
occupation_alias,CPX-OCC-BOP-001:7be0c08d,excluded_from_exact_matching,,,,,
occupation_alias,CPX-OCC-ENG-018:7be0c08d,excluded_from_exact_matching,,,,,
occupation_alias,CPX-OCC-PPM-018:7be0c08d,excluded_from_exact_matching,,,,,
occupation_alias,CPX-OCC-ENG-019:be973b62,excluded_from_exact_matching,,,,,
occupation_alias,CPX-OCC-ENE-002:be973b62,excluded_from_exact_matching,,,,,
occupation_alias,CPX-OCC-ENG-019:6437ee59,needs_human_review,,,,,
occupation_alias,CPX-OCC-ENG-016:d693de5c,needs_human_review,,,,,
occupation_alias,CPX-OCC-DDA-018:649329c3,needs_human_review,,,,,
occupation_alias,CPX-OCC-DDA-018:649329c3,needs_human_review,,,,,
occupation_alias,CPX-OCC-DDA-018:649329c3,needs_human_review,,,,,
occupation_alias,CPX-OCC-DDA-018:649329c3,needs_human_review,,,,,
occupation_alias,CPX-OCC-ENG-001:66a34280,needs_human_review,,,,,
occupation_alias,CPX-OCC-ENG-001:32dd9cc8,needs_human_review,,,,,
occupation_alias,CPX-OCC-ENG-019:a8fe5864,needs_human_review,,,,,
occupation_alias,CPX-OCC-ENG-018:44fe269f,needs_human_review,,,,,
occupation_alias,CPX-OCC-ENG-011:7d1450d8,excluded_from_exact_matching,,,,,
occupation_alias,CPX-OCC-ENG-016:7d1450d8,excluded_from_exact_matching,,,,,
occupation_alias,CPX-OCC-ENE-004:7d1450d8,excluded_from_exact_matching,,,,,
occupation_alias,CPX-OCC-ENG-005:7d1450d8,excluded_from_exact_matching,,,,,
occupation_alias,CPX-OCC-ENG-013:7d1450d8,excluded_from_exact_matching,,,,,
occupation_alias,CPX-OCC-DDA-012:62b4419d,needs_human_review,,,,,
occupation_alias,CPX-OCC-ENG-012:1f59560e,needs_human_review,,,,,
occupation_alias,CPX-OCC-ENG-012:6ab99f18,needs_human_review,,,,,
occupation_alias,CPX-OCC-ENG-006:713e6f65,needs_human_review,,,,,
occupation_alias,CPX-OCC-ENG-006:baad1649,needs_human_review,,,,,
occupation_alias,CPX-OCC-ENG-018:06b76c7f,needs_human_review,,,,,
occupation_alias,CPX-OCC-BOP-001:7441fba7,excluded_from_exact_matching,,,,,
occupation_alias,CPX-OCC-BOP-001:7441fba7,excluded_from_exact_matching,,,,,
occupation_alias,CPX-OCC-CBE-002:7441fba7,excluded_from_exact_matching,,,,,
occupation_alias,CPX-OCC-ENG-018:7441fba7,excluded_from_exact_matching,,,,,
occupation_alias,CPX-OCC-ENG-018:7441fba7,excluded_from_exact_matching,,,,,
occupation_alias,CPX-OCC-ENG-018:7441fba7,excluded_from_exact_matching,,,,,
occupation_alias,CPX-OCC-ENG-018:7441fba7,excluded_from_exact_matching,,,,,
occupation_alias,CPX-OCC-PPM-018:7441fba7,excluded_from_exact_matching,,,,,
occupation_alias,CPX-OCC-PPM-018:7441fba7,excluded_from_exact_matching,,,,,
occupation_alias,CPX-OCC-BOP-001:1c92b94f,excluded_from_exact_matching,,,,,
occupation_alias,CPX-OCC-CBE-002:1c92b94f,excluded_from_exact_matching,,,,,
occupation_alias,CPX-OCC-ENG-018:1c92b94f,excluded_from_exact_matching,,,,,
occupation_alias,CPX-OCC-ENE-011:7ab55c7b,needs_human_review,,,,,
occupation_alias,CPX-OCC-ENE-011:3fbd4630,needs_human_review,,,,,
occupation_alias,CPX-OCC-ENE-011:122cca47,needs_human_review,,,,,
occupation_alias,CPX-OCC-ENE-011:51997700,needs_human_review,,,,,
occupation_alias,CPX-OCC-ENE-011:b55d8150,needs_human_review,,,,,
occupation_alias,CPX-OCC-ENE-011:00ea7405,needs_human_review,,,,,
occupation_alias,CPX-OCC-ENE-011:52beb17b,needs_human_review,,,,,
occupation_alias,CPX-OCC-ENE-011:aebdd2ac,needs_human_review,,,,,
occupation_alias,CPX-OCC-ENE-011:acf55e66,needs_human_review,,,,,
occupation_alias,CPX-OCC-ENE-011:4176030c,needs_human_review,,,,,
occupation_alias,CPX-OCC-ENE-011:eede9e25,needs_human_review,,,,,
occupation_alias,CPX-OCC-ENE-011:f32b0446,needs_human_review,,,,,
occupation_alias,CPX-OCC-ENE-011:412e3be9,needs_human_review,,,,,
occupation_alias,CPX-OCC-ENE-011:04b7b1fa,needs_human_review,,,,,
occupation_alias,CPX-OCC-ENE-011:f68eae6a,needs_human_review,,,,,
occupation_alias,CPX-OCC-ENE-011:d541731d,needs_human_review,,,,,
occupation_alias,CPX-OCC-ENE-011:0d0ad5c7,needs_human_review,,,,,
occupation_alias,CPX-OCC-ENE-011:5e0e3375,needs_human_review,,,,,
occupation_alias,CPX-OCC-ENE-011:5aa374b0,needs_human_review,,,,,
occupation_alias,CPX-OCC-ENG-010:972d5573,needs_human_review,,,,,
occupation_alias,CPX-OCC-ENE-010:c868cb8e,excluded_from_exact_matching,,,,,
occupation_alias,CPX-OCC-ENE-010:c868cb8e,excluded_from_exact_matching,,,,,
occupation_alias,CPX-OCC-ENE-010:c868cb8e,excluded_from_exact_matching,,,,,
occupation_alias,CPX-OCC-ENE-010:c868cb8e,excluded_from_exact_matching,,,,,
occupation_alias,CPX-OCC-ENE-010:c868cb8e,excluded_from_exact_matching,,,,,
occupation_alias,CPX-OCC-ENE-010:c868cb8e,excluded_from_exact_matching,,,,,
occupation_alias,CPX-OCC-ENE-010:c868cb8e,excluded_from_exact_matching,,,,,
occupation_alias,CPX-OCC-ENE-010:c868cb8e,excluded_from_exact_matching,,,,,
occupation_alias,CPX-OCC-ENE-010:c868cb8e,excluded_from_exact_matching,,,,,
occupation_alias,CPX-OCC-ENE-010:c868cb8e,excluded_from_exact_matching,,,,,
occupation_alias,CPX-OCC-ENE-010:c868cb8e,excluded_from_exact_matching,,,,,
occupation_alias,CPX-OCC-ENE-010:c868cb8e,excluded_from_exact_matching,,,,,
occupation_alias,CPX-OCC-ENE-010:c868cb8e,excluded_from_exact_matching,,,,,
occupation_alias,CPX-OCC-ENE-010:c868cb8e,excluded_from_exact_matching,,,,,
occupation_alias,CPX-OCC-ENG-009:c868cb8e,excluded_from_exact_matching,,,,,
occupation_alias,CPX-OCC-ENE-010:c868cb8e,excluded_from_exact_matching,,,,,
occupation_alias,CPX-OCC-ENE-010:c868cb8e,excluded_from_exact_matching,,,,,
occupation_alias,CPX-OCC-ENE-010:c868cb8e,excluded_from_exact_matching,,,,,
occupation_alias,CPX-OCC-ENE-010:c868cb8e,excluded_from_exact_matching,,,,,
occupation_alias,CPX-OCC-ENE-007:c868cb8e,excluded_from_exact_matching,,,,,
occupation_alias,CPX-OCC-ENE-007:c868cb8e,excluded_from_exact_matching,,,,,
occupation_alias,CPX-OCC-ENE-010:c868cb8e,excluded_from_exact_matching,,,,,
occupation_alias,CPX-OCC-ENE-010:c868cb8e,excluded_from_exact_matching,,,,,
occupation_alias,CPX-OCC-ENG-009:c868cb8e,excluded_from_exact_matching,,,,,
occupation_alias,CPX-OCC-ENG-009:c1b673ab,excluded_from_exact_matching,,,,,
occupation_alias,CPX-OCC-ENE-007:c1b673ab,excluded_from_exact_matching,,,,,
occupation_alias,CPX-OCC-ENE-007:c1b673ab,excluded_from_exact_matching,,,,,
occupation_alias,CPX-OCC-ENE-010:947813cb,needs_human_review,,,,,
occupation_alias,CPX-OCC-ENG-010:d373e3a8,excluded_from_exact_matching,,,,,
occupation_alias,CPX-OCC-ENE-010:d373e3a8,excluded_from_exact_matching,,,,,
occupation_alias,CPX-OCC-ENG-009:d373e3a8,excluded_from_exact_matching,,,,,
occupation_alias,CPX-OCC-ENG-001:d373e3a8,excluded_from_exact_matching,,,,,
occupation_alias,CPX-OCC-ENG-001:d373e3a8,excluded_from_exact_matching,,,,,
occupation_alias,CPX-OCC-ENG-001:d373e3a8,excluded_from_exact_matching,,,,,
occupation_alias,CPX-OCC-ENE-010:166023c3,needs_human_review,,,,,
occupation_alias,CPX-OCC-ENG-009:75082729,needs_human_review,,,,,
occupation_alias,CPX-OCC-ENE-010:d9e0ca88,needs_human_review,,,,,
occupation_alias,CPX-OCC-ENE-010:aac25c68,needs_human_review,,,,,
occupation_alias,CPX-OCC-ENE-010:d5043051,needs_human_review,,,,,
occupation_alias,CPX-OCC-ENG-009:9d6429a1,needs_human_review,,,,,
occupation_alias,CPX-OCC-ENG-010:1cb1847c,needs_human_review,,,,,
occupation_alias,CPX-OCC-ENE-010:f32ec4b7,needs_human_review,,,,,
occupation_alias,CPX-OCC-ENG-009:7550e97e,needs_human_review,,,,,
occupation_alias,CPX-OCC-ENE-010:3ebc7642,needs_human_review,,,,,
occupation_alias,CPX-OCC-ENE-010:1e0f3497,needs_human_review,,,,,
occupation_alias,CPX-OCC-ENE-010:63be43b2,needs_human_review,,,,,
occupation_alias,CPX-OCC-ENE-010:e1a61e41,excluded_from_exact_matching,,,,,
occupation_alias,CPX-OCC-ENE-010:e1a61e41,excluded_from_exact_matching,,,,,
occupation_alias,CPX-OCC-ENE-010:e1a61e41,excluded_from_exact_matching,,,,,
occupation_alias,CPX-OCC-ENE-010:e1a61e41,excluded_from_exact_matching,,,,,
occupation_alias,CPX-OCC-ENE-010:e1a61e41,excluded_from_exact_matching,,,,,
occupation_alias,CPX-OCC-ENE-010:e1a61e41,excluded_from_exact_matching,,,,,
occupation_alias,CPX-OCC-ENE-010:e1a61e41,excluded_from_exact_matching,,,,,
occupation_alias,CPX-OCC-ENE-010:e1a61e41,excluded_from_exact_matching,,,,,
occupation_alias,CPX-OCC-ENE-010:e1a61e41,excluded_from_exact_matching,,,,,
occupation_alias,CPX-OCC-ENE-010:e1a61e41,excluded_from_exact_matching,,,,,
occupation_alias,CPX-OCC-ENE-010:e1a61e41,excluded_from_exact_matching,,,,,
occupation_alias,CPX-OCC-ENE-010:e1a61e41,excluded_from_exact_matching,,,,,
occupation_alias,CPX-OCC-ENE-010:e1a61e41,excluded_from_exact_matching,,,,,
occupation_alias,CPX-OCC-ENE-010:e1a61e41,excluded_from_exact_matching,,,,,
occupation_alias,CPX-OCC-ENE-010:e1a61e41,excluded_from_exact_matching,,,,,
occupation_alias,CPX-OCC-ENE-010:e1a61e41,excluded_from_exact_matching,,,,,
occupation_alias,CPX-OCC-ENE-010:e1a61e41,excluded_from_exact_matching,,,,,
occupation_alias,CPX-OCC-ENE-010:e1a61e41,excluded_from_exact_matching,,,,,
occupation_alias,CPX-OCC-ENE-010:e1a61e41,excluded_from_exact_matching,,,,,
occupation_alias,CPX-OCC-ENE-010:e1a61e41,excluded_from_exact_matching,,,,,
occupation_alias,CPX-OCC-ENG-009:e1a61e41,excluded_from_exact_matching,,,,,
occupation_alias,CPX-OCC-ENE-010:92de8a03,needs_human_review,,,,,
occupation_alias,CPX-OCC-ENE-010:473f91b1,needs_human_review,,,,,
occupation_alias,CPX-OCC-ENE-010:ffd9f0b9,needs_human_review,,,,,
occupation_alias,CPX-OCC-PPM-004:5bdd2310,needs_human_review,,,,,
occupation_alias,CPX-OCC-PPM-004:8cfea008,needs_human_review,,,,,
occupation_alias,CPX-OCC-PPM-004:6858ddbd,needs_human_review,,,,,
occupation_alias,CPX-OCC-PPM-004:395d1bb2,needs_human_review,,,,,
occupation_alias,CPX-OCC-DDA-018:8621c9e2,needs_human_review,,,,,
occupation_alias,CPX-OCC-DDA-018:8621c9e2,needs_human_review,,,,,
occupation_alias,CPX-OCC-DDA-018:8621c9e2,needs_human_review,,,,,
occupation_alias,CPX-OCC-DDA-018:8621c9e2,needs_human_review,,,,,
occupation_alias,CPX-OCC-PPM-001:ac52403d,needs_human_review,,,,,
occupation_alias,CPX-OCC-PPM-001:2d3b2a17,needs_human_review,,,,,
occupation_alias,CPX-OCC-CBE-002:faf2283f,needs_human_review,,,,,
occupation_alias,CPX-OCC-ENG-001:892ed523,needs_human_review,,,,,
occupation_alias,CPX-OCC-PPM-005:5a307ce5,needs_human_review,,,,,
occupation_alias,CPX-OCC-PPM-005:5a307ce5,needs_human_review,,,,,
occupation_alias,CPX-OCC-PPM-005:5a307ce5,needs_human_review,,,,,
occupation_alias,CPX-OCC-PPM-018:e1f1f105,needs_human_review,,,,,
occupation_alias,CPX-OCC-ENE-002:21606385,needs_human_review,,,,,
occupation_alias,CPX-OCC-ENE-008:51cf6eb6,needs_human_review,,,,,
occupation_alias,CPX-OCC-ENG-007:1636f9ec,needs_human_review,,,,,
occupation_alias,CPX-OCC-ENG-018:fbdb3ce9,needs_human_review,,,,,
occupation_alias,CPX-OCC-ENG-018:4ddabca5,needs_human_review,,,,,
occupation_alias,CPX-OCC-ENG-018:d18bf4c5,needs_human_review,,,,,
occupation_alias,CPX-OCC-PPM-005:83f251c3,excluded_from_exact_matching,,,,,
occupation_alias,CPX-OCC-PPM-005:83f251c3,excluded_from_exact_matching,,,,,
occupation_alias,CPX-OCC-PPM-005:83f251c3,excluded_from_exact_matching,,,,,
occupation_alias,CPX-OCC-BOP-010:83f251c3,excluded_from_exact_matching,,,,,
occupation_alias,CPX-OCC-PPM-005:940c46ff,excluded_from_exact_matching,,,,,
occupation_alias,CPX-OCC-PPM-005:940c46ff,excluded_from_exact_matching,,,,,
occupation_alias,CPX-OCC-BOP-010:940c46ff,excluded_from_exact_matching,,,,,
