entity_type,entity_code,decision,reviewed_by,reviewed_at,review_notes,evidence_summary,source_references
occupation_skill,CPX-OCC-PPM-007|CPX-SKL-AUTO-0F91113D|desirable,deferred,,,,,
occupation_skill,CPX-OCC-PPM-007|CPX-SKL-AUTO-3A91AE7D|essential,deferred,,,,,
occupation_skill,CPX-OCC-PPM-007|CPX-SKL-AUTO-BC270433|desirable,deferred,,,,,
occupation_skill,CPX-OCC-PPM-007|CPX-SKL-AUTO-7A776DDF|essential,deferred,,,,,
occupation_skill,CPX-OCC-PPM-007|CPX-SKL-AUTO-129F0440|essential,deferred,,,,,
occupation_skill,CPX-OCC-PPM-007|CPX-SKL-AUTO-67BD8C74|desirable,deferred,,,,,
occupation_skill,CPX-OCC-PPM-007|CPX-SKL-AUTO-02BEABBF|essential,deferred,,,,,
occupation_skill,CPX-OCC-PPM-007|CPX-SKL-AUTO-3951517D|desirable,deferred,,,,,
occupation_skill,CPX-OCC-PPM-007|CPX-SKL-AUTO-102FFBEC|desirable,deferred,,,,,
occupation_skill,CPX-OCC-PPM-007|CPX-SKL-AUTO-6A63FF77|essential,deferred,,,,,
occupation_skill,CPX-OCC-PPM-007|CPX-SKL-AUTO-40628FD9|desirable,deferred,,,,,
occupation_skill,CPX-OCC-PPM-007|CPX-SKL-AUTO-DA579DE3|essential,deferred,,,,,
occupation_skill,CPX-OCC-PPM-007|CPX-SKL-AUTO-80041166|essential,deferred,,,,,
occupation_skill,CPX-OCC-PPM-007|CPX-SKL-AUTO-247ADC43|essential,deferred,,,,,
occupation_skill,CPX-OCC-PPM-007|CPX-SKL-AUTO-D5CBD41C|essential,deferred,,,,,
occupation_skill,CPX-OCC-PPM-007|CPX-SKL-AUTO-0BB8877C|desirable,deferred,,,,,
occupation_skill,CPX-OCC-PPM-007|CPX-SKL-AUTO-54DD00B8|desirable,deferred,,,,,
occupation_skill,CPX-OCC-PPM-007|CPX-SKL-AUTO-B96852D1|desirable,deferred,,,,,
occupation_skill,CPX-OCC-PPM-007|CPX-SKL-AUTO-60BCDAD0|desirable,deferred,,,,,
occupation_skill,CPX-OCC-PPM-007|CPX-SKL-AUTO-B6796883|desirable,deferred,,,,,
occupation_skill,CPX-OCC-PPM-007|CPX-SKL-AUTO-32E86F8F|desirable,deferred,,,,,
occupation_skill,CPX-OCC-PPM-007|CPX-SKL-AUTO-6DD71513|essential,deferred,,,,,
occupation_skill,CPX-OCC-PPM-007|CPX-SKL-AUTO-E7948D2D|essential,deferred,,,,,
occupation_skill,CPX-OCC-ENG-018|CPX-SKL-AUTO-1F9A12CD|essential,deferred,,,,,
occupation_skill,CPX-OCC-ENG-018|CPX-SKL-AUTO-D515D9E5|desirable,deferred,,,,,
occupation_skill,CPX-OCC-ENG-018|CPX-SKL-AUTO-6EB75794|desirable,deferred,,,,,
occupation_skill,CPX-OCC-ENG-018|CPX-SKL-AUTO-67BD8C74|desirable,deferred,,,,,
occupation_skill,CPX-OCC-ENG-018|CPX-SKL-AUTO-AAB80125|desirable,deferred,,,,,
occupation_skill,CPX-OCC-ENG-018|CPX-SKL-AUTO-237DB4BB|desirable,deferred,,,,,
occupation_skill,CPX-OCC-ENG-018|CPX-SKL-AUTO-40628FD9|essential,deferred,,,,,
occupation_skill,CPX-OCC-ENG-018|CPX-SKL-AUTO-CDF01952|essential,deferred,,,,,
occupation_skill,CPX-OCC-ENG-018|CPX-SKL-AUTO-8695F01D|desirable,deferred,,,,,
occupation_skill,CPX-OCC-ENG-018|CPX-SKL-AUTO-94114C07|essential,deferred,,,,,
occupation_skill,CPX-OCC-BOP-001|CPX-SKL-AUTO-1F9A12CD|essential,deferred,,,,,
occupation_skill,CPX-OCC-BOP-001|CPX-SKL-AUTO-0F91113D|essential,deferred,,,,,
occupation_skill,CPX-OCC-BOP-001|CPX-SKL-AUTO-3A91AE7D|essential,deferred,,,,,
occupation_skill,CPX-OCC-BOP-001|CPX-SKL-AUTO-6EB75794|essential,deferred,,,,,
occupation_skill,CPX-OCC-BOP-001|CPX-SKL-AUTO-1D4E2E34|desirable,deferred,,,,,
occupation_skill,CPX-OCC-BOP-001|CPX-SKL-AUTO-102FFBEC|essential,deferred,,,,,
occupation_skill,CPX-OCC-BOP-001|CPX-SKL-AUTO-DA579DE3|desirable,deferred,,,,,
occupation_skill,CPX-OCC-BOP-001|CPX-SKL-AUTO-87CE8557|desirable,deferred,,,,,
occupation_skill,CPX-OCC-BOP-001|CPX-SKL-AUTO-247ADC43|essential,deferred,,,,,
occupation_skill,CPX-OCC-BOP-001|CPX-SKL-AUTO-D5CBD41C|desirable,deferred,,,,,
occupation_skill,CPX-OCC-BOP-001|CPX-SKL-AUTO-54DD00B8|essential,deferred,,,,,
occupation_skill,CPX-OCC-BOP-001|CPX-SKL-AUTO-B6796883|essential,deferred,,,,,
occupation_skill,CPX-OCC-BOP-001|CPX-SKL-AUTO-533A5BCA|essential,deferred,,,,,
occupation_skill,CPX-OCC-BOP-001|CPX-SKL-AUTO-E7948D2D|desirable,deferred,,,,,
occupation_skill,CPX-OCC-CBE-001|CPX-SKL-AUTO-8A8352EA|desirable,deferred,,,,,
occupation_skill,CPX-OCC-CBE-001|CPX-SKL-AUTO-8C38C854|desirable,deferred,,,,,
occupation_skill,CPX-OCC-CBE-001|CPX-SKL-AUTO-3DE722C1|essential,deferred,,,,,
occupation_skill,CPX-OCC-CBE-001|CPX-SKL-AUTO-772726C6|essential,deferred,,,,,
occupation_skill,CPX-OCC-CBE-001|CPX-SKL-AUTO-AAB80125|desirable,deferred,,,,,
occupation_skill,CPX-OCC-CBE-001|CPX-SKL-AUTO-7D48A604|desirable,deferred,,,,,
occupation_skill,CPX-OCC-CBE-001|CPX-SKL-AUTO-09B61CE4|essential,deferred,,,,,
occupation_skill,CPX-OCC-CBE-001|CPX-SKL-AUTO-AFC6ADF5|essential,deferred,,,,,
occupation_skill,CPX-OCC-CBE-001|CPX-SKL-AUTO-114ACB44|desirable,deferred,,,,,
occupation_skill,CPX-OCC-CBE-001|CPX-SKL-AUTO-3F2E058C|essential,deferred,,,,,
occupation_skill,CPX-OCC-CBE-001|CPX-SKL-AUTO-CDF01952|desirable,deferred,,,,,
occupation_skill,CPX-OCC-CBE-001|CPX-SKL-AUTO-352E7A5E|desirable,deferred,,,,,
occupation_skill,CPX-OCC-CBE-001|CPX-SKL-AUTO-8C73E38B|essential,deferred,,,,,
occupation_skill,CPX-OCC-CBE-001|CPX-SKL-AUTO-87CE8557|essential,deferred,,,,,
occupation_skill,CPX-OCC-CBE-001|CPX-SKL-AUTO-056270FE|essential,deferred,,,,,
occupation_skill,CPX-OCC-CBE-001|CPX-SKL-AUTO-6FF47E3E|essential,deferred,,,,,
occupation_skill,CPX-OCC-CBE-001|CPX-SKL-AUTO-F2885F17|essential,deferred,,,,,
occupation_skill,CPX-OCC-CBE-001|CPX-SKL-AUTO-F85A3FDE|desirable,deferred,,,,,
occupation_skill,CPX-OCC-CBE-001|CPX-SKL-AUTO-FF41219D|essential,deferred,,,,,
occupation_skill,CPX-OCC-CBE-001|CPX-SKL-AUTO-DA0A87CC|essential,deferred,,,,,
occupation_skill,CPX-OCC-CBE-001|CPX-SKL-AUTO-183D026F|desirable,deferred,,,,,
occupation_skill,CPX-OCC-CBE-001|CPX-SKL-AUTO-65B537DC|essential,deferred,,,,,
occupation_skill,CPX-OCC-ENE-002|CPX-SKL-AUTO-E13154B7|essential,deferred,,,,,
occupation_skill,CPX-OCC-ENE-002|CPX-SKL-AUTO-F7DA1A32|desirable,deferred,,,,,
occupation_skill,CPX-OCC-ENE-002|CPX-SKL-AUTO-63D33878|essential,deferred,,,,,
occupation_skill,CPX-OCC-ENE-002|CPX-SKL-AUTO-0279C024|desirable,deferred,,,,,
occupation_skill,CPX-OCC-ENE-002|CPX-SKL-AUTO-3A91AE7D|essential,deferred,,,,,
occupation_skill,CPX-OCC-ENE-002|CPX-SKL-AUTO-A176B1E7|desirable,deferred,,,,,
occupation_skill,CPX-OCC-ENE-002|CPX-SKL-AUTO-BC270433|desirable,deferred,,,,,
occupation_skill,CPX-OCC-ENE-002|CPX-SKL-AUTO-1D4E2E34|essential,deferred,,,,,
occupation_skill,CPX-OCC-ENE-002|CPX-SKL-AUTO-6F647F1B|essential,deferred,,,,,
occupation_skill,CPX-OCC-ENE-002|CPX-SKL-AUTO-1A411F9F|desirable,deferred,,,,,
occupation_skill,CPX-OCC-ENE-002|CPX-SKL-AUTO-7D48A604|desirable,deferred,,,,,
occupation_skill,CPX-OCC-ENE-002|CPX-SKL-AUTO-B7A8AF32|essential,deferred,,,,,
occupation_skill,CPX-OCC-ENE-002|CPX-SKL-AUTO-0FBF48C0|essential,deferred,,,,,
occupation_skill,CPX-OCC-ENE-002|CPX-SKL-AUTO-47B76213|desirable,deferred,,,,,
occupation_skill,CPX-OCC-ENE-002|CPX-SKL-AUTO-E470E871|essential,deferred,,,,,
occupation_skill,CPX-OCC-ENE-002|CPX-SKL-AUTO-BAE16BC2|desirable,deferred,,,,,
occupation_skill,CPX-OCC-ENE-002|CPX-SKL-AUTO-AD5134A1|desirable,deferred,,,,,
occupation_skill,CPX-OCC-ENE-002|CPX-SKL-AUTO-AA73F5E5|desirable,deferred,,,,,
occupation_skill,CPX-OCC-ENE-002|CPX-SKL-AUTO-FB03F0F4|essential,deferred,,,,,
occupation_skill,CPX-OCC-ENE-002|CPX-SKL-AUTO-40628FD9|essential,deferred,,,,,
occupation_skill,CPX-OCC-ENE-002|CPX-SKL-AUTO-22EDA541|desirable,deferred,,,,,
occupation_skill,CPX-OCC-ENE-002|CPX-SKL-AUTO-546EEF69|essential,deferred,,,,,
occupation_skill,CPX-OCC-ENE-002|CPX-SKL-AUTO-FDD48A42|essential,deferred,,,,,
occupation_skill,CPX-OCC-ENE-002|CPX-SKL-AUTO-AC35A950|desirable,deferred,,,,,
occupation_skill,CPX-OCC-ENE-002|CPX-SKL-AUTO-1E0AAC08|essential,deferred,,,,,
occupation_skill,CPX-OCC-ENE-002|CPX-SKL-AUTO-79886E47|essential,deferred,,,,,
occupation_skill,CPX-OCC-ENE-002|CPX-SKL-AUTO-F6FC5E79|desirable,deferred,,,,,
occupation_skill,CPX-OCC-ENE-002|CPX-SKL-AUTO-3E5ACE59|desirable,deferred,,,,,
occupation_skill,CPX-OCC-ENE-002|CPX-SKL-AUTO-247ADC43|desirable,deferred,,,,,
occupation_skill,CPX-OCC-ENE-002|CPX-SKL-AUTO-D5CBD41C|essential,deferred,,,,,
occupation_skill,CPX-OCC-ENE-002|CPX-SKL-AUTO-9751A58B|essential,deferred,,,,,
occupation_skill,CPX-OCC-ENE-002|CPX-SKL-AUTO-FC24CEEA|desirable,deferred,,,,,
occupation_skill,CPX-OCC-ENE-002|CPX-SKL-AUTO-052B962E|essential,deferred,,,,,
occupation_skill,CPX-OCC-ENE-002|CPX-SKL-AUTO-7E23F03D|essential,deferred,,,,,
occupation_skill,CPX-OCC-ENE-002|CPX-SKL-AUTO-68F157A3|desirable,deferred,,,,,
occupation_skill,CPX-OCC-ENE-002|CPX-SKL-AUTO-8C767E60|essential,deferred,,,,,
occupation_skill,CPX-OCC-ENE-002|CPX-SKL-AUTO-AEBD6FC6|essential,deferred,,,,,
occupation_skill,CPX-OCC-ENE-002|CPX-SKL-AUTO-253B51AB|essential,deferred,,,,,
occupation_skill,CPX-OCC-ENE-002|CPX-SKL-AUTO-0E1D5981|essential,deferred,,,,,
occupation_skill,CPX-OCC-ENE-002|CPX-SKL-AUTO-D82A5A70|essential,deferred,,,,,
occupation_skill,CPX-OCC-ENE-002|CPX-SKL-AUTO-9A57A331|essential,deferred,,,,,
occupation_skill,CPX-OCC-PPM-004|CPX-SKL-AUTO-8D0D91A2|essential,deferred,,,,,
occupation_skill,CPX-OCC-PPM-004|CPX-SKL-AUTO-9E5100F6|essential,deferred,,,,,
occupation_skill,CPX-OCC-PPM-004|CPX-SKL-AUTO-AF950849|desirable,deferred,,,,,
occupation_skill,CPX-OCC-PPM-004|CPX-SKL-AUTO-E66D8FAF|essential,deferred,,,,,
occupation_skill,CPX-OCC-PPM-004|CPX-SKL-AUTO-65B537DC|essential,deferred,,,,,
occupation_skill,CPX-OCC-PPM-004|CPX-SKL-AUTO-94114C07|essential,deferred,,,,,
occupation_skill,CPX-OCC-ENG-004|CPX-SKL-AUTO-8A8352EA|desirable,deferred,,,,,
occupation_skill,CPX-OCC-ENG-004|CPX-SKL-AUTO-95187A22|desirable,deferred,,,,,
occupation_skill,CPX-OCC-ENG-004|CPX-SKL-AUTO-4F463D91|desirable,deferred,,,,,
occupation_skill,CPX-OCC-ENG-004|CPX-SKL-AUTO-30BB5DE6|desirable,deferred,,,,,
occupation_skill,CPX-OCC-ENG-004|CPX-SKL-AUTO-0279C024|essential,deferred,,,,,
occupation_skill,CPX-OCC-ENG-004|CPX-SKL-AUTO-3A91AE7D|essential,deferred,,,,,
occupation_skill,CPX-OCC-ENG-004|CPX-SKL-AUTO-129F0440|desirable,deferred,,,,,
occupation_skill,CPX-OCC-ENG-004|CPX-SKL-AUTO-085F11EF|essential,deferred,,,,,
occupation_skill,CPX-OCC-ENG-004|CPX-SKL-AUTO-C74C4BF1|desirable,deferred,,,,,
occupation_skill,CPX-OCC-ENG-004|CPX-SKL-AUTO-3303E435|essential,deferred,,,,,
occupation_skill,CPX-OCC-ENG-004|CPX-SKL-AUTO-6F647F1B|essential,deferred,,,,,
occupation_skill,CPX-OCC-ENG-004|CPX-SKL-AUTO-7FEEC36F|desirable,deferred,,,,,
occupation_skill,CPX-OCC-ENG-004|CPX-SKL-AUTO-35D32999|desirable,deferred,,,,,
occupation_skill,CPX-OCC-ENG-004|CPX-SKL-AUTO-B7A8AF32|essential,deferred,,,,,
occupation_skill,CPX-OCC-ENG-004|CPX-SKL-AUTO-0FBF48C0|essential,deferred,,,,,
occupation_skill,CPX-OCC-ENG-004|CPX-SKL-AUTO-E470E871|essential,deferred,,,,,
occupation_skill,CPX-OCC-ENG-004|CPX-SKL-AUTO-FE58BCFF|desirable,deferred,,,,,
occupation_skill,CPX-OCC-ENG-004|CPX-SKL-AUTO-FAA6CE4C|essential,deferred,,,,,
occupation_skill,CPX-OCC-ENG-004|CPX-SKL-AUTO-40628FD9|essential,deferred,,,,,
occupation_skill,CPX-OCC-ENG-004|CPX-SKL-AUTO-F0F40460|desirable,deferred,,,,,
occupation_skill,CPX-OCC-ENG-004|CPX-SKL-AUTO-CD2BF6FC|essential,deferred,,,,,
occupation_skill,CPX-OCC-ENG-004|CPX-SKL-AUTO-4E97DFD7|desirable,deferred,,,,,
occupation_skill,CPX-OCC-ENG-004|CPX-SKL-AUTO-352E7A5E|desirable,deferred,,,,,
occupation_skill,CPX-OCC-ENG-004|CPX-SKL-AUTO-FDD48A42|essential,deferred,,,,,
occupation_skill,CPX-OCC-ENG-004|CPX-SKL-AUTO-13E424E6|desirable,deferred,,,,,
occupation_skill,CPX-OCC-ENG-004|CPX-SKL-AUTO-DA579DE3|essential,deferred,,,,,
occupation_skill,CPX-OCC-ENG-004|CPX-SKL-AUTO-DC815371|desirable,deferred,,,,,
occupation_skill,CPX-OCC-ENG-004|CPX-SKL-AUTO-526A2907|desirable,deferred,,,,,
occupation_skill,CPX-OCC-ENG-004|CPX-SKL-AUTO-052B962E|desirable,deferred,,,,,
occupation_skill,CPX-OCC-ENG-004|CPX-SKL-AUTO-2A9D11E5|essential,deferred,,,,,
occupation_skill,CPX-OCC-ENG-004|CPX-SKL-AUTO-9B041FBA|desirable,deferred,,,,,
occupation_skill,CPX-OCC-ENG-004|CPX-SKL-AUTO-9FA443C7|desirable,deferred,,,,,
occupation_skill,CPX-OCC-ENG-004|CPX-SKL-AUTO-AEBD6FC6|essential,deferred,,,,,
occupation_skill,CPX-OCC-ENG-004|CPX-SKL-AUTO-DA0A87CC|essential,deferred,,,,,
occupation_skill,CPX-OCC-ENG-004|CPX-SKL-AUTO-553DFEE6|desirable,deferred,,,,,
occupation_skill,CPX-OCC-ENG-004|CPX-SKL-AUTO-E5A934CA|essential,deferred,,,,,
occupation_skill,CPX-OCC-ENG-004|CPX-SKL-AUTO-E66D8FAF|desirable,deferred,,,,,
occupation_skill,CPX-OCC-ENG-004|CPX-SKL-AUTO-6DD71513|desirable,deferred,,,,,
occupation_skill,CPX-OCC-ENG-004|CPX-SKL-AUTO-D82A5A70|essential,deferred,,,,,
occupation_skill,CPX-OCC-ENG-004|CPX-SKL-AUTO-38CDFCC2|desirable,deferred,,,,,
occupation_skill,CPX-OCC-ENG-004|CPX-SKL-AUTO-FC872E3D|desirable,deferred,,,,,
occupation_skill,CPX-OCC-ENG-012|CPX-SKL-AUTO-E13154B7|essential,deferred,,,,,
occupation_skill,CPX-OCC-ENG-012|CPX-SKL-AUTO-F7DA1A32|essential,deferred,,,,,
occupation_skill,CPX-OCC-ENG-012|CPX-SKL-AUTO-D9D89D38|desirable,deferred,,,,,
occupation_skill,CPX-OCC-ENG-012|CPX-SKL-AUTO-63D33878|essential,deferred,,,,,
occupation_skill,CPX-OCC-ENG-012|CPX-SKL-AUTO-D78AC5BE|essential,deferred,,,,,
occupation_skill,CPX-OCC-ENG-012|CPX-SKL-AUTO-0B37E863|essential,deferred,,,,,
occupation_skill,CPX-OCC-ENG-012|CPX-SKL-AUTO-0279C024|essential,deferred,,,,,
occupation_skill,CPX-OCC-ENG-012|CPX-SKL-AUTO-EE13CF61|essential,deferred,,,,,
occupation_skill,CPX-OCC-ENG-012|CPX-SKL-AUTO-A176B1E7|desirable,deferred,,,,,
occupation_skill,CPX-OCC-ENG-012|CPX-SKL-AUTO-BC270433|essential,deferred,,,,,
occupation_skill,CPX-OCC-ENG-012|CPX-SKL-AUTO-6F647F1B|essential,deferred,,,,,
occupation_skill,CPX-OCC-ENG-012|CPX-SKL-AUTO-1A411F9F|desirable,deferred,,,,,
occupation_skill,CPX-OCC-ENG-012|CPX-SKL-AUTO-7D48A604|essential,deferred,,,,,
occupation_skill,CPX-OCC-ENG-012|CPX-SKL-AUTO-B7A8AF32|essential,deferred,,,,,
occupation_skill,CPX-OCC-ENG-012|CPX-SKL-AUTO-FB54B8DC|desirable,deferred,,,,,
occupation_skill,CPX-OCC-ENG-012|CPX-SKL-AUTO-0FBF48C0|essential,deferred,,,,,
occupation_skill,CPX-OCC-ENG-012|CPX-SKL-AUTO-E470E871|essential,deferred,,,,,
occupation_skill,CPX-OCC-ENG-012|CPX-SKL-AUTO-BAE16BC2|desirable,deferred,,,,,
occupation_skill,CPX-OCC-ENG-012|CPX-SKL-AUTO-F2A5DD0B|desirable,deferred,,,,,
occupation_skill,CPX-OCC-ENG-012|CPX-SKL-AUTO-AD5134A1|essential,deferred,,,,,
occupation_skill,CPX-OCC-ENG-012|CPX-SKL-AUTO-867C2031|desirable,deferred,,,,,
occupation_skill,CPX-OCC-ENG-012|CPX-SKL-AUTO-FB03F0F4|essential,deferred,,,,,
occupation_skill,CPX-OCC-ENG-012|CPX-SKL-AUTO-E83CC35C|desirable,deferred,,,,,
occupation_skill,CPX-OCC-ENG-012|CPX-SKL-AUTO-40628FD9|essential,deferred,,,,,
occupation_skill,CPX-OCC-ENG-012|CPX-SKL-AUTO-22EDA541|desirable,deferred,,,,,
occupation_skill,CPX-OCC-ENG-012|CPX-SKL-AUTO-546EEF69|desirable,deferred,,,,,
occupation_skill,CPX-OCC-ENG-012|CPX-SKL-AUTO-D5750072|desirable,deferred,,,,,
occupation_skill,CPX-OCC-ENG-012|CPX-SKL-AUTO-C5376691|essential,deferred,,,,,
occupation_skill,CPX-OCC-ENG-012|CPX-SKL-AUTO-79886E47|essential,deferred,,,,,
occupation_skill,CPX-OCC-ENG-012|CPX-SKL-AUTO-AD78C101|essential,deferred,,,,,
occupation_skill,CPX-OCC-ENG-012|CPX-SKL-AUTO-021C61CC|desirable,deferred,,,,,
occupation_skill,CPX-OCC-ENG-012|CPX-SKL-AUTO-F6FC5E79|essential,deferred,,,,,
occupation_skill,CPX-OCC-ENG-012|CPX-SKL-AUTO-3E5ACE59|essential,deferred,,,,,
occupation_skill,CPX-OCC-ENG-012|CPX-SKL-AUTO-408380BB|essential,deferred,,,,,
occupation_skill,CPX-OCC-ENG-012|CPX-SKL-AUTO-D5CBD41C|desirable,deferred,,,,,
occupation_skill,CPX-OCC-ENG-012|CPX-SKL-AUTO-6D5479C0|desirable,deferred,,,,,
occupation_skill,CPX-OCC-ENG-012|CPX-SKL-AUTO-9751A58B|essential,deferred,,,,,
occupation_skill,CPX-OCC-ENG-012|CPX-SKL-AUTO-6FDB5F63|essential,deferred,,,,,
occupation_skill,CPX-OCC-ENG-012|CPX-SKL-AUTO-DB34AB73|essential,deferred,,,,,
occupation_skill,CPX-OCC-ENG-012|CPX-SKL-AUTO-7E23F03D|desirable,deferred,,,,,
occupation_skill,CPX-OCC-ENG-012|CPX-SKL-AUTO-8C767E60|desirable,deferred,,,,,
occupation_skill,CPX-OCC-ENG-012|CPX-SKL-AUTO-CDC234AF|desirable,deferred,,,,,
occupation_skill,CPX-OCC-ENG-012|CPX-SKL-AUTO-253B51AB|desirable,deferred,,,,,
occupation_skill,CPX-OCC-ENG-012|CPX-SKL-AUTO-E66D8FAF|desirable,deferred,,,,,
occupation_skill,CPX-OCC-ENG-012|CPX-SKL-AUTO-0E1D5981|essential,deferred,,,,,
occupation_skill,CPX-OCC-ENG-012|CPX-SKL-AUTO-D82A5A70|essential,deferred,,,,,
occupation_skill,CPX-OCC-ENG-012|CPX-SKL-AUTO-9A57A331|essential,deferred,,,,,
occupation_skill,CPX-OCC-ENG-014|CPX-SKL-AUTO-189AD04A|desirable,deferred,,,,,
occupation_skill,CPX-OCC-ENG-014|CPX-SKL-AUTO-69338A4B|essential,deferred,,,,,
occupation_skill,CPX-OCC-ENG-014|CPX-SKL-AUTO-D734993E|essential,deferred,,,,,
occupation_skill,CPX-OCC-ENG-014|CPX-SKL-AUTO-335B2ED6|desirable,deferred,,,,,
occupation_skill,CPX-OCC-ENG-014|CPX-SKL-AUTO-02EE932D|desirable,deferred,,,,,
occupation_skill,CPX-OCC-ENG-014|CPX-SKL-AUTO-371E7D5A|essential,deferred,,,,,
occupation_skill,CPX-OCC-ENG-014|CPX-SKL-AUTO-C25F13D2|essential,deferred,,,,,
occupation_skill,CPX-OCC-ENG-014|CPX-SKL-AUTO-0279C024|essential,deferred,,,,,
occupation_skill,CPX-OCC-ENG-014|CPX-SKL-AUTO-174310DB|desirable,deferred,,,,,
occupation_skill,CPX-OCC-ENG-014|CPX-SKL-AUTO-E7E96E1F|desirable,deferred,,,,,
occupation_skill,CPX-OCC-ENG-014|CPX-SKL-AUTO-3E770F62|essential,deferred,,,,,
occupation_skill,CPX-OCC-ENG-014|CPX-SKL-AUTO-2E8E16D6|essential,deferred,,,,,
occupation_skill,CPX-OCC-ENG-014|CPX-SKL-AUTO-959DB502|essential,deferred,,,,,
occupation_skill,CPX-OCC-ENG-014|CPX-SKL-AUTO-67BD8C74|essential,deferred,,,,,
occupation_skill,CPX-OCC-ENG-014|CPX-SKL-AUTO-1D4E2E34|essential,deferred,,,,,
occupation_skill,CPX-OCC-ENG-014|CPX-SKL-AUTO-479F8458|essential,deferred,,,,,
occupation_skill,CPX-OCC-ENG-014|CPX-SKL-AUTO-8AE6A31F|essential,deferred,,,,,
occupation_skill,CPX-OCC-ENG-014|CPX-SKL-AUTO-6F647F1B|essential,deferred,,,,,
occupation_skill,CPX-OCC-ENG-014|CPX-SKL-AUTO-3951517D|essential,deferred,,,,,
occupation_skill,CPX-OCC-ENG-014|CPX-SKL-AUTO-4E8960AB|desirable,deferred,,,,,
occupation_skill,CPX-OCC-ENG-014|CPX-SKL-AUTO-33359F29|desirable,deferred,,,,,
occupation_skill,CPX-OCC-ENG-014|CPX-SKL-AUTO-B7A8AF32|essential,deferred,,,,,
occupation_skill,CPX-OCC-ENG-014|CPX-SKL-AUTO-9B234D72|essential,deferred,,,,,
occupation_skill,CPX-OCC-ENG-014|CPX-SKL-AUTO-0FBF48C0|essential,deferred,,,,,
occupation_skill,CPX-OCC-ENG-014|CPX-SKL-AUTO-D0001062|desirable,deferred,,,,,
occupation_skill,CPX-OCC-ENG-014|CPX-SKL-AUTO-237DB4BB|essential,deferred,,,,,
occupation_skill,CPX-OCC-ENG-014|CPX-SKL-AUTO-FAA6CE4C|essential,deferred,,,,,
occupation_skill,CPX-OCC-ENG-014|CPX-SKL-AUTO-0ACD7FB4|desirable,deferred,,,,,
occupation_skill,CPX-OCC-ENG-014|CPX-SKL-AUTO-A3003D10|essential,deferred,,,,,
occupation_skill,CPX-OCC-ENG-014|CPX-SKL-AUTO-CFC81E0F|desirable,deferred,,,,,
occupation_skill,CPX-OCC-ENG-014|CPX-SKL-AUTO-550464DF|essential,deferred,,,,,
occupation_skill,CPX-OCC-ENG-014|CPX-SKL-AUTO-E85FC060|essential,deferred,,,,,
occupation_skill,CPX-OCC-ENG-014|CPX-SKL-AUTO-33D28B04|desirable,deferred,,,,,
occupation_skill,CPX-OCC-ENG-014|CPX-SKL-AUTO-07F149B8|essential,deferred,,,,,
occupation_skill,CPX-OCC-ENG-014|CPX-SKL-AUTO-1324BECE|desirable,deferred,,,,,
occupation_skill,CPX-OCC-ENG-014|CPX-SKL-AUTO-D2F19421|desirable,deferred,,,,,
occupation_skill,CPX-OCC-ENG-014|CPX-SKL-AUTO-45BD37E4|essential,deferred,,,,,
occupation_skill,CPX-OCC-ENG-014|CPX-SKL-AUTO-052B962E|desirable,deferred,,,,,
occupation_skill,CPX-OCC-ENG-014|CPX-SKL-AUTO-D7F587B8|essential,deferred,,,,,
occupation_skill,CPX-OCC-ENG-014|CPX-SKL-AUTO-D58496D9|essential,deferred,,,,,
occupation_skill,CPX-OCC-ENG-014|CPX-SKL-AUTO-AF950849|desirable,deferred,,,,,
occupation_skill,CPX-OCC-ENG-014|CPX-SKL-AUTO-884F43ED|essential,deferred,,,,,
occupation_skill,CPX-OCC-ENG-014|CPX-SKL-AUTO-DD9D7F4C|essential,deferred,,,,,
occupation_skill,CPX-OCC-ENG-014|CPX-SKL-AUTO-6FB1597E|essential,deferred,,,,,
occupation_skill,CPX-OCC-ENG-014|CPX-SKL-AUTO-B96852D1|essential,deferred,,,,,
occupation_skill,CPX-OCC-ENG-014|CPX-SKL-AUTO-45AD02AB|essential,deferred,,,,,
occupation_skill,CPX-OCC-ENG-014|CPX-SKL-AUTO-8C767E60|desirable,deferred,,,,,
occupation_skill,CPX-OCC-ENG-014|CPX-SKL-AUTO-A3A7AAD2|desirable,deferred,,,,,
occupation_skill,CPX-OCC-ENG-014|CPX-SKL-AUTO-83CB120A|desirable,deferred,,,,,
occupation_skill,CPX-OCC-ENG-014|CPX-SKL-AUTO-53198C86|desirable,deferred,,,,,
occupation_skill,CPX-OCC-ENG-014|CPX-SKL-AUTO-4A664C7B|essential,deferred,,,,,
occupation_skill,CPX-OCC-ENG-014|CPX-SKL-AUTO-183D026F|desirable,deferred,,,,,
occupation_skill,CPX-OCC-ENG-014|CPX-SKL-AUTO-27ED98BB|essential,deferred,,,,,
occupation_skill,CPX-OCC-ENG-014|CPX-SKL-AUTO-8018132A|essential,deferred,,,,,
occupation_skill,CPX-OCC-ENG-014|CPX-SKL-AUTO-B710833B|desirable,deferred,,,,,
occupation_skill,CPX-OCC-ENG-014|CPX-SKL-AUTO-D82A5A70|essential,deferred,,,,,
occupation_skill,CPX-OCC-ENG-014|CPX-SKL-AUTO-6B3BE3A8|desirable,deferred,,,,,
occupation_skill,CPX-OCC-ENG-014|CPX-SKL-AUTO-A331B015|desirable,deferred,,,,,
occupation_skill,CPX-OCC-ENG-016|CPX-SKL-AUTO-189AD04A|desirable,deferred,,,,,
occupation_skill,CPX-OCC-ENG-016|CPX-SKL-AUTO-959DB502|desirable,deferred,,,,,
occupation_skill,CPX-OCC-ENG-016|CPX-SKL-AUTO-BC270433|essential,deferred,,,,,
occupation_skill,CPX-OCC-ENG-016|CPX-SKL-AUTO-4E8960AB|essential,deferred,,,,,
occupation_skill,CPX-OCC-ENG-016|CPX-SKL-AUTO-CD7D1479|desirable,deferred,,,,,
occupation_skill,CPX-OCC-ENG-016|CPX-SKL-AUTO-D4C5566D|essential,deferred,,,,,
occupation_skill,CPX-OCC-ENG-016|CPX-SKL-AUTO-CFC4C6AB|essential,deferred,,,,,
occupation_skill,CPX-OCC-ENG-016|CPX-SKL-AUTO-AF950849|desirable,deferred,,,,,
occupation_skill,CPX-OCC-ENG-016|CPX-SKL-AUTO-B96852D1|essential,deferred,,,,,
occupation_skill,CPX-OCC-ENG-016|CPX-SKL-AUTO-BAD2D617|essential,deferred,,,,,
occupation_skill,CPX-OCC-ENG-016|CPX-SKL-AUTO-E7948D2D|essential,deferred,,,,,
occupation_skill,CPX-OCC-ENG-016|CPX-SKL-AUTO-69DCCE78|desirable,deferred,,,,,
occupation_skill,CPX-OCC-ENG-015|CPX-SKL-AUTO-528283E3|essential,deferred,,,,,
occupation_skill,CPX-OCC-ENG-015|CPX-SKL-AUTO-B03D6270|essential,deferred,,,,,
occupation_skill,CPX-OCC-ENG-015|CPX-SKL-AUTO-02EE932D|essential,deferred,,,,,
occupation_skill,CPX-OCC-ENG-015|CPX-SKL-AUTO-4AF447CA|desirable,deferred,,,,,
occupation_skill,CPX-OCC-ENG-015|CPX-SKL-AUTO-3A4298F8|essential,deferred,,,,,
occupation_skill,CPX-OCC-ENG-015|CPX-SKL-AUTO-0319B6D4|essential,deferred,,,,,
occupation_skill,CPX-OCC-ENG-015|CPX-SKL-AUTO-5D643581|essential,deferred,,,,,
occupation_skill,CPX-OCC-ENG-015|CPX-SKL-AUTO-C96112D6|essential,deferred,,,,,
occupation_skill,CPX-OCC-ENG-015|CPX-SKL-AUTO-959DB502|essential,deferred,,,,,
occupation_skill,CPX-OCC-ENG-015|CPX-SKL-AUTO-67BD8C74|essential,deferred,,,,,
occupation_skill,CPX-OCC-ENG-015|CPX-SKL-AUTO-1D4E2E34|desirable,deferred,,,,,
occupation_skill,CPX-OCC-ENG-015|CPX-SKL-AUTO-6F647F1B|essential,deferred,,,,,
occupation_skill,CPX-OCC-ENG-015|CPX-SKL-AUTO-4E8960AB|desirable,deferred,,,,,
occupation_skill,CPX-OCC-ENG-015|CPX-SKL-AUTO-F80022F4|desirable,deferred,,,,,
occupation_skill,CPX-OCC-ENG-015|CPX-SKL-AUTO-39D19D17|desirable,deferred,,,,,
occupation_skill,CPX-OCC-ENG-015|CPX-SKL-AUTO-CD7D1479|desirable,deferred,,,,,
occupation_skill,CPX-OCC-ENG-015|CPX-SKL-AUTO-0408DD49|essential,deferred,,,,,
occupation_skill,CPX-OCC-ENG-015|CPX-SKL-AUTO-EF6C8C81|essential,deferred,,,,,
occupation_skill,CPX-OCC-ENG-015|CPX-SKL-AUTO-FC1FD883|desirable,deferred,,,,,
occupation_skill,CPX-OCC-ENG-015|CPX-SKL-AUTO-63FA6956|desirable,deferred,,,,,
occupation_skill,CPX-OCC-ENG-015|CPX-SKL-AUTO-0ACD7FB4|desirable,deferred,,,,,
occupation_skill,CPX-OCC-ENG-015|CPX-SKL-AUTO-CFC4C6AB|essential,deferred,,,,,
occupation_skill,CPX-OCC-ENG-015|CPX-SKL-AUTO-B83CDA08|desirable,deferred,,,,,
occupation_skill,CPX-OCC-ENG-015|CPX-SKL-AUTO-33D28B04|desirable,deferred,,,,,
occupation_skill,CPX-OCC-ENG-015|CPX-SKL-AUTO-AC35A950|desirable,deferred,,,,,
occupation_skill,CPX-OCC-ENG-015|CPX-SKL-AUTO-56E30735|essential,deferred,,,,,
occupation_skill,CPX-OCC-ENG-015|CPX-SKL-AUTO-80041166|desirable,deferred,,,,,
occupation_skill,CPX-OCC-ENG-015|CPX-SKL-AUTO-CFD967E8|essential,deferred,,,,,
occupation_skill,CPX-OCC-ENG-015|CPX-SKL-AUTO-D5CBD41C|desirable,deferred,,,,,
occupation_skill,CPX-OCC-ENG-015|CPX-SKL-AUTO-872A612F|desirable,deferred,,,,,
occupation_skill,CPX-OCC-ENG-015|CPX-SKL-AUTO-1324BECE|desirable,deferred,,,,,
occupation_skill,CPX-OCC-ENG-015|CPX-SKL-AUTO-45BD37E4|essential,deferred,,,,,
occupation_skill,CPX-OCC-ENG-015|CPX-SKL-AUTO-6597191C|essential,deferred,,,,,
occupation_skill,CPX-OCC-ENG-015|CPX-SKL-AUTO-7E351D62|essential,deferred,,,,,
occupation_skill,CPX-OCC-ENG-015|CPX-SKL-AUTO-E7427129|desirable,deferred,,,,,
occupation_skill,CPX-OCC-ENG-015|CPX-SKL-AUTO-AF950849|desirable,deferred,,,,,
occupation_skill,CPX-OCC-ENG-015|CPX-SKL-AUTO-AA405638|essential,deferred,,,,,
occupation_skill,CPX-OCC-ENG-015|CPX-SKL-AUTO-FF41219D|desirable,deferred,,,,,
occupation_skill,CPX-OCC-ENG-015|CPX-SKL-AUTO-1D5BBC3F|desirable,deferred,,,,,
occupation_skill,CPX-OCC-ENG-015|CPX-SKL-AUTO-24CB2568|essential,deferred,,,,,
occupation_skill,CPX-OCC-ENG-015|CPX-SKL-AUTO-EF0BCFF3|desirable,deferred,,,,,
occupation_skill,CPX-OCC-ENG-015|CPX-SKL-AUTO-27ED98BB|essential,deferred,,,,,
occupation_skill,CPX-OCC-CBE-007|CPX-SKL-AUTO-30BB5DE6|essential,deferred,,,,,
occupation_skill,CPX-OCC-CBE-007|CPX-SKL-AUTO-0279C024|essential,deferred,,,,,
occupation_skill,CPX-OCC-CBE-007|CPX-SKL-AUTO-3303E435|essential,deferred,,,,,
occupation_skill,CPX-OCC-CBE-007|CPX-SKL-AUTO-6F647F1B|desirable,deferred,,,,,
occupation_skill,CPX-OCC-CBE-007|CPX-SKL-AUTO-E470E871|essential,deferred,,,,,
occupation_skill,CPX-OCC-CBE-007|CPX-SKL-AUTO-5C33599D|essential,deferred,,,,,
occupation_skill,CPX-OCC-CBE-007|CPX-SKL-AUTO-3F2E058C|desirable,deferred,,,,,
occupation_skill,CPX-OCC-CBE-007|CPX-SKL-AUTO-FDD48A42|desirable,deferred,,,,,
occupation_skill,CPX-OCC-CBE-007|CPX-SKL-AUTO-B40B55C3|essential,deferred,,,,,
occupation_skill,CPX-OCC-CBE-007|CPX-SKL-AUTO-DA0A87CC|essential,deferred,,,,,
occupation_skill,CPX-OCC-CBE-007|CPX-SKL-AUTO-A16A9B91|essential,deferred,,,,,
occupation_skill,CPX-OCC-CBE-007|CPX-SKL-AUTO-CDD70154|essential,deferred,,,,,
occupation_skill,CPX-OCC-ENG-015|CPX-SKL-AUTO-02EE932D|desirable,deferred,,,,,
occupation_skill,CPX-OCC-ENG-015|CPX-SKL-AUTO-4DF13081|essential,deferred,,,,,
occupation_skill,CPX-OCC-ENG-015|CPX-SKL-AUTO-3A4298F8|desirable,deferred,,,,,
occupation_skill,CPX-OCC-ENG-015|CPX-SKL-AUTO-3E770F62|desirable,deferred,,,,,
occupation_skill,CPX-OCC-ENG-015|CPX-SKL-AUTO-081400C1|essential,deferred,,,,,
occupation_skill,CPX-OCC-ENG-015|CPX-SKL-AUTO-4E8960AB|essential,deferred,,,,,
occupation_skill,CPX-OCC-ENG-015|CPX-SKL-AUTO-CB01B914|essential,deferred,,,,,
occupation_skill,CPX-OCC-ENG-015|CPX-SKL-AUTO-1CA2A377|essential,deferred,,,,,
occupation_skill,CPX-OCC-ENG-015|CPX-SKL-AUTO-F2A5DD0B|essential,deferred,,,,,
occupation_skill,CPX-OCC-ENG-015|CPX-SKL-AUTO-B257C61C|essential,deferred,,,,,
occupation_skill,CPX-OCC-ENG-015|CPX-SKL-AUTO-D4C5566D|desirable,deferred,,,,,
occupation_skill,CPX-OCC-ENG-015|CPX-SKL-AUTO-6109699C|desirable,deferred,,,,,
occupation_skill,CPX-OCC-ENG-015|CPX-SKL-AUTO-352E7A5E|desirable,deferred,,,,,
occupation_skill,CPX-OCC-ENG-015|CPX-SKL-AUTO-8695F01D|desirable,deferred,,,,,
occupation_skill,CPX-OCC-ENG-015|CPX-SKL-AUTO-ED29323F|essential,deferred,,,,,
occupation_skill,CPX-OCC-ENG-015|CPX-SKL-AUTO-C5355881|essential,deferred,,,,,
occupation_skill,CPX-OCC-ENG-015|CPX-SKL-AUTO-E7427129|essential,deferred,,,,,
occupation_skill,CPX-OCC-ENG-015|CPX-SKL-AUTO-BB6690B7|essential,deferred,,,,,
occupation_skill,CPX-OCC-ENG-015|CPX-SKL-AUTO-69DCCE78|essential,deferred,,,,,
occupation_skill,CPX-OCC-ENG-015|CPX-SKL-AUTO-E22DCBD2|desirable,deferred,,,,,
occupation_skill,CPX-OCC-PPM-003|CPX-SKL-AUTO-E833ED69|desirable,deferred,,,,,
occupation_skill,CPX-OCC-PPM-003|CPX-SKL-AUTO-183D026F|essential,deferred,,,,,
occupation_skill,CPX-OCC-ENG-020|CPX-SKL-AUTO-189AD04A|essential,deferred,,,,,
occupation_skill,CPX-OCC-ENG-006|CPX-SKL-AUTO-F4DBDF24|essential,deferred,,,,,
occupation_skill,CPX-OCC-ENG-006|CPX-SKL-AUTO-D2071E24|essential,deferred,,,,,
occupation_skill,CPX-OCC-ENG-006|CPX-SKL-AUTO-1F9A12CD|essential,deferred,,,,,
occupation_skill,CPX-OCC-ENG-006|CPX-SKL-AUTO-EEFF1DED|essential,deferred,,,,,
occupation_skill,CPX-OCC-ENG-006|CPX-SKL-AUTO-95C21AA3|essential,deferred,,,,,
occupation_skill,CPX-OCC-ENG-006|CPX-SKL-AUTO-B6A6E95A|essential,deferred,,,,,
occupation_skill,CPX-OCC-ENG-006|CPX-SKL-AUTO-D78AC5BE|essential,deferred,,,,,
occupation_skill,CPX-OCC-ENG-006|CPX-SKL-AUTO-A86AACE0|essential,deferred,,,,,
occupation_skill,CPX-OCC-ENG-006|CPX-SKL-AUTO-6E906103|essential,deferred,,,,,
occupation_skill,CPX-OCC-ENG-006|CPX-SKL-AUTO-AF38D05B|essential,deferred,,,,,
occupation_skill,CPX-OCC-ENG-006|CPX-SKL-AUTO-D515D9E5|essential,deferred,,,,,
occupation_skill,CPX-OCC-ENG-006|CPX-SKL-AUTO-91DC5F0A|essential,deferred,,,,,
occupation_skill,CPX-OCC-ENG-006|CPX-SKL-AUTO-5F426C84|desirable,deferred,,,,,
occupation_skill,CPX-OCC-ENG-006|CPX-SKL-AUTO-1698F006|essential,deferred,,,,,
occupation_skill,CPX-OCC-ENG-006|CPX-SKL-AUTO-DCAAA5C3|essential,deferred,,,,,
occupation_skill,CPX-OCC-ENG-006|CPX-SKL-AUTO-16A15640|essential,deferred,,,,,
occupation_skill,CPX-OCC-ENG-006|CPX-SKL-AUTO-4C98B987|essential,deferred,,,,,
occupation_skill,CPX-OCC-ENG-006|CPX-SKL-AUTO-BE0AACB6|essential,deferred,,,,,
occupation_skill,CPX-OCC-ENG-006|CPX-SKL-AUTO-B8700F8E|essential,deferred,,,,,
occupation_skill,CPX-OCC-ENG-006|CPX-SKL-AUTO-383BFE3F|essential,deferred,,,,,
occupation_skill,CPX-OCC-ENG-006|CPX-SKL-AUTO-8070B6BC|essential,deferred,,,,,
occupation_skill,CPX-OCC-ENG-006|CPX-SKL-AUTO-A21B8983|essential,deferred,,,,,
occupation_skill,CPX-OCC-ENG-006|CPX-SKL-AUTO-62B47F83|essential,deferred,,,,,
occupation_skill,CPX-OCC-ENG-006|CPX-SKL-AUTO-021C61CC|essential,deferred,,,,,
occupation_skill,CPX-OCC-ENG-006|CPX-SKL-AUTO-80041166|essential,deferred,,,,,
occupation_skill,CPX-OCC-ENG-006|CPX-SKL-AUTO-DBB58236|essential,deferred,,,,,
occupation_skill,CPX-OCC-ENG-006|CPX-SKL-AUTO-6FDB5F63|essential,deferred,,,,,
occupation_skill,CPX-OCC-ENG-006|CPX-SKL-AUTO-AF950849|essential,deferred,,,,,
occupation_skill,CPX-OCC-ENG-006|CPX-SKL-AUTO-E833ED69|essential,deferred,,,,,
occupation_skill,CPX-OCC-ENG-006|CPX-SKL-AUTO-CDD70154|essential,deferred,,,,,
occupation_skill,CPX-OCC-ENG-006|CPX-SKL-AUTO-22C84677|essential,deferred,,,,,
occupation_skill,CPX-OCC-ENG-011|CPX-SKL-AUTO-217B3D30|essential,deferred,,,,,
occupation_skill,CPX-OCC-ENG-011|CPX-SKL-AUTO-0CE30C7C|desirable,deferred,,,,,
occupation_skill,CPX-OCC-ENG-011|CPX-SKL-AUTO-0319B6D4|essential,deferred,,,,,
occupation_skill,CPX-OCC-ENG-011|CPX-SKL-AUTO-0279C024|essential,deferred,,,,,
occupation_skill,CPX-OCC-ENG-011|CPX-SKL-AUTO-5836997E|essential,deferred,,,,,
occupation_skill,CPX-OCC-ENG-011|CPX-SKL-AUTO-959DB502|desirable,deferred,,,,,
occupation_skill,CPX-OCC-ENG-011|CPX-SKL-AUTO-BC270433|essential,deferred,,,,,
occupation_skill,CPX-OCC-ENG-011|CPX-SKL-AUTO-F260B394|desirable,deferred,,,,,
occupation_skill,CPX-OCC-ENG-011|CPX-SKL-AUTO-9918DFB6|desirable,deferred,,,,,
occupation_skill,CPX-OCC-ENG-011|CPX-SKL-AUTO-6F647F1B|essential,deferred,,,,,
occupation_skill,CPX-OCC-ENG-011|CPX-SKL-AUTO-4E8960AB|desirable,deferred,,,,,
occupation_skill,CPX-OCC-ENG-011|CPX-SKL-AUTO-CD7335A8|desirable,deferred,,,,,
occupation_skill,CPX-OCC-ENG-011|CPX-SKL-AUTO-B257C61C|desirable,deferred,,,,,
occupation_skill,CPX-OCC-ENG-011|CPX-SKL-AUTO-A166F55A|desirable,deferred,,,,,
occupation_skill,CPX-OCC-ENG-011|CPX-SKL-AUTO-40628FD9|essential,deferred,,,,,
occupation_skill,CPX-OCC-ENG-011|CPX-SKL-AUTO-CFC4C6AB|desirable,deferred,,,,,
occupation_skill,CPX-OCC-ENG-011|CPX-SKL-AUTO-86C67F1C|desirable,deferred,,,,,
occupation_skill,CPX-OCC-ENG-011|CPX-SKL-AUTO-550464DF|essential,deferred,,,,,
occupation_skill,CPX-OCC-ENG-011|CPX-SKL-AUTO-44F08C05|essential,deferred,,,,,
occupation_skill,CPX-OCC-ENG-011|CPX-SKL-AUTO-41EE425A|essential,deferred,,,,,
occupation_skill,CPX-OCC-ENG-011|CPX-SKL-AUTO-872A612F|essential,deferred,,,,,
occupation_skill,CPX-OCC-ENG-011|CPX-SKL-AUTO-871E6AB9|desirable,deferred,,,,,
occupation_skill,CPX-OCC-ENG-011|CPX-SKL-AUTO-518B0746|desirable,deferred,,,,,
occupation_skill,CPX-OCC-ENG-011|CPX-SKL-AUTO-052B962E|essential,deferred,,,,,
occupation_skill,CPX-OCC-ENG-011|CPX-SKL-AUTO-FA2D4962|desirable,deferred,,,,,
occupation_skill,CPX-OCC-ENG-011|CPX-SKL-AUTO-60BCDAD0|desirable,deferred,,,,,
occupation_skill,CPX-OCC-ENG-011|CPX-SKL-AUTO-4A18059D|desirable,deferred,,,,,
occupation_skill,CPX-OCC-ENG-011|CPX-SKL-AUTO-F8C25EF2|desirable,deferred,,,,,
occupation_skill,CPX-OCC-ENG-011|CPX-SKL-AUTO-E7948D2D|essential,deferred,,,,,
occupation_skill,CPX-OCC-ENG-011|CPX-SKL-AUTO-4D910082|desirable,deferred,,,,,
occupation_skill,CPX-OCC-ENG-011|CPX-SKL-AUTO-A331B015|essential,deferred,,,,,
occupation_skill,CPX-OCC-ENG-001|CPX-SKL-AUTO-68005987|desirable,deferred,,,,,
occupation_skill,CPX-OCC-ENG-001|CPX-SKL-AUTO-A9093D61|essential,deferred,,,,,
occupation_skill,CPX-OCC-ENG-001|CPX-SKL-AUTO-33027CCE|desirable,deferred,,,,,
occupation_skill,CPX-OCC-ENG-001|CPX-SKL-AUTO-4ABD26E9|essential,deferred,,,,,
occupation_skill,CPX-OCC-ENG-001|CPX-SKL-AUTO-9BF7F092|essential,deferred,,,,,
occupation_skill,CPX-OCC-ENG-001|CPX-SKL-AUTO-0279C024|essential,deferred,,,,,
occupation_skill,CPX-OCC-ENG-001|CPX-SKL-AUTO-8C38C854|desirable,deferred,,,,,
occupation_skill,CPX-OCC-ENG-001|CPX-SKL-AUTO-085F11EF|essential,deferred,,,,,
occupation_skill,CPX-OCC-ENG-001|CPX-SKL-AUTO-C74C4BF1|desirable,deferred,,,,,
occupation_skill,CPX-OCC-ENG-001|CPX-SKL-AUTO-3303E435|desirable,deferred,,,,,
occupation_skill,CPX-OCC-ENG-001|CPX-SKL-AUTO-427CACBC|desirable,deferred,,,,,
occupation_skill,CPX-OCC-ENG-001|CPX-SKL-AUTO-6D72BBD3|desirable,deferred,,,,,
occupation_skill,CPX-OCC-ENG-001|CPX-SKL-AUTO-E470E871|essential,deferred,,,,,
occupation_skill,CPX-OCC-ENG-001|CPX-SKL-AUTO-5C33599D|desirable,deferred,,,,,
occupation_skill,CPX-OCC-ENG-001|CPX-SKL-AUTO-0A83E75B|desirable,deferred,,,,,
occupation_skill,CPX-OCC-ENG-001|CPX-SKL-AUTO-86244057|essential,deferred,,,,,
occupation_skill,CPX-OCC-ENG-001|CPX-SKL-AUTO-B4EC5AB6|essential,deferred,,,,,
occupation_skill,CPX-OCC-ENG-001|CPX-SKL-AUTO-599DD157|essential,deferred,,,,,
occupation_skill,CPX-OCC-ENG-001|CPX-SKL-AUTO-183F3A28|essential,deferred,,,,,
occupation_skill,CPX-OCC-ENG-001|CPX-SKL-AUTO-01B92F1B|desirable,deferred,,,,,
occupation_skill,CPX-OCC-ENG-001|CPX-SKL-AUTO-E2348734|essential,deferred,,,,,
occupation_skill,CPX-OCC-ENG-001|CPX-SKL-AUTO-FDD48A42|essential,deferred,,,,,
occupation_skill,CPX-OCC-ENG-001|CPX-SKL-AUTO-02174F4C|desirable,deferred,,,,,
occupation_skill,CPX-OCC-ENG-001|CPX-SKL-AUTO-7AFBA776|desirable,deferred,,,,,
occupation_skill,CPX-OCC-ENG-001|CPX-SKL-AUTO-B1EF8FE9|essential,deferred,,,,,
occupation_skill,CPX-OCC-ENG-001|CPX-SKL-AUTO-DA579DE3|desirable,deferred,,,,,
occupation_skill,CPX-OCC-ENG-001|CPX-SKL-AUTO-97CA9C90|essential,deferred,,,,,
occupation_skill,CPX-OCC-ENG-001|CPX-SKL-AUTO-CEBC803D|desirable,deferred,,,,,
occupation_skill,CPX-OCC-ENG-001|CPX-SKL-AUTO-24DBA435|desirable,deferred,,,,,
occupation_skill,CPX-OCC-ENG-001|CPX-SKL-AUTO-0BD6497B|essential,deferred,,,,,
occupation_skill,CPX-OCC-ENG-001|CPX-SKL-AUTO-128B4945|essential,deferred,,,,,
occupation_skill,CPX-OCC-ENG-001|CPX-SKL-AUTO-47BCBF08|desirable,deferred,,,,,
occupation_skill,CPX-OCC-ENG-001|CPX-SKL-AUTO-DA0A87CC|essential,deferred,,,,,
occupation_skill,CPX-OCC-ENG-001|CPX-SKL-AUTO-E58DBE55|desirable,deferred,,,,,
occupation_skill,CPX-OCC-ENG-001|CPX-SKL-AUTO-91C43F3B|essential,deferred,,,,,
occupation_skill,CPX-OCC-ENG-014|CPX-SKL-AUTO-2B9C6998|essential,deferred,,,,,
occupation_skill,CPX-OCC-ENG-014|CPX-SKL-AUTO-83549F13|essential,deferred,,,,,
occupation_skill,CPX-OCC-ENG-014|CPX-SKL-AUTO-8B2616BA|essential,deferred,,,,,
occupation_skill,CPX-OCC-ENG-014|CPX-SKL-AUTO-57B8D6DB|essential,deferred,,,,,
occupation_skill,CPX-OCC-ENG-014|CPX-SKL-AUTO-5ED566B6|essential,deferred,,,,,
occupation_skill,CPX-OCC-ENG-014|CPX-SKL-AUTO-BFDE851A|essential,deferred,,,,,
occupation_skill,CPX-OCC-ENG-014|CPX-SKL-AUTO-44828BCE|essential,deferred,,,,,
occupation_skill,CPX-OCC-ENG-014|CPX-SKL-AUTO-5E22A328|essential,deferred,,,,,
occupation_skill,CPX-OCC-ENG-014|CPX-SKL-AUTO-28630019|essential,deferred,,,,,
occupation_skill,CPX-OCC-ENG-014|CPX-SKL-AUTO-432C5A6A|essential,deferred,,,,,
occupation_skill,CPX-OCC-ENG-014|CPX-SKL-AUTO-729B70AB|essential,deferred,,,,,
occupation_skill,CPX-OCC-ENG-014|CPX-SKL-AUTO-800B1348|essential,deferred,,,,,
occupation_skill,CPX-OCC-ENG-014|CPX-SKL-AUTO-FDFD0728|essential,deferred,,,,,
occupation_skill,CPX-OCC-ENG-014|CPX-SKL-AUTO-7B6DEC51|essential,deferred,,,,,
occupation_skill,CPX-OCC-ENG-014|CPX-SKL-AUTO-1F130ADC|essential,deferred,,,,,
occupation_skill,CPX-OCC-ENG-014|CPX-SKL-AUTO-26E9D067|essential,deferred,,,,,
occupation_skill,CPX-OCC-ENE-010|CPX-SKL-AUTO-FED6A33E|essential,deferred,,,,,
occupation_skill,CPX-OCC-ENE-010|CPX-SKL-AUTO-1F9A12CD|desirable,deferred,,,,,
occupation_skill,CPX-OCC-ENE-010|CPX-SKL-AUTO-35D4A014|desirable,deferred,,,,,
occupation_skill,CPX-OCC-ENE-010|CPX-SKL-AUTO-A304DE4D|essential,deferred,,,,,
occupation_skill,CPX-OCC-ENE-010|CPX-SKL-AUTO-00CA60A1|desirable,deferred,,,,,
occupation_skill,CPX-OCC-ENE-010|CPX-SKL-AUTO-AF38D05B|essential,deferred,,,,,
occupation_skill,CPX-OCC-ENE-010|CPX-SKL-AUTO-8C38C854|desirable,deferred,,,,,
occupation_skill,CPX-OCC-ENE-010|CPX-SKL-AUTO-CA0ABA50|desirable,deferred,,,,,
occupation_skill,CPX-OCC-ENE-010|CPX-SKL-AUTO-8D0D91A2|essential,deferred,,,,,
occupation_skill,CPX-OCC-ENE-010|CPX-SKL-AUTO-9FE874CA|desirable,deferred,,,,,
occupation_skill,CPX-OCC-ENE-010|CPX-SKL-AUTO-77C8FC1F|desirable,deferred,,,,,
occupation_skill,CPX-OCC-ENE-010|CPX-SKL-AUTO-0FF256A5|desirable,deferred,,,,,
occupation_skill,CPX-OCC-ENE-010|CPX-SKL-AUTO-6EB75794|essential,deferred,,,,,
occupation_skill,CPX-OCC-ENE-010|CPX-SKL-AUTO-BF04DD1D|essential,deferred,,,,,
occupation_skill,CPX-OCC-ENE-010|CPX-SKL-AUTO-F260B394|essential,deferred,,,,,
occupation_skill,CPX-OCC-ENE-010|CPX-SKL-AUTO-33359F29|essential,deferred,,,,,
occupation_skill,CPX-OCC-ENE-010|CPX-SKL-AUTO-AAB80125|desirable,deferred,,,,,
occupation_skill,CPX-OCC-ENE-010|CPX-SKL-AUTO-519712A0|essential,deferred,,,,,
occupation_skill,CPX-OCC-ENE-010|CPX-SKL-AUTO-59549FFD|desirable,deferred,,,,,
occupation_skill,CPX-OCC-ENE-010|CPX-SKL-AUTO-DD84947A|essential,deferred,,,,,
occupation_skill,CPX-OCC-ENE-010|CPX-SKL-AUTO-B0843D34|desirable,deferred,,,,,
occupation_skill,CPX-OCC-ENE-010|CPX-SKL-AUTO-30D4A43E|desirable,deferred,,,,,
occupation_skill,CPX-OCC-ENE-010|CPX-SKL-AUTO-A166F55A|essential,deferred,,,,,
occupation_skill,CPX-OCC-ENE-010|CPX-SKL-AUTO-E9272939|desirable,deferred,,,,,
occupation_skill,CPX-OCC-ENE-010|CPX-SKL-AUTO-FAA6CE4C|desirable,deferred,,,,,
occupation_skill,CPX-OCC-ENE-010|CPX-SKL-AUTO-759F200D|essential,deferred,,,,,
occupation_skill,CPX-OCC-ENE-010|CPX-SKL-AUTO-963468E9|desirable,deferred,,,,,
occupation_skill,CPX-OCC-ENE-010|CPX-SKL-AUTO-073A34F6|desirable,deferred,,,,,
occupation_skill,CPX-OCC-ENE-010|CPX-SKL-AUTO-4B8771DE|desirable,deferred,,,,,
occupation_skill,CPX-OCC-ENE-010|CPX-SKL-AUTO-56E30735|essential,deferred,,,,,
occupation_skill,CPX-OCC-ENE-010|CPX-SKL-AUTO-9A22D3CE|desirable,deferred,,,,,
occupation_skill,CPX-OCC-ENE-010|CPX-SKL-AUTO-94B7AE2E|desirable,deferred,,,,,
occupation_skill,CPX-OCC-ENE-010|CPX-SKL-AUTO-010E3D29|essential,deferred,,,,,
occupation_skill,CPX-OCC-ENE-010|CPX-SKL-AUTO-DB7134EA|essential,deferred,,,,,
occupation_skill,CPX-OCC-ENE-010|CPX-SKL-AUTO-BD469EC3|desirable,deferred,,,,,
occupation_skill,CPX-OCC-ENE-010|CPX-SKL-AUTO-9E5100F6|essential,deferred,,,,,
occupation_skill,CPX-OCC-ENE-010|CPX-SKL-AUTO-7FFE78CD|desirable,deferred,,,,,
occupation_skill,CPX-OCC-ENE-010|CPX-SKL-AUTO-F85A3FDE|essential,deferred,,,,,
occupation_skill,CPX-OCC-ENE-010|CPX-SKL-AUTO-3439D026|essential,deferred,,,,,
occupation_skill,CPX-OCC-ENE-010|CPX-SKL-AUTO-533A5BCA|essential,deferred,,,,,
occupation_skill,CPX-OCC-ENE-010|CPX-SKL-AUTO-9EA1A8D4|desirable,deferred,,,,,
occupation_skill,CPX-OCC-ENE-010|CPX-SKL-AUTO-183D026F|desirable,deferred,,,,,
occupation_skill,CPX-OCC-ENE-010|CPX-SKL-AUTO-65B537DC|essential,deferred,,,,,
occupation_skill,CPX-OCC-ENE-010|CPX-SKL-AUTO-94114C07|essential,deferred,,,,,
occupation_skill,CPX-OCC-ENE-010|CPX-SKL-AUTO-6D8C4162|desirable,deferred,,,,,
occupation_skill,CPX-OCC-BOP-006|CPX-SKL-AUTO-BE0AACB6|desirable,deferred,,,,,
occupation_skill,CPX-OCC-BOP-006|CPX-SKL-AUTO-3688C02B|essential,deferred,,,,,
occupation_skill,CPX-OCC-BOP-006|CPX-SKL-AUTO-40AA1A5B|essential,deferred,,,,,
occupation_skill,CPX-OCC-BOP-006|CPX-SKL-AUTO-E833ED69|desirable,deferred,,,,,
occupation_skill,CPX-OCC-ENG-013|CPX-SKL-AUTO-FED6A33E|desirable,deferred,,,,,
occupation_skill,CPX-OCC-ENG-013|CPX-SKL-AUTO-217B3D30|desirable,deferred,,,,,
occupation_skill,CPX-OCC-ENG-013|CPX-SKL-AUTO-189AD04A|desirable,deferred,,,,,
occupation_skill,CPX-OCC-ENG-013|CPX-SKL-AUTO-1F9A12CD|desirable,deferred,,,,,
occupation_skill,CPX-OCC-ENG-013|CPX-SKL-AUTO-2A224924|desirable,deferred,,,,,
occupation_skill,CPX-OCC-ENG-013|CPX-SKL-AUTO-D4D4A52D|desirable,deferred,,,,,
occupation_skill,CPX-OCC-ENG-013|CPX-SKL-AUTO-69338A4B|desirable,deferred,,,,,
occupation_skill,CPX-OCC-ENG-013|CPX-SKL-AUTO-335B2ED6|desirable,deferred,,,,,
occupation_skill,CPX-OCC-ENG-013|CPX-SKL-AUTO-DD66215C|desirable,deferred,,,,,
occupation_skill,CPX-OCC-ENG-013|CPX-SKL-AUTO-0F91113D|desirable,deferred,,,,,
occupation_skill,CPX-OCC-ENG-013|CPX-SKL-AUTO-0CE30C7C|desirable,deferred,,,,,
occupation_skill,CPX-OCC-ENG-013|CPX-SKL-AUTO-04FFB2F8|desirable,deferred,,,,,
occupation_skill,CPX-OCC-ENG-013|CPX-SKL-AUTO-79A7D6ED|desirable,deferred,,,,,
occupation_skill,CPX-OCC-ENG-013|CPX-SKL-AUTO-237E0688|desirable,deferred,,,,,
occupation_skill,CPX-OCC-ENG-013|CPX-SKL-AUTO-FBA7AB70|desirable,deferred,,,,,
occupation_skill,CPX-OCC-ENG-013|CPX-SKL-AUTO-BD92DC72|desirable,deferred,,,,,
occupation_skill,CPX-OCC-ENG-013|CPX-SKL-AUTO-30BB5DE6|desirable,deferred,,,,,
occupation_skill,CPX-OCC-ENG-013|CPX-SKL-AUTO-C25F13D2|desirable,deferred,,,,,
occupation_skill,CPX-OCC-ENG-013|CPX-SKL-AUTO-0279C024|essential,deferred,,,,,
occupation_skill,CPX-OCC-ENG-013|CPX-SKL-AUTO-EE13CF61|desirable,deferred,,,,,
occupation_skill,CPX-OCC-ENG-013|CPX-SKL-AUTO-3A91AE7D|desirable,deferred,,,,,
occupation_skill,CPX-OCC-ENG-013|CPX-SKL-AUTO-2134CEF7|desirable,deferred,,,,,
occupation_skill,CPX-OCC-ENG-013|CPX-SKL-AUTO-CD4124BE|desirable,deferred,,,,,
occupation_skill,CPX-OCC-ENG-013|CPX-SKL-AUTO-5D643581|desirable,deferred,,,,,
occupation_skill,CPX-OCC-ENG-013|CPX-SKL-AUTO-5836997E|desirable,deferred,,,,,
occupation_skill,CPX-OCC-ENG-013|CPX-SKL-AUTO-4C82933D|desirable,deferred,,,,,
occupation_skill,CPX-OCC-ENG-013|CPX-SKL-AUTO-FD725E3B|desirable,deferred,,,,,
occupation_skill,CPX-OCC-ENG-013|CPX-SKL-AUTO-D6E69107|desirable,deferred,,,,,
occupation_skill,CPX-OCC-ENG-013|CPX-SKL-AUTO-2E8E16D6|desirable,deferred,,,,,
occupation_skill,CPX-OCC-ENG-013|CPX-SKL-AUTO-081400C1|desirable,deferred,,,,,
occupation_skill,CPX-OCC-ENG-013|CPX-SKL-AUTO-7D6C44B8|desirable,deferred,,,,,
occupation_skill,CPX-OCC-ENG-013|CPX-SKL-AUTO-AB97BB1F|desirable,deferred,,,,,
occupation_skill,CPX-OCC-ENG-013|CPX-SKL-AUTO-D9ADEFFB|desirable,deferred,,,,,
occupation_skill,CPX-OCC-ENG-013|CPX-SKL-AUTO-E8CFE1E7|desirable,deferred,,,,,
occupation_skill,CPX-OCC-ENG-013|CPX-SKL-AUTO-959DB502|desirable,deferred,,,,,
occupation_skill,CPX-OCC-ENG-013|CPX-SKL-AUTO-BC270433|desirable,deferred,,,,,
occupation_skill,CPX-OCC-ENG-013|CPX-SKL-AUTO-F260B394|desirable,deferred,,,,,
occupation_skill,CPX-OCC-ENG-013|CPX-SKL-AUTO-6916E7CE|desirable,deferred,,,,,
occupation_skill,CPX-OCC-ENG-013|CPX-SKL-AUTO-67BD8C74|desirable,deferred,,,,,
occupation_skill,CPX-OCC-ENG-013|CPX-SKL-AUTO-9918DFB6|desirable,deferred,,,,,
occupation_skill,CPX-OCC-ENG-013|CPX-SKL-AUTO-1D4E2E34|desirable,deferred,,,,,
occupation_skill,CPX-OCC-ENG-013|CPX-SKL-AUTO-384488DD|desirable,deferred,,,,,
occupation_skill,CPX-OCC-ENG-013|CPX-SKL-AUTO-8AE6A31F|desirable,deferred,,,,,
occupation_skill,CPX-OCC-ENG-013|CPX-SKL-AUTO-6F647F1B|essential,deferred,,,,,
occupation_skill,CPX-OCC-ENG-013|CPX-SKL-AUTO-3951517D|desirable,deferred,,,,,
occupation_skill,CPX-OCC-ENG-013|CPX-SKL-AUTO-4E8960AB|desirable,deferred,,,,,
occupation_skill,CPX-OCC-ENG-013|CPX-SKL-AUTO-33359F29|desirable,deferred,,,,,
occupation_skill,CPX-OCC-ENG-013|CPX-SKL-AUTO-E900B26A|desirable,deferred,,,,,
occupation_skill,CPX-OCC-ENG-013|CPX-SKL-AUTO-1A411F9F|desirable,deferred,,,,,
occupation_skill,CPX-OCC-ENG-013|CPX-SKL-AUTO-925BE284|desirable,deferred,,,,,
occupation_skill,CPX-OCC-ENG-013|CPX-SKL-AUTO-C999ABAC|desirable,deferred,,,,,
occupation_skill,CPX-OCC-ENG-013|CPX-SKL-AUTO-39D19D17|desirable,deferred,,,,,
occupation_skill,CPX-OCC-ENG-013|CPX-SKL-AUTO-B7A8AF32|essential,deferred,,,,,
occupation_skill,CPX-OCC-ENG-013|CPX-SKL-AUTO-3F931A3E|desirable,deferred,,,,,
occupation_skill,CPX-OCC-ENG-013|CPX-SKL-AUTO-8308E008|desirable,deferred,,,,,
occupation_skill,CPX-OCC-ENG-013|CPX-SKL-AUTO-3104202D|desirable,deferred,,,,,
occupation_skill,CPX-OCC-ENG-013|CPX-SKL-AUTO-1508EE9B|desirable,deferred,,,,,
occupation_skill,CPX-OCC-ENG-013|CPX-SKL-AUTO-0FBF48C0|essential,deferred,,,,,
occupation_skill,CPX-OCC-ENG-013|CPX-SKL-AUTO-454C1FEF|desirable,deferred,,,,,
occupation_skill,CPX-OCC-ENG-013|CPX-SKL-AUTO-47B76213|desirable,deferred,,,,,
occupation_skill,CPX-OCC-ENG-013|CPX-SKL-AUTO-E470E871|essential,deferred,,,,,
occupation_skill,CPX-OCC-ENG-013|CPX-SKL-AUTO-5F843E05|desirable,deferred,,,,,
occupation_skill,CPX-OCC-ENG-013|CPX-SKL-AUTO-D0001062|desirable,deferred,,,,,
occupation_skill,CPX-OCC-ENG-013|CPX-SKL-AUTO-DBE44076|desirable,deferred,,,,,
occupation_skill,CPX-OCC-ENG-013|CPX-SKL-AUTO-BAE16BC2|desirable,deferred,,,,,
occupation_skill,CPX-OCC-ENG-013|CPX-SKL-AUTO-F2A5DD0B|desirable,deferred,,,,,
occupation_skill,CPX-OCC-ENG-013|CPX-SKL-AUTO-54A2C268|desirable,deferred,,,,,
occupation_skill,CPX-OCC-ENG-013|CPX-SKL-AUTO-CD7335A8|desirable,deferred,,,,,
occupation_skill,CPX-OCC-ENG-013|CPX-SKL-AUTO-AD5134A1|desirable,deferred,,,,,
occupation_skill,CPX-OCC-ENG-013|CPX-SKL-AUTO-B257C61C|desirable,deferred,,,,,
occupation_skill,CPX-OCC-ENG-013|CPX-SKL-AUTO-D4C5566D|desirable,deferred,,,,,
occupation_skill,CPX-OCC-ENG-013|CPX-SKL-AUTO-237DB4BB|desirable,deferred,,,,,
occupation_skill,CPX-OCC-ENG-013|CPX-SKL-AUTO-97EC1A18|desirable,deferred,,,,,
occupation_skill,CPX-OCC-ENG-013|CPX-SKL-AUTO-FB03F0F4|desirable,deferred,,,,,
occupation_skill,CPX-OCC-ENG-013|CPX-SKL-AUTO-FAA6CE4C|desirable,deferred,,,,,
occupation_skill,CPX-OCC-ENG-013|CPX-SKL-AUTO-E6E2C0DD|desirable,deferred,,,,,
occupation_skill,CPX-OCC-ENG-013|CPX-SKL-AUTO-AA25BFD8|desirable,deferred,,,,,
occupation_skill,CPX-OCC-ENG-013|CPX-SKL-AUTO-40628FD9|essential,deferred,,,,,
occupation_skill,CPX-OCC-ENG-013|CPX-SKL-AUTO-CFC4C6AB|desirable,deferred,,,,,
occupation_skill,CPX-OCC-ENG-013|CPX-SKL-AUTO-A0CC4688|desirable,deferred,,,,,
occupation_skill,CPX-OCC-ENG-013|CPX-SKL-AUTO-67703997|desirable,deferred,,,,,
occupation_skill,CPX-OCC-ENG-013|CPX-SKL-AUTO-13772A32|desirable,deferred,,,,,
occupation_skill,CPX-OCC-ENG-013|CPX-SKL-AUTO-22EDA541|desirable,deferred,,,,,
occupation_skill,CPX-OCC-ENG-013|CPX-SKL-AUTO-088F39E3|desirable,deferred,,,,,
occupation_skill,CPX-OCC-ENG-013|CPX-SKL-AUTO-3688C02B|desirable,deferred,,,,,
occupation_skill,CPX-OCC-ENG-013|CPX-SKL-AUTO-B83CDA08|desirable,deferred,,,,,
occupation_skill,CPX-OCC-ENG-013|CPX-SKL-AUTO-6A5DD82E|desirable,deferred,,,,,
occupation_skill,CPX-OCC-ENG-013|CPX-SKL-AUTO-963468E9|desirable,deferred,,,,,
occupation_skill,CPX-OCC-ENG-013|CPX-SKL-AUTO-CFC81E0F|desirable,deferred,,,,,
occupation_skill,CPX-OCC-ENG-013|CPX-SKL-AUTO-86C67F1C|desirable,deferred,,,,,
occupation_skill,CPX-OCC-ENG-013|CPX-SKL-AUTO-BA240AE5|desirable,deferred,,,,,
occupation_skill,CPX-OCC-ENG-013|CPX-SKL-AUTO-550464DF|desirable,deferred,,,,,
occupation_skill,CPX-OCC-ENG-013|CPX-SKL-AUTO-33D28B04|desirable,deferred,,,,,
occupation_skill,CPX-OCC-ENG-013|CPX-SKL-AUTO-FDD48A42|desirable,deferred,,,,,
occupation_skill,CPX-OCC-ENG-013|CPX-SKL-AUTO-D5750072|desirable,deferred,,,,,
occupation_skill,CPX-OCC-ENG-013|CPX-SKL-AUTO-1E0AAC08|desirable,deferred,,,,,
occupation_skill,CPX-OCC-ENG-013|CPX-SKL-AUTO-95A8C5DC|desirable,deferred,,,,,
occupation_skill,CPX-OCC-ENG-013|CPX-SKL-AUTO-FBEA047F|desirable,deferred,,,,,
occupation_skill,CPX-OCC-ENG-013|CPX-SKL-AUTO-F6FC5E79|desirable,deferred,,,,,
occupation_skill,CPX-OCC-ENG-013|CPX-SKL-AUTO-44F08C05|desirable,deferred,,,,,
occupation_skill,CPX-OCC-ENG-013|CPX-SKL-AUTO-8695F01D|desirable,deferred,,,,,
occupation_skill,CPX-OCC-ENG-013|CPX-SKL-AUTO-10A93E87|desirable,deferred,,,,,
occupation_skill,CPX-OCC-ENG-013|CPX-SKL-AUTO-CFD967E8|desirable,deferred,,,,,
occupation_skill,CPX-OCC-ENG-013|CPX-SKL-AUTO-29111B5F|desirable,deferred,,,,,
occupation_skill,CPX-OCC-ENG-013|CPX-SKL-AUTO-DBED925D|desirable,deferred,,,,,
occupation_skill,CPX-OCC-ENG-013|CPX-SKL-AUTO-5044BB24|desirable,deferred,,,,,
occupation_skill,CPX-OCC-ENG-013|CPX-SKL-AUTO-408380BB|desirable,deferred,,,,,
occupation_skill,CPX-OCC-ENG-013|CPX-SKL-AUTO-D5CBD41C|essential,deferred,,,,,
occupation_skill,CPX-OCC-ENG-013|CPX-SKL-AUTO-F7762CDA|desirable,deferred,,,,,
occupation_skill,CPX-OCC-ENG-013|CPX-SKL-AUTO-54FB3524|desirable,deferred,,,,,
occupation_skill,CPX-OCC-ENG-013|CPX-SKL-AUTO-872A612F|desirable,deferred,,,,,
occupation_skill,CPX-OCC-ENG-013|CPX-SKL-AUTO-1B65795E|desirable,deferred,,,,,
occupation_skill,CPX-OCC-ENG-013|CPX-SKL-AUTO-EBE5DD16|desirable,deferred,,,,,
occupation_skill,CPX-OCC-ENG-013|CPX-SKL-AUTO-1324BECE|desirable,deferred,,,,,
occupation_skill,CPX-OCC-ENG-013|CPX-SKL-AUTO-6D5479C0|desirable,deferred,,,,,
occupation_skill,CPX-OCC-ENG-013|CPX-SKL-AUTO-D2F19421|desirable,deferred,,,,,
occupation_skill,CPX-OCC-ENG-013|CPX-SKL-AUTO-5644E61F|desirable,deferred,,,,,
occupation_skill,CPX-OCC-ENG-013|CPX-SKL-AUTO-1083AFD4|desirable,deferred,,,,,
occupation_skill,CPX-OCC-ENG-013|CPX-SKL-AUTO-45BD37E4|desirable,deferred,,,,,
occupation_skill,CPX-OCC-ENG-013|CPX-SKL-AUTO-091726A7|desirable,deferred,,,,,
occupation_skill,CPX-OCC-ENG-013|CPX-SKL-AUTO-052B962E|desirable,deferred,,,,,
occupation_skill,CPX-OCC-ENG-013|CPX-SKL-AUTO-23934660|desirable,deferred,,,,,
occupation_skill,CPX-OCC-ENG-013|CPX-SKL-AUTO-3F9941F6|desirable,deferred,,,,,
occupation_skill,CPX-OCC-ENG-013|CPX-SKL-AUTO-D7F587B8|desirable,deferred,,,,,
occupation_skill,CPX-OCC-ENG-013|CPX-SKL-AUTO-7E351D62|desirable,deferred,,,,,
occupation_skill,CPX-OCC-ENG-013|CPX-SKL-AUTO-E7427129|desirable,deferred,,,,,
occupation_skill,CPX-OCC-ENG-013|CPX-SKL-AUTO-AF950849|desirable,deferred,,,,,
occupation_skill,CPX-OCC-ENG-013|CPX-SKL-AUTO-7E23F03D|desirable,deferred,,,,,
occupation_skill,CPX-OCC-ENG-013|CPX-SKL-AUTO-6FB1597E|desirable,deferred,,,,,
occupation_skill,CPX-OCC-ENG-013|CPX-SKL-AUTO-AA405638|desirable,deferred,,,,,
occupation_skill,CPX-OCC-ENG-013|CPX-SKL-AUTO-68F157A3|desirable,deferred,,,,,
occupation_skill,CPX-OCC-ENG-013|CPX-SKL-AUTO-45AD02AB|desirable,deferred,,,,,
occupation_skill,CPX-OCC-ENG-013|CPX-SKL-AUTO-22A7BF61|desirable,deferred,,,,,
occupation_skill,CPX-OCC-ENG-013|CPX-SKL-AUTO-7EA174F6|desirable,deferred,,,,,
occupation_skill,CPX-OCC-ENG-013|CPX-SKL-AUTO-8C767E60|desirable,deferred,,,,,
occupation_skill,CPX-OCC-ENG-013|CPX-SKL-AUTO-2D1CDD00|desirable,deferred,,,,,
occupation_skill,CPX-OCC-ENG-013|CPX-SKL-AUTO-1D5BBC3F|desirable,deferred,,,,,
occupation_skill,CPX-OCC-ENG-013|CPX-SKL-AUTO-CDC234AF|desirable,deferred,,,,,
occupation_skill,CPX-OCC-ENG-013|CPX-SKL-AUTO-87617883|desirable,deferred,,,,,
occupation_skill,CPX-OCC-ENG-013|CPX-SKL-AUTO-4A18059D|desirable,deferred,,,,,
occupation_skill,CPX-OCC-ENG-013|CPX-SKL-AUTO-47BCBF08|desirable,deferred,,,,,
occupation_skill,CPX-OCC-ENG-013|CPX-SKL-AUTO-DA0A87CC|desirable,deferred,,,,,
occupation_skill,CPX-OCC-ENG-013|CPX-SKL-AUTO-EF0BCFF3|desirable,deferred,,,,,
occupation_skill,CPX-OCC-ENG-013|CPX-SKL-AUTO-C2AFEA82|desirable,deferred,,,,,
occupation_skill,CPX-OCC-ENG-013|CPX-SKL-AUTO-A3A7AAD2|desirable,deferred,,,,,
occupation_skill,CPX-OCC-ENG-013|CPX-SKL-AUTO-A16A9B91|desirable,deferred,,,,,
occupation_skill,CPX-OCC-ENG-013|CPX-SKL-AUTO-50B4998D|desirable,deferred,,,,,
occupation_skill,CPX-OCC-ENG-013|CPX-SKL-AUTO-83CB120A|desirable,deferred,,,,,
occupation_skill,CPX-OCC-ENG-013|CPX-SKL-AUTO-53198C86|desirable,deferred,,,,,
occupation_skill,CPX-OCC-ENG-013|CPX-SKL-AUTO-253B51AB|desirable,deferred,,,,,
occupation_skill,CPX-OCC-ENG-013|CPX-SKL-AUTO-0940A444|desirable,deferred,,,,,
occupation_skill,CPX-OCC-ENG-013|CPX-SKL-AUTO-E5A934CA|desirable,deferred,,,,,
occupation_skill,CPX-OCC-ENG-013|CPX-SKL-AUTO-183D026F|desirable,deferred,,,,,
occupation_skill,CPX-OCC-ENG-013|CPX-SKL-AUTO-43906F91|desirable,deferred,,,,,
occupation_skill,CPX-OCC-ENG-013|CPX-SKL-AUTO-FD7A082E|desirable,deferred,,,,,
occupation_skill,CPX-OCC-ENG-013|CPX-SKL-AUTO-0969BBF7|desirable,deferred,,,,,
occupation_skill,CPX-OCC-ENG-013|CPX-SKL-AUTO-90B25506|desirable,deferred,,,,,
occupation_skill,CPX-OCC-ENG-013|CPX-SKL-AUTO-27ED98BB|desirable,deferred,,,,,
occupation_skill,CPX-OCC-ENG-013|CPX-SKL-AUTO-79D5A7D6|desirable,deferred,,,,,
occupation_skill,CPX-OCC-ENG-013|CPX-SKL-AUTO-E66D8FAF|desirable,deferred,,,,,
occupation_skill,CPX-OCC-ENG-013|CPX-SKL-AUTO-0FE93BD2|desirable,deferred,,,,,
occupation_skill,CPX-OCC-ENG-013|CPX-SKL-AUTO-0AE4E961|desirable,deferred,,,,,
occupation_skill,CPX-OCC-ENG-013|CPX-SKL-AUTO-E7948D2D|essential,deferred,,,,,
occupation_skill,CPX-OCC-ENG-013|CPX-SKL-AUTO-B710833B|desirable,deferred,,,,,
occupation_skill,CPX-OCC-ENG-013|CPX-SKL-AUTO-4D910082|desirable,deferred,,,,,
occupation_skill,CPX-OCC-ENG-013|CPX-SKL-AUTO-4B1DA3C3|desirable,deferred,,,,,
occupation_skill,CPX-OCC-ENG-013|CPX-SKL-AUTO-E22DCBD2|desirable,deferred,,,,,
occupation_skill,CPX-OCC-ENG-013|CPX-SKL-AUTO-D82A5A70|essential,deferred,,,,,
occupation_skill,CPX-OCC-ENG-013|CPX-SKL-AUTO-6B3BE3A8|desirable,deferred,,,,,
occupation_skill,CPX-OCC-ENG-013|CPX-SKL-AUTO-94114C07|desirable,deferred,,,,,
occupation_skill,CPX-OCC-ENG-013|CPX-SKL-AUTO-6ED6A9CC|desirable,deferred,,,,,
occupation_skill,CPX-OCC-ENG-013|CPX-SKL-AUTO-283EBEE1|desirable,deferred,,,,,
occupation_skill,CPX-OCC-ENG-013|CPX-SKL-AUTO-A331B015|desirable,deferred,,,,,
occupation_skill,CPX-OCC-ENG-013|CPX-SKL-AUTO-B25A8613|desirable,deferred,,,,,
occupation_skill,CPX-OCC-ENG-003|CPX-SKL-AUTO-846BD406|desirable,deferred,,,,,
occupation_skill,CPX-OCC-ENG-003|CPX-SKL-AUTO-0F91113D|desirable,deferred,,,,,
occupation_skill,CPX-OCC-ENG-003|CPX-SKL-AUTO-49884F2D|desirable,deferred,,,,,
occupation_skill,CPX-OCC-ENG-003|CPX-SKL-AUTO-D78AC5BE|essential,deferred,,,,,
occupation_skill,CPX-OCC-ENG-003|CPX-SKL-AUTO-30BB5DE6|essential,deferred,,,,,
occupation_skill,CPX-OCC-ENG-003|CPX-SKL-AUTO-0279C024|essential,deferred,,,,,
occupation_skill,CPX-OCC-ENG-003|CPX-SKL-AUTO-AF38D05B|desirable,deferred,,,,,
occupation_skill,CPX-OCC-ENG-003|CPX-SKL-AUTO-50E60467|essential,deferred,,,,,
occupation_skill,CPX-OCC-ENG-003|CPX-SKL-AUTO-DD77166F|desirable,deferred,,,,,
occupation_skill,CPX-OCC-ENG-003|CPX-SKL-AUTO-959DB502|essential,deferred,,,,,
occupation_skill,CPX-OCC-ENG-003|CPX-SKL-AUTO-BC270433|essential,deferred,,,,,
occupation_skill,CPX-OCC-ENG-003|CPX-SKL-AUTO-772726C6|desirable,deferred,,,,,
occupation_skill,CPX-OCC-ENG-003|CPX-SKL-AUTO-09B61CE4|essential,deferred,,,,,
occupation_skill,CPX-OCC-ENG-003|CPX-SKL-AUTO-B7A8AF32|essential,deferred,,,,,
occupation_skill,CPX-OCC-ENG-003|CPX-SKL-AUTO-3104202D|desirable,deferred,,,,,
occupation_skill,CPX-OCC-ENG-003|CPX-SKL-AUTO-0FBF48C0|desirable,deferred,,,,,
occupation_skill,CPX-OCC-ENG-003|CPX-SKL-AUTO-114ACB44|essential,deferred,,,,,
occupation_skill,CPX-OCC-ENG-003|CPX-SKL-AUTO-47B76213|desirable,deferred,,,,,
occupation_skill,CPX-OCC-ENG-003|CPX-SKL-AUTO-E470E871|desirable,deferred,,,,,
occupation_skill,CPX-OCC-ENG-003|CPX-SKL-AUTO-3F2E058C|essential,deferred,,,,,
occupation_skill,CPX-OCC-ENG-003|CPX-SKL-AUTO-AA25BFD8|essential,deferred,,,,,
occupation_skill,CPX-OCC-ENG-003|CPX-SKL-AUTO-40628FD9|essential,deferred,,,,,
occupation_skill,CPX-OCC-ENG-003|CPX-SKL-AUTO-CDF01952|essential,deferred,,,,,
occupation_skill,CPX-OCC-ENG-003|CPX-SKL-AUTO-8C73E38B|essential,deferred,,,,,
occupation_skill,CPX-OCC-ENG-003|CPX-SKL-AUTO-8695F01D|essential,deferred,,,,,
occupation_skill,CPX-OCC-ENG-003|CPX-SKL-AUTO-10A93E87|desirable,deferred,,,,,
occupation_skill,CPX-OCC-ENG-003|CPX-SKL-AUTO-87CE8557|desirable,deferred,,,,,
occupation_skill,CPX-OCC-ENG-003|CPX-SKL-AUTO-872A612F|desirable,deferred,,,,,
occupation_skill,CPX-OCC-ENG-003|CPX-SKL-AUTO-6D5479C0|desirable,deferred,,,,,
occupation_skill,CPX-OCC-ENG-003|CPX-SKL-AUTO-091726A7|desirable,deferred,,,,,
occupation_skill,CPX-OCC-ENG-003|CPX-SKL-AUTO-FC24CEEA|desirable,deferred,,,,,
occupation_skill,CPX-OCC-ENG-003|CPX-SKL-AUTO-052B962E|desirable,deferred,,,,,
occupation_skill,CPX-OCC-ENG-003|CPX-SKL-AUTO-7E351D62|desirable,deferred,,,,,
occupation_skill,CPX-OCC-ENG-003|CPX-SKL-AUTO-6FF47E3E|desirable,deferred,,,,,
occupation_skill,CPX-OCC-ENG-003|CPX-SKL-AUTO-7E23F03D|desirable,deferred,,,,,
occupation_skill,CPX-OCC-ENG-003|CPX-SKL-AUTO-F2885F17|desirable,deferred,,,,,
occupation_skill,CPX-OCC-ENG-003|CPX-SKL-AUTO-B40B55C3|essential,deferred,,,,,
occupation_skill,CPX-OCC-ENG-003|CPX-SKL-AUTO-8C767E60|essential,deferred,,,,,
occupation_skill,CPX-OCC-ENG-003|CPX-SKL-AUTO-824246CF|desirable,deferred,,,,,
occupation_skill,CPX-OCC-ENG-003|CPX-SKL-AUTO-4C268F11|essential,deferred,,,,,
occupation_skill,CPX-OCC-ENG-012|CPX-SKL-AUTO-F7DA1A32|desirable,deferred,,,,,
occupation_skill,CPX-OCC-ENG-012|CPX-SKL-AUTO-EE13CF61|desirable,deferred,,,,,
occupation_skill,CPX-OCC-ENG-012|CPX-SKL-AUTO-67BD8C74|desirable,deferred,,,,,
occupation_skill,CPX-OCC-ENG-012|CPX-SKL-AUTO-1D4E2E34|essential,deferred,,,,,
occupation_skill,CPX-OCC-ENG-012|CPX-SKL-AUTO-E900B26A|desirable,deferred,,,,,
occupation_skill,CPX-OCC-ENG-012|CPX-SKL-AUTO-8695F01D|desirable,deferred,,,,,
occupation_skill,CPX-OCC-ENG-012|CPX-SKL-AUTO-872A612F|desirable,deferred,,,,,
occupation_skill,CPX-OCC-ENG-012|CPX-SKL-AUTO-B96852D1|essential,deferred,,,,,
occupation_skill,CPX-OCC-ENG-012|CPX-SKL-AUTO-68F157A3|essential,deferred,,,,,
occupation_skill,CPX-OCC-ENG-012|CPX-SKL-AUTO-3439D026|desirable,deferred,,,,,
occupation_skill,CPX-OCC-ENG-007|CPX-SKL-AUTO-50AA1896|desirable,deferred,,,,,
occupation_skill,CPX-OCC-ENG-007|CPX-SKL-AUTO-4DF71AA5|essential,deferred,,,,,
occupation_skill,CPX-OCC-ENG-007|CPX-SKL-AUTO-73468814|essential,deferred,,,,,
occupation_skill,CPX-OCC-ENG-007|CPX-SKL-AUTO-58DC12FC|desirable,deferred,,,,,
occupation_skill,CPX-OCC-ENG-007|CPX-SKL-AUTO-91EA45D2|essential,deferred,,,,,
occupation_skill,CPX-OCC-ENG-007|CPX-SKL-AUTO-52D184BE|desirable,deferred,,,,,
occupation_skill,CPX-OCC-ENG-007|CPX-SKL-AUTO-4CDB9A90|desirable,deferred,,,,,
occupation_skill,CPX-OCC-ENG-007|CPX-SKL-AUTO-AEE2A471|desirable,deferred,,,,,
occupation_skill,CPX-OCC-ENG-007|CPX-SKL-AUTO-6E20DB4D|essential,deferred,,,,,
occupation_skill,CPX-OCC-ENG-007|CPX-SKL-AUTO-09B61CE4|desirable,deferred,,,,,
occupation_skill,CPX-OCC-ENG-007|CPX-SKL-AUTO-AFC6ADF5|essential,deferred,,,,,
occupation_skill,CPX-OCC-ENG-007|CPX-SKL-AUTO-038CEC42|desirable,deferred,,,,,
occupation_skill,CPX-OCC-ENG-007|CPX-SKL-AUTO-1CD0852D|essential,deferred,,,,,
occupation_skill,CPX-OCC-ENG-007|CPX-SKL-AUTO-27E447A3|desirable,deferred,,,,,
occupation_skill,CPX-OCC-ENG-007|CPX-SKL-AUTO-7944A78E|essential,deferred,,,,,
occupation_skill,CPX-OCC-ENG-007|CPX-SKL-AUTO-1ED9183B|desirable,deferred,,,,,
occupation_skill,CPX-OCC-ENG-007|CPX-SKL-AUTO-14F72D18|essential,deferred,,,,,
occupation_skill,CPX-OCC-ENG-007|CPX-SKL-AUTO-073DE116|desirable,deferred,,,,,
occupation_skill,CPX-OCC-ENG-007|CPX-SKL-AUTO-8C73E38B|essential,deferred,,,,,
occupation_skill,CPX-OCC-ENG-007|CPX-SKL-AUTO-1B8DD252|essential,deferred,,,,,
occupation_skill,CPX-OCC-ENG-007|CPX-SKL-AUTO-9AD964BB|desirable,deferred,,,,,
occupation_skill,CPX-OCC-ENG-007|CPX-SKL-AUTO-05B6A341|desirable,deferred,,,,,
occupation_skill,CPX-OCC-ENG-007|CPX-SKL-AUTO-E3F6715B|desirable,deferred,,,,,
occupation_skill,CPX-OCC-ENG-007|CPX-SKL-AUTO-056270FE|desirable,deferred,,,,,
occupation_skill,CPX-OCC-ENG-007|CPX-SKL-AUTO-C1052C79|desirable,deferred,,,,,
occupation_skill,CPX-OCC-ENG-007|CPX-SKL-AUTO-24C6BE13|desirable,deferred,,,,,
occupation_skill,CPX-OCC-ENG-007|CPX-SKL-AUTO-27E454BB|desirable,deferred,,,,,
occupation_skill,CPX-OCC-ENG-007|CPX-SKL-AUTO-741D5840|essential,deferred,,,,,
occupation_skill,CPX-OCC-ENG-007|CPX-SKL-AUTO-F5C6D64A|desirable,deferred,,,,,
occupation_skill,CPX-OCC-ENG-007|CPX-SKL-AUTO-F2885F17|essential,deferred,,,,,
occupation_skill,CPX-OCC-ENG-007|CPX-SKL-AUTO-346AB174|essential,deferred,,,,,
occupation_skill,CPX-OCC-ENG-007|CPX-SKL-AUTO-FF41219D|desirable,deferred,,,,,
occupation_skill,CPX-OCC-ENG-007|CPX-SKL-AUTO-088ADB45|desirable,deferred,,,,,
occupation_skill,CPX-OCC-ENG-007|CPX-SKL-AUTO-8F428304|essential,deferred,,,,,
occupation_skill,CPX-OCC-ENG-007|CPX-SKL-AUTO-7DE32953|desirable,deferred,,,,,
occupation_skill,CPX-OCC-ENG-007|CPX-SKL-AUTO-FFA7CD6D|essential,deferred,,,,,
occupation_skill,CPX-OCC-ENG-013|CPX-SKL-AUTO-217B3D30|essential,deferred,,,,,
occupation_skill,CPX-OCC-ENG-013|CPX-SKL-AUTO-49884F2D|desirable,deferred,,,,,
occupation_skill,CPX-OCC-ENG-013|CPX-SKL-AUTO-D78AC5BE|desirable,deferred,,,,,
occupation_skill,CPX-OCC-ENG-013|CPX-SKL-AUTO-AF38D05B|essential,deferred,,,,,
occupation_skill,CPX-OCC-ENG-013|CPX-SKL-AUTO-BC270433|essential,deferred,,,,,
occupation_skill,CPX-OCC-ENG-013|CPX-SKL-AUTO-8AE6A31F|essential,deferred,,,,,
occupation_skill,CPX-OCC-ENG-013|CPX-SKL-AUTO-4E8960AB|essential,deferred,,,,,
occupation_skill,CPX-OCC-ENG-013|CPX-SKL-AUTO-CFC4C6AB|essential,deferred,,,,,
occupation_skill,CPX-OCC-ENG-013|CPX-SKL-AUTO-352E7A5E|desirable,deferred,,,,,
occupation_skill,CPX-OCC-ENG-013|CPX-SKL-AUTO-80041166|essential,deferred,,,,,
occupation_skill,CPX-OCC-ENG-013|CPX-SKL-AUTO-F5A252C7|desirable,deferred,,,,,
occupation_skill,CPX-OCC-ENG-013|CPX-SKL-AUTO-B96852D1|desirable,deferred,,,,,
occupation_skill,CPX-OCC-ENG-016|CPX-SKL-AUTO-CFD967E8|essential,deferred,,,,,
occupation_skill,CPX-OCC-CBE-003|CPX-SKL-AUTO-7E75E2E9|essential,deferred,,,,,
occupation_skill,CPX-OCC-CBE-003|CPX-SKL-AUTO-33027CCE|essential,deferred,,,,,
occupation_skill,CPX-OCC-CBE-003|CPX-SKL-AUTO-4F463D91|desirable,deferred,,,,,
occupation_skill,CPX-OCC-CBE-003|CPX-SKL-AUTO-4ABD26E9|essential,deferred,,,,,
occupation_skill,CPX-OCC-CBE-003|CPX-SKL-AUTO-9BF7F092|desirable,deferred,,,,,
occupation_skill,CPX-OCC-CBE-003|CPX-SKL-AUTO-0279C024|desirable,deferred,,,,,
occupation_skill,CPX-OCC-CBE-003|CPX-SKL-AUTO-A39B3F68|essential,deferred,,,,,
occupation_skill,CPX-OCC-CBE-003|CPX-SKL-AUTO-3A91AE7D|essential,deferred,,,,,
occupation_skill,CPX-OCC-CBE-003|CPX-SKL-AUTO-71E260B7|desirable,deferred,,,,,
occupation_skill,CPX-OCC-CBE-003|CPX-SKL-AUTO-7E61BF02|essential,deferred,,,,,
occupation_skill,CPX-OCC-CBE-003|CPX-SKL-AUTO-085F11EF|essential,deferred,,,,,
occupation_skill,CPX-OCC-CBE-003|CPX-SKL-AUTO-C74C4BF1|essential,deferred,,,,,
occupation_skill,CPX-OCC-CBE-003|CPX-SKL-AUTO-6F647F1B|desirable,deferred,,,,,
occupation_skill,CPX-OCC-CBE-003|CPX-SKL-AUTO-3951517D|essential,deferred,,,,,
occupation_skill,CPX-OCC-CBE-003|CPX-SKL-AUTO-7FEEC36F|desirable,deferred,,,,,
occupation_skill,CPX-OCC-CBE-003|CPX-SKL-AUTO-6D72BBD3|desirable,deferred,,,,,
occupation_skill,CPX-OCC-CBE-003|CPX-SKL-AUTO-B7A8AF32|essential,deferred,,,,,
occupation_skill,CPX-OCC-CBE-003|CPX-SKL-AUTO-0FBF48C0|essential,deferred,,,,,
occupation_skill,CPX-OCC-CBE-003|CPX-SKL-AUTO-E470E871|essential,deferred,,,,,
occupation_skill,CPX-OCC-CBE-003|CPX-SKL-AUTO-9D3EC878|essential,deferred,,,,,
occupation_skill,CPX-OCC-CBE-003|CPX-SKL-AUTO-FE58BCFF|desirable,deferred,,,,,
occupation_skill,CPX-OCC-CBE-003|CPX-SKL-AUTO-EFFC6A71|essential,deferred,,,,,
occupation_skill,CPX-OCC-CBE-003|CPX-SKL-AUTO-86244057|essential,deferred,,,,,
occupation_skill,CPX-OCC-CBE-003|CPX-SKL-AUTO-B4EC5AB6|essential,deferred,,,,,
occupation_skill,CPX-OCC-CBE-003|CPX-SKL-AUTO-40628FD9|desirable,deferred,,,,,
occupation_skill,CPX-OCC-CBE-003|CPX-SKL-AUTO-183F3A28|essential,deferred,,,,,
occupation_skill,CPX-OCC-CBE-003|CPX-SKL-AUTO-01B92F1B|essential,deferred,,,,,
occupation_skill,CPX-OCC-CBE-003|CPX-SKL-AUTO-FDD48A42|desirable,deferred,,,,,
occupation_skill,CPX-OCC-CBE-003|CPX-SKL-AUTO-02174F4C|essential,deferred,,,,,
occupation_skill,CPX-OCC-CBE-003|CPX-SKL-AUTO-DA579DE3|desirable,deferred,,,,,
occupation_skill,CPX-OCC-CBE-003|CPX-SKL-AUTO-526A2907|desirable,deferred,,,,,
occupation_skill,CPX-OCC-CBE-003|CPX-SKL-AUTO-51938C91|desirable,deferred,,,,,
occupation_skill,CPX-OCC-CBE-003|CPX-SKL-AUTO-CEBC803D|desirable,deferred,,,,,
occupation_skill,CPX-OCC-CBE-003|CPX-SKL-AUTO-24DBA435|essential,deferred,,,,,
occupation_skill,CPX-OCC-CBE-003|CPX-SKL-AUTO-D91E090F|desirable,deferred,,,,,
occupation_skill,CPX-OCC-CBE-003|CPX-SKL-AUTO-052B962E|desirable,deferred,,,,,
occupation_skill,CPX-OCC-CBE-003|CPX-SKL-AUTO-9B041FBA|essential,deferred,,,,,
occupation_skill,CPX-OCC-CBE-003|CPX-SKL-AUTO-4E6E590A|desirable,deferred,,,,,
occupation_skill,CPX-OCC-CBE-003|CPX-SKL-AUTO-8F3B6753|essential,deferred,,,,,
occupation_skill,CPX-OCC-CBE-003|CPX-SKL-AUTO-FB0488C1|desirable,deferred,,,,,
occupation_skill,CPX-OCC-CBE-003|CPX-SKL-AUTO-128B4945|desirable,deferred,,,,,
occupation_skill,CPX-OCC-CBE-003|CPX-SKL-AUTO-E58DBE55|desirable,deferred,,,,,
occupation_skill,CPX-OCC-CBE-003|CPX-SKL-AUTO-91C43F3B|essential,deferred,,,,,
occupation_skill,CPX-OCC-CBE-003|CPX-SKL-AUTO-FC872E3D|desirable,deferred,,,,,
occupation_skill,CPX-OCC-ENG-008|CPX-SKL-AUTO-73468814|essential,deferred,,,,,
occupation_skill,CPX-OCC-ENG-008|CPX-SKL-AUTO-296147A6|desirable,deferred,,,,,
occupation_skill,CPX-OCC-ENG-008|CPX-SKL-AUTO-EDCE5C5F|desirable,deferred,,,,,
occupation_skill,CPX-OCC-ENG-008|CPX-SKL-AUTO-3DD46D2B|essential,deferred,,,,,
occupation_skill,CPX-OCC-ENG-008|CPX-SKL-AUTO-3DE722C1|essential,deferred,,,,,
occupation_skill,CPX-OCC-ENG-008|CPX-SKL-AUTO-55DD3C70|desirable,deferred,,,,,
occupation_skill,CPX-OCC-ENG-008|CPX-SKL-AUTO-32EA871F|essential,deferred,,,,,
occupation_skill,CPX-OCC-ENG-008|CPX-SKL-AUTO-D762815A|desirable,deferred,,,,,
occupation_skill,CPX-OCC-ENG-008|CPX-SKL-AUTO-114ACB44|essential,deferred,,,,,
occupation_skill,CPX-OCC-ENG-008|CPX-SKL-AUTO-9F831EBC|essential,deferred,,,,,
occupation_skill,CPX-OCC-ENG-008|CPX-SKL-AUTO-1ED9183B|desirable,deferred,,,,,
occupation_skill,CPX-OCC-ENG-008|CPX-SKL-AUTO-293BF304|desirable,deferred,,,,,
occupation_skill,CPX-OCC-ENG-008|CPX-SKL-AUTO-BA27F563|essential,deferred,,,,,
occupation_skill,CPX-OCC-ENG-008|CPX-SKL-AUTO-72AD8FD7|desirable,deferred,,,,,
occupation_skill,CPX-OCC-ENG-008|CPX-SKL-AUTO-8C73E38B|essential,deferred,,,,,
occupation_skill,CPX-OCC-ENG-008|CPX-SKL-AUTO-CC7014C4|desirable,deferred,,,,,
occupation_skill,CPX-OCC-ENG-008|CPX-SKL-AUTO-308E8C1F|essential,deferred,,,,,
occupation_skill,CPX-OCC-ENG-008|CPX-SKL-AUTO-BC39FD06|desirable,deferred,,,,,
occupation_skill,CPX-OCC-ENG-008|CPX-SKL-AUTO-A1250330|essential,deferred,,,,,
occupation_skill,CPX-OCC-ENG-008|CPX-SKL-AUTO-8AD90170|essential,deferred,,,,,
occupation_skill,CPX-OCC-ENG-008|CPX-SKL-AUTO-2EFE14EF|desirable,deferred,,,,,
occupation_skill,CPX-OCC-ENG-008|CPX-SKL-AUTO-F2885F17|essential,deferred,,,,,
occupation_skill,CPX-OCC-ENG-008|CPX-SKL-AUTO-F17D0712|desirable,deferred,,,,,
occupation_skill,CPX-OCC-ENG-008|CPX-SKL-AUTO-2374F94A|desirable,deferred,,,,,
occupation_skill,CPX-OCC-ENG-008|CPX-SKL-AUTO-227982E3|essential,deferred,,,,,
occupation_skill,CPX-OCC-ENG-008|CPX-SKL-AUTO-7DE32953|desirable,deferred,,,,,
occupation_skill,CPX-OCC-ENG-008|CPX-SKL-AUTO-E7948D2D|essential,deferred,,,,,
occupation_skill,CPX-OCC-ENG-008|CPX-SKL-AUTO-27844208|desirable,deferred,,,,,
occupation_skill,CPX-OCC-PPM-003|CPX-SKL-AUTO-217B3D30|desirable,deferred,,,,,
occupation_skill,CPX-OCC-PPM-003|CPX-SKL-AUTO-50E60467|essential,deferred,,,,,
occupation_skill,CPX-OCC-PPM-003|CPX-SKL-AUTO-8C38C854|essential,deferred,,,,,
occupation_skill,CPX-OCC-PPM-003|CPX-SKL-AUTO-8C767E60|essential,deferred,,,,,
occupation_skill,CPX-OCC-PPM-003|CPX-SKL-AUTO-0FE93BD2|essential,deferred,,,,,
occupation_skill,CPX-OCC-ENG-012|CPX-SKL-AUTO-6FCD6C0C|essential,deferred,,,,,
occupation_skill,CPX-OCC-ENG-012|CPX-SKL-AUTO-528283E3|essential,deferred,,,,,
occupation_skill,CPX-OCC-ENG-012|CPX-SKL-AUTO-5CCCEBCC|essential,deferred,,,,,
occupation_skill,CPX-OCC-ENG-012|CPX-SKL-AUTO-25182E5E|essential,deferred,,,,,
occupation_skill,CPX-OCC-ENG-012|CPX-SKL-AUTO-EDE8287D|essential,deferred,,,,,
occupation_skill,CPX-OCC-ENG-012|CPX-SKL-AUTO-741349F8|essential,deferred,,,,,
occupation_skill,CPX-OCC-ENG-012|CPX-SKL-AUTO-4C98B987|essential,deferred,,,,,
occupation_skill,CPX-OCC-ENG-012|CPX-SKL-AUTO-1AFBD2E9|essential,deferred,,,,,
occupation_skill,CPX-OCC-ENG-012|CPX-SKL-AUTO-8596933D|essential,deferred,,,,,
occupation_skill,CPX-OCC-ENG-012|CPX-SKL-AUTO-AFC90865|essential,deferred,,,,,
occupation_skill,CPX-OCC-ENG-012|CPX-SKL-AUTO-454C1FEF|desirable,deferred,,,,,
occupation_skill,CPX-OCC-ENG-012|CPX-SKL-AUTO-8BD82A3B|essential,deferred,,,,,
occupation_skill,CPX-OCC-ENG-012|CPX-SKL-AUTO-B4028266|essential,deferred,,,,,
occupation_skill,CPX-OCC-ENG-012|CPX-SKL-AUTO-0CDA09A8|essential,deferred,,,,,
occupation_skill,CPX-OCC-ENG-012|CPX-SKL-AUTO-3688C02B|essential,deferred,,,,,
occupation_skill,CPX-OCC-ENG-012|CPX-SKL-AUTO-B89755B4|essential,deferred,,,,,
occupation_skill,CPX-OCC-ENG-012|CPX-SKL-AUTO-D04C893E|essential,deferred,,,,,
occupation_skill,CPX-OCC-ENG-012|CPX-SKL-AUTO-CFD967E8|essential,deferred,,,,,
occupation_skill,CPX-OCC-ENG-012|CPX-SKL-AUTO-CA752BC5|essential,deferred,,,,,
occupation_skill,CPX-OCC-ENG-012|CPX-SKL-AUTO-6597191C|essential,deferred,,,,,
occupation_skill,CPX-OCC-ENG-012|CPX-SKL-AUTO-E833ED69|desirable,deferred,,,,,
occupation_skill,CPX-OCC-ENG-012|CPX-SKL-AUTO-BAD2D617|essential,deferred,,,,,
occupation_skill,CPX-OCC-ENG-012|CPX-SKL-AUTO-AC2FA9DF|essential,deferred,,,,,
occupation_skill,CPX-OCC-ENG-012|CPX-SKL-AUTO-C1B857DC|essential,deferred,,,,,
occupation_skill,CPX-OCC-ENG-012|CPX-SKL-AUTO-D6C102D0|essential,deferred,,,,,
occupation_skill,CPX-OCC-ENG-022|CPX-SKL-AUTO-959DB502|essential,deferred,,,,,
occupation_skill,CPX-OCC-ENG-022|CPX-SKL-AUTO-BC270433|essential,deferred,,,,,
occupation_skill,CPX-OCC-ENG-022|CPX-SKL-AUTO-8AE6A31F|essential,deferred,,,,,
occupation_skill,CPX-OCC-ENG-022|CPX-SKL-AUTO-706081E9|desirable,deferred,,,,,
occupation_skill,CPX-OCC-ENG-022|CPX-SKL-AUTO-B257C61C|essential,deferred,,,,,
occupation_skill,CPX-OCC-ENG-022|CPX-SKL-AUTO-83A7E9C5|desirable,deferred,,,,,
occupation_skill,CPX-OCC-ENG-022|CPX-SKL-AUTO-AA25BFD8|desirable,deferred,,,,,
occupation_skill,CPX-OCC-ENG-022|CPX-SKL-AUTO-CFC4C6AB|essential,deferred,,,,,
occupation_skill,CPX-OCC-ENG-022|CPX-SKL-AUTO-6109699C|desirable,deferred,,,,,
occupation_skill,CPX-OCC-ENG-022|CPX-SKL-AUTO-550464DF|essential,deferred,,,,,
occupation_skill,CPX-OCC-ENG-022|CPX-SKL-AUTO-352E7A5E|desirable,deferred,,,,,
occupation_skill,CPX-OCC-ENG-022|CPX-SKL-AUTO-8695F01D|essential,deferred,,,,,
occupation_skill,CPX-OCC-ENG-022|CPX-SKL-AUTO-40AA1A5B|essential,deferred,,,,,
occupation_skill,CPX-OCC-ENG-022|CPX-SKL-AUTO-41EE425A|essential,deferred,,,,,
occupation_skill,CPX-OCC-ENG-022|CPX-SKL-AUTO-8C767E60|desirable,deferred,,,,,
occupation_skill,CPX-OCC-ENG-022|CPX-SKL-AUTO-B6796883|essential,deferred,,,,,
occupation_skill,CPX-OCC-PPM-001|CPX-SKL-AUTO-38A054F6|desirable,deferred,,,,,
occupation_skill,CPX-OCC-PPM-001|CPX-SKL-AUTO-AEDDE0A3|desirable,deferred,,,,,
occupation_skill,CPX-OCC-PPM-001|CPX-SKL-AUTO-A86AACE0|essential,deferred,,,,,
occupation_skill,CPX-OCC-PPM-001|CPX-SKL-AUTO-00CA60A1|essential,deferred,,,,,
occupation_skill,CPX-OCC-PPM-001|CPX-SKL-AUTO-50E60467|essential,deferred,,,,,
occupation_skill,CPX-OCC-PPM-001|CPX-SKL-AUTO-77C8FC1F|essential,deferred,,,,,
occupation_skill,CPX-OCC-PPM-001|CPX-SKL-AUTO-6EB75794|essential,deferred,,,,,
occupation_skill,CPX-OCC-PPM-001|CPX-SKL-AUTO-8859E9D2|desirable,deferred,,,,,
occupation_skill,CPX-OCC-PPM-001|CPX-SKL-AUTO-B6D8D6C0|desirable,deferred,,,,,
occupation_skill,CPX-OCC-PPM-001|CPX-SKL-AUTO-AA25BFD8|essential,deferred,,,,,
occupation_skill,CPX-OCC-PPM-001|CPX-SKL-AUTO-073A34F6|essential,deferred,,,,,
occupation_skill,CPX-OCC-PPM-001|CPX-SKL-AUTO-40AA1A5B|essential,deferred,,,,,
occupation_skill,CPX-OCC-PPM-001|CPX-SKL-AUTO-656B7CFF|desirable,deferred,,,,,
occupation_skill,CPX-OCC-PPM-001|CPX-SKL-AUTO-A89BD321|essential,deferred,,,,,
occupation_skill,CPX-OCC-PPM-001|CPX-SKL-AUTO-AE0F3FE2|essential,deferred,,,,,
occupation_skill,CPX-OCC-PPM-001|CPX-SKL-AUTO-FC09EE69|essential,deferred,,,,,
occupation_skill,CPX-OCC-PPM-001|CPX-SKL-AUTO-8C767E60|essential,deferred,,,,,
occupation_skill,CPX-OCC-PPM-001|CPX-SKL-AUTO-8AB730BB|essential,deferred,,,,,
occupation_skill,CPX-OCC-ENG-006|CPX-SKL-AUTO-2CD33572|essential,deferred,,,,,
occupation_skill,CPX-OCC-ENG-006|CPX-SKL-AUTO-0CE30C7C|essential,deferred,,,,,
occupation_skill,CPX-OCC-ENG-006|CPX-SKL-AUTO-0279C024|essential,deferred,,,,,
occupation_skill,CPX-OCC-ENG-006|CPX-SKL-AUTO-081400C1|desirable,deferred,,,,,
occupation_skill,CPX-OCC-ENG-006|CPX-SKL-AUTO-D9ADEFFB|desirable,deferred,,,,,
occupation_skill,CPX-OCC-ENG-006|CPX-SKL-AUTO-959DB502|desirable,deferred,,,,,
occupation_skill,CPX-OCC-ENG-006|CPX-SKL-AUTO-F260B394|essential,deferred,,,,,
occupation_skill,CPX-OCC-ENG-006|CPX-SKL-AUTO-1D4E2E34|desirable,deferred,,,,,
occupation_skill,CPX-OCC-ENG-006|CPX-SKL-AUTO-6F647F1B|essential,deferred,,,,,
occupation_skill,CPX-OCC-ENG-006|CPX-SKL-AUTO-4E8960AB|desirable,deferred,,,,,
occupation_skill,CPX-OCC-ENG-006|CPX-SKL-AUTO-E900B26A|desirable,deferred,,,,,
occupation_skill,CPX-OCC-ENG-006|CPX-SKL-AUTO-C999ABAC|desirable,deferred,,,,,
occupation_skill,CPX-OCC-ENG-006|CPX-SKL-AUTO-B7A8AF32|essential,deferred,,,,,
occupation_skill,CPX-OCC-ENG-006|CPX-SKL-AUTO-8308E008|desirable,deferred,,,,,
occupation_skill,CPX-OCC-ENG-006|CPX-SKL-AUTO-0FBF48C0|essential,deferred,,,,,
occupation_skill,CPX-OCC-ENG-006|CPX-SKL-AUTO-E470E871|essential,deferred,,,,,
occupation_skill,CPX-OCC-ENG-006|CPX-SKL-AUTO-7C31C384|desirable,deferred,,,,,
occupation_skill,CPX-OCC-ENG-006|CPX-SKL-AUTO-9A3392C7|desirable,deferred,,,,,
occupation_skill,CPX-OCC-ENG-006|CPX-SKL-AUTO-1014C414|desirable,deferred,,,,,
occupation_skill,CPX-OCC-ENG-006|CPX-SKL-AUTO-40628FD9|essential,deferred,,,,,
occupation_skill,CPX-OCC-ENG-006|CPX-SKL-AUTO-B83CDA08|desirable,deferred,,,,,
occupation_skill,CPX-OCC-ENG-006|CPX-SKL-AUTO-33D28B04|desirable,deferred,,,,,
occupation_skill,CPX-OCC-ENG-006|CPX-SKL-AUTO-8695F01D|essential,deferred,,,,,
occupation_skill,CPX-OCC-ENG-006|CPX-SKL-AUTO-CFD967E8|desirable,deferred,,,,,
occupation_skill,CPX-OCC-ENG-006|CPX-SKL-AUTO-D5CBD41C|desirable,deferred,,,,,
occupation_skill,CPX-OCC-ENG-006|CPX-SKL-AUTO-54FB3524|essential,deferred,,,,,
occupation_skill,CPX-OCC-ENG-006|CPX-SKL-AUTO-EBE5DD16|desirable,deferred,,,,,
occupation_skill,CPX-OCC-ENG-006|CPX-SKL-AUTO-1083AFD4|desirable,deferred,,,,,
occupation_skill,CPX-OCC-ENG-006|CPX-SKL-AUTO-052B962E|desirable,deferred,,,,,
occupation_skill,CPX-OCC-ENG-006|CPX-SKL-AUTO-06DC0CB9|desirable,deferred,,,,,
occupation_skill,CPX-OCC-ENG-006|CPX-SKL-AUTO-D7F587B8|desirable,deferred,,,,,
occupation_skill,CPX-OCC-ENG-006|CPX-SKL-AUTO-7E351D62|desirable,deferred,,,,,
occupation_skill,CPX-OCC-ENG-006|CPX-SKL-AUTO-8766C1B8|desirable,deferred,,,,,
occupation_skill,CPX-OCC-ENG-006|CPX-SKL-AUTO-DA0A87CC|essential,deferred,,,,,
occupation_skill,CPX-OCC-ENG-006|CPX-SKL-AUTO-067EB21B|desirable,deferred,,,,,
occupation_skill,CPX-OCC-ENG-006|CPX-SKL-AUTO-E66D8FAF|essential,deferred,,,,,
occupation_skill,CPX-OCC-ENG-006|CPX-SKL-AUTO-8018132A|desirable,deferred,,,,,
occupation_skill,CPX-OCC-ENG-006|CPX-SKL-AUTO-4D910082|essential,deferred,,,,,
occupation_skill,CPX-OCC-ENG-006|CPX-SKL-AUTO-D82A5A70|essential,deferred,,,,,
occupation_skill,CPX-OCC-ENG-006|CPX-SKL-AUTO-B25A8613|essential,deferred,,,,,
occupation_skill,CPX-OCC-ENG-016|CPX-SKL-AUTO-4C159E21|essential,deferred,,,,,
occupation_skill,CPX-OCC-ENG-016|CPX-SKL-AUTO-FBA7AB70|essential,deferred,,,,,
occupation_skill,CPX-OCC-ENG-016|CPX-SKL-AUTO-0279C024|essential,deferred,,,,,
occupation_skill,CPX-OCC-ENG-016|CPX-SKL-AUTO-89F3C417|essential,deferred,,,,,
occupation_skill,CPX-OCC-ENG-016|CPX-SKL-AUTO-081400C1|essential,deferred,,,,,
occupation_skill,CPX-OCC-ENG-016|CPX-SKL-AUTO-7BA81C23|essential,deferred,,,,,
occupation_skill,CPX-OCC-ENG-016|CPX-SKL-AUTO-1D4E2E34|essential,deferred,,,,,
occupation_skill,CPX-OCC-ENG-016|CPX-SKL-AUTO-C69066D1|desirable,deferred,,,,,
occupation_skill,CPX-OCC-ENG-016|CPX-SKL-AUTO-D78D6565|desirable,deferred,,,,,
occupation_skill,CPX-OCC-ENG-016|CPX-SKL-AUTO-772726C6|essential,deferred,,,,,
occupation_skill,CPX-OCC-ENG-016|CPX-SKL-AUTO-AFC90865|desirable,deferred,,,,,
occupation_skill,CPX-OCC-ENG-016|CPX-SKL-AUTO-CD7D1479|essential,deferred,,,,,
occupation_skill,CPX-OCC-ENG-016|CPX-SKL-AUTO-3F931A3E|essential,deferred,,,,,
occupation_skill,CPX-OCC-ENG-016|CPX-SKL-AUTO-E470E871|essential,deferred,,,,,
occupation_skill,CPX-OCC-ENG-016|CPX-SKL-AUTO-CB01B914|essential,deferred,,,,,
occupation_skill,CPX-OCC-ENG-016|CPX-SKL-AUTO-F2A5DD0B|essential,deferred,,,,,
occupation_skill,CPX-OCC-ENG-016|CPX-SKL-AUTO-BCC2505C|essential,deferred,,,,,
occupation_skill,CPX-OCC-ENG-016|CPX-SKL-AUTO-9DBBE0D9|essential,deferred,,,,,
occupation_skill,CPX-OCC-ENG-016|CPX-SKL-AUTO-B257C61C|essential,deferred,,,,,
occupation_skill,CPX-OCC-ENG-016|CPX-SKL-AUTO-40628FD9|essential,deferred,,,,,
occupation_skill,CPX-OCC-ENG-016|CPX-SKL-AUTO-D5CBD41C|essential,deferred,,,,,
occupation_skill,CPX-OCC-ENG-016|CPX-SKL-AUTO-F5A252C7|desirable,deferred,,,,,
occupation_skill,CPX-OCC-ENG-016|CPX-SKL-AUTO-45BD37E4|essential,deferred,,,,,
occupation_skill,CPX-OCC-ENG-016|CPX-SKL-AUTO-6597191C|desirable,deferred,,,,,
occupation_skill,CPX-OCC-ENG-016|CPX-SKL-AUTO-5842956D|desirable,deferred,,,,,
occupation_skill,CPX-OCC-ENG-016|CPX-SKL-AUTO-AF950849|essential,deferred,,,,,
occupation_skill,CPX-OCC-ENG-016|CPX-SKL-AUTO-87617883|essential,deferred,,,,,
occupation_skill,CPX-OCC-ENG-016|CPX-SKL-AUTO-82C7686C|essential,deferred,,,,,
occupation_skill,CPX-OCC-ENG-016|CPX-SKL-AUTO-50B4998D|essential,deferred,,,,,
occupation_skill,CPX-OCC-ENG-016|CPX-SKL-AUTO-0AE4E961|essential,deferred,,,,,
occupation_skill,CPX-OCC-ENG-016|CPX-SKL-AUTO-6ED6A9CC|essential,deferred,,,,,
occupation_skill,CPX-OCC-ENG-016|CPX-SKL-AUTO-27F36313|essential,deferred,,,,,
occupation_skill,CPX-OCC-ENG-011|CPX-SKL-AUTO-9EB95764|desirable,deferred,,,,,
occupation_skill,CPX-OCC-ENG-011|CPX-SKL-AUTO-528283E3|desirable,deferred,,,,,
occupation_skill,CPX-OCC-ENG-011|CPX-SKL-AUTO-4E119AE5|desirable,deferred,,,,,
occupation_skill,CPX-OCC-ENG-011|CPX-SKL-AUTO-189AD04A|desirable,deferred,,,,,
occupation_skill,CPX-OCC-ENG-011|CPX-SKL-AUTO-94239DBE|desirable,deferred,,,,,
occupation_skill,CPX-OCC-ENG-011|CPX-SKL-AUTO-29CA2796|desirable,deferred,,,,,
occupation_skill,CPX-OCC-ENG-011|CPX-SKL-AUTO-D4D4A52D|desirable,deferred,,,,,
occupation_skill,CPX-OCC-ENG-011|CPX-SKL-AUTO-EC70200E|desirable,deferred,,,,,
occupation_skill,CPX-OCC-ENG-011|CPX-SKL-AUTO-F8BF04A0|desirable,deferred,,,,,
occupation_skill,CPX-OCC-ENG-011|CPX-SKL-AUTO-69338A4B|desirable,deferred,,,,,
occupation_skill,CPX-OCC-ENG-011|CPX-SKL-AUTO-D734993E|desirable,deferred,,,,,
occupation_skill,CPX-OCC-ENG-011|CPX-SKL-AUTO-335B2ED6|desirable,deferred,,,,,
occupation_skill,CPX-OCC-ENG-011|CPX-SKL-AUTO-34961DCA|desirable,deferred,,,,,
occupation_skill,CPX-OCC-ENG-011|CPX-SKL-AUTO-DD66215C|desirable,deferred,,,,,
occupation_skill,CPX-OCC-ENG-011|CPX-SKL-AUTO-AAD4B544|desirable,deferred,,,,,
occupation_skill,CPX-OCC-ENG-011|CPX-SKL-AUTO-B03D6270|desirable,deferred,,,,,
occupation_skill,CPX-OCC-ENG-011|CPX-SKL-AUTO-8C5C088A|desirable,deferred,,,,,
occupation_skill,CPX-OCC-ENG-011|CPX-SKL-AUTO-02EE932D|desirable,deferred,,,,,
occupation_skill,CPX-OCC-ENG-011|CPX-SKL-AUTO-6C107287|desirable,deferred,,,,,
occupation_skill,CPX-OCC-ENG-011|CPX-SKL-AUTO-C30B841B|desirable,deferred,,,,,
occupation_skill,CPX-OCC-ENG-011|CPX-SKL-AUTO-237E0688|desirable,deferred,,,,,
occupation_skill,CPX-OCC-ENG-011|CPX-SKL-AUTO-4DF13081|desirable,deferred,,,,,
occupation_skill,CPX-OCC-ENG-011|CPX-SKL-AUTO-4AF447CA|desirable,deferred,,,,,
occupation_skill,CPX-OCC-ENG-011|CPX-SKL-AUTO-AD1957AD|desirable,deferred,,,,,
occupation_skill,CPX-OCC-ENG-011|CPX-SKL-AUTO-3A4298F8|desirable,deferred,,,,,
occupation_skill,CPX-OCC-ENG-011|CPX-SKL-AUTO-371E7D5A|desirable,deferred,,,,,
occupation_skill,CPX-OCC-ENG-011|CPX-SKL-AUTO-C25F13D2|essential,deferred,,,,,
occupation_skill,CPX-OCC-ENG-011|CPX-SKL-AUTO-AF38D05B|desirable,deferred,,,,,
occupation_skill,CPX-OCC-ENG-011|CPX-SKL-AUTO-25F7654A|desirable,deferred,,,,,
occupation_skill,CPX-OCC-ENG-011|CPX-SKL-AUTO-077C58F7|desirable,deferred,,,,,
occupation_skill,CPX-OCC-ENG-011|CPX-SKL-AUTO-174310DB|desirable,deferred,,,,,
occupation_skill,CPX-OCC-ENG-011|CPX-SKL-AUTO-5D643581|desirable,deferred,,,,,
occupation_skill,CPX-OCC-ENG-011|CPX-SKL-AUTO-42C1BBE8|desirable,deferred,,,,,
occupation_skill,CPX-OCC-ENG-011|CPX-SKL-AUTO-51493DB2|desirable,deferred,,,,,
occupation_skill,CPX-OCC-ENG-011|CPX-SKL-AUTO-E7E96E1F|desirable,deferred,,,,,
occupation_skill,CPX-OCC-ENG-011|CPX-SKL-AUTO-1DCB06A9|desirable,deferred,,,,,
occupation_skill,CPX-OCC-ENG-011|CPX-SKL-AUTO-3E770F62|desirable,deferred,,,,,
occupation_skill,CPX-OCC-ENG-011|CPX-SKL-AUTO-2E8E16D6|desirable,deferred,,,,,
occupation_skill,CPX-OCC-ENG-011|CPX-SKL-AUTO-C96112D6|desirable,deferred,,,,,
occupation_skill,CPX-OCC-ENG-011|CPX-SKL-AUTO-081400C1|desirable,deferred,,,,,
occupation_skill,CPX-OCC-ENG-011|CPX-SKL-AUTO-BFE5E548|desirable,deferred,,,,,
occupation_skill,CPX-OCC-ENG-011|CPX-SKL-AUTO-07D3E689|desirable,deferred,,,,,
occupation_skill,CPX-OCC-ENG-011|CPX-SKL-AUTO-AF057CB4|desirable,deferred,,,,,
occupation_skill,CPX-OCC-ENG-011|CPX-SKL-AUTO-D9ADEFFB|desirable,deferred,,,,,
occupation_skill,CPX-OCC-ENG-011|CPX-SKL-AUTO-588B8FBB|desirable,deferred,,,,,
occupation_skill,CPX-OCC-ENG-011|CPX-SKL-AUTO-BC270433|desirable,deferred,,,,,
occupation_skill,CPX-OCC-ENG-011|CPX-SKL-AUTO-8306A238|desirable,deferred,,,,,
occupation_skill,CPX-OCC-ENG-011|CPX-SKL-AUTO-6916E7CE|desirable,deferred,,,,,
occupation_skill,CPX-OCC-ENG-011|CPX-SKL-AUTO-67BD8C74|essential,deferred,,,,,
occupation_skill,CPX-OCC-ENG-011|CPX-SKL-AUTO-8674B20B|desirable,deferred,,,,,
occupation_skill,CPX-OCC-ENG-011|CPX-SKL-AUTO-F0A2A524|desirable,deferred,,,,,
occupation_skill,CPX-OCC-ENG-011|CPX-SKL-AUTO-C3D3578F|desirable,deferred,,,,,
occupation_skill,CPX-OCC-ENG-011|CPX-SKL-AUTO-1D4E2E34|desirable,deferred,,,,,
occupation_skill,CPX-OCC-ENG-011|CPX-SKL-AUTO-479F8458|desirable,deferred,,,,,
occupation_skill,CPX-OCC-ENG-011|CPX-SKL-AUTO-384488DD|desirable,deferred,,,,,
occupation_skill,CPX-OCC-ENG-011|CPX-SKL-AUTO-753A5153|desirable,deferred,,,,,
occupation_skill,CPX-OCC-ENG-011|CPX-SKL-AUTO-8AE6A31F|desirable,deferred,,,,,
occupation_skill,CPX-OCC-ENG-011|CPX-SKL-AUTO-82B64530|desirable,deferred,,,,,
occupation_skill,CPX-OCC-ENG-011|CPX-SKL-AUTO-3951517D|desirable,deferred,,,,,
occupation_skill,CPX-OCC-ENG-011|CPX-SKL-AUTO-CE4D1432|desirable,deferred,,,,,
occupation_skill,CPX-OCC-ENG-011|CPX-SKL-AUTO-33359F29|desirable,deferred,,,,,
occupation_skill,CPX-OCC-ENG-011|CPX-SKL-AUTO-1158D781|desirable,deferred,,,,,
occupation_skill,CPX-OCC-ENG-011|CPX-SKL-AUTO-F80022F4|desirable,deferred,,,,,
occupation_skill,CPX-OCC-ENG-011|CPX-SKL-AUTO-9787DE2D|desirable,deferred,,,,,
occupation_skill,CPX-OCC-ENG-011|CPX-SKL-AUTO-7B7AEF32|desirable,deferred,,,,,
occupation_skill,CPX-OCC-ENG-011|CPX-SKL-AUTO-1D00E6FA|desirable,deferred,,,,,
occupation_skill,CPX-OCC-ENG-011|CPX-SKL-AUTO-E900B26A|desirable,deferred,,,,,
occupation_skill,CPX-OCC-ENG-011|CPX-SKL-AUTO-0A6657BC|desirable,deferred,,,,,
occupation_skill,CPX-OCC-ENG-011|CPX-SKL-AUTO-39D19D17|desirable,deferred,,,,,
occupation_skill,CPX-OCC-ENG-011|CPX-SKL-AUTO-B7A8AF32|essential,deferred,,,,,
occupation_skill,CPX-OCC-ENG-011|CPX-SKL-AUTO-ABC47006|desirable,deferred,,,,,
occupation_skill,CPX-OCC-ENG-011|CPX-SKL-AUTO-49E44668|desirable,deferred,,,,,
occupation_skill,CPX-OCC-ENG-011|CPX-SKL-AUTO-9B234D72|desirable,deferred,,,,,
occupation_skill,CPX-OCC-ENG-011|CPX-SKL-AUTO-0408DD49|desirable,deferred,,,,,
occupation_skill,CPX-OCC-ENG-011|CPX-SKL-AUTO-80C8C91B|desirable,deferred,,,,,
occupation_skill,CPX-OCC-ENG-011|CPX-SKL-AUTO-EAEAC96A|desirable,deferred,,,,,
occupation_skill,CPX-OCC-ENG-011|CPX-SKL-AUTO-706081E9|desirable,deferred,,,,,
occupation_skill,CPX-OCC-ENG-011|CPX-SKL-AUTO-0FBF48C0|essential,deferred,,,,,
occupation_skill,CPX-OCC-ENG-011|CPX-SKL-AUTO-F62AF20F|desirable,deferred,,,,,
occupation_skill,CPX-OCC-ENG-011|CPX-SKL-AUTO-0F492352|desirable,deferred,,,,,
occupation_skill,CPX-OCC-ENG-011|CPX-SKL-AUTO-E2304D04|desirable,deferred,,,,,
occupation_skill,CPX-OCC-ENG-011|CPX-SKL-AUTO-D0001062|desirable,deferred,,,,,
occupation_skill,CPX-OCC-ENG-011|CPX-SKL-AUTO-1CA2A377|desirable,deferred,,,,,
occupation_skill,CPX-OCC-ENG-011|CPX-SKL-AUTO-48381918|desirable,deferred,,,,,
occupation_skill,CPX-OCC-ENG-011|CPX-SKL-AUTO-54A2C268|desirable,deferred,,,,,
occupation_skill,CPX-OCC-ENG-011|CPX-SKL-AUTO-319D2011|desirable,deferred,,,,,
occupation_skill,CPX-OCC-ENG-011|CPX-SKL-AUTO-3FEAAEDC|desirable,deferred,,,,,
occupation_skill,CPX-OCC-ENG-011|CPX-SKL-AUTO-52AB5668|desirable,deferred,,,,,
occupation_skill,CPX-OCC-ENG-011|CPX-SKL-AUTO-C0814724|desirable,deferred,,,,,
occupation_skill,CPX-OCC-ENG-011|CPX-SKL-AUTO-8B20186D|desirable,deferred,,,,,
occupation_skill,CPX-OCC-ENG-011|CPX-SKL-AUTO-237DB4BB|desirable,deferred,,,,,
occupation_skill,CPX-OCC-ENG-011|CPX-SKL-AUTO-EF6C8C81|desirable,deferred,,,,,
occupation_skill,CPX-OCC-ENG-011|CPX-SKL-AUTO-FC1FD883|desirable,deferred,,,,,
occupation_skill,CPX-OCC-ENG-011|CPX-SKL-AUTO-1162CD2D|desirable,deferred,,,,,
occupation_skill,CPX-OCC-ENG-011|CPX-SKL-AUTO-83A7E9C5|desirable,deferred,,,,,
occupation_skill,CPX-OCC-ENG-011|CPX-SKL-AUTO-DD032DA9|desirable,deferred,,,,,
occupation_skill,CPX-OCC-ENG-011|CPX-SKL-AUTO-FAA6CE4C|essential,deferred,,,,,
occupation_skill,CPX-OCC-ENG-011|CPX-SKL-AUTO-63FA6956|desirable,deferred,,,,,
occupation_skill,CPX-OCC-ENG-011|CPX-SKL-AUTO-AA25BFD8|desirable,deferred,,,,,
occupation_skill,CPX-OCC-ENG-011|CPX-SKL-AUTO-0ACD7FB4|desirable,deferred,,,,,
occupation_skill,CPX-OCC-ENG-011|CPX-SKL-AUTO-D6BADC98|desirable,deferred,,,,,
occupation_skill,CPX-OCC-ENG-011|CPX-SKL-AUTO-B4A976C3|desirable,deferred,,,,,
occupation_skill,CPX-OCC-ENG-011|CPX-SKL-AUTO-3688C02B|desirable,deferred,,,,,
occupation_skill,CPX-OCC-ENG-011|CPX-SKL-AUTO-1C7AD15E|desirable,deferred,,,,,
occupation_skill,CPX-OCC-ENG-011|CPX-SKL-AUTO-08C04917|desirable,deferred,,,,,
occupation_skill,CPX-OCC-ENG-011|CPX-SKL-AUTO-B83CDA08|desirable,deferred,,,,,
occupation_skill,CPX-OCC-ENG-011|CPX-SKL-AUTO-6A5DD82E|desirable,deferred,,,,,
occupation_skill,CPX-OCC-ENG-011|CPX-SKL-AUTO-A3003D10|desirable,deferred,,,,,
occupation_skill,CPX-OCC-ENG-011|CPX-SKL-AUTO-CFC81E0F|desirable,deferred,,,,,
occupation_skill,CPX-OCC-ENG-011|CPX-SKL-AUTO-550464DF|desirable,deferred,,,,,
occupation_skill,CPX-OCC-ENG-011|CPX-SKL-AUTO-E85FC060|essential,deferred,,,,,
occupation_skill,CPX-OCC-ENG-011|CPX-SKL-AUTO-33D28B04|desirable,deferred,,,,,
occupation_skill,CPX-OCC-ENG-011|CPX-SKL-AUTO-B1A03763|desirable,deferred,,,,,
occupation_skill,CPX-OCC-ENG-011|CPX-SKL-AUTO-D2B4C318|desirable,deferred,,,,,
occupation_skill,CPX-OCC-ENG-011|CPX-SKL-AUTO-AC35A950|desirable,deferred,,,,,
occupation_skill,CPX-OCC-ENG-011|CPX-SKL-AUTO-01A6F020|desirable,deferred,,,,,
occupation_skill,CPX-OCC-ENG-011|CPX-SKL-AUTO-95A8C5DC|desirable,deferred,,,,,
occupation_skill,CPX-OCC-ENG-011|CPX-SKL-AUTO-FBEA047F|desirable,deferred,,,,,
occupation_skill,CPX-OCC-ENG-011|CPX-SKL-AUTO-F6FC5E79|desirable,deferred,,,,,
occupation_skill,CPX-OCC-ENG-011|CPX-SKL-AUTO-07F149B8|desirable,deferred,,,,,
occupation_skill,CPX-OCC-ENG-011|CPX-SKL-AUTO-8695F01D|desirable,deferred,,,,,
occupation_skill,CPX-OCC-ENG-011|CPX-SKL-AUTO-80041166|desirable,deferred,,,,,
occupation_skill,CPX-OCC-ENG-011|CPX-SKL-AUTO-CFD967E8|desirable,deferred,,,,,
occupation_skill,CPX-OCC-ENG-011|CPX-SKL-AUTO-D343E1C2|desirable,deferred,,,,,
occupation_skill,CPX-OCC-ENG-011|CPX-SKL-AUTO-1485C224|desirable,deferred,,,,,
occupation_skill,CPX-OCC-ENG-011|CPX-SKL-AUTO-94EACC18|desirable,deferred,,,,,
occupation_skill,CPX-OCC-ENG-011|CPX-SKL-AUTO-8F67D96C|desirable,deferred,,,,,
occupation_skill,CPX-OCC-ENG-011|CPX-SKL-AUTO-408380BB|desirable,deferred,,,,,
occupation_skill,CPX-OCC-ENG-011|CPX-SKL-AUTO-D5CBD41C|desirable,deferred,,,,,
occupation_skill,CPX-OCC-ENG-011|CPX-SKL-AUTO-F9398449|desirable,deferred,,,,,
occupation_skill,CPX-OCC-ENG-011|CPX-SKL-AUTO-7B7BA3EE|desirable,deferred,,,,,
occupation_skill,CPX-OCC-ENG-011|CPX-SKL-AUTO-872A612F|desirable,deferred,,,,,
occupation_skill,CPX-OCC-ENG-011|CPX-SKL-AUTO-D0BDFF3E|desirable,deferred,,,,,
occupation_skill,CPX-OCC-ENG-011|CPX-SKL-AUTO-34E4A228|desirable,deferred,,,,,
occupation_skill,CPX-OCC-ENG-011|CPX-SKL-AUTO-1324BECE|desirable,deferred,,,,,
occupation_skill,CPX-OCC-ENG-011|CPX-SKL-AUTO-F906F498|desirable,deferred,,,,,
occupation_skill,CPX-OCC-ENG-011|CPX-SKL-AUTO-3C7D6A55|desirable,deferred,,,,,
occupation_skill,CPX-OCC-ENG-011|CPX-SKL-AUTO-D2F19421|desirable,deferred,,,,,
occupation_skill,CPX-OCC-ENG-011|CPX-SKL-AUTO-ED29323F|desirable,deferred,,,,,
occupation_skill,CPX-OCC-ENG-011|CPX-SKL-AUTO-45BD37E4|desirable,deferred,,,,,
occupation_skill,CPX-OCC-ENG-011|CPX-SKL-AUTO-9751A58B|desirable,deferred,,,,,
occupation_skill,CPX-OCC-ENG-011|CPX-SKL-AUTO-09485647|desirable,deferred,,,,,
occupation_skill,CPX-OCC-ENG-011|CPX-SKL-AUTO-052B962E|desirable,deferred,,,,,
occupation_skill,CPX-OCC-ENG-011|CPX-SKL-AUTO-BEBCCC96|desirable,deferred,,,,,
occupation_skill,CPX-OCC-ENG-011|CPX-SKL-AUTO-460663FB|desirable,deferred,,,,,
occupation_skill,CPX-OCC-ENG-011|CPX-SKL-AUTO-C5355881|desirable,deferred,,,,,
occupation_skill,CPX-OCC-ENG-011|CPX-SKL-AUTO-23934660|desirable,deferred,,,,,
occupation_skill,CPX-OCC-ENG-011|CPX-SKL-AUTO-7CC048ED|desirable,deferred,,,,,
occupation_skill,CPX-OCC-ENG-011|CPX-SKL-AUTO-D7F587B8|desirable,deferred,,,,,
occupation_skill,CPX-OCC-ENG-011|CPX-SKL-AUTO-6AEB9ACD|desirable,deferred,,,,,
occupation_skill,CPX-OCC-ENG-011|CPX-SKL-AUTO-1F68C0B4|desirable,deferred,,,,,
occupation_skill,CPX-OCC-ENG-011|CPX-SKL-AUTO-6EBE0BFA|desirable,deferred,,,,,
occupation_skill,CPX-OCC-ENG-011|CPX-SKL-AUTO-F3FF8851|desirable,deferred,,,,,
occupation_skill,CPX-OCC-ENG-011|CPX-SKL-AUTO-188D24EA|desirable,deferred,,,,,
occupation_skill,CPX-OCC-ENG-011|CPX-SKL-AUTO-E7427129|desirable,deferred,,,,,
occupation_skill,CPX-OCC-ENG-011|CPX-SKL-AUTO-B8EA0179|desirable,deferred,,,,,
occupation_skill,CPX-OCC-ENG-011|CPX-SKL-AUTO-D58496D9|essential,deferred,,,,,
occupation_skill,CPX-OCC-ENG-011|CPX-SKL-AUTO-AF950849|desirable,deferred,,,,,
occupation_skill,CPX-OCC-ENG-011|CPX-SKL-AUTO-514A6DD1|desirable,deferred,,,,,
occupation_skill,CPX-OCC-ENG-011|CPX-SKL-AUTO-3002B7BE|desirable,deferred,,,,,
occupation_skill,CPX-OCC-ENG-011|CPX-SKL-AUTO-884F43ED|desirable,deferred,,,,,
occupation_skill,CPX-OCC-ENG-011|CPX-SKL-AUTO-DD9D7F4C|desirable,deferred,,,,,
occupation_skill,CPX-OCC-ENG-011|CPX-SKL-AUTO-8766C1B8|desirable,deferred,,,,,
occupation_skill,CPX-OCC-ENG-011|CPX-SKL-AUTO-6FB1597E|desirable,deferred,,,,,
occupation_skill,CPX-OCC-ENG-011|CPX-SKL-AUTO-B96852D1|essential,deferred,,,,,
occupation_skill,CPX-OCC-ENG-011|CPX-SKL-AUTO-A60D49DB|desirable,deferred,,,,,
occupation_skill,CPX-OCC-ENG-011|CPX-SKL-AUTO-68F157A3|desirable,deferred,,,,,
occupation_skill,CPX-OCC-ENG-011|CPX-SKL-AUTO-B62E0B21|desirable,deferred,,,,,
occupation_skill,CPX-OCC-ENG-011|CPX-SKL-AUTO-45AD02AB|desirable,deferred,,,,,
occupation_skill,CPX-OCC-ENG-011|CPX-SKL-AUTO-83D33509|desirable,deferred,,,,,
occupation_skill,CPX-OCC-ENG-011|CPX-SKL-AUTO-8C767E60|desirable,deferred,,,,,
occupation_skill,CPX-OCC-ENG-011|CPX-SKL-AUTO-2AF9244A|desirable,deferred,,,,,
occupation_skill,CPX-OCC-ENG-011|CPX-SKL-AUTO-FA1782F6|desirable,deferred,,,,,
occupation_skill,CPX-OCC-ENG-011|CPX-SKL-AUTO-1D5BBC3F|desirable,deferred,,,,,
occupation_skill,CPX-OCC-ENG-011|CPX-SKL-AUTO-BAD2D617|desirable,deferred,,,,,
occupation_skill,CPX-OCC-ENG-011|CPX-SKL-AUTO-F945B106|desirable,deferred,,,,,
occupation_skill,CPX-OCC-ENG-011|CPX-SKL-AUTO-AFBCFF24|desirable,deferred,,,,,
occupation_skill,CPX-OCC-ENG-011|CPX-SKL-AUTO-6177AB53|desirable,deferred,,,,,
occupation_skill,CPX-OCC-ENG-011|CPX-SKL-AUTO-DA0A87CC|desirable,deferred,,,,,
occupation_skill,CPX-OCC-ENG-011|CPX-SKL-AUTO-EF0BCFF3|desirable,deferred,,,,,
occupation_skill,CPX-OCC-ENG-011|CPX-SKL-AUTO-C2AFEA82|desirable,deferred,,,,,
occupation_skill,CPX-OCC-ENG-011|CPX-SKL-AUTO-BB6690B7|desirable,deferred,,,,,
occupation_skill,CPX-OCC-ENG-011|CPX-SKL-AUTO-A3A7AAD2|desirable,deferred,,,,,
occupation_skill,CPX-OCC-ENG-011|CPX-SKL-AUTO-A16A9B91|desirable,deferred,,,,,
occupation_skill,CPX-OCC-ENG-011|CPX-SKL-AUTO-83CB120A|desirable,deferred,,,,,
occupation_skill,CPX-OCC-ENG-011|CPX-SKL-AUTO-53198C86|desirable,deferred,,,,,
occupation_skill,CPX-OCC-ENG-011|CPX-SKL-AUTO-8AB730BB|desirable,deferred,,,,,
occupation_skill,CPX-OCC-ENG-011|CPX-SKL-AUTO-75710C61|desirable,deferred,,,,,
occupation_skill,CPX-OCC-ENG-011|CPX-SKL-AUTO-253B51AB|desirable,deferred,,,,,
occupation_skill,CPX-OCC-ENG-011|CPX-SKL-AUTO-EEDCE0AE|desirable,deferred,,,,,
occupation_skill,CPX-OCC-ENG-011|CPX-SKL-AUTO-46A8E745|desirable,deferred,,,,,
occupation_skill,CPX-OCC-ENG-011|CPX-SKL-AUTO-4A664C7B|desirable,deferred,,,,,
occupation_skill,CPX-OCC-ENG-011|CPX-SKL-AUTO-7B6DEC51|desirable,deferred,,,,,
occupation_skill,CPX-OCC-ENG-011|CPX-SKL-AUTO-0940A444|desirable,deferred,,,,,
occupation_skill,CPX-OCC-ENG-011|CPX-SKL-AUTO-183D026F|desirable,deferred,,,,,
occupation_skill,CPX-OCC-ENG-011|CPX-SKL-AUTO-99E1469A|desirable,deferred,,,,,
occupation_skill,CPX-OCC-ENG-011|CPX-SKL-AUTO-43906F91|desirable,deferred,,,,,
occupation_skill,CPX-OCC-ENG-011|CPX-SKL-AUTO-0A7245FE|desirable,deferred,,,,,
occupation_skill,CPX-OCC-ENG-011|CPX-SKL-AUTO-0969BBF7|desirable,deferred,,,,,
occupation_skill,CPX-OCC-ENG-011|CPX-SKL-AUTO-0C722B17|desirable,deferred,,,,,
occupation_skill,CPX-OCC-ENG-011|CPX-SKL-AUTO-27ED98BB|desirable,deferred,,,,,
occupation_skill,CPX-OCC-ENG-011|CPX-SKL-AUTO-E66D8FAF|desirable,deferred,,,,,
occupation_skill,CPX-OCC-ENG-011|CPX-SKL-AUTO-3FC90475|desirable,deferred,,,,,
occupation_skill,CPX-OCC-ENG-011|CPX-SKL-AUTO-4A2A4DEB|desirable,deferred,,,,,
occupation_skill,CPX-OCC-ENG-011|CPX-SKL-AUTO-DEA1FDBE|desirable,deferred,,,,,
occupation_skill,CPX-OCC-ENG-011|CPX-SKL-AUTO-E7948D2D|desirable,deferred,,,,,
occupation_skill,CPX-OCC-ENG-011|CPX-SKL-AUTO-7956F1A5|desirable,deferred,,,,,
occupation_skill,CPX-OCC-ENG-011|CPX-SKL-AUTO-8018132A|desirable,deferred,,,,,
occupation_skill,CPX-OCC-ENG-011|CPX-SKL-AUTO-B710833B|desirable,deferred,,,,,
occupation_skill,CPX-OCC-ENG-011|CPX-SKL-AUTO-E22DCBD2|desirable,deferred,,,,,
occupation_skill,CPX-OCC-ENG-011|CPX-SKL-AUTO-D82A5A70|essential,deferred,,,,,
occupation_skill,CPX-OCC-ENG-011|CPX-SKL-AUTO-6B3BE3A8|desirable,deferred,,,,,
occupation_skill,CPX-OCC-ENG-011|CPX-SKL-AUTO-2A53FE72|desirable,deferred,,,,,
occupation_skill,CPX-OCC-ENG-011|CPX-SKL-AUTO-376BF1C1|desirable,deferred,,,,,
occupation_skill,CPX-OCC-ENG-011|CPX-SKL-AUTO-A331B015|desirable,deferred,,,,,
occupation_skill,CPX-OCC-ENG-011|CPX-SKL-AUTO-C82664CA|desirable,deferred,,,,,
occupation_skill,CPX-OCC-ENG-011|CPX-SKL-AUTO-0C2372BD|desirable,deferred,,,,,
occupation_skill,CPX-OCC-ENG-011|CPX-SKL-AUTO-CF35F4AE|desirable,deferred,,,,,
occupation_skill,CPX-OCC-ENG-011|CPX-SKL-AUTO-5632F3DE|desirable,deferred,,,,,
occupation_skill,CPX-OCC-PPM-001|CPX-SKL-AUTO-217B3D30|desirable,deferred,,,,,
occupation_skill,CPX-OCC-PPM-001|CPX-SKL-AUTO-189AD04A|desirable,deferred,,,,,
occupation_skill,CPX-OCC-PPM-001|CPX-SKL-AUTO-D78AC5BE|essential,deferred,,,,,
occupation_skill,CPX-OCC-PPM-001|CPX-SKL-AUTO-AF38D05B|essential,deferred,,,,,
occupation_skill,CPX-OCC-PPM-001|CPX-SKL-AUTO-16A15640|desirable,deferred,,,,,
occupation_skill,CPX-OCC-PPM-001|CPX-SKL-AUTO-AAB80125|essential,deferred,,,,,
occupation_skill,CPX-OCC-PPM-001|CPX-SKL-AUTO-8695F01D|essential,deferred,,,,,
occupation_skill,CPX-OCC-PPM-001|CPX-SKL-AUTO-A16A9B91|desirable,deferred,,,,,
occupation_skill,CPX-OCC-PPM-001|CPX-SKL-AUTO-83CB120A|essential,deferred,,,,,
occupation_skill,CPX-OCC-PPM-001|CPX-SKL-AUTO-183D026F|essential,deferred,,,,,
occupation_skill,CPX-OCC-PPM-001|CPX-SKL-AUTO-6B3BE3A8|essential,deferred,,,,,
occupation_skill,CPX-OCC-ENG-010|CPX-SKL-AUTO-A38B79EF|desirable,deferred,,,,,
occupation_skill,CPX-OCC-ENG-010|CPX-SKL-AUTO-CEE11DA6|essential,deferred,,,,,
occupation_skill,CPX-OCC-ENG-010|CPX-SKL-AUTO-A9093D61|essential,deferred,,,,,
occupation_skill,CPX-OCC-ENG-010|CPX-SKL-AUTO-21789335|essential,deferred,,,,,
occupation_skill,CPX-OCC-ENG-010|CPX-SKL-AUTO-FF7F2BA1|desirable,deferred,,,,,
occupation_skill,CPX-OCC-ENG-010|CPX-SKL-AUTO-83549F13|essential,deferred,,,,,
occupation_skill,CPX-OCC-ENG-010|CPX-SKL-AUTO-9BF7F092|essential,deferred,,,,,
occupation_skill,CPX-OCC-ENG-010|CPX-SKL-AUTO-902FF101|desirable,deferred,,,,,
occupation_skill,CPX-OCC-ENG-010|CPX-SKL-AUTO-3F771FD9|essential,deferred,,,,,
occupation_skill,CPX-OCC-ENG-010|CPX-SKL-AUTO-DA580D49|desirable,deferred,,,,,
occupation_skill,CPX-OCC-ENG-010|CPX-SKL-AUTO-99A27A44|desirable,deferred,,,,,
occupation_skill,CPX-OCC-ENG-010|CPX-SKL-AUTO-75E7C22D|essential,deferred,,,,,
occupation_skill,CPX-OCC-ENG-010|CPX-SKL-AUTO-09D9D6C3|desirable,deferred,,,,,
occupation_skill,CPX-OCC-ENG-010|CPX-SKL-AUTO-FAA6CE4C|essential,deferred,,,,,
occupation_skill,CPX-OCC-ENG-010|CPX-SKL-AUTO-F6536A51|essential,deferred,,,,,
occupation_skill,CPX-OCC-ENG-010|CPX-SKL-AUTO-35B604B8|essential,deferred,,,,,
occupation_skill,CPX-OCC-ENG-010|CPX-SKL-AUTO-A21B8983|essential,deferred,,,,,
occupation_skill,CPX-OCC-ENG-010|CPX-SKL-AUTO-E2348734|essential,deferred,,,,,
occupation_skill,CPX-OCC-ENG-010|CPX-SKL-AUTO-550464DF|essential,deferred,,,,,
occupation_skill,CPX-OCC-ENG-010|CPX-SKL-AUTO-DCA6C688|desirable,deferred,,,,,
occupation_skill,CPX-OCC-ENG-010|CPX-SKL-AUTO-FDD48A42|desirable,deferred,,,,,
occupation_skill,CPX-OCC-ENG-010|CPX-SKL-AUTO-28EB40E2|desirable,deferred,,,,,
occupation_skill,CPX-OCC-ENG-010|CPX-SKL-AUTO-16CB42CA|essential,deferred,,,,,
occupation_skill,CPX-OCC-ENG-010|CPX-SKL-AUTO-238F79D4|essential,deferred,,,,,
occupation_skill,CPX-OCC-ENG-010|CPX-SKL-AUTO-62453CBF|essential,deferred,,,,,
occupation_skill,CPX-OCC-ENG-010|CPX-SKL-AUTO-BE9FAE55|essential,deferred,,,,,
occupation_skill,CPX-OCC-ENG-010|CPX-SKL-AUTO-D0363562|desirable,deferred,,,,,
occupation_skill,CPX-OCC-ENG-010|CPX-SKL-AUTO-88F5680B|essential,deferred,,,,,
occupation_skill,CPX-OCC-ENG-010|CPX-SKL-AUTO-247ADC43|desirable,deferred,,,,,
occupation_skill,CPX-OCC-ENG-010|CPX-SKL-AUTO-2F6D5183|essential,deferred,,,,,
occupation_skill,CPX-OCC-ENG-010|CPX-SKL-AUTO-C9B467F9|desirable,deferred,,,,,
occupation_skill,CPX-OCC-ENG-010|CPX-SKL-AUTO-F579CFF6|desirable,deferred,,,,,
occupation_skill,CPX-OCC-ENG-010|CPX-SKL-AUTO-B4142F9E|essential,deferred,,,,,
occupation_skill,CPX-OCC-ENG-010|CPX-SKL-AUTO-BDC2E760|desirable,deferred,,,,,
occupation_skill,CPX-OCC-ENG-010|CPX-SKL-AUTO-216D3D64|essential,deferred,,,,,
occupation_skill,CPX-OCC-ENG-010|CPX-SKL-AUTO-6FB1597E|essential,deferred,,,,,
occupation_skill,CPX-OCC-ENG-010|CPX-SKL-AUTO-14F4C55C|desirable,deferred,,,,,
occupation_skill,CPX-OCC-ENG-010|CPX-SKL-AUTO-9C4561CF|desirable,deferred,,,,,
occupation_skill,CPX-OCC-ENG-010|CPX-SKL-AUTO-4244DC7D|essential,deferred,,,,,
occupation_skill,CPX-OCC-ENG-010|CPX-SKL-AUTO-F5B7B96A|desirable,deferred,,,,,
occupation_skill,CPX-OCC-ENG-010|CPX-SKL-AUTO-61F7D83B|essential,deferred,,,,,
occupation_skill,CPX-OCC-ENG-010|CPX-SKL-AUTO-C218EB29|desirable,deferred,,,,,
occupation_skill,CPX-OCC-ENG-010|CPX-SKL-AUTO-FE3BE470|essential,deferred,,,,,
occupation_skill,CPX-OCC-ENG-010|CPX-SKL-AUTO-C8D98075|desirable,deferred,,,,,
occupation_skill,CPX-OCC-ENE-011|CPX-SKL-AUTO-578BB98A|desirable,deferred,,,,,
occupation_skill,CPX-OCC-ENE-011|CPX-SKL-AUTO-1F9A12CD|essential,deferred,,,,,
occupation_skill,CPX-OCC-ENE-011|CPX-SKL-AUTO-38A054F6|desirable,deferred,,,,,
occupation_skill,CPX-OCC-ENE-011|CPX-SKL-AUTO-00CA60A1|essential,deferred,,,,,
occupation_skill,CPX-OCC-ENE-011|CPX-SKL-AUTO-0279C024|essential,deferred,,,,,
occupation_skill,CPX-OCC-ENE-011|CPX-SKL-AUTO-3A91AE7D|essential,deferred,,,,,
occupation_skill,CPX-OCC-ENE-011|CPX-SKL-AUTO-2134CEF7|essential,deferred,,,,,
occupation_skill,CPX-OCC-ENE-011|CPX-SKL-AUTO-CA0ABA50|desirable,deferred,,,,,
occupation_skill,CPX-OCC-ENE-011|CPX-SKL-AUTO-0FF256A5|desirable,deferred,,,,,
occupation_skill,CPX-OCC-ENE-011|CPX-SKL-AUTO-8859E9D2|desirable,deferred,,,,,
occupation_skill,CPX-OCC-ENE-011|CPX-SKL-AUTO-6F647F1B|essential,deferred,,,,,
occupation_skill,CPX-OCC-ENE-011|CPX-SKL-AUTO-925BE284|desirable,deferred,,,,,
occupation_skill,CPX-OCC-ENE-011|CPX-SKL-AUTO-B7A8AF32|essential,deferred,,,,,
occupation_skill,CPX-OCC-ENE-011|CPX-SKL-AUTO-0FBF48C0|essential,deferred,,,,,
occupation_skill,CPX-OCC-ENE-011|CPX-SKL-AUTO-B6D8D6C0|essential,deferred,,,,,
occupation_skill,CPX-OCC-ENE-011|CPX-SKL-AUTO-E470E871|essential,deferred,,,,,
occupation_skill,CPX-OCC-ENE-011|CPX-SKL-AUTO-8FAF5FF8|essential,deferred,,,,,
occupation_skill,CPX-OCC-ENE-011|CPX-SKL-AUTO-D4C5566D|essential,deferred,,,,,
occupation_skill,CPX-OCC-ENE-011|CPX-SKL-AUTO-E9272939|desirable,deferred,,,,,
occupation_skill,CPX-OCC-ENE-011|CPX-SKL-AUTO-40628FD9|essential,deferred,,,,,
occupation_skill,CPX-OCC-ENE-011|CPX-SKL-AUTO-13772A32|desirable,deferred,,,,,
occupation_skill,CPX-OCC-ENE-011|CPX-SKL-AUTO-073A34F6|desirable,deferred,,,,,
occupation_skill,CPX-OCC-ENE-011|CPX-SKL-AUTO-4B8771DE|essential,deferred,,,,,
occupation_skill,CPX-OCC-ENE-011|CPX-SKL-AUTO-309B0800|essential,deferred,,,,,
occupation_skill,CPX-OCC-ENE-011|CPX-SKL-AUTO-E2AD0CCE|desirable,deferred,,,,,
occupation_skill,CPX-OCC-ENE-011|CPX-SKL-AUTO-0128A4B5|desirable,deferred,,,,,
occupation_skill,CPX-OCC-ENE-011|CPX-SKL-AUTO-AE0F3FE2|essential,deferred,,,,,
occupation_skill,CPX-OCC-ENE-011|CPX-SKL-AUTO-7CF19E65|desirable,deferred,,,,,
occupation_skill,CPX-OCC-ENE-011|CPX-SKL-AUTO-32338136|desirable,deferred,,,,,
occupation_skill,CPX-OCC-ENE-011|CPX-SKL-AUTO-B9A2341F|desirable,deferred,,,,,
occupation_skill,CPX-OCC-ENE-011|CPX-SKL-AUTO-D82A5A70|essential,deferred,,,,,
occupation_skill,CPX-OCC-ENE-011|CPX-SKL-AUTO-7894BD02|desirable,deferred,,,,,
occupation_skill,CPX-OCC-ENE-011|CPX-SKL-AUTO-6D8C4162|desirable,deferred,,,,,
occupation_skill,CPX-OCC-ENG-010|CPX-SKL-AUTO-1F9A12CD|essential,deferred,,,,,
occupation_skill,CPX-OCC-ENG-010|CPX-SKL-AUTO-AEDDE0A3|essential,deferred,,,,,
occupation_skill,CPX-OCC-ENG-010|CPX-SKL-AUTO-5B0E2959|desirable,deferred,,,,,
occupation_skill,CPX-OCC-ENG-010|CPX-SKL-AUTO-00CA60A1|essential,deferred,,,,,
occupation_skill,CPX-OCC-ENG-010|CPX-SKL-AUTO-0279C024|essential,deferred,,,,,
occupation_skill,CPX-OCC-ENG-010|CPX-SKL-AUTO-3A91AE7D|essential,deferred,,,,,
occupation_skill,CPX-OCC-ENG-010|CPX-SKL-AUTO-2134CEF7|essential,deferred,,,,,
occupation_skill,CPX-OCC-ENG-010|CPX-SKL-AUTO-E2BF03CB|essential,deferred,,,,,
occupation_skill,CPX-OCC-ENG-010|CPX-SKL-AUTO-8859E9D2|desirable,deferred,,,,,
occupation_skill,CPX-OCC-ENG-010|CPX-SKL-AUTO-6F647F1B|essential,deferred,,,,,
occupation_skill,CPX-OCC-ENG-010|CPX-SKL-AUTO-925BE284|desirable,deferred,,,,,
occupation_skill,CPX-OCC-ENG-010|CPX-SKL-AUTO-519712A0|desirable,deferred,,,,,
occupation_skill,CPX-OCC-ENG-010|CPX-SKL-AUTO-B7A8AF32|essential,deferred,,,,,
occupation_skill,CPX-OCC-ENG-010|CPX-SKL-AUTO-0FBF48C0|essential,deferred,,,,,
occupation_skill,CPX-OCC-ENG-010|CPX-SKL-AUTO-B6D8D6C0|essential,deferred,,,,,
occupation_skill,CPX-OCC-ENG-010|CPX-SKL-AUTO-E470E871|essential,deferred,,,,,
occupation_skill,CPX-OCC-ENG-010|CPX-SKL-AUTO-5F843E05|desirable,deferred,,,,,
occupation_skill,CPX-OCC-ENG-010|CPX-SKL-AUTO-D4C5566D|essential,deferred,,,,,
occupation_skill,CPX-OCC-ENG-010|CPX-SKL-AUTO-98EAC897|desirable,deferred,,,,,
occupation_skill,CPX-OCC-ENG-010|CPX-SKL-AUTO-E6E2C0DD|desirable,deferred,,,,,
occupation_skill,CPX-OCC-ENG-010|CPX-SKL-AUTO-40628FD9|essential,deferred,,,,,
occupation_skill,CPX-OCC-ENG-010|CPX-SKL-AUTO-13772A32|desirable,deferred,,,,,
occupation_skill,CPX-OCC-ENG-010|CPX-SKL-AUTO-073A34F6|desirable,deferred,,,,,
occupation_skill,CPX-OCC-ENG-010|CPX-SKL-AUTO-4B8771DE|desirable,deferred,,,,,
occupation_skill,CPX-OCC-ENG-010|CPX-SKL-AUTO-309B0800|essential,deferred,,,,,
occupation_skill,CPX-OCC-ENG-010|CPX-SKL-AUTO-BD75BC02|essential,deferred,,,,,
occupation_skill,CPX-OCC-ENG-010|CPX-SKL-AUTO-656B7CFF|essential,deferred,,,,,
occupation_skill,CPX-OCC-ENG-010|CPX-SKL-AUTO-9751A58B|desirable,deferred,,,,,
occupation_skill,CPX-OCC-ENG-010|CPX-SKL-AUTO-0C99F9B8|desirable,deferred,,,,,
occupation_skill,CPX-OCC-ENG-010|CPX-SKL-AUTO-C4A41611|essential,deferred,,,,,
occupation_skill,CPX-OCC-ENG-010|CPX-SKL-AUTO-BD469EC3|desirable,deferred,,,,,
occupation_skill,CPX-OCC-ENG-010|CPX-SKL-AUTO-A89BD321|essential,deferred,,,,,
occupation_skill,CPX-OCC-ENG-010|CPX-SKL-AUTO-AE0F3FE2|essential,deferred,,,,,
occupation_skill,CPX-OCC-ENG-010|CPX-SKL-AUTO-FC09EE69|desirable,deferred,,,,,
occupation_skill,CPX-OCC-ENG-010|CPX-SKL-AUTO-68FBBA12|desirable,deferred,,,,,
occupation_skill,CPX-OCC-ENG-010|CPX-SKL-AUTO-D82A5A70|essential,deferred,,,,,
occupation_skill,CPX-OCC-ENG-005|CPX-SKL-AUTO-833F0AC8|essential,deferred,,,,,
occupation_skill,CPX-OCC-ENG-005|CPX-SKL-AUTO-0279C024|essential,deferred,,,,,
occupation_skill,CPX-OCC-ENG-005|CPX-SKL-AUTO-AF38D05B|essential,deferred,,,,,
occupation_skill,CPX-OCC-ENG-005|CPX-SKL-AUTO-3A91AE7D|essential,deferred,,,,,
occupation_skill,CPX-OCC-ENG-005|CPX-SKL-AUTO-E8CFE1E7|essential,deferred,,,,,
occupation_skill,CPX-OCC-ENG-005|CPX-SKL-AUTO-902FF101|desirable,deferred,,,,,
occupation_skill,CPX-OCC-ENG-005|CPX-SKL-AUTO-C74C4BF1|desirable,deferred,,,,,
occupation_skill,CPX-OCC-ENG-005|CPX-SKL-AUTO-6F647F1B|essential,deferred,,,,,
occupation_skill,CPX-OCC-ENG-005|CPX-SKL-AUTO-3951517D|essential,deferred,,,,,
occupation_skill,CPX-OCC-ENG-005|CPX-SKL-AUTO-E900B26A|essential,deferred,,,,,
occupation_skill,CPX-OCC-ENG-005|CPX-SKL-AUTO-0384E53A|desirable,deferred,,,,,
occupation_skill,CPX-OCC-ENG-005|CPX-SKL-AUTO-B7A8AF32|essential,deferred,,,,,
occupation_skill,CPX-OCC-ENG-005|CPX-SKL-AUTO-AFC6ADF5|desirable,deferred,,,,,
occupation_skill,CPX-OCC-ENG-005|CPX-SKL-AUTO-0FBF48C0|essential,deferred,,,,,
occupation_skill,CPX-OCC-ENG-005|CPX-SKL-AUTO-E470E871|essential,deferred,,,,,
occupation_skill,CPX-OCC-ENG-005|CPX-SKL-AUTO-E32B64DB|desirable,deferred,,,,,
occupation_skill,CPX-OCC-ENG-005|CPX-SKL-AUTO-40628FD9|essential,deferred,,,,,
occupation_skill,CPX-OCC-ENG-005|CPX-SKL-AUTO-0157CCD9|essential,deferred,,,,,
occupation_skill,CPX-OCC-ENG-005|CPX-SKL-AUTO-4562170B|desirable,deferred,,,,,
occupation_skill,CPX-OCC-ENG-005|CPX-SKL-AUTO-599DD157|essential,deferred,,,,,
occupation_skill,CPX-OCC-ENG-005|CPX-SKL-AUTO-E2348734|essential,deferred,,,,,
occupation_skill,CPX-OCC-ENG-005|CPX-SKL-AUTO-DCA6C688|desirable,deferred,,,,,
occupation_skill,CPX-OCC-ENG-005|CPX-SKL-AUTO-FDD48A42|essential,deferred,,,,,
occupation_skill,CPX-OCC-ENG-005|CPX-SKL-AUTO-B1EF8FE9|essential,deferred,,,,,
occupation_skill,CPX-OCC-ENG-005|CPX-SKL-AUTO-238F79D4|desirable,deferred,,,,,
occupation_skill,CPX-OCC-ENG-005|CPX-SKL-AUTO-BE9FAE55|desirable,deferred,,,,,
occupation_skill,CPX-OCC-ENG-005|CPX-SKL-AUTO-20E8399C|desirable,deferred,,,,,
occupation_skill,CPX-OCC-ENG-005|CPX-SKL-AUTO-88F5680B|desirable,deferred,,,,,
occupation_skill,CPX-OCC-ENG-005|CPX-SKL-AUTO-052B962E|desirable,deferred,,,,,
occupation_skill,CPX-OCC-ENG-005|CPX-SKL-AUTO-9FA443C7|desirable,deferred,,,,,
occupation_skill,CPX-OCC-ENG-005|CPX-SKL-AUTO-4C9EBF89|essential,deferred,,,,,
occupation_skill,CPX-OCC-ENG-005|CPX-SKL-AUTO-B40B55C3|essential,deferred,,,,,
occupation_skill,CPX-OCC-ENG-005|CPX-SKL-AUTO-AEBD6FC6|essential,deferred,,,,,
occupation_skill,CPX-OCC-ENG-005|CPX-SKL-AUTO-DA0A87CC|desirable,deferred,,,,,
occupation_skill,CPX-OCC-ENG-005|CPX-SKL-AUTO-F99C5CDA|desirable,deferred,,,,,
occupation_skill,CPX-OCC-ENG-005|CPX-SKL-AUTO-61F7D83B|desirable,deferred,,,,,
occupation_skill,CPX-OCC-ENG-005|CPX-SKL-AUTO-FD4864F4|essential,deferred,,,,,
occupation_skill,CPX-OCC-ENG-005|CPX-SKL-AUTO-D82A5A70|essential,deferred,,,,,
occupation_skill,CPX-OCC-ENG-005|CPX-SKL-AUTO-B2218D77|desirable,deferred,,,,,
occupation_skill,CPX-OCC-ENG-012|CPX-SKL-AUTO-1F9A12CD|essential,deferred,,,,,
occupation_skill,CPX-OCC-ENG-012|CPX-SKL-AUTO-3A91AE7D|essential,deferred,,,,,
occupation_skill,CPX-OCC-ENG-012|CPX-SKL-AUTO-BC270433|desirable,deferred,,,,,
occupation_skill,CPX-OCC-ENG-012|CPX-SKL-AUTO-6F647F1B|desirable,deferred,,,,,
occupation_skill,CPX-OCC-ENG-012|CPX-SKL-AUTO-8B20186D|essential,deferred,,,,,
occupation_skill,CPX-OCC-ENG-012|CPX-SKL-AUTO-408380BB|desirable,deferred,,,,,
occupation_skill,CPX-OCC-ENG-012|CPX-SKL-AUTO-052B962E|desirable,deferred,,,,,
occupation_skill,CPX-OCC-ENG-012|CPX-SKL-AUTO-253B51AB|essential,deferred,,,,,
occupation_skill,CPX-OCC-ENG-012|CPX-SKL-AUTO-E66D8FAF|essential,deferred,,,,,
occupation_skill,CPX-OCC-ENG-003|CPX-SKL-AUTO-0F91113D|essential,deferred,,,,,
occupation_skill,CPX-OCC-ENG-003|CPX-SKL-AUTO-5836997E|essential,deferred,,,,,
occupation_skill,CPX-OCC-ENG-003|CPX-SKL-AUTO-7D6C44B8|desirable,deferred,,,,,
occupation_skill,CPX-OCC-ENG-003|CPX-SKL-AUTO-E8CFE1E7|essential,deferred,,,,,
occupation_skill,CPX-OCC-ENG-003|CPX-SKL-AUTO-9918DFB6|essential,deferred,,,,,
occupation_skill,CPX-OCC-ENG-003|CPX-SKL-AUTO-2BE60248|desirable,deferred,,,,,
occupation_skill,CPX-OCC-ENG-003|CPX-SKL-AUTO-1D4E2E34|desirable,deferred,,,,,
occupation_skill,CPX-OCC-ENG-003|CPX-SKL-AUTO-3951517D|essential,deferred,,,,,
occupation_skill,CPX-OCC-ENG-003|CPX-SKL-AUTO-3F931A3E|desirable,deferred,,,,,
occupation_skill,CPX-OCC-ENG-003|CPX-SKL-AUTO-8308E008|essential,deferred,,,,,
occupation_skill,CPX-OCC-ENG-003|CPX-SKL-AUTO-1508EE9B|desirable,deferred,,,,,
occupation_skill,CPX-OCC-ENG-003|CPX-SKL-AUTO-CD7335A8|essential,deferred,,,,,
occupation_skill,CPX-OCC-ENG-003|CPX-SKL-AUTO-AA73F5E5|desirable,deferred,,,,,
occupation_skill,CPX-OCC-ENG-003|CPX-SKL-AUTO-237DB4BB|essential,deferred,,,,,
occupation_skill,CPX-OCC-ENG-003|CPX-SKL-AUTO-1014C414|desirable,deferred,,,,,
occupation_skill,CPX-OCC-ENG-003|CPX-SKL-AUTO-A0CC4688|desirable,deferred,,,,,
occupation_skill,CPX-OCC-ENG-003|CPX-SKL-AUTO-33D28B04|essential,deferred,,,,,
occupation_skill,CPX-OCC-ENG-003|CPX-SKL-AUTO-29111B5F|essential,deferred,,,,,
occupation_skill,CPX-OCC-ENG-003|CPX-SKL-AUTO-D5CBD41C|essential,deferred,,,,,
occupation_skill,CPX-OCC-ENG-003|CPX-SKL-AUTO-F7762CDA|essential,deferred,,,,,
occupation_skill,CPX-OCC-ENG-003|CPX-SKL-AUTO-1B65795E|essential,deferred,,,,,
occupation_skill,CPX-OCC-ENG-003|CPX-SKL-AUTO-871E6AB9|essential,deferred,,,,,
occupation_skill,CPX-OCC-ENG-003|CPX-SKL-AUTO-1083AFD4|desirable,deferred,,,,,
occupation_skill,CPX-OCC-ENG-003|CPX-SKL-AUTO-45BD37E4|essential,deferred,,,,,
occupation_skill,CPX-OCC-ENG-003|CPX-SKL-AUTO-8C1CD5DD|essential,deferred,,,,,
occupation_skill,CPX-OCC-ENG-003|CPX-SKL-AUTO-6FB1597E|desirable,deferred,,,,,
occupation_skill,CPX-OCC-ENG-003|CPX-SKL-AUTO-AA405638|essential,deferred,,,,,
occupation_skill,CPX-OCC-ENG-003|CPX-SKL-AUTO-B6796883|desirable,deferred,,,,,
occupation_skill,CPX-OCC-ENG-003|CPX-SKL-AUTO-24CB2568|desirable,deferred,,,,,
occupation_skill,CPX-OCC-ENG-003|CPX-SKL-AUTO-8A0127E7|desirable,deferred,,,,,
occupation_skill,CPX-OCC-ENG-003|CPX-SKL-AUTO-0FE93BD2|desirable,deferred,,,,,
occupation_skill,CPX-OCC-ENG-003|CPX-SKL-AUTO-E7948D2D|essential,deferred,,,,,
occupation_skill,CPX-OCC-PPM-004|CPX-SKL-AUTO-65B537DC|desirable,deferred,,,,,
occupation_skill,CPX-OCC-DDA-020|CPX-SKL-AUTO-189AD04A|desirable,deferred,,,,,
occupation_skill,CPX-OCC-DDA-020|CPX-SKL-AUTO-D4D4A52D|essential,deferred,,,,,
occupation_skill,CPX-OCC-DDA-020|CPX-SKL-AUTO-69338A4B|essential,deferred,,,,,
occupation_skill,CPX-OCC-DDA-020|CPX-SKL-AUTO-335B2ED6|desirable,deferred,,,,,
occupation_skill,CPX-OCC-DDA-020|CPX-SKL-AUTO-DD66215C|essential,deferred,,,,,
occupation_skill,CPX-OCC-DDA-020|CPX-SKL-AUTO-0CE30C7C|essential,deferred,,,,,
occupation_skill,CPX-OCC-DDA-020|CPX-SKL-AUTO-237E0688|desirable,deferred,,,,,
occupation_skill,CPX-OCC-DDA-020|CPX-SKL-AUTO-0279C024|essential,deferred,,,,,
occupation_skill,CPX-OCC-DDA-020|CPX-SKL-AUTO-081400C1|desirable,deferred,,,,,
occupation_skill,CPX-OCC-DDA-020|CPX-SKL-AUTO-959DB502|essential,deferred,,,,,
occupation_skill,CPX-OCC-DDA-020|CPX-SKL-AUTO-F260B394|essential,deferred,,,,,
occupation_skill,CPX-OCC-DDA-020|CPX-SKL-AUTO-67BD8C74|essential,deferred,,,,,
occupation_skill,CPX-OCC-DDA-020|CPX-SKL-AUTO-C3D3578F|desirable,deferred,,,,,
occupation_skill,CPX-OCC-DDA-020|CPX-SKL-AUTO-1D4E2E34|essential,deferred,,,,,
occupation_skill,CPX-OCC-DDA-020|CPX-SKL-AUTO-384488DD|essential,deferred,,,,,
occupation_skill,CPX-OCC-DDA-020|CPX-SKL-AUTO-8AE6A31F|essential,deferred,,,,,
occupation_skill,CPX-OCC-DDA-020|CPX-SKL-AUTO-6F647F1B|essential,deferred,,,,,
occupation_skill,CPX-OCC-DDA-020|CPX-SKL-AUTO-3951517D|essential,deferred,,,,,
occupation_skill,CPX-OCC-DDA-020|CPX-SKL-AUTO-4E8960AB|desirable,deferred,,,,,
occupation_skill,CPX-OCC-DDA-020|CPX-SKL-AUTO-33359F29|desirable,deferred,,,,,
occupation_skill,CPX-OCC-DDA-020|CPX-SKL-AUTO-F80022F4|desirable,deferred,,,,,
occupation_skill,CPX-OCC-DDA-020|CPX-SKL-AUTO-39D19D17|desirable,deferred,,,,,
occupation_skill,CPX-OCC-DDA-020|CPX-SKL-AUTO-B7A8AF32|essential,deferred,,,,,
occupation_skill,CPX-OCC-DDA-020|CPX-SKL-AUTO-0FBF48C0|essential,deferred,,,,,
occupation_skill,CPX-OCC-DDA-020|CPX-SKL-AUTO-E470E871|essential,deferred,,,,,
occupation_skill,CPX-OCC-DDA-020|CPX-SKL-AUTO-D0001062|desirable,deferred,,,,,
occupation_skill,CPX-OCC-DDA-020|CPX-SKL-AUTO-237DB4BB|essential,deferred,,,,,
occupation_skill,CPX-OCC-DDA-020|CPX-SKL-AUTO-40628FD9|essential,deferred,,,,,
occupation_skill,CPX-OCC-DDA-020|CPX-SKL-AUTO-3688C02B|desirable,deferred,,,,,
occupation_skill,CPX-OCC-DDA-020|CPX-SKL-AUTO-B83CDA08|desirable,deferred,,,,,
occupation_skill,CPX-OCC-DDA-020|CPX-SKL-AUTO-963468E9|desirable,deferred,,,,,
occupation_skill,CPX-OCC-DDA-020|CPX-SKL-AUTO-CFC81E0F|desirable,deferred,,,,,
occupation_skill,CPX-OCC-DDA-020|CPX-SKL-AUTO-550464DF|essential,deferred,,,,,
occupation_skill,CPX-OCC-DDA-020|CPX-SKL-AUTO-33D28B04|desirable,deferred,,,,,
occupation_skill,CPX-OCC-DDA-020|CPX-SKL-AUTO-95A8C5DC|essential,deferred,,,,,
occupation_skill,CPX-OCC-DDA-020|CPX-SKL-AUTO-F6FC5E79|desirable,deferred,,,,,
occupation_skill,CPX-OCC-DDA-020|CPX-SKL-AUTO-8695F01D|desirable,deferred,,,,,
occupation_skill,CPX-OCC-DDA-020|CPX-SKL-AUTO-CFD967E8|essential,deferred,,,,,
occupation_skill,CPX-OCC-DDA-020|CPX-SKL-AUTO-D5CBD41C|essential,deferred,,,,,
occupation_skill,CPX-OCC-DDA-020|CPX-SKL-AUTO-54FB3524|essential,deferred,,,,,
occupation_skill,CPX-OCC-DDA-020|CPX-SKL-AUTO-D2F19421|desirable,deferred,,,,,
occupation_skill,CPX-OCC-DDA-020|CPX-SKL-AUTO-052B962E|desirable,deferred,,,,,
occupation_skill,CPX-OCC-DDA-020|CPX-SKL-AUTO-23934660|desirable,deferred,,,,,
occupation_skill,CPX-OCC-DDA-020|CPX-SKL-AUTO-D7F587B8|essential,deferred,,,,,
occupation_skill,CPX-OCC-DDA-020|CPX-SKL-AUTO-E7427129|essential,deferred,,,,,
occupation_skill,CPX-OCC-DDA-020|CPX-SKL-AUTO-6FB1597E|essential,deferred,,,,,
occupation_skill,CPX-OCC-DDA-020|CPX-SKL-AUTO-B62E0B21|desirable,deferred,,,,,
occupation_skill,CPX-OCC-DDA-020|CPX-SKL-AUTO-8C767E60|desirable,deferred,,,,,
occupation_skill,CPX-OCC-DDA-020|CPX-SKL-AUTO-1D5BBC3F|desirable,deferred,,,,,
occupation_skill,CPX-OCC-DDA-020|CPX-SKL-AUTO-C2AFEA82|essential,deferred,,,,,
occupation_skill,CPX-OCC-DDA-020|CPX-SKL-AUTO-A16A9B91|essential,deferred,,,,,
occupation_skill,CPX-OCC-DDA-020|CPX-SKL-AUTO-83CB120A|desirable,deferred,,,,,
occupation_skill,CPX-OCC-DDA-020|CPX-SKL-AUTO-53198C86|desirable,deferred,,,,,
occupation_skill,CPX-OCC-DDA-020|CPX-SKL-AUTO-0969BBF7|desirable,deferred,,,,,
occupation_skill,CPX-OCC-DDA-020|CPX-SKL-AUTO-27ED98BB|essential,deferred,,,,,
occupation_skill,CPX-OCC-DDA-020|CPX-SKL-AUTO-E22DCBD2|essential,deferred,,,,,
occupation_skill,CPX-OCC-DDA-020|CPX-SKL-AUTO-D82A5A70|essential,deferred,,,,,
occupation_skill,CPX-OCC-DDA-020|CPX-SKL-AUTO-6B3BE3A8|desirable,deferred,,,,,
occupation_skill,CPX-OCC-DDA-020|CPX-SKL-AUTO-A331B015|desirable,deferred,,,,,
occupation_skill,CPX-OCC-PPM-007|CPX-SKL-AUTO-2B9C6998|desirable,deferred,,,,,
occupation_skill,CPX-OCC-PPM-007|CPX-SKL-AUTO-AF38D05B|essential,deferred,,,,,
occupation_skill,CPX-OCC-PPM-007|CPX-SKL-AUTO-1698F006|essential,deferred,,,,,
occupation_skill,CPX-OCC-PPM-007|CPX-SKL-AUTO-4C98B987|essential,deferred,,,,,
occupation_skill,CPX-OCC-PPM-007|CPX-SKL-AUTO-BE0AACB6|essential,deferred,,,,,
occupation_skill,CPX-OCC-PPM-007|CPX-SKL-AUTO-5ED566B6|essential,deferred,,,,,
occupation_skill,CPX-OCC-PPM-007|CPX-SKL-AUTO-021C61CC|desirable,deferred,,,,,
occupation_skill,CPX-OCC-PPM-007|CPX-SKL-AUTO-40AA1A5B|essential,deferred,,,,,
occupation_skill,CPX-OCC-PPM-007|CPX-SKL-AUTO-E833ED69|essential,deferred,,,,,
occupation_skill,CPX-OCC-PPM-007|CPX-SKL-AUTO-82C7686C|essential,deferred,,,,,
occupation_skill,CPX-OCC-PPM-007|CPX-SKL-AUTO-DA0A87CC|essential,deferred,,,,,
occupation_skill,CPX-OCC-PPM-001|CPX-SKL-AUTO-FED6A33E|essential,deferred,,,,,
occupation_skill,CPX-OCC-PPM-001|CPX-SKL-AUTO-8D0D91A2|essential,deferred,,,,,
occupation_skill,CPX-OCC-PPM-001|CPX-SKL-AUTO-AAB80125|desirable,deferred,,,,,
occupation_skill,CPX-OCC-PPM-001|CPX-SKL-AUTO-A166F55A|essential,deferred,,,,,
occupation_skill,CPX-OCC-PPM-001|CPX-SKL-AUTO-40AA1A5B|desirable,deferred,,,,,
occupation_skill,CPX-OCC-PPM-001|CPX-SKL-AUTO-9E5100F6|essential,deferred,,,,,
occupation_skill,CPX-OCC-PPM-001|CPX-SKL-AUTO-3439D026|essential,deferred,,,,,
occupation_skill,CPX-OCC-PPM-001|CPX-SKL-AUTO-65B537DC|essential,deferred,,,,,
occupation_skill,CPX-OCC-PPM-001|CPX-SKL-AUTO-94114C07|essential,deferred,,,,,
occupation_skill,CPX-OCC-ENG-012|CPX-SKL-AUTO-2A224924|desirable,deferred,,,,,
occupation_skill,CPX-OCC-ENG-012|CPX-SKL-AUTO-04FFB2F8|desirable,deferred,,,,,
occupation_skill,CPX-OCC-ENG-012|CPX-SKL-AUTO-79A7D6ED|desirable,deferred,,,,,
occupation_skill,CPX-OCC-ENG-012|CPX-SKL-AUTO-FBA7AB70|desirable,deferred,,,,,
occupation_skill,CPX-OCC-ENG-012|CPX-SKL-AUTO-BD92DC72|desirable,deferred,,,,,
occupation_skill,CPX-OCC-ENG-012|CPX-SKL-AUTO-CD4124BE|desirable,deferred,,,,,
occupation_skill,CPX-OCC-ENG-012|CPX-SKL-AUTO-5836997E|desirable,deferred,,,,,
occupation_skill,CPX-OCC-ENG-012|CPX-SKL-AUTO-4C82933D|desirable,deferred,,,,,
occupation_skill,CPX-OCC-ENG-012|CPX-SKL-AUTO-FD725E3B|desirable,deferred,,,,,
occupation_skill,CPX-OCC-ENG-012|CPX-SKL-AUTO-D6E69107|desirable,deferred,,,,,
occupation_skill,CPX-OCC-ENG-012|CPX-SKL-AUTO-081400C1|desirable,deferred,,,,,
occupation_skill,CPX-OCC-ENG-012|CPX-SKL-AUTO-7D6C44B8|essential,deferred,,,,,
occupation_skill,CPX-OCC-ENG-012|CPX-SKL-AUTO-AB97BB1F|desirable,deferred,,,,,
occupation_skill,CPX-OCC-ENG-012|CPX-SKL-AUTO-D9ADEFFB|desirable,deferred,,,,,
occupation_skill,CPX-OCC-ENG-012|CPX-SKL-AUTO-E8CFE1E7|essential,deferred,,,,,
occupation_skill,CPX-OCC-ENG-012|CPX-SKL-AUTO-959DB502|desirable,deferred,,,,,
occupation_skill,CPX-OCC-ENG-012|CPX-SKL-AUTO-1D4E2E34|desirable,deferred,,,,,
occupation_skill,CPX-OCC-ENG-012|CPX-SKL-AUTO-3951517D|essential,deferred,,,,,
occupation_skill,CPX-OCC-ENG-012|CPX-SKL-AUTO-4E8960AB|desirable,deferred,,,,,
occupation_skill,CPX-OCC-ENG-012|CPX-SKL-AUTO-D0001062|desirable,deferred,,,,,
occupation_skill,CPX-OCC-ENG-012|CPX-SKL-AUTO-DBE44076|desirable,deferred,,,,,
occupation_skill,CPX-OCC-ENG-012|CPX-SKL-AUTO-CD7335A8|desirable,deferred,,,,,
occupation_skill,CPX-OCC-ENG-012|CPX-SKL-AUTO-97EC1A18|desirable,deferred,,,,,
occupation_skill,CPX-OCC-ENG-012|CPX-SKL-AUTO-67703997|desirable,deferred,,,,,
occupation_skill,CPX-OCC-ENG-012|CPX-SKL-AUTO-13772A32|desirable,deferred,,,,,
occupation_skill,CPX-OCC-ENG-012|CPX-SKL-AUTO-088F39E3|desirable,deferred,,,,,
occupation_skill,CPX-OCC-ENG-012|CPX-SKL-AUTO-B83CDA08|desirable,deferred,,,,,
occupation_skill,CPX-OCC-ENG-012|CPX-SKL-AUTO-BA240AE5|desirable,deferred,,,,,
occupation_skill,CPX-OCC-ENG-012|CPX-SKL-AUTO-33D28B04|desirable,deferred,,,,,
occupation_skill,CPX-OCC-ENG-012|CPX-SKL-AUTO-1E0AAC08|desirable,deferred,,,,,
occupation_skill,CPX-OCC-ENG-012|CPX-SKL-AUTO-CFD967E8|desirable,deferred,,,,,
occupation_skill,CPX-OCC-ENG-012|CPX-SKL-AUTO-DBED925D|desirable,deferred,,,,,
occupation_skill,CPX-OCC-ENG-012|CPX-SKL-AUTO-5044BB24|essential,deferred,,,,,
occupation_skill,CPX-OCC-ENG-012|CPX-SKL-AUTO-EBE5DD16|desirable,deferred,,,,,
occupation_skill,CPX-OCC-ENG-012|CPX-SKL-AUTO-5644E61F|essential,deferred,,,,,
occupation_skill,CPX-OCC-ENG-012|CPX-SKL-AUTO-3F9941F6|desirable,deferred,,,,,
occupation_skill,CPX-OCC-ENG-012|CPX-SKL-AUTO-D7F587B8|desirable,deferred,,,,,
occupation_skill,CPX-OCC-ENG-012|CPX-SKL-AUTO-7E351D62|desirable,deferred,,,,,
occupation_skill,CPX-OCC-ENG-012|CPX-SKL-AUTO-22A7BF61|desirable,deferred,,,,,
occupation_skill,CPX-OCC-ENG-012|CPX-SKL-AUTO-7EA174F6|desirable,deferred,,,,,
occupation_skill,CPX-OCC-ENG-012|CPX-SKL-AUTO-2D1CDD00|desirable,deferred,,,,,
occupation_skill,CPX-OCC-ENG-012|CPX-SKL-AUTO-DA0A87CC|desirable,deferred,,,,,
occupation_skill,CPX-OCC-ENG-012|CPX-SKL-AUTO-50B4998D|desirable,deferred,,,,,
occupation_skill,CPX-OCC-ENG-012|CPX-SKL-AUTO-53198C86|desirable,deferred,,,,,
occupation_skill,CPX-OCC-ENG-012|CPX-SKL-AUTO-FD7A082E|desirable,deferred,,,,,
occupation_skill,CPX-OCC-ENG-012|CPX-SKL-AUTO-90B25506|desirable,deferred,,,,,
occupation_skill,CPX-OCC-ENG-012|CPX-SKL-AUTO-79D5A7D6|desirable,deferred,,,,,
occupation_skill,CPX-OCC-ENG-012|CPX-SKL-AUTO-E7948D2D|essential,deferred,,,,,
occupation_skill,CPX-OCC-ENG-012|CPX-SKL-AUTO-4D910082|desirable,deferred,,,,,
occupation_skill,CPX-OCC-ENG-012|CPX-SKL-AUTO-4B1DA3C3|desirable,deferred,,,,,
occupation_skill,CPX-OCC-ENG-012|CPX-SKL-AUTO-283EBEE1|desirable,deferred,,,,,
occupation_skill,CPX-OCC-ENG-012|CPX-SKL-AUTO-B25A8613|desirable,deferred,,,,,
occupation_skill,CPX-OCC-ENG-013|CPX-SKL-AUTO-3A91AE7D|essential,deferred,,,,,
occupation_skill,CPX-OCC-ENG-013|CPX-SKL-AUTO-F260B394|essential,deferred,,,,,
occupation_skill,CPX-OCC-ENG-013|CPX-SKL-AUTO-8695F01D|essential,deferred,,,,,
occupation_skill,CPX-OCC-ENG-013|CPX-SKL-AUTO-FF41219D|desirable,deferred,,,,,
occupation_skill,CPX-OCC-ENG-013|CPX-SKL-AUTO-F17D0712|desirable,deferred,,,,,
occupation_skill,CPX-OCC-PPM-003|CPX-SKL-AUTO-FED6A33E|essential,deferred,,,,,
occupation_skill,CPX-OCC-PPM-003|CPX-SKL-AUTO-D78AC5BE|essential,deferred,,,,,
occupation_skill,CPX-OCC-PPM-003|CPX-SKL-AUTO-AF38D05B|essential,deferred,,,,,
occupation_skill,CPX-OCC-PPM-003|CPX-SKL-AUTO-8D0D91A2|desirable,deferred,,,,,
occupation_skill,CPX-OCC-PPM-003|CPX-SKL-AUTO-6EB75794|essential,deferred,,,,,
occupation_skill,CPX-OCC-PPM-003|CPX-SKL-AUTO-A166F55A|essential,deferred,,,,,
occupation_skill,CPX-OCC-PPM-003|CPX-SKL-AUTO-AA25BFD8|essential,deferred,,,,,
occupation_skill,CPX-OCC-PPM-003|CPX-SKL-AUTO-9E5100F6|essential,deferred,,,,,
occupation_skill,CPX-OCC-PPM-003|CPX-SKL-AUTO-3439D026|essential,deferred,,,,,
occupation_skill,CPX-OCC-PPM-003|CPX-SKL-AUTO-E66D8FAF|essential,deferred,,,,,
occupation_skill,CPX-OCC-PPM-003|CPX-SKL-AUTO-65B537DC|essential,deferred,,,,,
occupation_skill,CPX-OCC-PPM-003|CPX-SKL-AUTO-6B3BE3A8|essential,deferred,,,,,
occupation_skill,CPX-OCC-PPM-003|CPX-SKL-AUTO-94114C07|essential,deferred,,,,,
occupation_skill,CPX-OCC-PPM-004|CPX-SKL-AUTO-9E5100F6|desirable,deferred,,,,,
occupation_skill,CPX-OCC-ENG-015|CPX-SKL-AUTO-C25F13D2|essential,deferred,,,,,
occupation_skill,CPX-OCC-ENG-015|CPX-SKL-AUTO-0279C024|essential,deferred,,,,,
occupation_skill,CPX-OCC-ENG-015|CPX-SKL-AUTO-3A91AE7D|desirable,deferred,,,,,
occupation_skill,CPX-OCC-ENG-015|CPX-SKL-AUTO-959DB502|desirable,deferred,,,,,
occupation_skill,CPX-OCC-ENG-015|CPX-SKL-AUTO-F260B394|desirable,deferred,,,,,
occupation_skill,CPX-OCC-ENG-015|CPX-SKL-AUTO-6916E7CE|desirable,deferred,,,,,
occupation_skill,CPX-OCC-ENG-015|CPX-SKL-AUTO-8674B20B|desirable,deferred,,,,,
occupation_skill,CPX-OCC-ENG-015|CPX-SKL-AUTO-3951517D|essential,deferred,,,,,
occupation_skill,CPX-OCC-ENG-015|CPX-SKL-AUTO-E900B26A|desirable,deferred,,,,,
occupation_skill,CPX-OCC-ENG-015|CPX-SKL-AUTO-B7A8AF32|essential,deferred,,,,,
occupation_skill,CPX-OCC-ENG-015|CPX-SKL-AUTO-ABC47006|essential,deferred,,,,,
occupation_skill,CPX-OCC-ENG-015|CPX-SKL-AUTO-0FBF48C0|desirable,deferred,,,,,
occupation_skill,CPX-OCC-ENG-015|CPX-SKL-AUTO-1CA2A377|desirable,deferred,,,,,
occupation_skill,CPX-OCC-ENG-015|CPX-SKL-AUTO-48381918|desirable,deferred,,,,,
occupation_skill,CPX-OCC-ENG-015|CPX-SKL-AUTO-237DB4BB|essential,deferred,,,,,
occupation_skill,CPX-OCC-ENG-015|CPX-SKL-AUTO-A166F55A|desirable,deferred,,,,,
occupation_skill,CPX-OCC-ENG-015|CPX-SKL-AUTO-FAA6CE4C|essential,deferred,,,,,
occupation_skill,CPX-OCC-ENG-015|CPX-SKL-AUTO-AA25BFD8|desirable,deferred,,,,,
occupation_skill,CPX-OCC-ENG-015|CPX-SKL-AUTO-E85FC060|essential,deferred,,,,,
occupation_skill,CPX-OCC-ENG-015|CPX-SKL-AUTO-40AA1A5B|desirable,deferred,,,,,
occupation_skill,CPX-OCC-ENG-015|CPX-SKL-AUTO-87CE8557|desirable,deferred,,,,,
occupation_skill,CPX-OCC-ENG-015|CPX-SKL-AUTO-ED29323F|desirable,deferred,,,,,
occupation_skill,CPX-OCC-ENG-015|CPX-SKL-AUTO-052B962E|desirable,deferred,,,,,
occupation_skill,CPX-OCC-ENG-015|CPX-SKL-AUTO-D7F587B8|desirable,deferred,,,,,
occupation_skill,CPX-OCC-ENG-015|CPX-SKL-AUTO-B8EA0179|desirable,deferred,,,,,
occupation_skill,CPX-OCC-ENG-015|CPX-SKL-AUTO-D58496D9|essential,deferred,,,,,
occupation_skill,CPX-OCC-ENG-015|CPX-SKL-AUTO-B96852D1|essential,deferred,,,,,
occupation_skill,CPX-OCC-ENG-015|CPX-SKL-AUTO-8C767E60|desirable,deferred,,,,,
occupation_skill,CPX-OCC-ENG-015|CPX-SKL-AUTO-2AF9244A|desirable,deferred,,,,,
occupation_skill,CPX-OCC-ENG-015|CPX-SKL-AUTO-AFBCFF24|essential,deferred,,,,,
occupation_skill,CPX-OCC-ENG-015|CPX-SKL-AUTO-DA0A87CC|essential,deferred,,,,,
occupation_skill,CPX-OCC-ENG-015|CPX-SKL-AUTO-8AB730BB|desirable,deferred,,,,,
occupation_skill,CPX-OCC-ENG-015|CPX-SKL-AUTO-0940A444|desirable,deferred,,,,,
occupation_skill,CPX-OCC-ENG-015|CPX-SKL-AUTO-E66D8FAF|desirable,deferred,,,,,
occupation_skill,CPX-OCC-ENG-015|CPX-SKL-AUTO-E7948D2D|desirable,deferred,,,,,
occupation_skill,CPX-OCC-ENG-015|CPX-SKL-AUTO-8018132A|desirable,deferred,,,,,
occupation_skill,CPX-OCC-ENG-015|CPX-SKL-AUTO-4D910082|desirable,deferred,,,,,
occupation_skill,CPX-OCC-ENG-015|CPX-SKL-AUTO-D82A5A70|essential,deferred,,,,,
occupation_skill,CPX-OCC-ENG-011|CPX-SKL-AUTO-490C79DA|essential,deferred,,,,,
occupation_skill,CPX-OCC-ENG-011|CPX-SKL-AUTO-0F91113D|essential,deferred,,,,,
occupation_skill,CPX-OCC-ENG-011|CPX-SKL-AUTO-9297C42C|essential,deferred,,,,,
occupation_skill,CPX-OCC-ENG-011|CPX-SKL-AUTO-3A91AE7D|essential,deferred,,,,,
occupation_skill,CPX-OCC-ENG-011|CPX-SKL-AUTO-7A776DDF|essential,deferred,,,,,
occupation_skill,CPX-OCC-ENG-011|CPX-SKL-AUTO-1D4E2E34|essential,deferred,,,,,
occupation_skill,CPX-OCC-ENG-011|CPX-SKL-AUTO-02BEABBF|essential,deferred,,,,,
occupation_skill,CPX-OCC-ENG-011|CPX-SKL-AUTO-102FFBEC|essential,deferred,,,,,
occupation_skill,CPX-OCC-ENG-011|CPX-SKL-AUTO-0FBF48C0|desirable,deferred,,,,,
occupation_skill,CPX-OCC-ENG-011|CPX-SKL-AUTO-6A63FF77|desirable,deferred,,,,,
occupation_skill,CPX-OCC-ENG-011|CPX-SKL-AUTO-DA579DE3|essential,deferred,,,,,
occupation_skill,CPX-OCC-ENG-011|CPX-SKL-AUTO-EF6FF02D|essential,deferred,,,,,
occupation_skill,CPX-OCC-ENG-011|CPX-SKL-AUTO-CFD967E8|essential,deferred,,,,,
occupation_skill,CPX-OCC-ENG-011|CPX-SKL-AUTO-87CE8557|essential,deferred,,,,,
occupation_skill,CPX-OCC-ENG-011|CPX-SKL-AUTO-247ADC43|essential,deferred,,,,,
occupation_skill,CPX-OCC-ENG-011|CPX-SKL-AUTO-A837FD62|essential,deferred,,,,,
occupation_skill,CPX-OCC-ENG-011|CPX-SKL-AUTO-0BB8877C|desirable,deferred,,,,,
occupation_skill,CPX-OCC-ENG-011|CPX-SKL-AUTO-54DD00B8|desirable,deferred,,,,,
occupation_skill,CPX-OCC-ENG-011|CPX-SKL-AUTO-B6796883|desirable,deferred,,,,,
occupation_skill,CPX-OCC-ENG-011|CPX-SKL-AUTO-EBB2F940|essential,deferred,,,,,
occupation_skill,CPX-OCC-ENG-011|CPX-SKL-AUTO-32E86F8F|desirable,deferred,,,,,
occupation_skill,CPX-OCC-ENG-011|CPX-SKL-AUTO-90C5D36F|essential,deferred,,,,,
occupation_skill,CPX-OCC-ENG-011|CPX-SKL-AUTO-323AAC84|essential,deferred,,,,,
occupation_skill,CPX-OCC-CBE-001|CPX-SKL-AUTO-335B2ED6|essential,deferred,,,,,
occupation_skill,CPX-OCC-CBE-001|CPX-SKL-AUTO-0F91113D|essential,deferred,,,,,
occupation_skill,CPX-OCC-CBE-001|CPX-SKL-AUTO-0279C024|desirable,deferred,,,,,
occupation_skill,CPX-OCC-CBE-001|CPX-SKL-AUTO-3951517D|desirable,deferred,,,,,
occupation_skill,CPX-OCC-CBE-001|CPX-SKL-AUTO-E900B26A|essential,deferred,,,,,
occupation_skill,CPX-OCC-CBE-001|CPX-SKL-AUTO-0FBF48C0|desirable,deferred,,,,,
occupation_skill,CPX-OCC-CBE-001|CPX-SKL-AUTO-E470E871|essential,deferred,,,,,
occupation_skill,CPX-OCC-CBE-001|CPX-SKL-AUTO-5C33599D|desirable,deferred,,,,,
occupation_skill,CPX-OCC-CBE-001|CPX-SKL-AUTO-8B20186D|essential,deferred,,,,,
occupation_skill,CPX-OCC-CBE-001|CPX-SKL-AUTO-237DB4BB|desirable,deferred,,,,,
occupation_skill,CPX-OCC-CBE-001|CPX-SKL-AUTO-AA25BFD8|essential,deferred,,,,,
occupation_skill,CPX-OCC-CBE-001|CPX-SKL-AUTO-599DD157|desirable,deferred,,,,,
occupation_skill,CPX-OCC-CBE-001|CPX-SKL-AUTO-E2348734|desirable,deferred,,,,,
occupation_skill,CPX-OCC-CBE-001|CPX-SKL-AUTO-7AFBA776|essential,deferred,,,,,
occupation_skill,CPX-OCC-CBE-001|CPX-SKL-AUTO-97CA9C90|desirable,deferred,,,,,
occupation_skill,CPX-OCC-CBE-001|CPX-SKL-AUTO-40AA1A5B|essential,deferred,,,,,
occupation_skill,CPX-OCC-CBE-001|CPX-SKL-AUTO-872A612F|desirable,deferred,,,,,
occupation_skill,CPX-OCC-CBE-001|CPX-SKL-AUTO-DB34AB73|essential,deferred,,,,,
occupation_skill,CPX-OCC-CBE-001|CPX-SKL-AUTO-83CB120A|essential,deferred,,,,,
occupation_skill,CPX-OCC-ENG-004|CPX-SKL-AUTO-8A8352EA|essential,deferred,,,,,
occupation_skill,CPX-OCC-ENG-004|CPX-SKL-AUTO-0F91113D|essential,deferred,,,,,
occupation_skill,CPX-OCC-ENG-004|CPX-SKL-AUTO-C646A7C3|essential,deferred,,,,,
occupation_skill,CPX-OCC-ENG-004|CPX-SKL-AUTO-129F0440|essential,deferred,,,,,
occupation_skill,CPX-OCC-ENG-004|CPX-SKL-AUTO-7D8312DA|desirable,deferred,,,,,
occupation_skill,CPX-OCC-ENG-004|CPX-SKL-AUTO-4A94D3C2|essential,deferred,,,,,
occupation_skill,CPX-OCC-ENG-004|CPX-SKL-AUTO-87CE8557|essential,deferred,,,,,
occupation_skill,CPX-OCC-ENG-004|CPX-SKL-AUTO-247ADC43|essential,deferred,,,,,
occupation_skill,CPX-OCC-ENG-004|CPX-SKL-AUTO-520A0747|desirable,deferred,,,,,
occupation_skill,CPX-OCC-ENG-004|CPX-SKL-AUTO-1C66B8B9|desirable,deferred,,,,,
occupation_skill,CPX-OCC-ENG-004|CPX-SKL-AUTO-9732E449|essential,deferred,,,,,
occupation_skill,CPX-OCC-ENG-004|CPX-SKL-AUTO-54DD00B8|essential,deferred,,,,,
occupation_skill,CPX-OCC-ENG-004|CPX-SKL-AUTO-BD907184|desirable,deferred,,,,,
occupation_skill,CPX-OCC-ENG-004|CPX-SKL-AUTO-D191EDF5|desirable,deferred,,,,,
occupation_skill,CPX-OCC-ENG-004|CPX-SKL-AUTO-5F80F43B|desirable,deferred,,,,,
occupation_skill,CPX-OCC-ENG-004|CPX-SKL-AUTO-6DD71513|essential,deferred,,,,,
occupation_skill,CPX-OCC-ENG-004|CPX-SKL-AUTO-C49D1C12|essential,deferred,,,,,
occupation_skill,CPX-OCC-ENG-012|CPX-SKL-AUTO-AD5134A1|desirable,deferred,,,,,
occupation_skill,CPX-OCC-ENG-012|CPX-SKL-AUTO-EFFC6A71|essential,deferred,,,,,
occupation_skill,CPX-OCC-ENG-012|CPX-SKL-AUTO-352E7A5E|essential,deferred,,,,,
occupation_skill,CPX-OCC-ENG-012|CPX-SKL-AUTO-FDD48A42|essential,deferred,,,,,
occupation_skill,CPX-OCC-ENG-012|CPX-SKL-AUTO-D5750072|essential,deferred,,,,,
occupation_skill,CPX-OCC-ENG-012|CPX-SKL-AUTO-D5CBD41C|essential,deferred,,,,,
occupation_skill,CPX-OCC-ENG-012|CPX-SKL-AUTO-AEBD6FC6|essential,deferred,,,,,
occupation_skill,CPX-OCC-ENG-012|CPX-SKL-AUTO-E22DCBD2|desirable,deferred,,,,,
occupation_skill,CPX-OCC-ENG-003|CPX-SKL-AUTO-2C71D659|desirable,deferred,,,,,
occupation_skill,CPX-OCC-ENG-003|CPX-SKL-AUTO-0CE30C7C|desirable,deferred,,,,,
occupation_skill,CPX-OCC-ENG-003|CPX-SKL-AUTO-C30B841B|desirable,deferred,,,,,
occupation_skill,CPX-OCC-ENG-003|CPX-SKL-AUTO-0319B6D4|essential,deferred,,,,,
occupation_skill,CPX-OCC-ENG-003|CPX-SKL-AUTO-6D09C357|essential,deferred,,,,,
occupation_skill,CPX-OCC-ENG-003|CPX-SKL-AUTO-D78D6565|essential,deferred,,,,,
occupation_skill,CPX-OCC-ENG-003|CPX-SKL-AUTO-2F66ED38|desirable,deferred,,,,,
occupation_skill,CPX-OCC-ENG-003|CPX-SKL-AUTO-90F2D09A|essential,deferred,,,,,
occupation_skill,CPX-OCC-ENG-003|CPX-SKL-AUTO-FB03F0F4|desirable,deferred,,,,,
occupation_skill,CPX-OCC-ENG-003|CPX-SKL-AUTO-AA25BFD8|desirable,deferred,,,,,
occupation_skill,CPX-OCC-ENG-003|CPX-SKL-AUTO-4562170B|desirable,deferred,,,,,
occupation_skill,CPX-OCC-ENG-003|CPX-SKL-AUTO-550464DF|desirable,deferred,,,,,
occupation_skill,CPX-OCC-ENG-003|CPX-SKL-AUTO-20684240|essential,deferred,,,,,
occupation_skill,CPX-OCC-ENG-003|CPX-SKL-AUTO-8695F01D|desirable,deferred,,,,,
occupation_skill,CPX-OCC-ENG-003|CPX-SKL-AUTO-11564E33|desirable,deferred,,,,,
occupation_skill,CPX-OCC-ENG-003|CPX-SKL-AUTO-80041166|desirable,deferred,,,,,
occupation_skill,CPX-OCC-ENG-003|CPX-SKL-AUTO-A0B5EAE5|essential,deferred,,,,,
occupation_skill,CPX-OCC-ENG-003|CPX-SKL-AUTO-06DC0CB9|desirable,deferred,,,,,
occupation_skill,CPX-OCC-ENG-003|CPX-SKL-AUTO-CDD70154|essential,deferred,,,,,
occupation_skill,CPX-OCC-ENG-003|CPX-SKL-AUTO-8018132A|desirable,deferred,,,,,
occupation_skill,CPX-OCC-ENG-013|CPX-SKL-AUTO-0F91113D|essential,deferred,,,,,
occupation_skill,CPX-OCC-ENG-013|CPX-SKL-AUTO-7A776DDF|essential,deferred,,,,,
occupation_skill,CPX-OCC-ENG-013|CPX-SKL-AUTO-129F0440|essential,deferred,,,,,
occupation_skill,CPX-OCC-ENG-013|CPX-SKL-AUTO-67BD8C74|essential,deferred,,,,,
occupation_skill,CPX-OCC-ENG-013|CPX-SKL-AUTO-02BEABBF|essential,deferred,,,,,
occupation_skill,CPX-OCC-ENG-013|CPX-SKL-AUTO-102FFBEC|essential,deferred,,,,,
occupation_skill,CPX-OCC-ENG-013|CPX-SKL-AUTO-6A63FF77|desirable,deferred,,,,,
occupation_skill,CPX-OCC-ENG-013|CPX-SKL-AUTO-DA579DE3|essential,deferred,,,,,
occupation_skill,CPX-OCC-ENG-013|CPX-SKL-AUTO-87CE8557|essential,deferred,,,,,
occupation_skill,CPX-OCC-ENG-013|CPX-SKL-AUTO-247ADC43|essential,deferred,,,,,
occupation_skill,CPX-OCC-ENG-013|CPX-SKL-AUTO-0BB8877C|desirable,deferred,,,,,
occupation_skill,CPX-OCC-ENG-013|CPX-SKL-AUTO-1C66B8B9|desirable,deferred,,,,,
occupation_skill,CPX-OCC-ENG-013|CPX-SKL-AUTO-54DD00B8|desirable,deferred,,,,,
occupation_skill,CPX-OCC-ENG-013|CPX-SKL-AUTO-B96852D1|essential,deferred,,,,,
occupation_skill,CPX-OCC-ENG-013|CPX-SKL-AUTO-60BCDAD0|desirable,deferred,,,,,
occupation_skill,CPX-OCC-ENG-013|CPX-SKL-AUTO-B6796883|desirable,deferred,,,,,
occupation_skill,CPX-OCC-ENG-013|CPX-SKL-AUTO-32E86F8F|desirable,deferred,,,,,
occupation_skill,CPX-OCC-ENG-013|CPX-SKL-AUTO-323AAC84|essential,deferred,,,,,
occupation_skill,CPX-OCC-ENG-009|CPX-SKL-AUTO-D2DA541D|desirable,deferred,,,,,
occupation_skill,CPX-OCC-ENG-009|CPX-SKL-AUTO-578BB98A|essential,deferred,,,,,
occupation_skill,CPX-OCC-ENG-009|CPX-SKL-AUTO-1F9A12CD|essential,deferred,,,,,
occupation_skill,CPX-OCC-ENG-009|CPX-SKL-AUTO-A7B0C059|desirable,deferred,,,,,
occupation_skill,CPX-OCC-ENG-009|CPX-SKL-AUTO-38A054F6|desirable,deferred,,,,,
occupation_skill,CPX-OCC-ENG-009|CPX-SKL-AUTO-AEDDE0A3|desirable,deferred,,,,,
occupation_skill,CPX-OCC-ENG-009|CPX-SKL-AUTO-35D4A014|desirable,deferred,,,,,
occupation_skill,CPX-OCC-ENG-009|CPX-SKL-AUTO-5B0E2959|desirable,deferred,,,,,
occupation_skill,CPX-OCC-ENG-009|CPX-SKL-AUTO-A304DE4D|desirable,deferred,,,,,
occupation_skill,CPX-OCC-ENG-009|CPX-SKL-AUTO-00CA60A1|desirable,deferred,,,,,
occupation_skill,CPX-OCC-ENG-009|CPX-SKL-AUTO-0279C024|essential,deferred,,,,,
occupation_skill,CPX-OCC-ENG-009|CPX-SKL-AUTO-3A91AE7D|essential,deferred,,,,,
occupation_skill,CPX-OCC-ENG-009|CPX-SKL-AUTO-2134CEF7|essential,deferred,,,,,
occupation_skill,CPX-OCC-ENG-009|CPX-SKL-AUTO-CA0ABA50|desirable,deferred,,,,,
occupation_skill,CPX-OCC-ENG-009|CPX-SKL-AUTO-53393FDE|desirable,deferred,,,,,
occupation_skill,CPX-OCC-ENG-009|CPX-SKL-AUTO-0FF256A5|desirable,deferred,,,,,
occupation_skill,CPX-OCC-ENG-009|CPX-SKL-AUTO-E2BF03CB|desirable,deferred,,,,,
occupation_skill,CPX-OCC-ENG-009|CPX-SKL-AUTO-3FE65072|desirable,deferred,,,,,
occupation_skill,CPX-OCC-ENG-009|CPX-SKL-AUTO-8859E9D2|essential,deferred,,,,,
occupation_skill,CPX-OCC-ENG-009|CPX-SKL-AUTO-6F647F1B|essential,deferred,,,,,
occupation_skill,CPX-OCC-ENG-009|CPX-SKL-AUTO-925BE284|desirable,deferred,,,,,
occupation_skill,CPX-OCC-ENG-009|CPX-SKL-AUTO-519712A0|essential,deferred,,,,,
occupation_skill,CPX-OCC-ENG-009|CPX-SKL-AUTO-B7A8AF32|essential,deferred,,,,,
occupation_skill,CPX-OCC-ENG-009|CPX-SKL-AUTO-0FBF48C0|essential,deferred,,,,,
occupation_skill,CPX-OCC-ENG-009|CPX-SKL-AUTO-B6D8D6C0|desirable,deferred,,,,,
occupation_skill,CPX-OCC-ENG-009|CPX-SKL-AUTO-E470E871|essential,deferred,,,,,
occupation_skill,CPX-OCC-ENG-009|CPX-SKL-AUTO-5F843E05|essential,deferred,,,,,
occupation_skill,CPX-OCC-ENG-009|CPX-SKL-AUTO-B0843D34|desirable,deferred,,,,,
occupation_skill,CPX-OCC-ENG-009|CPX-SKL-AUTO-C432DB20|essential,deferred,,,,,
occupation_skill,CPX-OCC-ENG-009|CPX-SKL-AUTO-1E5F4600|desirable,deferred,,,,,
occupation_skill,CPX-OCC-ENG-009|CPX-SKL-AUTO-8FAF5FF8|desirable,deferred,,,,,
occupation_skill,CPX-OCC-ENG-009|CPX-SKL-AUTO-D4C5566D|essential,deferred,,,,,
occupation_skill,CPX-OCC-ENG-009|CPX-SKL-AUTO-E9272939|desirable,deferred,,,,,
occupation_skill,CPX-OCC-ENG-009|CPX-SKL-AUTO-98EAC897|essential,deferred,,,,,
occupation_skill,CPX-OCC-ENG-009|CPX-SKL-AUTO-E6E2C0DD|desirable,deferred,,,,,
occupation_skill,CPX-OCC-ENG-009|CPX-SKL-AUTO-40628FD9|essential,deferred,,,,,
occupation_skill,CPX-OCC-ENG-009|CPX-SKL-AUTO-13772A32|desirable,deferred,,,,,
occupation_skill,CPX-OCC-ENG-009|CPX-SKL-AUTO-073A34F6|desirable,deferred,,,,,
occupation_skill,CPX-OCC-ENG-009|CPX-SKL-AUTO-0D42E145|desirable,deferred,,,,,
occupation_skill,CPX-OCC-ENG-009|CPX-SKL-AUTO-4B8771DE|desirable,deferred,,,,,
occupation_skill,CPX-OCC-ENG-009|CPX-SKL-AUTO-8A07032B|desirable,deferred,,,,,
occupation_skill,CPX-OCC-ENG-009|CPX-SKL-AUTO-CD397929|desirable,deferred,,,,,
occupation_skill,CPX-OCC-ENG-009|CPX-SKL-AUTO-309B0800|essential,deferred,,,,,
occupation_skill,CPX-OCC-ENG-009|CPX-SKL-AUTO-51EE5619|essential,deferred,,,,,
occupation_skill,CPX-OCC-ENG-009|CPX-SKL-AUTO-BD75BC02|essential,deferred,,,,,
occupation_skill,CPX-OCC-ENG-009|CPX-SKL-AUTO-E2AD0CCE|desirable,deferred,,,,,
occupation_skill,CPX-OCC-ENG-009|CPX-SKL-AUTO-656B7CFF|desirable,deferred,,,,,
occupation_skill,CPX-OCC-ENG-009|CPX-SKL-AUTO-9751A58B|desirable,deferred,,,,,
occupation_skill,CPX-OCC-ENG-009|CPX-SKL-AUTO-0C99F9B8|desirable,deferred,,,,,
occupation_skill,CPX-OCC-ENG-009|CPX-SKL-AUTO-0128A4B5|desirable,deferred,,,,,
occupation_skill,CPX-OCC-ENG-009|CPX-SKL-AUTO-C4A41611|desirable,deferred,,,,,
occupation_skill,CPX-OCC-ENG-009|CPX-SKL-AUTO-BD469EC3|essential,deferred,,,,,
occupation_skill,CPX-OCC-ENG-009|CPX-SKL-AUTO-A89BD321|desirable,deferred,,,,,
occupation_skill,CPX-OCC-ENG-009|CPX-SKL-AUTO-AE0F3FE2|essential,deferred,,,,,
occupation_skill,CPX-OCC-ENG-009|CPX-SKL-AUTO-FC09EE69|desirable,deferred,,,,,
occupation_skill,CPX-OCC-ENG-009|CPX-SKL-AUTO-3439D026|desirable,deferred,,,,,
occupation_skill,CPX-OCC-ENG-009|CPX-SKL-AUTO-BA385187|desirable,deferred,,,,,
occupation_skill,CPX-OCC-ENG-009|CPX-SKL-AUTO-CAD1E350|desirable,deferred,,,,,
occupation_skill,CPX-OCC-ENG-009|CPX-SKL-AUTO-7CF19E65|desirable,deferred,,,,,
occupation_skill,CPX-OCC-ENG-009|CPX-SKL-AUTO-44474693|desirable,deferred,,,,,
occupation_skill,CPX-OCC-ENG-009|CPX-SKL-AUTO-32338136|desirable,deferred,,,,,
occupation_skill,CPX-OCC-ENG-009|CPX-SKL-AUTO-C1FE13A0|desirable,deferred,,,,,
occupation_skill,CPX-OCC-ENG-009|CPX-SKL-AUTO-B9A2341F|desirable,deferred,,,,,
occupation_skill,CPX-OCC-ENG-009|CPX-SKL-AUTO-FD7A082E|desirable,deferred,,,,,
occupation_skill,CPX-OCC-ENG-009|CPX-SKL-AUTO-6D555B1E|desirable,deferred,,,,,
occupation_skill,CPX-OCC-ENG-009|CPX-SKL-AUTO-8B69B6C3|desirable,deferred,,,,,
occupation_skill,CPX-OCC-ENG-009|CPX-SKL-AUTO-68FBBA12|desirable,deferred,,,,,
occupation_skill,CPX-OCC-ENG-009|CPX-SKL-AUTO-B02F484F|desirable,deferred,,,,,
occupation_skill,CPX-OCC-ENG-009|CPX-SKL-AUTO-D82A5A70|essential,deferred,,,,,
occupation_skill,CPX-OCC-ENG-009|CPX-SKL-AUTO-3182B7BD|desirable,deferred,,,,,
occupation_skill,CPX-OCC-ENG-009|CPX-SKL-AUTO-7894BD02|essential,deferred,,,,,
occupation_skill,CPX-OCC-ENG-009|CPX-SKL-AUTO-6D8C4162|desirable,deferred,,,,,
occupation_skill,CPX-OCC-ENG-009|CPX-SKL-AUTO-352E63D5|essential,deferred,,,,,
occupation_skill,CPX-OCC-BOP-007|CPX-SKL-AUTO-217B3D30|essential,deferred,,,,,
occupation_skill,CPX-OCC-BOP-007|CPX-SKL-AUTO-0319B6D4|desirable,deferred,,,,,
occupation_skill,CPX-OCC-BOP-007|CPX-SKL-AUTO-AF38D05B|desirable,deferred,,,,,
occupation_skill,CPX-OCC-BOP-007|CPX-SKL-AUTO-959DB502|desirable,deferred,,,,,
occupation_skill,CPX-OCC-BOP-007|CPX-SKL-AUTO-BF04DD1D|desirable,deferred,,,,,
occupation_skill,CPX-OCC-BOP-007|CPX-SKL-AUTO-F260B394|desirable,deferred,,,,,
occupation_skill,CPX-OCC-BOP-007|CPX-SKL-AUTO-384488DD|essential,deferred,,,,,
occupation_skill,CPX-OCC-BOP-007|CPX-SKL-AUTO-33359F29|essential,deferred,,,,,
occupation_skill,CPX-OCC-BOP-007|CPX-SKL-AUTO-BAE16BC2|essential,deferred,,,,,
occupation_skill,CPX-OCC-BOP-007|CPX-SKL-AUTO-48381918|desirable,deferred,,,,,
occupation_skill,CPX-OCC-BOP-007|CPX-SKL-AUTO-759F200D|desirable,deferred,,,,,
occupation_skill,CPX-OCC-BOP-007|CPX-SKL-AUTO-550464DF|essential,deferred,,,,,
occupation_skill,CPX-OCC-BOP-007|CPX-SKL-AUTO-8695F01D|essential,deferred,,,,,
occupation_skill,CPX-OCC-BOP-007|CPX-SKL-AUTO-D343E1C2|desirable,deferred,,,,,
occupation_skill,CPX-OCC-BOP-007|CPX-SKL-AUTO-54FB3524|essential,deferred,,,,,
occupation_skill,CPX-OCC-BOP-007|CPX-SKL-AUTO-0BD6497B|essential,deferred,,,,,
occupation_skill,CPX-OCC-BOP-007|CPX-SKL-AUTO-8C767E60|desirable,deferred,,,,,
