occupation_code,skill_code,source_id,source_record_id,requirement_type,required_level,minimum_level,importance_weight,evidence_required,verification_status,review_status,reviewed_by,reviewed_at,review_notes,taxonomy_version
CPX-OCC-ENG-004,CPX-SKL-AUTO-8A8352EA,esco,http://data.europa.eu/esco/occupation/1bdb7d70-1769-4338-aa90-d25a90fe8a6d:http://data.europa.eu/esco/skill/01c03003-516d-43c6-8477-45c472413521:optional,desirable,3,,0.5,true,source_mapped,not_reviewed,,,,2026.1
CPX-OCC-ENG-004,CPX-SKL-AUTO-95187A22,esco,http://data.europa.eu/esco/occupation/1bdb7d70-1769-4338-aa90-d25a90fe8a6d:http://data.europa.eu/esco/skill/0562cd60-cd92-47c3-bc63-30a55c5ca4fe:optional,desirable,3,,0.5,true,source_mapped,not_reviewed,,,,2026.1
CPX-OCC-ENG-004,CPX-SKL-AUTO-4F463D91,esco,http://data.europa.eu/esco/occupation/1bdb7d70-1769-4338-aa90-d25a90fe8a6d:http://data.europa.eu/esco/skill/16a3d876-e330-4648-b03f-5f8d7e18ee17:optional,desirable,3,,0.5,true,source_mapped,not_reviewed,,,,2026.1
CPX-OCC-ENG-004,CPX-SKL-AUTO-30BB5DE6,esco,http://data.europa.eu/esco/occupation/1bdb7d70-1769-4338-aa90-d25a90fe8a6d:http://data.europa.eu/esco/skill/1de548e0-9535-4d2e-9d20-d4474c1ea813:optional,desirable,3,,0.5,true,source_mapped,not_reviewed,,,,2026.1
CPX-OCC-ENG-004,CPX-SKL-AUTO-0279C024,esco,http://data.europa.eu/esco/occupation/1bdb7d70-1769-4338-aa90-d25a90fe8a6d:http://data.europa.eu/esco/skill/209a5498-3449-4689-8ed9-bd08cab4fd78:essential,essential,3,,0.5,true,source_mapped,not_reviewed,,,,2026.1
CPX-OCC-ENG-004,CPX-SKL-AUTO-3A91AE7D,esco,http://data.europa.eu/esco/occupation/1bdb7d70-1769-4338-aa90-d25a90fe8a6d:http://data.europa.eu/esco/skill/233be639-bdb5-4099-ab40-96d537d6c1f3:essential,essential,3,,0.5,true,source_mapped,not_reviewed,,,,2026.1
CPX-OCC-ENG-004,CPX-SKL-AUTO-129F0440,esco,http://data.europa.eu/esco/occupation/1bdb7d70-1769-4338-aa90-d25a90fe8a6d:http://data.europa.eu/esco/skill/35bca3d6-c1ae-48ff-9ae3-a11cea578c2c:optional,desirable,3,,0.5,true,source_mapped,not_reviewed,,,,2026.1
CPX-OCC-ENG-004,CPX-SKL-AUTO-085F11EF,esco,http://data.europa.eu/esco/occupation/1bdb7d70-1769-4338-aa90-d25a90fe8a6d:http://data.europa.eu/esco/skill/377861af-f966-4c87-a2db-7e99904312b9:essential,essential,3,,0.5,true,source_mapped,not_reviewed,,,,2026.1
CPX-OCC-ENG-004,CPX-SKL-AUTO-C74C4BF1,esco,http://data.europa.eu/esco/occupation/1bdb7d70-1769-4338-aa90-d25a90fe8a6d:http://data.europa.eu/esco/skill/39e71107-3aa9-41a0-809c-edea477c968f:optional,desirable,3,,0.5,true,source_mapped,not_reviewed,,,,2026.1
CPX-OCC-ENG-004,CPX-SKL-AUTO-3303E435,esco,http://data.europa.eu/esco/occupation/1bdb7d70-1769-4338-aa90-d25a90fe8a6d:http://data.europa.eu/esco/skill/3b64ab47-a874-403a-b781-7b23c2fc3c6c:essential,essential,3,,0.5,true,source_mapped,not_reviewed,,,,2026.1
CPX-OCC-ENG-004,CPX-SKL-AUTO-6F647F1B,esco,http://data.europa.eu/esco/occupation/1bdb7d70-1769-4338-aa90-d25a90fe8a6d:http://data.europa.eu/esco/skill/42b23922-1c40-4dbe-9e0c-7a568dfdf06b:essential,essential,3,,0.5,true,source_mapped,not_reviewed,,,,2026.1
CPX-OCC-ENG-004,CPX-SKL-AUTO-7FEEC36F,esco,http://data.europa.eu/esco/occupation/1bdb7d70-1769-4338-aa90-d25a90fe8a6d:http://data.europa.eu/esco/skill/440f64e5-e66c-45ee-bc29-53c14a2ad720:optional,desirable,3,,0.5,true,source_mapped,not_reviewed,,,,2026.1
CPX-OCC-ENG-004,CPX-SKL-AUTO-35D32999,esco,http://data.europa.eu/esco/occupation/1bdb7d70-1769-4338-aa90-d25a90fe8a6d:http://data.europa.eu/esco/skill/4bbb309f-9162-49b9-93da-fb2c371e5c5f:optional,desirable,3,,0.5,true,source_mapped,not_reviewed,,,,2026.1
CPX-OCC-ENG-004,CPX-SKL-AUTO-B7A8AF32,esco,http://data.europa.eu/esco/occupation/1bdb7d70-1769-4338-aa90-d25a90fe8a6d:http://data.europa.eu/esco/skill/4fabca9a-7435-4f33-b1da-3cdb00340fdc:essential,essential,3,,0.5,true,source_mapped,not_reviewed,,,,2026.1
CPX-OCC-ENG-004,CPX-SKL-AUTO-0FBF48C0,esco,http://data.europa.eu/esco/occupation/1bdb7d70-1769-4338-aa90-d25a90fe8a6d:http://data.europa.eu/esco/skill/541561bc-510c-4a99-881c-2d8bf5a85462:essential,essential,3,,0.5,true,source_mapped,not_reviewed,,,,2026.1
CPX-OCC-ENG-004,CPX-SKL-AUTO-E470E871,esco,http://data.europa.eu/esco/occupation/1bdb7d70-1769-4338-aa90-d25a90fe8a6d:http://data.europa.eu/esco/skill/59ea80e1-463a-4dba-82c6-d0b6d577d532:essential,essential,3,,0.5,true,source_mapped,not_reviewed,,,,2026.1
CPX-OCC-ENG-004,CPX-SKL-AUTO-FE58BCFF,esco,http://data.europa.eu/esco/occupation/1bdb7d70-1769-4338-aa90-d25a90fe8a6d:http://data.europa.eu/esco/skill/5b776f2d-cac1-437e-badd-9871876209a5:optional,desirable,3,,0.5,true,source_mapped,not_reviewed,,,,2026.1
CPX-OCC-ENG-004,CPX-SKL-AUTO-FAA6CE4C,esco,http://data.europa.eu/esco/occupation/1bdb7d70-1769-4338-aa90-d25a90fe8a6d:http://data.europa.eu/esco/skill/6f5850ea-5785-4e2c-b062-743066fd5bdb:essential,essential,3,,0.5,true,source_mapped,not_reviewed,,,,2026.1
CPX-OCC-ENG-004,CPX-SKL-AUTO-40628FD9,esco,http://data.europa.eu/esco/occupation/1bdb7d70-1769-4338-aa90-d25a90fe8a6d:http://data.europa.eu/esco/skill/72a74f69-5cf1-43c5-99b9-62a444578919:essential,essential,3,,0.5,true,source_mapped,not_reviewed,,,,2026.1
CPX-OCC-ENG-004,CPX-SKL-AUTO-F0F40460,esco,http://data.europa.eu/esco/occupation/1bdb7d70-1769-4338-aa90-d25a90fe8a6d:http://data.europa.eu/esco/skill/73777be0-65f2-48b6-a9a7-50066ee521bd:optional,desirable,3,,0.5,true,source_mapped,not_reviewed,,,,2026.1
CPX-OCC-ENG-004,CPX-SKL-AUTO-CD2BF6FC,esco,http://data.europa.eu/esco/occupation/1bdb7d70-1769-4338-aa90-d25a90fe8a6d:http://data.europa.eu/esco/skill/75ffb6d4-0b48-4471-b3c9-731b01ee1b47:essential,essential,3,,0.5,true,source_mapped,not_reviewed,,,,2026.1
CPX-OCC-ENG-004,CPX-SKL-AUTO-4E97DFD7,esco,http://data.europa.eu/esco/occupation/1bdb7d70-1769-4338-aa90-d25a90fe8a6d:http://data.europa.eu/esco/skill/7c3a172a-4c14-4a32-b4d7-bfc9913f9e25:optional,desirable,3,,0.5,true,source_mapped,not_reviewed,,,,2026.1
CPX-OCC-ENG-004,CPX-SKL-AUTO-352E7A5E,esco,http://data.europa.eu/esco/occupation/1bdb7d70-1769-4338-aa90-d25a90fe8a6d:http://data.europa.eu/esco/skill/81d274bc-6dbf-4003-bcba-f76478d5d930:optional,desirable,3,,0.5,true,source_mapped,not_reviewed,,,,2026.1
CPX-OCC-ENG-004,CPX-SKL-AUTO-FDD48A42,esco,http://data.europa.eu/esco/occupation/1bdb7d70-1769-4338-aa90-d25a90fe8a6d:http://data.europa.eu/esco/skill/82887396-e5bf-4306-af51-3fe8d82790b2:essential,essential,3,,0.5,true,source_mapped,not_reviewed,,,,2026.1
CPX-OCC-ENG-004,CPX-SKL-AUTO-13E424E6,esco,http://data.europa.eu/esco/occupation/1bdb7d70-1769-4338-aa90-d25a90fe8a6d:http://data.europa.eu/esco/skill/82fc3feb-752b-4d49-803d-c08a717917aa:optional,desirable,3,,0.5,true,source_mapped,not_reviewed,,,,2026.1
CPX-OCC-ENG-004,CPX-SKL-AUTO-DA579DE3,esco,http://data.europa.eu/esco/occupation/1bdb7d70-1769-4338-aa90-d25a90fe8a6d:http://data.europa.eu/esco/skill/8bdd25f8-4b6e-40fe-a2cf-c1badc594114:essential,essential,3,,0.5,true,source_mapped,not_reviewed,,,,2026.1
CPX-OCC-ENG-004,CPX-SKL-AUTO-DC815371,esco,http://data.europa.eu/esco/occupation/1bdb7d70-1769-4338-aa90-d25a90fe8a6d:http://data.europa.eu/esco/skill/91a6da8d-24dc-4453-9821-de305864677c:optional,desirable,3,,0.5,true,source_mapped,not_reviewed,,,,2026.1
CPX-OCC-ENG-004,CPX-SKL-AUTO-526A2907,esco,http://data.europa.eu/esco/occupation/1bdb7d70-1769-4338-aa90-d25a90fe8a6d:http://data.europa.eu/esco/skill/9295d1c5-8d7d-423e-a6ce-dfbc1d991f88:optional,desirable,3,,0.5,true,source_mapped,not_reviewed,,,,2026.1
CPX-OCC-ENG-004,CPX-SKL-AUTO-052B962E,esco,http://data.europa.eu/esco/occupation/1bdb7d70-1769-4338-aa90-d25a90fe8a6d:http://data.europa.eu/esco/skill/b34e2ba1-9080-48c9-9b42-ee9192a4d3f1:optional,desirable,3,,0.5,true,source_mapped,not_reviewed,,,,2026.1
CPX-OCC-ENG-004,CPX-SKL-AUTO-2A9D11E5,esco,http://data.europa.eu/esco/occupation/1bdb7d70-1769-4338-aa90-d25a90fe8a6d:http://data.europa.eu/esco/skill/b5a1fc87-c9f2-41f4-a1ae-28e023715592:essential,essential,3,,0.5,true,source_mapped,not_reviewed,,,,2026.1
CPX-OCC-ENG-004,CPX-SKL-AUTO-9B041FBA,esco,http://data.europa.eu/esco/occupation/1bdb7d70-1769-4338-aa90-d25a90fe8a6d:http://data.europa.eu/esco/skill/b64b9863-5ed3-49c7-8fd3-5324fabeda5d:optional,desirable,3,,0.5,true,source_mapped,not_reviewed,,,,2026.1
CPX-OCC-ENG-004,CPX-SKL-AUTO-9FA443C7,esco,http://data.europa.eu/esco/occupation/1bdb7d70-1769-4338-aa90-d25a90fe8a6d:http://data.europa.eu/esco/skill/bc54eee1-a858-4f80-afdc-0442a617ef50:optional,desirable,3,,0.5,true,source_mapped,not_reviewed,,,,2026.1
CPX-OCC-ENG-004,CPX-SKL-AUTO-AEBD6FC6,esco,http://data.europa.eu/esco/occupation/1bdb7d70-1769-4338-aa90-d25a90fe8a6d:http://data.europa.eu/esco/skill/ce4990a4-bf69-4f5f-becb-e4fd96da3a74:essential,essential,3,,0.5,true,source_mapped,not_reviewed,,,,2026.1
CPX-OCC-ENG-004,CPX-SKL-AUTO-DA0A87CC,esco,http://data.europa.eu/esco/occupation/1bdb7d70-1769-4338-aa90-d25a90fe8a6d:http://data.europa.eu/esco/skill/d74df140-eb69-43e2-bac9-1cafc824d702:essential,essential,3,,0.5,true,source_mapped,not_reviewed,,,,2026.1
CPX-OCC-ENG-004,CPX-SKL-AUTO-553DFEE6,esco,http://data.europa.eu/esco/occupation/1bdb7d70-1769-4338-aa90-d25a90fe8a6d:http://data.europa.eu/esco/skill/e02faa7a-9277-4340-aeda-e35bf138320e:optional,desirable,3,,0.5,true,source_mapped,not_reviewed,,,,2026.1
CPX-OCC-ENG-004,CPX-SKL-AUTO-E5A934CA,esco,http://data.europa.eu/esco/occupation/1bdb7d70-1769-4338-aa90-d25a90fe8a6d:http://data.europa.eu/esco/skill/e541c69c-ea80-4b17-87cb-4001d0b9d303:essential,essential,3,,0.5,true,source_mapped,not_reviewed,,,,2026.1
CPX-OCC-ENG-004,CPX-SKL-AUTO-E66D8FAF,esco,http://data.europa.eu/esco/occupation/1bdb7d70-1769-4338-aa90-d25a90fe8a6d:http://data.europa.eu/esco/skill/e95058a6-e139-42e7-a470-72038a606649:optional,desirable,3,,0.5,true,source_mapped,not_reviewed,,,,2026.1
CPX-OCC-ENG-004,CPX-SKL-AUTO-6DD71513,esco,http://data.europa.eu/esco/occupation/1bdb7d70-1769-4338-aa90-d25a90fe8a6d:http://data.europa.eu/esco/skill/ed1d2fed-92c4-47d6-9d6d-34d501c55572:optional,desirable,3,,0.5,true,source_mapped,not_reviewed,,,,2026.1
CPX-OCC-ENG-004,CPX-SKL-AUTO-D82A5A70,esco,http://data.europa.eu/esco/occupation/1bdb7d70-1769-4338-aa90-d25a90fe8a6d:http://data.europa.eu/esco/skill/f54c10e4-630d-4e50-95e9-4e9e268e8f12:essential,essential,3,,0.5,true,source_mapped,not_reviewed,,,,2026.1
CPX-OCC-ENG-004,CPX-SKL-AUTO-38CDFCC2,esco,http://data.europa.eu/esco/occupation/1bdb7d70-1769-4338-aa90-d25a90fe8a6d:http://data.europa.eu/esco/skill/f82b05a7-128b-4a72-a815-044ff6062f62:optional,desirable,3,,0.5,true,source_mapped,not_reviewed,,,,2026.1
CPX-OCC-ENG-004,CPX-SKL-AUTO-FC872E3D,esco,http://data.europa.eu/esco/occupation/1bdb7d70-1769-4338-aa90-d25a90fe8a6d:http://data.europa.eu/esco/skill/faa8e4f3-40fd-4fb7-bf3e-fb8eb639fb33:optional,desirable,3,,0.5,true,source_mapped,not_reviewed,,,,2026.1
CPX-OCC-ENG-006,CPX-SKL-AUTO-F4DBDF24,esco,http://data.europa.eu/esco/occupation/3f3748a7-4bb3-40b4-9ae3-1c5040c70f52:http://data.europa.eu/esco/skill/016cee6c-9e95-466c-bd51-d63327751aa2:essential,essential,3,,0.5,true,source_mapped,not_reviewed,,,,2026.1
CPX-OCC-ENG-006,CPX-SKL-AUTO-D2071E24,esco,http://data.europa.eu/esco/occupation/3f3748a7-4bb3-40b4-9ae3-1c5040c70f52:http://data.europa.eu/esco/skill/0520d8ba-3c24-4f75-a8b0-f883ddeed82d:essential,essential,3,,0.5,true,source_mapped,not_reviewed,,,,2026.1
CPX-OCC-ENG-006,CPX-SKL-AUTO-1F9A12CD,esco,http://data.europa.eu/esco/occupation/3f3748a7-4bb3-40b4-9ae3-1c5040c70f52:http://data.europa.eu/esco/skill/089ee650-297e-4716-87d1-440743b70a0d:essential,essential,3,,0.5,true,source_mapped,not_reviewed,,,,2026.1
CPX-OCC-ENG-006,CPX-SKL-AUTO-EEFF1DED,esco,http://data.europa.eu/esco/occupation/3f3748a7-4bb3-40b4-9ae3-1c5040c70f52:http://data.europa.eu/esco/skill/09276365-d4a2-45d0-a5c6-3b25e306f6d9:essential,essential,3,,0.5,true,source_mapped,not_reviewed,,,,2026.1
CPX-OCC-ENG-006,CPX-SKL-AUTO-95C21AA3,esco,http://data.europa.eu/esco/occupation/3f3748a7-4bb3-40b4-9ae3-1c5040c70f52:http://data.europa.eu/esco/skill/0f040ee7-075c-4986-9a6c-d20f846d69d6:essential,essential,3,,0.5,true,source_mapped,not_reviewed,,,,2026.1
CPX-OCC-ENG-006,CPX-SKL-AUTO-B6A6E95A,esco,http://data.europa.eu/esco/occupation/3f3748a7-4bb3-40b4-9ae3-1c5040c70f52:http://data.europa.eu/esco/skill/16010de9-b33f-4766-93d3-8ea0c6458a68:essential,essential,3,,0.5,true,source_mapped,not_reviewed,,,,2026.1
CPX-OCC-ENG-006,CPX-SKL-AUTO-D78AC5BE,esco,http://data.europa.eu/esco/occupation/3f3748a7-4bb3-40b4-9ae3-1c5040c70f52:http://data.europa.eu/esco/skill/1dd23dba-dd00-45ab-abf4-642902538317:essential,essential,3,,0.5,true,source_mapped,not_reviewed,,,,2026.1
CPX-OCC-ENG-006,CPX-SKL-AUTO-A86AACE0,esco,http://data.europa.eu/esco/occupation/3f3748a7-4bb3-40b4-9ae3-1c5040c70f52:http://data.europa.eu/esco/skill/1dea2f3a-857c-4fc3-b1f8-d5f2015c46a9:essential,essential,3,,0.5,true,source_mapped,not_reviewed,,,,2026.1
CPX-OCC-ENG-006,CPX-SKL-AUTO-6E906103,esco,http://data.europa.eu/esco/occupation/3f3748a7-4bb3-40b4-9ae3-1c5040c70f52:http://data.europa.eu/esco/skill/1fdbb8ac-0f77-4261-b28c-6ff6a46ad096:essential,essential,3,,0.5,true,source_mapped,not_reviewed,,,,2026.1
CPX-OCC-ENG-006,CPX-SKL-AUTO-AF38D05B,esco,http://data.europa.eu/esco/occupation/3f3748a7-4bb3-40b4-9ae3-1c5040c70f52:http://data.europa.eu/esco/skill/21c5790c-0930-4d74-b3b0-84caf5af12ea:essential,essential,3,,0.5,true,source_mapped,not_reviewed,,,,2026.1
CPX-OCC-ENG-006,CPX-SKL-AUTO-D515D9E5,esco,http://data.europa.eu/esco/occupation/3f3748a7-4bb3-40b4-9ae3-1c5040c70f52:http://data.europa.eu/esco/skill/2239694b-771a-4586-8b54-2794e361a9ae:essential,essential,3,,0.5,true,source_mapped,not_reviewed,,,,2026.1
CPX-OCC-ENG-006,CPX-SKL-AUTO-91DC5F0A,esco,http://data.europa.eu/esco/occupation/3f3748a7-4bb3-40b4-9ae3-1c5040c70f52:http://data.europa.eu/esco/skill/25a713ba-cbc0-4388-80ca-dad1b7629533:essential,essential,3,,0.5,true,source_mapped,not_reviewed,,,,2026.1
CPX-OCC-ENG-006,CPX-SKL-AUTO-5F426C84,esco,http://data.europa.eu/esco/occupation/3f3748a7-4bb3-40b4-9ae3-1c5040c70f52:http://data.europa.eu/esco/skill/284e28fc-7218-4ebc-a4bc-406f95f26d8e:optional,desirable,3,,0.5,true,source_mapped,not_reviewed,,,,2026.1
CPX-OCC-ENG-006,CPX-SKL-AUTO-1698F006,esco,http://data.europa.eu/esco/occupation/3f3748a7-4bb3-40b4-9ae3-1c5040c70f52:http://data.europa.eu/esco/skill/378b4cd5-ced1-4133-82e6-6d12bee2553b:essential,essential,3,,0.5,true,source_mapped,not_reviewed,,,,2026.1
CPX-OCC-ENG-006,CPX-SKL-AUTO-DCAAA5C3,esco,http://data.europa.eu/esco/occupation/3f3748a7-4bb3-40b4-9ae3-1c5040c70f52:http://data.europa.eu/esco/skill/37ab8cef-8abf-43be-a71f-1e45aef610b8:essential,essential,3,,0.5,true,source_mapped,not_reviewed,,,,2026.1
CPX-OCC-ENG-006,CPX-SKL-AUTO-16A15640,esco,http://data.europa.eu/esco/occupation/3f3748a7-4bb3-40b4-9ae3-1c5040c70f52:http://data.europa.eu/esco/skill/3cd35f5d-ce6d-4f14-9a09-53d7a28d834c:essential,essential,3,,0.5,true,source_mapped,not_reviewed,,,,2026.1
CPX-OCC-ENG-006,CPX-SKL-AUTO-4C98B987,esco,http://data.europa.eu/esco/occupation/3f3748a7-4bb3-40b4-9ae3-1c5040c70f52:http://data.europa.eu/esco/skill/3d3ee5c3-4286-457f-9f76-1704011f7e11:essential,essential,3,,0.5,true,source_mapped,not_reviewed,,,,2026.1
CPX-OCC-ENG-006,CPX-SKL-AUTO-BE0AACB6,esco,http://data.europa.eu/esco/occupation/3f3748a7-4bb3-40b4-9ae3-1c5040c70f52:http://data.europa.eu/esco/skill/415abd43-e8e5-4643-b5da-5f11307af57a:essential,essential,3,,0.5,true,source_mapped,not_reviewed,,,,2026.1
CPX-OCC-ENG-006,CPX-SKL-AUTO-B8700F8E,esco,http://data.europa.eu/esco/occupation/3f3748a7-4bb3-40b4-9ae3-1c5040c70f52:http://data.europa.eu/esco/skill/4b2c4de9-43d7-4905-9d58-bc2e7d84b2e1:essential,essential,3,,0.5,true,source_mapped,not_reviewed,,,,2026.1
CPX-OCC-ENG-006,CPX-SKL-AUTO-383BFE3F,esco,http://data.europa.eu/esco/occupation/3f3748a7-4bb3-40b4-9ae3-1c5040c70f52:http://data.europa.eu/esco/skill/4be5ce29-9ecb-47c6-b38d-a2552230dd3f:essential,essential,3,,0.5,true,source_mapped,not_reviewed,,,,2026.1
CPX-OCC-ENG-006,CPX-SKL-AUTO-8070B6BC,esco,http://data.europa.eu/esco/occupation/3f3748a7-4bb3-40b4-9ae3-1c5040c70f52:http://data.europa.eu/esco/skill/6172948e-5d52-4f94-a617-278a9013a8ae:essential,essential,3,,0.5,true,source_mapped,not_reviewed,,,,2026.1
CPX-OCC-ENG-006,CPX-SKL-AUTO-A21B8983,esco,http://data.europa.eu/esco/occupation/3f3748a7-4bb3-40b4-9ae3-1c5040c70f52:http://data.europa.eu/esco/skill/7ee4c2ea-b349-4bd2-81a3-ec31475d4833:essential,essential,3,,0.5,true,source_mapped,not_reviewed,,,,2026.1
CPX-OCC-ENG-006,CPX-SKL-AUTO-62B47F83,esco,http://data.europa.eu/esco/occupation/3f3748a7-4bb3-40b4-9ae3-1c5040c70f52:http://data.europa.eu/esco/skill/81db5616-3c98-4317-a728-5dae08d44bd4:essential,essential,3,,0.5,true,source_mapped,not_reviewed,,,,2026.1
CPX-OCC-ENG-006,CPX-SKL-AUTO-021C61CC,esco,http://data.europa.eu/esco/occupation/3f3748a7-4bb3-40b4-9ae3-1c5040c70f52:http://data.europa.eu/esco/skill/8abdc43c-2bfd-417c-97c2-27fcdaf53171:essential,essential,3,,0.5,true,source_mapped,not_reviewed,,,,2026.1
CPX-OCC-ENG-006,CPX-SKL-AUTO-80041166,esco,http://data.europa.eu/esco/occupation/3f3748a7-4bb3-40b4-9ae3-1c5040c70f52:http://data.europa.eu/esco/skill/941364b9-1375-4add-9889-d67bae99bc8c:essential,essential,3,,0.5,true,source_mapped,not_reviewed,,,,2026.1
CPX-OCC-ENG-006,CPX-SKL-AUTO-DBB58236,esco,http://data.europa.eu/esco/occupation/3f3748a7-4bb3-40b4-9ae3-1c5040c70f52:http://data.europa.eu/esco/skill/aaee0ebe-d6f5-4355-8fed-460963306445:essential,essential,3,,0.5,true,source_mapped,not_reviewed,,,,2026.1
CPX-OCC-ENG-006,CPX-SKL-AUTO-6FDB5F63,esco,http://data.europa.eu/esco/occupation/3f3748a7-4bb3-40b4-9ae3-1c5040c70f52:http://data.europa.eu/esco/skill/b251544f-7b92-46d5-8e14-97f59ce1c7dc:essential,essential,3,,0.5,true,source_mapped,not_reviewed,,,,2026.1
CPX-OCC-ENG-006,CPX-SKL-AUTO-AF950849,esco,http://data.europa.eu/esco/occupation/3f3748a7-4bb3-40b4-9ae3-1c5040c70f52:http://data.europa.eu/esco/skill/c32ad607-0c4d-4e34-b73f-668298f7bf13:essential,essential,3,,0.5,true,source_mapped,not_reviewed,,,,2026.1
CPX-OCC-ENG-006,CPX-SKL-AUTO-E833ED69,esco,http://data.europa.eu/esco/occupation/3f3748a7-4bb3-40b4-9ae3-1c5040c70f52:http://data.europa.eu/esco/skill/d15ce60f-ddab-41ce-ba56-398451b77b60:essential,essential,3,,0.5,true,source_mapped,not_reviewed,,,,2026.1
CPX-OCC-ENG-006,CPX-SKL-AUTO-CDD70154,esco,http://data.europa.eu/esco/occupation/3f3748a7-4bb3-40b4-9ae3-1c5040c70f52:http://data.europa.eu/esco/skill/f0f93b8b-0ee4-4452-945e-4a2272c0d8dd:essential,essential,3,,0.5,true,source_mapped,not_reviewed,,,,2026.1
CPX-OCC-ENG-006,CPX-SKL-AUTO-22C84677,esco,http://data.europa.eu/esco/occupation/3f3748a7-4bb3-40b4-9ae3-1c5040c70f52:http://data.europa.eu/esco/skill/faf8943c-72ff-4736-a587-25508695d6f0:essential,essential,3,,0.5,true,source_mapped,not_reviewed,,,,2026.1
CPX-OCC-ENG-001,CPX-SKL-AUTO-68005987,esco,http://data.europa.eu/esco/occupation/44508e7b-f56b-4bfb-9cd6-879838aecd94:http://data.europa.eu/esco/skill/0435fe96-523f-4888-a76f-22df1e92d9c4:optional,desirable,3,,0.5,true,source_mapped,not_reviewed,,,,2026.1
CPX-OCC-ENG-001,CPX-SKL-AUTO-A9093D61,esco,http://data.europa.eu/esco/occupation/44508e7b-f56b-4bfb-9cd6-879838aecd94:http://data.europa.eu/esco/skill/081d7679-5070-4777-bece-a28c49f15636:essential,essential,3,,0.5,true,source_mapped,not_reviewed,,,,2026.1
CPX-OCC-ENG-001,CPX-SKL-AUTO-33027CCE,esco,http://data.europa.eu/esco/occupation/44508e7b-f56b-4bfb-9cd6-879838aecd94:http://data.europa.eu/esco/skill/120b9b87-3aad-4a42-b5e7-1b146a672038:optional,desirable,3,,0.5,true,source_mapped,not_reviewed,,,,2026.1
CPX-OCC-ENG-001,CPX-SKL-AUTO-4ABD26E9,esco,http://data.europa.eu/esco/occupation/44508e7b-f56b-4bfb-9cd6-879838aecd94:http://data.europa.eu/esco/skill/1cca610d-2afc-44a7-97fc-f2262fb5fc75:essential,essential,3,,0.5,true,source_mapped,not_reviewed,,,,2026.1
CPX-OCC-ENG-001,CPX-SKL-AUTO-9BF7F092,esco,http://data.europa.eu/esco/occupation/44508e7b-f56b-4bfb-9cd6-879838aecd94:http://data.europa.eu/esco/skill/1f632076-fd9b-4b18-a9a2-b59a59181d3e:essential,essential,3,,0.5,true,source_mapped,not_reviewed,,,,2026.1
CPX-OCC-ENG-001,CPX-SKL-AUTO-0279C024,esco,http://data.europa.eu/esco/occupation/44508e7b-f56b-4bfb-9cd6-879838aecd94:http://data.europa.eu/esco/skill/209a5498-3449-4689-8ed9-bd08cab4fd78:essential,essential,3,,0.5,true,source_mapped,not_reviewed,,,,2026.1
CPX-OCC-ENG-001,CPX-SKL-AUTO-8C38C854,esco,http://data.europa.eu/esco/occupation/44508e7b-f56b-4bfb-9cd6-879838aecd94:http://data.europa.eu/esco/skill/2839f191-cd94-49a9-ac16-46018066b8b2:optional,desirable,3,,0.5,true,source_mapped,not_reviewed,,,,2026.1
CPX-OCC-ENG-001,CPX-SKL-AUTO-085F11EF,esco,http://data.europa.eu/esco/occupation/44508e7b-f56b-4bfb-9cd6-879838aecd94:http://data.europa.eu/esco/skill/377861af-f966-4c87-a2db-7e99904312b9:essential,essential,3,,0.5,true,source_mapped,not_reviewed,,,,2026.1
CPX-OCC-ENG-001,CPX-SKL-AUTO-C74C4BF1,esco,http://data.europa.eu/esco/occupation/44508e7b-f56b-4bfb-9cd6-879838aecd94:http://data.europa.eu/esco/skill/39e71107-3aa9-41a0-809c-edea477c968f:optional,desirable,3,,0.5,true,source_mapped,not_reviewed,,,,2026.1
CPX-OCC-ENG-001,CPX-SKL-AUTO-3303E435,esco,http://data.europa.eu/esco/occupation/44508e7b-f56b-4bfb-9cd6-879838aecd94:http://data.europa.eu/esco/skill/3b64ab47-a874-403a-b781-7b23c2fc3c6c:optional,desirable,3,,0.5,true,source_mapped,not_reviewed,,,,2026.1
CPX-OCC-ENG-001,CPX-SKL-AUTO-427CACBC,esco,http://data.europa.eu/esco/occupation/44508e7b-f56b-4bfb-9cd6-879838aecd94:http://data.europa.eu/esco/skill/469e19ed-a0bd-445a-ae2d-4ba9430e296b:optional,desirable,3,,0.5,true,source_mapped,not_reviewed,,,,2026.1
CPX-OCC-ENG-001,CPX-SKL-AUTO-6D72BBD3,esco,http://data.europa.eu/esco/occupation/44508e7b-f56b-4bfb-9cd6-879838aecd94:http://data.europa.eu/esco/skill/49320ec7-65f9-4f90-bed2-2d41784f1836:optional,desirable,3,,0.5,true,source_mapped,not_reviewed,,,,2026.1
CPX-OCC-ENG-001,CPX-SKL-AUTO-E470E871,esco,http://data.europa.eu/esco/occupation/44508e7b-f56b-4bfb-9cd6-879838aecd94:http://data.europa.eu/esco/skill/59ea80e1-463a-4dba-82c6-d0b6d577d532:essential,essential,3,,0.5,true,source_mapped,not_reviewed,,,,2026.1
CPX-OCC-ENG-001,CPX-SKL-AUTO-5C33599D,esco,http://data.europa.eu/esco/occupation/44508e7b-f56b-4bfb-9cd6-879838aecd94:http://data.europa.eu/esco/skill/615cfc39-797f-4229-8e92-159fcf8f3030:optional,desirable,3,,0.5,true,source_mapped,not_reviewed,,,,2026.1
CPX-OCC-ENG-001,CPX-SKL-AUTO-0A83E75B,esco,http://data.europa.eu/esco/occupation/44508e7b-f56b-4bfb-9cd6-879838aecd94:http://data.europa.eu/esco/skill/65f375e1-6724-4539-8f8d-b35f4ba11af0:optional,desirable,3,,0.5,true,source_mapped,not_reviewed,,,,2026.1
CPX-OCC-ENG-001,CPX-SKL-AUTO-86244057,esco,http://data.europa.eu/esco/occupation/44508e7b-f56b-4bfb-9cd6-879838aecd94:http://data.europa.eu/esco/skill/67785eab-0818-41f9-9756-a8e0a215b95b:essential,essential,3,,0.5,true,source_mapped,not_reviewed,,,,2026.1
CPX-OCC-ENG-001,CPX-SKL-AUTO-B4EC5AB6,esco,http://data.europa.eu/esco/occupation/44508e7b-f56b-4bfb-9cd6-879838aecd94:http://data.europa.eu/esco/skill/6b30644d-bdc5-4bca-b1af-edbf5c6b15ee:essential,essential,3,,0.5,true,source_mapped,not_reviewed,,,,2026.1
CPX-OCC-ENG-001,CPX-SKL-AUTO-599DD157,esco,http://data.europa.eu/esco/occupation/44508e7b-f56b-4bfb-9cd6-879838aecd94:http://data.europa.eu/esco/skill/76654176-5cc8-4cb3-b307-4ef1b6c2543c:essential,essential,3,,0.5,true,source_mapped,not_reviewed,,,,2026.1
CPX-OCC-ENG-001,CPX-SKL-AUTO-183F3A28,esco,http://data.europa.eu/esco/occupation/44508e7b-f56b-4bfb-9cd6-879838aecd94:http://data.europa.eu/esco/skill/790a335b-2005-4b8a-b6fe-47ff7701ebb7:essential,essential,3,,0.5,true,source_mapped,not_reviewed,,,,2026.1
CPX-OCC-ENG-001,CPX-SKL-AUTO-01B92F1B,esco,http://data.europa.eu/esco/occupation/44508e7b-f56b-4bfb-9cd6-879838aecd94:http://data.europa.eu/esco/skill/7d4e4636-f136-46f6-ae23-2a7639d6b861:optional,desirable,3,,0.5,true,source_mapped,not_reviewed,,,,2026.1
CPX-OCC-ENG-001,CPX-SKL-AUTO-E2348734,esco,http://data.europa.eu/esco/occupation/44508e7b-f56b-4bfb-9cd6-879838aecd94:http://data.europa.eu/esco/skill/7f18039d-dfae-471b-9daa-507f6b2d2842:essential,essential,3,,0.5,true,source_mapped,not_reviewed,,,,2026.1
CPX-OCC-ENG-001,CPX-SKL-AUTO-FDD48A42,esco,http://data.europa.eu/esco/occupation/44508e7b-f56b-4bfb-9cd6-879838aecd94:http://data.europa.eu/esco/skill/82887396-e5bf-4306-af51-3fe8d82790b2:essential,essential,3,,0.5,true,source_mapped,not_reviewed,,,,2026.1
CPX-OCC-ENG-001,CPX-SKL-AUTO-02174F4C,esco,http://data.europa.eu/esco/occupation/44508e7b-f56b-4bfb-9cd6-879838aecd94:http://data.europa.eu/esco/skill/86945516-619a-456e-b0d0-2fb31d927992:optional,desirable,3,,0.5,true,source_mapped,not_reviewed,,,,2026.1
CPX-OCC-ENG-001,CPX-SKL-AUTO-7AFBA776,esco,http://data.europa.eu/esco/occupation/44508e7b-f56b-4bfb-9cd6-879838aecd94:http://data.europa.eu/esco/skill/88680a21-57f9-46b6-8268-7d8e42aef849:optional,desirable,3,,0.5,true,source_mapped,not_reviewed,,,,2026.1
CPX-OCC-ENG-001,CPX-SKL-AUTO-B1EF8FE9,esco,http://data.europa.eu/esco/occupation/44508e7b-f56b-4bfb-9cd6-879838aecd94:http://data.europa.eu/esco/skill/8b46636e-e201-4086-a8d5-049b65eaf40e:essential,essential,3,,0.5,true,source_mapped,not_reviewed,,,,2026.1
CPX-OCC-ENG-001,CPX-SKL-AUTO-DA579DE3,esco,http://data.europa.eu/esco/occupation/44508e7b-f56b-4bfb-9cd6-879838aecd94:http://data.europa.eu/esco/skill/8bdd25f8-4b6e-40fe-a2cf-c1badc594114:optional,desirable,3,,0.5,true,source_mapped,not_reviewed,,,,2026.1
CPX-OCC-ENG-001,CPX-SKL-AUTO-97CA9C90,esco,http://data.europa.eu/esco/occupation/44508e7b-f56b-4bfb-9cd6-879838aecd94:http://data.europa.eu/esco/skill/910b818b-bc24-4d17-844e-941a8bc997a9:essential,essential,3,,0.5,true,source_mapped,not_reviewed,,,,2026.1
CPX-OCC-ENG-001,CPX-SKL-AUTO-CEBC803D,esco,http://data.europa.eu/esco/occupation/44508e7b-f56b-4bfb-9cd6-879838aecd94:http://data.europa.eu/esco/skill/a550c4e9-5773-47a2-861d-e57ceb076eb6:optional,desirable,3,,0.5,true,source_mapped,not_reviewed,,,,2026.1
CPX-OCC-ENG-001,CPX-SKL-AUTO-24DBA435,esco,http://data.europa.eu/esco/occupation/44508e7b-f56b-4bfb-9cd6-879838aecd94:http://data.europa.eu/esco/skill/af1df253-5103-46d7-a757-b17bf5a4e581:optional,desirable,3,,0.5,true,source_mapped,not_reviewed,,,,2026.1
CPX-OCC-ENG-001,CPX-SKL-AUTO-0BD6497B,esco,http://data.europa.eu/esco/occupation/44508e7b-f56b-4bfb-9cd6-879838aecd94:http://data.europa.eu/esco/skill/c69587b4-05d3-45bb-b79b-9b85e6603fc2:essential,essential,3,,0.5,true,source_mapped,not_reviewed,,,,2026.1
CPX-OCC-ENG-001,CPX-SKL-AUTO-128B4945,esco,http://data.europa.eu/esco/occupation/44508e7b-f56b-4bfb-9cd6-879838aecd94:http://data.europa.eu/esco/skill/cf9c8e73-105d-419e-86dd-4304cc6cd718:essential,essential,3,,0.5,true,source_mapped,not_reviewed,,,,2026.1
CPX-OCC-ENG-001,CPX-SKL-AUTO-47BCBF08,esco,http://data.europa.eu/esco/occupation/44508e7b-f56b-4bfb-9cd6-879838aecd94:http://data.europa.eu/esco/skill/d329b1ed-6e7a-400e-bca2-7c1936fbfbcb:optional,desirable,3,,0.5,true,source_mapped,not_reviewed,,,,2026.1
CPX-OCC-ENG-001,CPX-SKL-AUTO-DA0A87CC,esco,http://data.europa.eu/esco/occupation/44508e7b-f56b-4bfb-9cd6-879838aecd94:http://data.europa.eu/esco/skill/d74df140-eb69-43e2-bac9-1cafc824d702:essential,essential,3,,0.5,true,source_mapped,not_reviewed,,,,2026.1
CPX-OCC-ENG-001,CPX-SKL-AUTO-E58DBE55,esco,http://data.europa.eu/esco/occupation/44508e7b-f56b-4bfb-9cd6-879838aecd94:http://data.europa.eu/esco/skill/d89b9a3f-19bf-4b9b-9664-ed35924eb399:optional,desirable,3,,0.5,true,source_mapped,not_reviewed,,,,2026.1
CPX-OCC-ENG-001,CPX-SKL-AUTO-91C43F3B,esco,http://data.europa.eu/esco/occupation/44508e7b-f56b-4bfb-9cd6-879838aecd94:http://data.europa.eu/esco/skill/e2b82b00-f07f-4fc8-a7bb-c8febf65efe5:essential,essential,3,,0.5,true,source_mapped,not_reviewed,,,,2026.1
CPX-OCC-ENG-003,CPX-SKL-AUTO-846BD406,esco,http://data.europa.eu/esco/occupation/58c30193-d29f-4d22-8bf0-fd87346b91dd:http://data.europa.eu/esco/skill/0550431f-9c8b-4204-9c45-59bc5feacf06:optional,desirable,3,,0.5,true,source_mapped,not_reviewed,,,,2026.1
CPX-OCC-ENG-003,CPX-SKL-AUTO-0F91113D,esco,http://data.europa.eu/esco/occupation/58c30193-d29f-4d22-8bf0-fd87346b91dd:http://data.europa.eu/esco/skill/1007aa13-9f18-4bcf-96f3-e108c40baf69:optional,desirable,3,,0.5,true,source_mapped,not_reviewed,,,,2026.1
CPX-OCC-ENG-003,CPX-SKL-AUTO-49884F2D,esco,http://data.europa.eu/esco/occupation/58c30193-d29f-4d22-8bf0-fd87346b91dd:http://data.europa.eu/esco/skill/15d76317-c71a-4fa2-aadc-2ecc34e627b7:optional,desirable,3,,0.5,true,source_mapped,not_reviewed,,,,2026.1
CPX-OCC-ENG-003,CPX-SKL-AUTO-D78AC5BE,esco,http://data.europa.eu/esco/occupation/58c30193-d29f-4d22-8bf0-fd87346b91dd:http://data.europa.eu/esco/skill/1dd23dba-dd00-45ab-abf4-642902538317:essential,essential,3,,0.5,true,source_mapped,not_reviewed,,,,2026.1
CPX-OCC-ENG-003,CPX-SKL-AUTO-30BB5DE6,esco,http://data.europa.eu/esco/occupation/58c30193-d29f-4d22-8bf0-fd87346b91dd:http://data.europa.eu/esco/skill/1de548e0-9535-4d2e-9d20-d4474c1ea813:essential,essential,3,,0.5,true,source_mapped,not_reviewed,,,,2026.1
CPX-OCC-ENG-003,CPX-SKL-AUTO-0279C024,esco,http://data.europa.eu/esco/occupation/58c30193-d29f-4d22-8bf0-fd87346b91dd:http://data.europa.eu/esco/skill/209a5498-3449-4689-8ed9-bd08cab4fd78:essential,essential,3,,0.5,true,source_mapped,not_reviewed,,,,2026.1
CPX-OCC-ENG-003,CPX-SKL-AUTO-AF38D05B,esco,http://data.europa.eu/esco/occupation/58c30193-d29f-4d22-8bf0-fd87346b91dd:http://data.europa.eu/esco/skill/21c5790c-0930-4d74-b3b0-84caf5af12ea:optional,desirable,3,,0.5,true,source_mapped,not_reviewed,,,,2026.1
CPX-OCC-ENG-003,CPX-SKL-AUTO-50E60467,esco,http://data.europa.eu/esco/occupation/58c30193-d29f-4d22-8bf0-fd87346b91dd:http://data.europa.eu/esco/skill/237db40b-4600-47c0-837f-4a2c4f3014ab:essential,essential,3,,0.5,true,source_mapped,not_reviewed,,,,2026.1
CPX-OCC-ENG-003,CPX-SKL-AUTO-DD77166F,esco,http://data.europa.eu/esco/occupation/58c30193-d29f-4d22-8bf0-fd87346b91dd:http://data.europa.eu/esco/skill/2c28fc20-8a60-4311-8899-5ef8729c05b3:optional,desirable,3,,0.5,true,source_mapped,not_reviewed,,,,2026.1
CPX-OCC-ENG-003,CPX-SKL-AUTO-959DB502,esco,http://data.europa.eu/esco/occupation/58c30193-d29f-4d22-8bf0-fd87346b91dd:http://data.europa.eu/esco/skill/328733a7-6d84-420d-a65c-2a8014fadc60:essential,essential,3,,0.5,true,source_mapped,not_reviewed,,,,2026.1
CPX-OCC-ENG-003,CPX-SKL-AUTO-BC270433,esco,http://data.europa.eu/esco/occupation/58c30193-d29f-4d22-8bf0-fd87346b91dd:http://data.europa.eu/esco/skill/334e3e49-fb02-4051-809a-f06adfdc1c40:essential,essential,3,,0.5,true,source_mapped,not_reviewed,,,,2026.1
CPX-OCC-ENG-003,CPX-SKL-AUTO-772726C6,esco,http://data.europa.eu/esco/occupation/58c30193-d29f-4d22-8bf0-fd87346b91dd:http://data.europa.eu/esco/skill/44e2c4c4-9fd2-42d4-a133-d81360ded4bc:optional,desirable,3,,0.5,true,source_mapped,not_reviewed,,,,2026.1
CPX-OCC-ENG-003,CPX-SKL-AUTO-09B61CE4,esco,http://data.europa.eu/esco/occupation/58c30193-d29f-4d22-8bf0-fd87346b91dd:http://data.europa.eu/esco/skill/4fa2d6ba-4fff-4f21-bddd-4a54ae840955:essential,essential,3,,0.5,true,source_mapped,not_reviewed,,,,2026.1
CPX-OCC-ENG-003,CPX-SKL-AUTO-B7A8AF32,esco,http://data.europa.eu/esco/occupation/58c30193-d29f-4d22-8bf0-fd87346b91dd:http://data.europa.eu/esco/skill/4fabca9a-7435-4f33-b1da-3cdb00340fdc:essential,essential,3,,0.5,true,source_mapped,not_reviewed,,,,2026.1
CPX-OCC-ENG-003,CPX-SKL-AUTO-3104202D,esco,http://data.europa.eu/esco/occupation/58c30193-d29f-4d22-8bf0-fd87346b91dd:http://data.europa.eu/esco/skill/539edd73-5c9b-4498-96f2-68a9cd2e6073:optional,desirable,3,,0.5,true,source_mapped,not_reviewed,,,,2026.1
CPX-OCC-ENG-003,CPX-SKL-AUTO-0FBF48C0,esco,http://data.europa.eu/esco/occupation/58c30193-d29f-4d22-8bf0-fd87346b91dd:http://data.europa.eu/esco/skill/541561bc-510c-4a99-881c-2d8bf5a85462:optional,desirable,3,,0.5,true,source_mapped,not_reviewed,,,,2026.1
CPX-OCC-ENG-003,CPX-SKL-AUTO-114ACB44,esco,http://data.europa.eu/esco/occupation/58c30193-d29f-4d22-8bf0-fd87346b91dd:http://data.europa.eu/esco/skill/5518db9d-4a2f-4b53-9068-4d0d61465bf4:essential,essential,3,,0.5,true,source_mapped,not_reviewed,,,,2026.1
CPX-OCC-ENG-003,CPX-SKL-AUTO-47B76213,esco,http://data.europa.eu/esco/occupation/58c30193-d29f-4d22-8bf0-fd87346b91dd:http://data.europa.eu/esco/skill/561c2525-5bd8-4d86-8f45-820f4be7db93:optional,desirable,3,,0.5,true,source_mapped,not_reviewed,,,,2026.1
CPX-OCC-ENG-003,CPX-SKL-AUTO-E470E871,esco,http://data.europa.eu/esco/occupation/58c30193-d29f-4d22-8bf0-fd87346b91dd:http://data.europa.eu/esco/skill/59ea80e1-463a-4dba-82c6-d0b6d577d532:optional,desirable,3,,0.5,true,source_mapped,not_reviewed,,,,2026.1
CPX-OCC-ENG-003,CPX-SKL-AUTO-3F2E058C,esco,http://data.europa.eu/esco/occupation/58c30193-d29f-4d22-8bf0-fd87346b91dd:http://data.europa.eu/esco/skill/6181f475-110c-497c-a46d-ed2e14e7bc90:essential,essential,3,,0.5,true,source_mapped,not_reviewed,,,,2026.1
CPX-OCC-ENG-003,CPX-SKL-AUTO-AA25BFD8,esco,http://data.europa.eu/esco/occupation/58c30193-d29f-4d22-8bf0-fd87346b91dd:http://data.europa.eu/esco/skill/7111b95d-0ce3-441a-9d92-4c75d05c4388:essential,essential,3,,0.5,true,source_mapped,not_reviewed,,,,2026.1
CPX-OCC-ENG-003,CPX-SKL-AUTO-40628FD9,esco,http://data.europa.eu/esco/occupation/58c30193-d29f-4d22-8bf0-fd87346b91dd:http://data.europa.eu/esco/skill/72a74f69-5cf1-43c5-99b9-62a444578919:essential,essential,3,,0.5,true,source_mapped,not_reviewed,,,,2026.1
CPX-OCC-ENG-003,CPX-SKL-AUTO-CDF01952,esco,http://data.europa.eu/esco/occupation/58c30193-d29f-4d22-8bf0-fd87346b91dd:http://data.europa.eu/esco/skill/7d35602d-bc94-4975-aa7c-f4e8e05ce8e0:essential,essential,3,,0.5,true,source_mapped,not_reviewed,,,,2026.1
CPX-OCC-ENG-003,CPX-SKL-AUTO-8C73E38B,esco,http://data.europa.eu/esco/occupation/58c30193-d29f-4d22-8bf0-fd87346b91dd:http://data.europa.eu/esco/skill/86df7af2-f9f3-4c06-a500-7f1fba9e78fe:essential,essential,3,,0.5,true,source_mapped,not_reviewed,,,,2026.1
CPX-OCC-ENG-003,CPX-SKL-AUTO-8695F01D,esco,http://data.europa.eu/esco/occupation/58c30193-d29f-4d22-8bf0-fd87346b91dd:http://data.europa.eu/esco/skill/8d4271ca-c9fd-40b3-875f-15f78332a49e:essential,essential,3,,0.5,true,source_mapped,not_reviewed,,,,2026.1
CPX-OCC-ENG-003,CPX-SKL-AUTO-10A93E87,esco,http://data.europa.eu/esco/occupation/58c30193-d29f-4d22-8bf0-fd87346b91dd:http://data.europa.eu/esco/skill/95013213-ee67-493b-86d0-e383e0f72482:optional,desirable,3,,0.5,true,source_mapped,not_reviewed,,,,2026.1
CPX-OCC-ENG-003,CPX-SKL-AUTO-87CE8557,esco,http://data.europa.eu/esco/occupation/58c30193-d29f-4d22-8bf0-fd87346b91dd:http://data.europa.eu/esco/skill/9601b2a8-68e4-4906-9306-a23679b8f0b0:optional,desirable,3,,0.5,true,source_mapped,not_reviewed,,,,2026.1
CPX-OCC-ENG-003,CPX-SKL-AUTO-872A612F,esco,http://data.europa.eu/esco/occupation/58c30193-d29f-4d22-8bf0-fd87346b91dd:http://data.europa.eu/esco/skill/a2b5dcf3-5b6a-453d-876c-cff540c0faf1:optional,desirable,3,,0.5,true,source_mapped,not_reviewed,,,,2026.1
CPX-OCC-ENG-003,CPX-SKL-AUTO-6D5479C0,esco,http://data.europa.eu/esco/occupation/58c30193-d29f-4d22-8bf0-fd87346b91dd:http://data.europa.eu/esco/skill/aba2e61d-ef78-45bd-a9bc-392a718d4877:optional,desirable,3,,0.5,true,source_mapped,not_reviewed,,,,2026.1
CPX-OCC-ENG-003,CPX-SKL-AUTO-091726A7,esco,http://data.europa.eu/esco/occupation/58c30193-d29f-4d22-8bf0-fd87346b91dd:http://data.europa.eu/esco/skill/b112ead8-6245-49bb-879f-07b1388a1c9b:optional,desirable,3,,0.5,true,source_mapped,not_reviewed,,,,2026.1
CPX-OCC-ENG-003,CPX-SKL-AUTO-FC24CEEA,esco,http://data.europa.eu/esco/occupation/58c30193-d29f-4d22-8bf0-fd87346b91dd:http://data.europa.eu/esco/skill/b2235ce8-d0f0-4954-9b60-e2c1aeeadab5:optional,desirable,3,,0.5,true,source_mapped,not_reviewed,,,,2026.1
CPX-OCC-ENG-003,CPX-SKL-AUTO-052B962E,esco,http://data.europa.eu/esco/occupation/58c30193-d29f-4d22-8bf0-fd87346b91dd:http://data.europa.eu/esco/skill/b34e2ba1-9080-48c9-9b42-ee9192a4d3f1:optional,desirable,3,,0.5,true,source_mapped,not_reviewed,,,,2026.1
CPX-OCC-ENG-003,CPX-SKL-AUTO-7E351D62,esco,http://data.europa.eu/esco/occupation/58c30193-d29f-4d22-8bf0-fd87346b91dd:http://data.europa.eu/esco/skill/bbd57056-80e0-45bb-a2c1-658ed99a1251:optional,desirable,3,,0.5,true,source_mapped,not_reviewed,,,,2026.1
CPX-OCC-ENG-003,CPX-SKL-AUTO-6FF47E3E,esco,http://data.europa.eu/esco/occupation/58c30193-d29f-4d22-8bf0-fd87346b91dd:http://data.europa.eu/esco/skill/be7c80ee-0b7a-455c-8928-055cfa65076c:optional,desirable,3,,0.5,true,source_mapped,not_reviewed,,,,2026.1
CPX-OCC-ENG-003,CPX-SKL-AUTO-7E23F03D,esco,http://data.europa.eu/esco/occupation/58c30193-d29f-4d22-8bf0-fd87346b91dd:http://data.europa.eu/esco/skill/c49eb4a4-7b5f-44e6-b346-7153879ac86b:optional,desirable,3,,0.5,true,source_mapped,not_reviewed,,,,2026.1
CPX-OCC-ENG-003,CPX-SKL-AUTO-F2885F17,esco,http://data.europa.eu/esco/occupation/58c30193-d29f-4d22-8bf0-fd87346b91dd:http://data.europa.eu/esco/skill/c643e59b-d74c-4f44-b76e-6e1d96c05ec4:optional,desirable,3,,0.5,true,source_mapped,not_reviewed,,,,2026.1
CPX-OCC-ENG-003,CPX-SKL-AUTO-B40B55C3,esco,http://data.europa.eu/esco/occupation/58c30193-d29f-4d22-8bf0-fd87346b91dd:http://data.europa.eu/esco/skill/cc173f61-3386-44c5-a048-3889e1ec9114:essential,essential,3,,0.5,true,source_mapped,not_reviewed,,,,2026.1
CPX-OCC-ENG-003,CPX-SKL-AUTO-8C767E60,esco,http://data.europa.eu/esco/occupation/58c30193-d29f-4d22-8bf0-fd87346b91dd:http://data.europa.eu/esco/skill/cd5efa8c-e44d-4cbc-91c6-796018dbed68:essential,essential,3,,0.5,true,source_mapped,not_reviewed,,,,2026.1
CPX-OCC-ENG-003,CPX-SKL-AUTO-824246CF,esco,http://data.europa.eu/esco/occupation/58c30193-d29f-4d22-8bf0-fd87346b91dd:http://data.europa.eu/esco/skill/d4cc5022-7801-4885-bcff-166552788d35:optional,desirable,3,,0.5,true,source_mapped,not_reviewed,,,,2026.1
CPX-OCC-ENG-003,CPX-SKL-AUTO-4C268F11,esco,http://data.europa.eu/esco/occupation/58c30193-d29f-4d22-8bf0-fd87346b91dd:http://data.europa.eu/esco/skill/fe77f9ca-7bd2-4a68-98f4-8463a4fb8301:essential,essential,3,,0.5,true,source_mapped,not_reviewed,,,,2026.1
CPX-OCC-ENG-007,CPX-SKL-AUTO-50AA1896,esco,http://data.europa.eu/esco/occupation/5f68c4c3-9d25-48e2-8efc-5471a80fb155:http://data.europa.eu/esco/skill/059a7a6e-e65e-4127-a421-76817554f97c:optional,desirable,3,,0.5,true,source_mapped,not_reviewed,,,,2026.1
CPX-OCC-ENG-007,CPX-SKL-AUTO-4DF71AA5,esco,http://data.europa.eu/esco/occupation/5f68c4c3-9d25-48e2-8efc-5471a80fb155:http://data.europa.eu/esco/skill/0a0c89e8-6ddc-48db-89c4-774335309a22:essential,essential,3,,0.5,true,source_mapped,not_reviewed,,,,2026.1
CPX-OCC-ENG-007,CPX-SKL-AUTO-73468814,esco,http://data.europa.eu/esco/occupation/5f68c4c3-9d25-48e2-8efc-5471a80fb155:http://data.europa.eu/esco/skill/156f8c5b-894a-4ccc-a70e-37a2726f3f00:essential,essential,3,,0.5,true,source_mapped,not_reviewed,,,,2026.1
CPX-OCC-ENG-007,CPX-SKL-AUTO-58DC12FC,esco,http://data.europa.eu/esco/occupation/5f68c4c3-9d25-48e2-8efc-5471a80fb155:http://data.europa.eu/esco/skill/16801a68-549b-4eaf-9531-f2d516a9380c:optional,desirable,3,,0.5,true,source_mapped,not_reviewed,,,,2026.1
CPX-OCC-ENG-007,CPX-SKL-AUTO-91EA45D2,esco,http://data.europa.eu/esco/occupation/5f68c4c3-9d25-48e2-8efc-5471a80fb155:http://data.europa.eu/esco/skill/23b8dced-62a9-41f4-8b41-692e2d8e6d52:essential,essential,3,,0.5,true,source_mapped,not_reviewed,,,,2026.1
CPX-OCC-ENG-007,CPX-SKL-AUTO-52D184BE,esco,http://data.europa.eu/esco/occupation/5f68c4c3-9d25-48e2-8efc-5471a80fb155:http://data.europa.eu/esco/skill/3ba70459-7849-423f-a51e-e2290724b75b:optional,desirable,3,,0.5,true,source_mapped,not_reviewed,,,,2026.1
CPX-OCC-ENG-007,CPX-SKL-AUTO-4CDB9A90,esco,http://data.europa.eu/esco/occupation/5f68c4c3-9d25-48e2-8efc-5471a80fb155:http://data.europa.eu/esco/skill/44297bbb-306a-46fa-ab1b-fa3fb327ebda:optional,desirable,3,,0.5,true,source_mapped,not_reviewed,,,,2026.1
CPX-OCC-ENG-007,CPX-SKL-AUTO-AEE2A471,esco,http://data.europa.eu/esco/occupation/5f68c4c3-9d25-48e2-8efc-5471a80fb155:http://data.europa.eu/esco/skill/4853efe8-0cdd-42d1-bc5a-6ba5fa9a8b2c:optional,desirable,3,,0.5,true,source_mapped,not_reviewed,,,,2026.1
CPX-OCC-ENG-007,CPX-SKL-AUTO-6E20DB4D,esco,http://data.europa.eu/esco/occupation/5f68c4c3-9d25-48e2-8efc-5471a80fb155:http://data.europa.eu/esco/skill/4af56376-7b2f-4ced-ac58-0c3967bd1e83:essential,essential,3,,0.5,true,source_mapped,not_reviewed,,,,2026.1
CPX-OCC-ENG-007,CPX-SKL-AUTO-09B61CE4,esco,http://data.europa.eu/esco/occupation/5f68c4c3-9d25-48e2-8efc-5471a80fb155:http://data.europa.eu/esco/skill/4fa2d6ba-4fff-4f21-bddd-4a54ae840955:optional,desirable,3,,0.5,true,source_mapped,not_reviewed,,,,2026.1
CPX-OCC-ENG-007,CPX-SKL-AUTO-AFC6ADF5,esco,http://data.europa.eu/esco/occupation/5f68c4c3-9d25-48e2-8efc-5471a80fb155:http://data.europa.eu/esco/skill/50f2d23c-b3fb-48a5-967b-14fd0a6dd205:essential,essential,3,,0.5,true,source_mapped,not_reviewed,,,,2026.1
CPX-OCC-ENG-007,CPX-SKL-AUTO-038CEC42,esco,http://data.europa.eu/esco/occupation/5f68c4c3-9d25-48e2-8efc-5471a80fb155:http://data.europa.eu/esco/skill/5239e378-23c6-424d-9a9b-775653f22d04:optional,desirable,3,,0.5,true,source_mapped,not_reviewed,,,,2026.1
CPX-OCC-ENG-007,CPX-SKL-AUTO-1CD0852D,esco,http://data.europa.eu/esco/occupation/5f68c4c3-9d25-48e2-8efc-5471a80fb155:http://data.europa.eu/esco/skill/562a111f-40fc-424a-b1ca-784ff2e0488e:essential,essential,3,,0.5,true,source_mapped,not_reviewed,,,,2026.1
CPX-OCC-ENG-007,CPX-SKL-AUTO-27E447A3,esco,http://data.europa.eu/esco/occupation/5f68c4c3-9d25-48e2-8efc-5471a80fb155:http://data.europa.eu/esco/skill/597d6a3a-0283-4945-8001-4719d210433d:optional,desirable,3,,0.5,true,source_mapped,not_reviewed,,,,2026.1
CPX-OCC-ENG-007,CPX-SKL-AUTO-7944A78E,esco,http://data.europa.eu/esco/occupation/5f68c4c3-9d25-48e2-8efc-5471a80fb155:http://data.europa.eu/esco/skill/5b58e283-a359-4b55-b10d-b0047b2fb7db:essential,essential,3,,0.5,true,source_mapped,not_reviewed,,,,2026.1
CPX-OCC-ENG-007,CPX-SKL-AUTO-1ED9183B,esco,http://data.europa.eu/esco/occupation/5f68c4c3-9d25-48e2-8efc-5471a80fb155:http://data.europa.eu/esco/skill/62e109fe-b619-460a-9f77-4396a6118fcf:optional,desirable,3,,0.5,true,source_mapped,not_reviewed,,,,2026.1
CPX-OCC-ENG-007,CPX-SKL-AUTO-14F72D18,esco,http://data.europa.eu/esco/occupation/5f68c4c3-9d25-48e2-8efc-5471a80fb155:http://data.europa.eu/esco/skill/63395522-32f0-46c4-851d-69c2d3800a8a:essential,essential,3,,0.5,true,source_mapped,not_reviewed,,,,2026.1
CPX-OCC-ENG-007,CPX-SKL-AUTO-073DE116,esco,http://data.europa.eu/esco/occupation/5f68c4c3-9d25-48e2-8efc-5471a80fb155:http://data.europa.eu/esco/skill/8215bbba-2f6d-4530-bf41-904d871eaf72:optional,desirable,3,,0.5,true,source_mapped,not_reviewed,,,,2026.1
CPX-OCC-ENG-007,CPX-SKL-AUTO-8C73E38B,esco,http://data.europa.eu/esco/occupation/5f68c4c3-9d25-48e2-8efc-5471a80fb155:http://data.europa.eu/esco/skill/86df7af2-f9f3-4c06-a500-7f1fba9e78fe:essential,essential,3,,0.5,true,source_mapped,not_reviewed,,,,2026.1
CPX-OCC-ENG-007,CPX-SKL-AUTO-1B8DD252,esco,http://data.europa.eu/esco/occupation/5f68c4c3-9d25-48e2-8efc-5471a80fb155:http://data.europa.eu/esco/skill/89d2bb53-67fc-4b9e-80c7-07b6c587bc0d:essential,essential,3,,0.5,true,source_mapped,not_reviewed,,,,2026.1
CPX-OCC-ENG-007,CPX-SKL-AUTO-9AD964BB,esco,http://data.europa.eu/esco/occupation/5f68c4c3-9d25-48e2-8efc-5471a80fb155:http://data.europa.eu/esco/skill/978a76ca-0d14-43b5-a69d-1996dfeb22de:optional,desirable,3,,0.5,true,source_mapped,not_reviewed,,,,2026.1
CPX-OCC-ENG-007,CPX-SKL-AUTO-05B6A341,esco,http://data.europa.eu/esco/occupation/5f68c4c3-9d25-48e2-8efc-5471a80fb155:http://data.europa.eu/esco/skill/9df34bc3-25d4-4452-a896-4d19b94ef896:optional,desirable,3,,0.5,true,source_mapped,not_reviewed,,,,2026.1
CPX-OCC-ENG-007,CPX-SKL-AUTO-E3F6715B,esco,http://data.europa.eu/esco/occupation/5f68c4c3-9d25-48e2-8efc-5471a80fb155:http://data.europa.eu/esco/skill/9fe699e9-3490-4f3d-a50d-9f9d31c98698:optional,desirable,3,,0.5,true,source_mapped,not_reviewed,,,,2026.1
CPX-OCC-ENG-007,CPX-SKL-AUTO-056270FE,esco,http://data.europa.eu/esco/occupation/5f68c4c3-9d25-48e2-8efc-5471a80fb155:http://data.europa.eu/esco/skill/a3e0224a-c952-4b4e-b664-d7186f62715b:optional,desirable,3,,0.5,true,source_mapped,not_reviewed,,,,2026.1
CPX-OCC-ENG-007,CPX-SKL-AUTO-C1052C79,esco,http://data.europa.eu/esco/occupation/5f68c4c3-9d25-48e2-8efc-5471a80fb155:http://data.europa.eu/esco/skill/aba33944-7bc3-42ea-9b37-03d7482231c7:optional,desirable,3,,0.5,true,source_mapped,not_reviewed,,,,2026.1
CPX-OCC-ENG-007,CPX-SKL-AUTO-24C6BE13,esco,http://data.europa.eu/esco/occupation/5f68c4c3-9d25-48e2-8efc-5471a80fb155:http://data.europa.eu/esco/skill/b8c1e014-1f54-480a-bf0f-2ef3d2d275e8:optional,desirable,3,,0.5,true,source_mapped,not_reviewed,,,,2026.1
CPX-OCC-ENG-007,CPX-SKL-AUTO-27E454BB,esco,http://data.europa.eu/esco/occupation/5f68c4c3-9d25-48e2-8efc-5471a80fb155:http://data.europa.eu/esco/skill/bdc46a39-9da4-48bd-b1c1-172af29f045b:optional,desirable,3,,0.5,true,source_mapped,not_reviewed,,,,2026.1
CPX-OCC-ENG-007,CPX-SKL-AUTO-741D5840,esco,http://data.europa.eu/esco/occupation/5f68c4c3-9d25-48e2-8efc-5471a80fb155:http://data.europa.eu/esco/skill/c4973029-8a67-42c3-a7a0-09bff8920ce5:essential,essential,3,,0.5,true,source_mapped,not_reviewed,,,,2026.1
CPX-OCC-ENG-007,CPX-SKL-AUTO-F5C6D64A,esco,http://data.europa.eu/esco/occupation/5f68c4c3-9d25-48e2-8efc-5471a80fb155:http://data.europa.eu/esco/skill/c55eecdc-ccb0-468e-9029-ce9955375c8a:optional,desirable,3,,0.5,true,source_mapped,not_reviewed,,,,2026.1
CPX-OCC-ENG-007,CPX-SKL-AUTO-F2885F17,esco,http://data.europa.eu/esco/occupation/5f68c4c3-9d25-48e2-8efc-5471a80fb155:http://data.europa.eu/esco/skill/c643e59b-d74c-4f44-b76e-6e1d96c05ec4:essential,essential,3,,0.5,true,source_mapped,not_reviewed,,,,2026.1
CPX-OCC-ENG-007,CPX-SKL-AUTO-346AB174,esco,http://data.europa.eu/esco/occupation/5f68c4c3-9d25-48e2-8efc-5471a80fb155:http://data.europa.eu/esco/skill/ca3a023b-e604-4133-a620-3a587183d2c5:essential,essential,3,,0.5,true,source_mapped,not_reviewed,,,,2026.1
CPX-OCC-ENG-007,CPX-SKL-AUTO-FF41219D,esco,http://data.europa.eu/esco/occupation/5f68c4c3-9d25-48e2-8efc-5471a80fb155:http://data.europa.eu/esco/skill/ccfbdaad-b91d-4bfe-bd0e-d30b33587f19:optional,desirable,3,,0.5,true,source_mapped,not_reviewed,,,,2026.1
CPX-OCC-ENG-007,CPX-SKL-AUTO-088ADB45,esco,http://data.europa.eu/esco/occupation/5f68c4c3-9d25-48e2-8efc-5471a80fb155:http://data.europa.eu/esco/skill/d8903406-abc4-48be-9b2e-5d8ddf103bd9:optional,desirable,3,,0.5,true,source_mapped,not_reviewed,,,,2026.1
CPX-OCC-ENG-007,CPX-SKL-AUTO-8F428304,esco,http://data.europa.eu/esco/occupation/5f68c4c3-9d25-48e2-8efc-5471a80fb155:http://data.europa.eu/esco/skill/e7e19a59-a780-457b-a027-e901a5cf1ea3:essential,essential,3,,0.5,true,source_mapped,not_reviewed,,,,2026.1
CPX-OCC-ENG-007,CPX-SKL-AUTO-7DE32953,esco,http://data.europa.eu/esco/occupation/5f68c4c3-9d25-48e2-8efc-5471a80fb155:http://data.europa.eu/esco/skill/ef2adfe8-d7a5-465d-bbe6-8f9e913ae7ed:optional,desirable,3,,0.5,true,source_mapped,not_reviewed,,,,2026.1
CPX-OCC-ENG-007,CPX-SKL-AUTO-FFA7CD6D,esco,http://data.europa.eu/esco/occupation/5f68c4c3-9d25-48e2-8efc-5471a80fb155:http://data.europa.eu/esco/skill/f4aeba43-dab5-47fa-89ba-f957ecc86657:essential,essential,3,,0.5,true,source_mapped,not_reviewed,,,,2026.1
CPX-OCC-ENG-008,CPX-SKL-AUTO-73468814,esco,http://data.europa.eu/esco/occupation/6293a718-3fcd-433f-a010-0899821a51b7:http://data.europa.eu/esco/skill/156f8c5b-894a-4ccc-a70e-37a2726f3f00:essential,essential,3,,0.5,true,source_mapped,not_reviewed,,,,2026.1
CPX-OCC-ENG-008,CPX-SKL-AUTO-296147A6,esco,http://data.europa.eu/esco/occupation/6293a718-3fcd-433f-a010-0899821a51b7:http://data.europa.eu/esco/skill/172112b9-1cf8-4b7c-818b-06f0205e52b3:optional,desirable,3,,0.5,true,source_mapped,not_reviewed,,,,2026.1
CPX-OCC-ENG-008,CPX-SKL-AUTO-EDCE5C5F,esco,http://data.europa.eu/esco/occupation/6293a718-3fcd-433f-a010-0899821a51b7:http://data.europa.eu/esco/skill/2ee57de4-bffd-4194-b009-0060edec77cc:optional,desirable,3,,0.5,true,source_mapped,not_reviewed,,,,2026.1
CPX-OCC-ENG-008,CPX-SKL-AUTO-3DD46D2B,esco,http://data.europa.eu/esco/occupation/6293a718-3fcd-433f-a010-0899821a51b7:http://data.europa.eu/esco/skill/3301f54e-5faa-45e0-87d6-a90508c9d903:essential,essential,3,,0.5,true,source_mapped,not_reviewed,,,,2026.1
CPX-OCC-ENG-008,CPX-SKL-AUTO-3DE722C1,esco,http://data.europa.eu/esco/occupation/6293a718-3fcd-433f-a010-0899821a51b7:http://data.europa.eu/esco/skill/3892f2ff-714e-4201-823d-5d6fc5bab621:essential,essential,3,,0.5,true,source_mapped,not_reviewed,,,,2026.1
CPX-OCC-ENG-008,CPX-SKL-AUTO-55DD3C70,esco,http://data.europa.eu/esco/occupation/6293a718-3fcd-433f-a010-0899821a51b7:http://data.europa.eu/esco/skill/3ad4a1d0-34e8-474b-92ce-59c8d01a6e55:optional,desirable,3,,0.5,true,source_mapped,not_reviewed,,,,2026.1
CPX-OCC-ENG-008,CPX-SKL-AUTO-32EA871F,esco,http://data.europa.eu/esco/occupation/6293a718-3fcd-433f-a010-0899821a51b7:http://data.europa.eu/esco/skill/3bc2f41c-fd12-4e01-b60f-4b257fe6a7f0:essential,essential,3,,0.5,true,source_mapped,not_reviewed,,,,2026.1
CPX-OCC-ENG-008,CPX-SKL-AUTO-D762815A,esco,http://data.europa.eu/esco/occupation/6293a718-3fcd-433f-a010-0899821a51b7:http://data.europa.eu/esco/skill/4f9f0410-5db0-4b3b-8de3-1ded1600c719:optional,desirable,3,,0.5,true,source_mapped,not_reviewed,,,,2026.1
CPX-OCC-ENG-008,CPX-SKL-AUTO-114ACB44,esco,http://data.europa.eu/esco/occupation/6293a718-3fcd-433f-a010-0899821a51b7:http://data.europa.eu/esco/skill/5518db9d-4a2f-4b53-9068-4d0d61465bf4:essential,essential,3,,0.5,true,source_mapped,not_reviewed,,,,2026.1
CPX-OCC-ENG-008,CPX-SKL-AUTO-9F831EBC,esco,http://data.europa.eu/esco/occupation/6293a718-3fcd-433f-a010-0899821a51b7:http://data.europa.eu/esco/skill/568d15cc-01da-4a18-b6fe-9fa30dae4cdd:essential,essential,3,,0.5,true,source_mapped,not_reviewed,,,,2026.1
CPX-OCC-ENG-008,CPX-SKL-AUTO-1ED9183B,esco,http://data.europa.eu/esco/occupation/6293a718-3fcd-433f-a010-0899821a51b7:http://data.europa.eu/esco/skill/62e109fe-b619-460a-9f77-4396a6118fcf:optional,desirable,3,,0.5,true,source_mapped,not_reviewed,,,,2026.1
CPX-OCC-ENG-008,CPX-SKL-AUTO-293BF304,esco,http://data.europa.eu/esco/occupation/6293a718-3fcd-433f-a010-0899821a51b7:http://data.europa.eu/esco/skill/65b32af2-3665-49a4-8eec-d3b2138ec09b:optional,desirable,3,,0.5,true,source_mapped,not_reviewed,,,,2026.1
CPX-OCC-ENG-008,CPX-SKL-AUTO-BA27F563,esco,http://data.europa.eu/esco/occupation/6293a718-3fcd-433f-a010-0899821a51b7:http://data.europa.eu/esco/skill/69bece91-c806-42ad-bde4-db28c7f8fc4b:essential,essential,3,,0.5,true,source_mapped,not_reviewed,,,,2026.1
CPX-OCC-ENG-008,CPX-SKL-AUTO-72AD8FD7,esco,http://data.europa.eu/esco/occupation/6293a718-3fcd-433f-a010-0899821a51b7:http://data.europa.eu/esco/skill/71041c1c-a894-4cf7-81fe-4acb08545e51:optional,desirable,3,,0.5,true,source_mapped,not_reviewed,,,,2026.1
CPX-OCC-ENG-008,CPX-SKL-AUTO-8C73E38B,esco,http://data.europa.eu/esco/occupation/6293a718-3fcd-433f-a010-0899821a51b7:http://data.europa.eu/esco/skill/86df7af2-f9f3-4c06-a500-7f1fba9e78fe:essential,essential,3,,0.5,true,source_mapped,not_reviewed,,,,2026.1
CPX-OCC-ENG-008,CPX-SKL-AUTO-CC7014C4,esco,http://data.europa.eu/esco/occupation/6293a718-3fcd-433f-a010-0899821a51b7:http://data.europa.eu/esco/skill/87ebb1d4-3aab-4257-b2bd-7b7f2008eea2:optional,desirable,3,,0.5,true,source_mapped,not_reviewed,,,,2026.1
CPX-OCC-ENG-008,CPX-SKL-AUTO-308E8C1F,esco,http://data.europa.eu/esco/occupation/6293a718-3fcd-433f-a010-0899821a51b7:http://data.europa.eu/esco/skill/9214bb50-f24e-4b82-8dd2-f299ccba2258:essential,essential,3,,0.5,true,source_mapped,not_reviewed,,,,2026.1
CPX-OCC-ENG-008,CPX-SKL-AUTO-BC39FD06,esco,http://data.europa.eu/esco/occupation/6293a718-3fcd-433f-a010-0899821a51b7:http://data.europa.eu/esco/skill/9227266e-36c5-4e34-99da-caba3bd44d02:optional,desirable,3,,0.5,true,source_mapped,not_reviewed,,,,2026.1
CPX-OCC-ENG-008,CPX-SKL-AUTO-A1250330,esco,http://data.europa.eu/esco/occupation/6293a718-3fcd-433f-a010-0899821a51b7:http://data.europa.eu/esco/skill/b0279338-ddfa-473d-b961-fa51b1185612:essential,essential,3,,0.5,true,source_mapped,not_reviewed,,,,2026.1
CPX-OCC-ENG-008,CPX-SKL-AUTO-8AD90170,esco,http://data.europa.eu/esco/occupation/6293a718-3fcd-433f-a010-0899821a51b7:http://data.europa.eu/esco/skill/b7ec6b46-f934-4efd-a8ee-e53128fa81d7:essential,essential,3,,0.5,true,source_mapped,not_reviewed,,,,2026.1
CPX-OCC-ENG-008,CPX-SKL-AUTO-2EFE14EF,esco,http://data.europa.eu/esco/occupation/6293a718-3fcd-433f-a010-0899821a51b7:http://data.europa.eu/esco/skill/bb933bf6-e9a6-4dd8-8c88-0d8bacae30a5:optional,desirable,3,,0.5,true,source_mapped,not_reviewed,,,,2026.1
CPX-OCC-ENG-008,CPX-SKL-AUTO-F2885F17,esco,http://data.europa.eu/esco/occupation/6293a718-3fcd-433f-a010-0899821a51b7:http://data.europa.eu/esco/skill/c643e59b-d74c-4f44-b76e-6e1d96c05ec4:essential,essential,3,,0.5,true,source_mapped,not_reviewed,,,,2026.1
CPX-OCC-ENG-008,CPX-SKL-AUTO-F17D0712,esco,http://data.europa.eu/esco/occupation/6293a718-3fcd-433f-a010-0899821a51b7:http://data.europa.eu/esco/skill/cf2005ee-c788-4283-81d9-b443dfdf2c2e:optional,desirable,3,,0.5,true,source_mapped,not_reviewed,,,,2026.1
CPX-OCC-ENG-008,CPX-SKL-AUTO-2374F94A,esco,http://data.europa.eu/esco/occupation/6293a718-3fcd-433f-a010-0899821a51b7:http://data.europa.eu/esco/skill/ea062dd7-92fc-4172-adce-a56694fd8214:optional,desirable,3,,0.5,true,source_mapped,not_reviewed,,,,2026.1
CPX-OCC-ENG-008,CPX-SKL-AUTO-227982E3,esco,http://data.europa.eu/esco/occupation/6293a718-3fcd-433f-a010-0899821a51b7:http://data.europa.eu/esco/skill/ebf40cf9-5c98-4d84-9f01-b7ca74e90682:essential,essential,3,,0.5,true,source_mapped,not_reviewed,,,,2026.1
CPX-OCC-ENG-008,CPX-SKL-AUTO-7DE32953,esco,http://data.europa.eu/esco/occupation/6293a718-3fcd-433f-a010-0899821a51b7:http://data.europa.eu/esco/skill/ef2adfe8-d7a5-465d-bbe6-8f9e913ae7ed:optional,desirable,3,,0.5,true,source_mapped,not_reviewed,,,,2026.1
CPX-OCC-ENG-008,CPX-SKL-AUTO-E7948D2D,esco,http://data.europa.eu/esco/occupation/6293a718-3fcd-433f-a010-0899821a51b7:http://data.europa.eu/esco/skill/efa141df-f382-418f-9121-bd88fd735669:essential,essential,3,,0.5,true,source_mapped,not_reviewed,,,,2026.1
CPX-OCC-ENG-008,CPX-SKL-AUTO-27844208,esco,http://data.europa.eu/esco/occupation/6293a718-3fcd-433f-a010-0899821a51b7:http://data.europa.eu/esco/skill/f21c872c-68ae-49bb-a84f-bf3097c65443:optional,desirable,3,,0.5,true,source_mapped,not_reviewed,,,,2026.1
CPX-OCC-ENG-006,CPX-SKL-AUTO-2CD33572,esco,http://data.europa.eu/esco/occupation/7c2fbf7d-b934-4f62-8167-0ed90fb2a16f:http://data.europa.eu/esco/skill/0007bdc2-dd15-4824-b7d6-416522c46f35:essential,essential,3,,0.5,true,source_mapped,not_reviewed,,,,2026.1
CPX-OCC-ENG-006,CPX-SKL-AUTO-0CE30C7C,esco,http://data.europa.eu/esco/occupation/7c2fbf7d-b934-4f62-8167-0ed90fb2a16f:http://data.europa.eu/esco/skill/12c7b323-d870-4f5b-9d7d-d9f525206d77:essential,essential,3,,0.5,true,source_mapped,not_reviewed,,,,2026.1
CPX-OCC-ENG-006,CPX-SKL-AUTO-0279C024,esco,http://data.europa.eu/esco/occupation/7c2fbf7d-b934-4f62-8167-0ed90fb2a16f:http://data.europa.eu/esco/skill/209a5498-3449-4689-8ed9-bd08cab4fd78:essential,essential,3,,0.5,true,source_mapped,not_reviewed,,,,2026.1
CPX-OCC-ENG-006,CPX-SKL-AUTO-081400C1,esco,http://data.europa.eu/esco/occupation/7c2fbf7d-b934-4f62-8167-0ed90fb2a16f:http://data.europa.eu/esco/skill/2bbdea06-a265-42b5-bb4f-7241b661f069:optional,desirable,3,,0.5,true,source_mapped,not_reviewed,,,,2026.1
CPX-OCC-ENG-006,CPX-SKL-AUTO-D9ADEFFB,esco,http://data.europa.eu/esco/occupation/7c2fbf7d-b934-4f62-8167-0ed90fb2a16f:http://data.europa.eu/esco/skill/2fea2558-630e-480d-9e12-47a05bc19b55:optional,desirable,3,,0.5,true,source_mapped,not_reviewed,,,,2026.1
CPX-OCC-ENG-006,CPX-SKL-AUTO-959DB502,esco,http://data.europa.eu/esco/occupation/7c2fbf7d-b934-4f62-8167-0ed90fb2a16f:http://data.europa.eu/esco/skill/328733a7-6d84-420d-a65c-2a8014fadc60:optional,desirable,3,,0.5,true,source_mapped,not_reviewed,,,,2026.1
CPX-OCC-ENG-006,CPX-SKL-AUTO-F260B394,esco,http://data.europa.eu/esco/occupation/7c2fbf7d-b934-4f62-8167-0ed90fb2a16f:http://data.europa.eu/esco/skill/3786b61f-f22e-48d1-af8d-ad4c354534db:essential,essential,3,,0.5,true,source_mapped,not_reviewed,,,,2026.1
CPX-OCC-ENG-006,CPX-SKL-AUTO-1D4E2E34,esco,http://data.europa.eu/esco/occupation/7c2fbf7d-b934-4f62-8167-0ed90fb2a16f:http://data.europa.eu/esco/skill/3e40c7d0-0e36-4b33-bc33-0aa87eda0561:optional,desirable,3,,0.5,true,source_mapped,not_reviewed,,,,2026.1
CPX-OCC-ENG-006,CPX-SKL-AUTO-6F647F1B,esco,http://data.europa.eu/esco/occupation/7c2fbf7d-b934-4f62-8167-0ed90fb2a16f:http://data.europa.eu/esco/skill/42b23922-1c40-4dbe-9e0c-7a568dfdf06b:essential,essential,3,,0.5,true,source_mapped,not_reviewed,,,,2026.1
CPX-OCC-ENG-006,CPX-SKL-AUTO-4E8960AB,esco,http://data.europa.eu/esco/occupation/7c2fbf7d-b934-4f62-8167-0ed90fb2a16f:http://data.europa.eu/esco/skill/465ff64a-1271-4064-8ed1-e969cb68d8b4:optional,desirable,3,,0.5,true,source_mapped,not_reviewed,,,,2026.1
CPX-OCC-ENG-006,CPX-SKL-AUTO-E900B26A,esco,http://data.europa.eu/esco/occupation/7c2fbf7d-b934-4f62-8167-0ed90fb2a16f:http://data.europa.eu/esco/skill/4c58528e-bdaa-43ad-8f5a-8ad0b8cd4bbb:optional,desirable,3,,0.5,true,source_mapped,not_reviewed,,,,2026.1
CPX-OCC-ENG-006,CPX-SKL-AUTO-C999ABAC,esco,http://data.europa.eu/esco/occupation/7c2fbf7d-b934-4f62-8167-0ed90fb2a16f:http://data.europa.eu/esco/skill/4f0e579d-ca7b-427c-ace6-9e2de3eb19c7:optional,desirable,3,,0.5,true,source_mapped,not_reviewed,,,,2026.1
CPX-OCC-ENG-006,CPX-SKL-AUTO-B7A8AF32,esco,http://data.europa.eu/esco/occupation/7c2fbf7d-b934-4f62-8167-0ed90fb2a16f:http://data.europa.eu/esco/skill/4fabca9a-7435-4f33-b1da-3cdb00340fdc:essential,essential,3,,0.5,true,source_mapped,not_reviewed,,,,2026.1
CPX-OCC-ENG-006,CPX-SKL-AUTO-8308E008,esco,http://data.europa.eu/esco/occupation/7c2fbf7d-b934-4f62-8167-0ed90fb2a16f:http://data.europa.eu/esco/skill/53403f06-6c51-4a24-9491-d8a6200526ce:optional,desirable,3,,0.5,true,source_mapped,not_reviewed,,,,2026.1
CPX-OCC-ENG-006,CPX-SKL-AUTO-0FBF48C0,esco,http://data.europa.eu/esco/occupation/7c2fbf7d-b934-4f62-8167-0ed90fb2a16f:http://data.europa.eu/esco/skill/541561bc-510c-4a99-881c-2d8bf5a85462:essential,essential,3,,0.5,true,source_mapped,not_reviewed,,,,2026.1
CPX-OCC-ENG-006,CPX-SKL-AUTO-E470E871,esco,http://data.europa.eu/esco/occupation/7c2fbf7d-b934-4f62-8167-0ed90fb2a16f:http://data.europa.eu/esco/skill/59ea80e1-463a-4dba-82c6-d0b6d577d532:essential,essential,3,,0.5,true,source_mapped,not_reviewed,,,,2026.1
CPX-OCC-ENG-006,CPX-SKL-AUTO-7C31C384,esco,http://data.europa.eu/esco/occupation/7c2fbf7d-b934-4f62-8167-0ed90fb2a16f:http://data.europa.eu/esco/skill/62278d41-2182-4a95-8e9c-ae6fa3e342b7:optional,desirable,3,,0.5,true,source_mapped,not_reviewed,,,,2026.1
CPX-OCC-ENG-006,CPX-SKL-AUTO-9A3392C7,esco,http://data.europa.eu/esco/occupation/7c2fbf7d-b934-4f62-8167-0ed90fb2a16f:http://data.europa.eu/esco/skill/69925c23-6fed-4baa-8bf3-e5aaeb6b0b54:optional,desirable,3,,0.5,true,source_mapped,not_reviewed,,,,2026.1
CPX-OCC-ENG-006,CPX-SKL-AUTO-1014C414,esco,http://data.europa.eu/esco/occupation/7c2fbf7d-b934-4f62-8167-0ed90fb2a16f:http://data.europa.eu/esco/skill/6ed67cf0-d8b9-4025-8b6e-a29a11e6b977:optional,desirable,3,,0.5,true,source_mapped,not_reviewed,,,,2026.1
CPX-OCC-ENG-006,CPX-SKL-AUTO-40628FD9,esco,http://data.europa.eu/esco/occupation/7c2fbf7d-b934-4f62-8167-0ed90fb2a16f:http://data.europa.eu/esco/skill/72a74f69-5cf1-43c5-99b9-62a444578919:essential,essential,3,,0.5,true,source_mapped,not_reviewed,,,,2026.1
CPX-OCC-ENG-006,CPX-SKL-AUTO-B83CDA08,esco,http://data.europa.eu/esco/occupation/7c2fbf7d-b934-4f62-8167-0ed90fb2a16f:http://data.europa.eu/esco/skill/7a757fa5-9a6f-43ab-9e66-f8f4dba1ffcb:optional,desirable,3,,0.5,true,source_mapped,not_reviewed,,,,2026.1
CPX-OCC-ENG-006,CPX-SKL-AUTO-33D28B04,esco,http://data.europa.eu/esco/occupation/7c2fbf7d-b934-4f62-8167-0ed90fb2a16f:http://data.europa.eu/esco/skill/82313e12-9d39-47d1-b7c9-78bbd6bb50e2:optional,desirable,3,,0.5,true,source_mapped,not_reviewed,,,,2026.1
CPX-OCC-ENG-006,CPX-SKL-AUTO-8695F01D,esco,http://data.europa.eu/esco/occupation/7c2fbf7d-b934-4f62-8167-0ed90fb2a16f:http://data.europa.eu/esco/skill/8d4271ca-c9fd-40b3-875f-15f78332a49e:essential,essential,3,,0.5,true,source_mapped,not_reviewed,,,,2026.1
CPX-OCC-ENG-006,CPX-SKL-AUTO-CFD967E8,esco,http://data.europa.eu/esco/occupation/7c2fbf7d-b934-4f62-8167-0ed90fb2a16f:http://data.europa.eu/esco/skill/95c35c3a-035f-47c2-90cf-7e934d20fc08:optional,desirable,3,,0.5,true,source_mapped,not_reviewed,,,,2026.1
CPX-OCC-ENG-006,CPX-SKL-AUTO-D5CBD41C,esco,http://data.europa.eu/esco/occupation/7c2fbf7d-b934-4f62-8167-0ed90fb2a16f:http://data.europa.eu/esco/skill/9c071f1d-eac3-449d-b004-c14775b5a3b9:optional,desirable,3,,0.5,true,source_mapped,not_reviewed,,,,2026.1
CPX-OCC-ENG-006,CPX-SKL-AUTO-54FB3524,esco,http://data.europa.eu/esco/occupation/7c2fbf7d-b934-4f62-8167-0ed90fb2a16f:http://data.europa.eu/esco/skill/a1816dfd-dbdc-4499-bef3-ff81dd895b33:essential,essential,3,,0.5,true,source_mapped,not_reviewed,,,,2026.1
CPX-OCC-ENG-006,CPX-SKL-AUTO-EBE5DD16,esco,http://data.europa.eu/esco/occupation/7c2fbf7d-b934-4f62-8167-0ed90fb2a16f:http://data.europa.eu/esco/skill/a8d41cca-3bc9-4d2a-ae09-436dabe86e21:optional,desirable,3,,0.5,true,source_mapped,not_reviewed,,,,2026.1
CPX-OCC-ENG-006,CPX-SKL-AUTO-1083AFD4,esco,http://data.europa.eu/esco/occupation/7c2fbf7d-b934-4f62-8167-0ed90fb2a16f:http://data.europa.eu/esco/skill/af0bbc31-b54d-4e8d-82b1-2e91a1115523:optional,desirable,3,,0.5,true,source_mapped,not_reviewed,,,,2026.1
CPX-OCC-ENG-006,CPX-SKL-AUTO-052B962E,esco,http://data.europa.eu/esco/occupation/7c2fbf7d-b934-4f62-8167-0ed90fb2a16f:http://data.europa.eu/esco/skill/b34e2ba1-9080-48c9-9b42-ee9192a4d3f1:optional,desirable,3,,0.5,true,source_mapped,not_reviewed,,,,2026.1
CPX-OCC-ENG-006,CPX-SKL-AUTO-06DC0CB9,esco,http://data.europa.eu/esco/occupation/7c2fbf7d-b934-4f62-8167-0ed90fb2a16f:http://data.europa.eu/esco/skill/b7a03115-41c9-4167-a0b6-7e40cf0fd607:optional,desirable,3,,0.5,true,source_mapped,not_reviewed,,,,2026.1
CPX-OCC-ENG-006,CPX-SKL-AUTO-D7F587B8,esco,http://data.europa.eu/esco/occupation/7c2fbf7d-b934-4f62-8167-0ed90fb2a16f:http://data.europa.eu/esco/skill/bacbfc27-4b5d-47de-8bfd-af5fa27562a2:optional,desirable,3,,0.5,true,source_mapped,not_reviewed,,,,2026.1
CPX-OCC-ENG-006,CPX-SKL-AUTO-7E351D62,esco,http://data.europa.eu/esco/occupation/7c2fbf7d-b934-4f62-8167-0ed90fb2a16f:http://data.europa.eu/esco/skill/bbd57056-80e0-45bb-a2c1-658ed99a1251:optional,desirable,3,,0.5,true,source_mapped,not_reviewed,,,,2026.1
CPX-OCC-ENG-006,CPX-SKL-AUTO-8766C1B8,esco,http://data.europa.eu/esco/occupation/7c2fbf7d-b934-4f62-8167-0ed90fb2a16f:http://data.europa.eu/esco/skill/c5422318-3218-4ce9-9bdd-f38b93ff63a3:optional,desirable,3,,0.5,true,source_mapped,not_reviewed,,,,2026.1
CPX-OCC-ENG-006,CPX-SKL-AUTO-DA0A87CC,esco,http://data.europa.eu/esco/occupation/7c2fbf7d-b934-4f62-8167-0ed90fb2a16f:http://data.europa.eu/esco/skill/d74df140-eb69-43e2-bac9-1cafc824d702:essential,essential,3,,0.5,true,source_mapped,not_reviewed,,,,2026.1
CPX-OCC-ENG-006,CPX-SKL-AUTO-067EB21B,esco,http://data.europa.eu/esco/occupation/7c2fbf7d-b934-4f62-8167-0ed90fb2a16f:http://data.europa.eu/esco/skill/e0ded9a1-372d-46c8-80b5-ad994d606ef2:optional,desirable,3,,0.5,true,source_mapped,not_reviewed,,,,2026.1
CPX-OCC-ENG-006,CPX-SKL-AUTO-E66D8FAF,esco,http://data.europa.eu/esco/occupation/7c2fbf7d-b934-4f62-8167-0ed90fb2a16f:http://data.europa.eu/esco/skill/e95058a6-e139-42e7-a470-72038a606649:essential,essential,3,,0.5,true,source_mapped,not_reviewed,,,,2026.1
CPX-OCC-ENG-006,CPX-SKL-AUTO-8018132A,esco,http://data.europa.eu/esco/occupation/7c2fbf7d-b934-4f62-8167-0ed90fb2a16f:http://data.europa.eu/esco/skill/f10142ce-d522-49c3-9fd1-054fb63529d4:optional,desirable,3,,0.5,true,source_mapped,not_reviewed,,,,2026.1
CPX-OCC-ENG-006,CPX-SKL-AUTO-4D910082,esco,http://data.europa.eu/esco/occupation/7c2fbf7d-b934-4f62-8167-0ed90fb2a16f:http://data.europa.eu/esco/skill/f1b5800e-b763-4740-9586-3fef30568e81:essential,essential,3,,0.5,true,source_mapped,not_reviewed,,,,2026.1
CPX-OCC-ENG-006,CPX-SKL-AUTO-D82A5A70,esco,http://data.europa.eu/esco/occupation/7c2fbf7d-b934-4f62-8167-0ed90fb2a16f:http://data.europa.eu/esco/skill/f54c10e4-630d-4e50-95e9-4e9e268e8f12:essential,essential,3,,0.5,true,source_mapped,not_reviewed,,,,2026.1
CPX-OCC-ENG-006,CPX-SKL-AUTO-B25A8613,esco,http://data.europa.eu/esco/occupation/7c2fbf7d-b934-4f62-8167-0ed90fb2a16f:http://data.europa.eu/esco/skill/feceacee-d425-4e73-821a-02dfb85084db:essential,essential,3,,0.5,true,source_mapped,not_reviewed,,,,2026.1
CPX-OCC-ENG-010,CPX-SKL-AUTO-A38B79EF,esco,http://data.europa.eu/esco/occupation/93e4e70b-aae4-4fdc-8037-e48e7077564e:http://data.europa.eu/esco/skill/03589d0d-a6f0-4d68-b5eb-dafbc6833efe:optional,desirable,3,,0.5,true,source_mapped,not_reviewed,,,,2026.1
CPX-OCC-ENG-010,CPX-SKL-AUTO-CEE11DA6,esco,http://data.europa.eu/esco/occupation/93e4e70b-aae4-4fdc-8037-e48e7077564e:http://data.europa.eu/esco/skill/06670261-ea6b-4b52-a915-c7d4ff837f74:essential,essential,3,,0.5,true,source_mapped,not_reviewed,,,,2026.1
CPX-OCC-ENG-010,CPX-SKL-AUTO-A9093D61,esco,http://data.europa.eu/esco/occupation/93e4e70b-aae4-4fdc-8037-e48e7077564e:http://data.europa.eu/esco/skill/081d7679-5070-4777-bece-a28c49f15636:essential,essential,3,,0.5,true,source_mapped,not_reviewed,,,,2026.1
CPX-OCC-ENG-010,CPX-SKL-AUTO-21789335,esco,http://data.europa.eu/esco/occupation/93e4e70b-aae4-4fdc-8037-e48e7077564e:http://data.europa.eu/esco/skill/0a71a150-17fd-448e-a5b8-19fbea76d569:essential,essential,3,,0.5,true,source_mapped,not_reviewed,,,,2026.1
CPX-OCC-ENG-010,CPX-SKL-AUTO-FF7F2BA1,esco,http://data.europa.eu/esco/occupation/93e4e70b-aae4-4fdc-8037-e48e7077564e:http://data.europa.eu/esco/skill/0c67b0dd-8cbf-43e4-a9d7-0c4c2e7a6236:optional,desirable,3,,0.5,true,source_mapped,not_reviewed,,,,2026.1
CPX-OCC-ENG-010,CPX-SKL-AUTO-83549F13,esco,http://data.europa.eu/esco/occupation/93e4e70b-aae4-4fdc-8037-e48e7077564e:http://data.europa.eu/esco/skill/1f403e44-7a79-4b91-b86a-e406208be161:essential,essential,3,,0.5,true,source_mapped,not_reviewed,,,,2026.1
CPX-OCC-ENG-010,CPX-SKL-AUTO-9BF7F092,esco,http://data.europa.eu/esco/occupation/93e4e70b-aae4-4fdc-8037-e48e7077564e:http://data.europa.eu/esco/skill/1f632076-fd9b-4b18-a9a2-b59a59181d3e:essential,essential,3,,0.5,true,source_mapped,not_reviewed,,,,2026.1
CPX-OCC-ENG-010,CPX-SKL-AUTO-902FF101,esco,http://data.europa.eu/esco/occupation/93e4e70b-aae4-4fdc-8037-e48e7077564e:http://data.europa.eu/esco/skill/34330a42-eeb0-44c3-a41e-670e9b20c7c7:optional,desirable,3,,0.5,true,source_mapped,not_reviewed,,,,2026.1
CPX-OCC-ENG-010,CPX-SKL-AUTO-3F771FD9,esco,http://data.europa.eu/esco/occupation/93e4e70b-aae4-4fdc-8037-e48e7077564e:http://data.europa.eu/esco/skill/382c11ed-20d5-4ae7-b60e-15fec527fa6c:essential,essential,3,,0.5,true,source_mapped,not_reviewed,,,,2026.1
CPX-OCC-ENG-010,CPX-SKL-AUTO-DA580D49,esco,http://data.europa.eu/esco/occupation/93e4e70b-aae4-4fdc-8037-e48e7077564e:http://data.europa.eu/esco/skill/414332e4-8347-4771-b947-65bd3801a620:optional,desirable,3,,0.5,true,source_mapped,not_reviewed,,,,2026.1
CPX-OCC-ENG-010,CPX-SKL-AUTO-99A27A44,esco,http://data.europa.eu/esco/occupation/93e4e70b-aae4-4fdc-8037-e48e7077564e:http://data.europa.eu/esco/skill/48f480aa-c9a8-4552-b1c5-e94330912257:optional,desirable,3,,0.5,true,source_mapped,not_reviewed,,,,2026.1
CPX-OCC-ENG-010,CPX-SKL-AUTO-75E7C22D,esco,http://data.europa.eu/esco/occupation/93e4e70b-aae4-4fdc-8037-e48e7077564e:http://data.europa.eu/esco/skill/620b7a6a-2231-4fea-b175-fd7ff16cce0a:essential,essential,3,,0.5,true,source_mapped,not_reviewed,,,,2026.1
CPX-OCC-ENG-010,CPX-SKL-AUTO-09D9D6C3,esco,http://data.europa.eu/esco/occupation/93e4e70b-aae4-4fdc-8037-e48e7077564e:http://data.europa.eu/esco/skill/656ae836-2075-459f-8967-03706d4ac2bb:optional,desirable,3,,0.5,true,source_mapped,not_reviewed,,,,2026.1
CPX-OCC-ENG-010,CPX-SKL-AUTO-FAA6CE4C,esco,http://data.europa.eu/esco/occupation/93e4e70b-aae4-4fdc-8037-e48e7077564e:http://data.europa.eu/esco/skill/6f5850ea-5785-4e2c-b062-743066fd5bdb:essential,essential,3,,0.5,true,source_mapped,not_reviewed,,,,2026.1
CPX-OCC-ENG-010,CPX-SKL-AUTO-F6536A51,esco,http://data.europa.eu/esco/occupation/93e4e70b-aae4-4fdc-8037-e48e7077564e:http://data.europa.eu/esco/skill/77f109c4-3107-4d2a-a512-5160ac103933:essential,essential,3,,0.5,true,source_mapped,not_reviewed,,,,2026.1
CPX-OCC-ENG-010,CPX-SKL-AUTO-35B604B8,esco,http://data.europa.eu/esco/occupation/93e4e70b-aae4-4fdc-8037-e48e7077564e:http://data.europa.eu/esco/skill/7bf0c60a-9303-414b-a43c-21c28a98d4ff:essential,essential,3,,0.5,true,source_mapped,not_reviewed,,,,2026.1
CPX-OCC-ENG-010,CPX-SKL-AUTO-A21B8983,esco,http://data.europa.eu/esco/occupation/93e4e70b-aae4-4fdc-8037-e48e7077564e:http://data.europa.eu/esco/skill/7ee4c2ea-b349-4bd2-81a3-ec31475d4833:essential,essential,3,,0.5,true,source_mapped,not_reviewed,,,,2026.1
CPX-OCC-ENG-010,CPX-SKL-AUTO-E2348734,esco,http://data.europa.eu/esco/occupation/93e4e70b-aae4-4fdc-8037-e48e7077564e:http://data.europa.eu/esco/skill/7f18039d-dfae-471b-9daa-507f6b2d2842:essential,essential,3,,0.5,true,source_mapped,not_reviewed,,,,2026.1
CPX-OCC-ENG-010,CPX-SKL-AUTO-550464DF,esco,http://data.europa.eu/esco/occupation/93e4e70b-aae4-4fdc-8037-e48e7077564e:http://data.europa.eu/esco/skill/81a2db2c-7e55-44d0-9cd9-74c25147d7cd:essential,essential,3,,0.5,true,source_mapped,not_reviewed,,,,2026.1
CPX-OCC-ENG-010,CPX-SKL-AUTO-DCA6C688,esco,http://data.europa.eu/esco/occupation/93e4e70b-aae4-4fdc-8037-e48e7077564e:http://data.europa.eu/esco/skill/82394321-7f35-4a29-b2fa-4a58f66258f5:optional,desirable,3,,0.5,true,source_mapped,not_reviewed,,,,2026.1
CPX-OCC-ENG-010,CPX-SKL-AUTO-FDD48A42,esco,http://data.europa.eu/esco/occupation/93e4e70b-aae4-4fdc-8037-e48e7077564e:http://data.europa.eu/esco/skill/82887396-e5bf-4306-af51-3fe8d82790b2:optional,desirable,3,,0.5,true,source_mapped,not_reviewed,,,,2026.1
CPX-OCC-ENG-010,CPX-SKL-AUTO-28EB40E2,esco,http://data.europa.eu/esco/occupation/93e4e70b-aae4-4fdc-8037-e48e7077564e:http://data.europa.eu/esco/skill/83d57165-ecba-4a8b-ad28-e71630f961a0:optional,desirable,3,,0.5,true,source_mapped,not_reviewed,,,,2026.1
CPX-OCC-ENG-010,CPX-SKL-AUTO-16CB42CA,esco,http://data.europa.eu/esco/occupation/93e4e70b-aae4-4fdc-8037-e48e7077564e:http://data.europa.eu/esco/skill/87454307-a3ad-40ce-8024-1aeb7c94f1e3:essential,essential,3,,0.5,true,source_mapped,not_reviewed,,,,2026.1
CPX-OCC-ENG-010,CPX-SKL-AUTO-238F79D4,esco,http://data.europa.eu/esco/occupation/93e4e70b-aae4-4fdc-8037-e48e7077564e:http://data.europa.eu/esco/skill/95f4631e-fcde-467f-8277-01e824b40a06:essential,essential,3,,0.5,true,source_mapped,not_reviewed,,,,2026.1
CPX-OCC-ENG-010,CPX-SKL-AUTO-62453CBF,esco,http://data.europa.eu/esco/occupation/93e4e70b-aae4-4fdc-8037-e48e7077564e:http://data.europa.eu/esco/skill/96835f47-da71-415b-8cbf-d37386dc98d4:essential,essential,3,,0.5,true,source_mapped,not_reviewed,,,,2026.1
CPX-OCC-ENG-010,CPX-SKL-AUTO-BE9FAE55,esco,http://data.europa.eu/esco/occupation/93e4e70b-aae4-4fdc-8037-e48e7077564e:http://data.europa.eu/esco/skill/969caeb0-cfc5-42aa-9c44-0ca3c09305fe:essential,essential,3,,0.5,true,source_mapped,not_reviewed,,,,2026.1
CPX-OCC-ENG-010,CPX-SKL-AUTO-D0363562,esco,http://data.europa.eu/esco/occupation/93e4e70b-aae4-4fdc-8037-e48e7077564e:http://data.europa.eu/esco/skill/9775c2f8-6c1f-4fb8-8c03-c7081dafc0b5:optional,desirable,3,,0.5,true,source_mapped,not_reviewed,,,,2026.1
CPX-OCC-ENG-010,CPX-SKL-AUTO-88F5680B,esco,http://data.europa.eu/esco/occupation/93e4e70b-aae4-4fdc-8037-e48e7077564e:http://data.europa.eu/esco/skill/99095ca0-1218-462d-9e95-79e334ba8b63:essential,essential,3,,0.5,true,source_mapped,not_reviewed,,,,2026.1
CPX-OCC-ENG-010,CPX-SKL-AUTO-247ADC43,esco,http://data.europa.eu/esco/occupation/93e4e70b-aae4-4fdc-8037-e48e7077564e:http://data.europa.eu/esco/skill/99fc129e-360c-4174-9553-5c666a64a395:optional,desirable,3,,0.5,true,source_mapped,not_reviewed,,,,2026.1
CPX-OCC-ENG-010,CPX-SKL-AUTO-2F6D5183,esco,http://data.europa.eu/esco/occupation/93e4e70b-aae4-4fdc-8037-e48e7077564e:http://data.europa.eu/esco/skill/ad59afe4-6f8a-4bc4-acfd-0f228277508a:essential,essential,3,,0.5,true,source_mapped,not_reviewed,,,,2026.1
CPX-OCC-ENG-010,CPX-SKL-AUTO-C9B467F9,esco,http://data.europa.eu/esco/occupation/93e4e70b-aae4-4fdc-8037-e48e7077564e:http://data.europa.eu/esco/skill/b4292366-9d25-48c5-9775-60f2bf56b5fd:optional,desirable,3,,0.5,true,source_mapped,not_reviewed,,,,2026.1
CPX-OCC-ENG-010,CPX-SKL-AUTO-F579CFF6,esco,http://data.europa.eu/esco/occupation/93e4e70b-aae4-4fdc-8037-e48e7077564e:http://data.europa.eu/esco/skill/b4b28d82-0a26-4b1c-a932-38d4378c189e:optional,desirable,3,,0.5,true,source_mapped,not_reviewed,,,,2026.1
CPX-OCC-ENG-010,CPX-SKL-AUTO-B4142F9E,esco,http://data.europa.eu/esco/occupation/93e4e70b-aae4-4fdc-8037-e48e7077564e:http://data.europa.eu/esco/skill/b8316819-feca-403d-902f-a86562fd91e9:essential,essential,3,,0.5,true,source_mapped,not_reviewed,,,,2026.1
CPX-OCC-ENG-010,CPX-SKL-AUTO-BDC2E760,esco,http://data.europa.eu/esco/occupation/93e4e70b-aae4-4fdc-8037-e48e7077564e:http://data.europa.eu/esco/skill/bb664ebf-2e54-4a88-ab97-158c3d321af9:optional,desirable,3,,0.5,true,source_mapped,not_reviewed,,,,2026.1
CPX-OCC-ENG-010,CPX-SKL-AUTO-216D3D64,esco,http://data.europa.eu/esco/occupation/93e4e70b-aae4-4fdc-8037-e48e7077564e:http://data.europa.eu/esco/skill/c0326e27-5fa8-4dca-aecb-ed89ab491513:essential,essential,3,,0.5,true,source_mapped,not_reviewed,,,,2026.1
CPX-OCC-ENG-010,CPX-SKL-AUTO-6FB1597E,esco,http://data.europa.eu/esco/occupation/93e4e70b-aae4-4fdc-8037-e48e7077564e:http://data.europa.eu/esco/skill/c544a9f3-5945-4b54-afed-de0697852817:essential,essential,3,,0.5,true,source_mapped,not_reviewed,,,,2026.1
CPX-OCC-ENG-010,CPX-SKL-AUTO-14F4C55C,esco,http://data.europa.eu/esco/occupation/93e4e70b-aae4-4fdc-8037-e48e7077564e:http://data.europa.eu/esco/skill/c55caed2-de9e-4a25-819e-a0b0e83fba1b:optional,desirable,3,,0.5,true,source_mapped,not_reviewed,,,,2026.1
CPX-OCC-ENG-010,CPX-SKL-AUTO-9C4561CF,esco,http://data.europa.eu/esco/occupation/93e4e70b-aae4-4fdc-8037-e48e7077564e:http://data.europa.eu/esco/skill/ceb0d9a0-96c6-4334-bcf4-c529e314d1ac:optional,desirable,3,,0.5,true,source_mapped,not_reviewed,,,,2026.1
CPX-OCC-ENG-010,CPX-SKL-AUTO-4244DC7D,esco,http://data.europa.eu/esco/occupation/93e4e70b-aae4-4fdc-8037-e48e7077564e:http://data.europa.eu/esco/skill/d22f2f23-9dd5-4854-bada-0514ff6c51a9:essential,essential,3,,0.5,true,source_mapped,not_reviewed,,,,2026.1
CPX-OCC-ENG-010,CPX-SKL-AUTO-F5B7B96A,esco,http://data.europa.eu/esco/occupation/93e4e70b-aae4-4fdc-8037-e48e7077564e:http://data.europa.eu/esco/skill/dae63e12-3547-493c-8e6b-809c348984fe:optional,desirable,3,,0.5,true,source_mapped,not_reviewed,,,,2026.1
CPX-OCC-ENG-010,CPX-SKL-AUTO-61F7D83B,esco,http://data.europa.eu/esco/occupation/93e4e70b-aae4-4fdc-8037-e48e7077564e:http://data.europa.eu/esco/skill/dda26251-7331-41fd-871f-1106ca468189:essential,essential,3,,0.5,true,source_mapped,not_reviewed,,,,2026.1
CPX-OCC-ENG-010,CPX-SKL-AUTO-C218EB29,esco,http://data.europa.eu/esco/occupation/93e4e70b-aae4-4fdc-8037-e48e7077564e:http://data.europa.eu/esco/skill/ef1d031a-33f1-4778-934c-080545315686:optional,desirable,3,,0.5,true,source_mapped,not_reviewed,,,,2026.1
CPX-OCC-ENG-010,CPX-SKL-AUTO-FE3BE470,esco,http://data.europa.eu/esco/occupation/93e4e70b-aae4-4fdc-8037-e48e7077564e:http://data.europa.eu/esco/skill/efb523d0-c998-440d-8639-cd14ba841c4c:essential,essential,3,,0.5,true,source_mapped,not_reviewed,,,,2026.1
CPX-OCC-ENG-010,CPX-SKL-AUTO-C8D98075,esco,http://data.europa.eu/esco/occupation/93e4e70b-aae4-4fdc-8037-e48e7077564e:http://data.europa.eu/esco/skill/f167af5e-096a-4ffd-8340-8306399823a3:optional,desirable,3,,0.5,true,source_mapped,not_reviewed,,,,2026.1
CPX-OCC-ENG-010,CPX-SKL-AUTO-1F9A12CD,esco,http://data.europa.eu/esco/occupation/a377fafb-7e6e-4925-bc64-8099b58aafb8:http://data.europa.eu/esco/skill/089ee650-297e-4716-87d1-440743b70a0d:essential,essential,3,,0.5,true,source_mapped,not_reviewed,,,,2026.1
CPX-OCC-ENG-010,CPX-SKL-AUTO-AEDDE0A3,esco,http://data.europa.eu/esco/occupation/a377fafb-7e6e-4925-bc64-8099b58aafb8:http://data.europa.eu/esco/skill/11bebcd3-ad55-42b9-b9af-4c7cd7953e3f:essential,essential,3,,0.5,true,source_mapped,not_reviewed,,,,2026.1
CPX-OCC-ENG-010,CPX-SKL-AUTO-5B0E2959,esco,http://data.europa.eu/esco/occupation/a377fafb-7e6e-4925-bc64-8099b58aafb8:http://data.europa.eu/esco/skill/189777b9-6e95-4f76-b8db-f8e0f0477bc6:optional,desirable,3,,0.5,true,source_mapped,not_reviewed,,,,2026.1
CPX-OCC-ENG-010,CPX-SKL-AUTO-00CA60A1,esco,http://data.europa.eu/esco/occupation/a377fafb-7e6e-4925-bc64-8099b58aafb8:http://data.europa.eu/esco/skill/200a8387-d67c-43e4-9cdc-44ab592c299e:essential,essential,3,,0.5,true,source_mapped,not_reviewed,,,,2026.1
CPX-OCC-ENG-010,CPX-SKL-AUTO-0279C024,esco,http://data.europa.eu/esco/occupation/a377fafb-7e6e-4925-bc64-8099b58aafb8:http://data.europa.eu/esco/skill/209a5498-3449-4689-8ed9-bd08cab4fd78:essential,essential,3,,0.5,true,source_mapped,not_reviewed,,,,2026.1
CPX-OCC-ENG-010,CPX-SKL-AUTO-3A91AE7D,esco,http://data.europa.eu/esco/occupation/a377fafb-7e6e-4925-bc64-8099b58aafb8:http://data.europa.eu/esco/skill/233be639-bdb5-4099-ab40-96d537d6c1f3:essential,essential,3,,0.5,true,source_mapped,not_reviewed,,,,2026.1
CPX-OCC-ENG-010,CPX-SKL-AUTO-2134CEF7,esco,http://data.europa.eu/esco/occupation/a377fafb-7e6e-4925-bc64-8099b58aafb8:http://data.europa.eu/esco/skill/25b973c6-68ea-4ff7-bd26-aa76bd08b62a:essential,essential,3,,0.5,true,source_mapped,not_reviewed,,,,2026.1
CPX-OCC-ENG-010,CPX-SKL-AUTO-E2BF03CB,esco,http://data.europa.eu/esco/occupation/a377fafb-7e6e-4925-bc64-8099b58aafb8:http://data.europa.eu/esco/skill/397412dc-47c4-4580-82d0-15a9f9a86ea2:essential,essential,3,,0.5,true,source_mapped,not_reviewed,,,,2026.1
CPX-OCC-ENG-010,CPX-SKL-AUTO-8859E9D2,esco,http://data.europa.eu/esco/occupation/a377fafb-7e6e-4925-bc64-8099b58aafb8:http://data.europa.eu/esco/skill/414bfea8-a6bd-44e1-8820-80b1238a39cc:optional,desirable,3,,0.5,true,source_mapped,not_reviewed,,,,2026.1
CPX-OCC-ENG-010,CPX-SKL-AUTO-6F647F1B,esco,http://data.europa.eu/esco/occupation/a377fafb-7e6e-4925-bc64-8099b58aafb8:http://data.europa.eu/esco/skill/42b23922-1c40-4dbe-9e0c-7a568dfdf06b:essential,essential,3,,0.5,true,source_mapped,not_reviewed,,,,2026.1
CPX-OCC-ENG-010,CPX-SKL-AUTO-925BE284,esco,http://data.europa.eu/esco/occupation/a377fafb-7e6e-4925-bc64-8099b58aafb8:http://data.europa.eu/esco/skill/4d032f82-6279-48e6-9892-116440a071e3:optional,desirable,3,,0.5,true,source_mapped,not_reviewed,,,,2026.1
CPX-OCC-ENG-010,CPX-SKL-AUTO-519712A0,esco,http://data.europa.eu/esco/occupation/a377fafb-7e6e-4925-bc64-8099b58aafb8:http://data.europa.eu/esco/skill/4ee4ed1d-dc38-48e0-a9e6-a6b64f316ea6:optional,desirable,3,,0.5,true,source_mapped,not_reviewed,,,,2026.1
CPX-OCC-ENG-010,CPX-SKL-AUTO-B7A8AF32,esco,http://data.europa.eu/esco/occupation/a377fafb-7e6e-4925-bc64-8099b58aafb8:http://data.europa.eu/esco/skill/4fabca9a-7435-4f33-b1da-3cdb00340fdc:essential,essential,3,,0.5,true,source_mapped,not_reviewed,,,,2026.1
CPX-OCC-ENG-010,CPX-SKL-AUTO-0FBF48C0,esco,http://data.europa.eu/esco/occupation/a377fafb-7e6e-4925-bc64-8099b58aafb8:http://data.europa.eu/esco/skill/541561bc-510c-4a99-881c-2d8bf5a85462:essential,essential,3,,0.5,true,source_mapped,not_reviewed,,,,2026.1
CPX-OCC-ENG-010,CPX-SKL-AUTO-B6D8D6C0,esco,http://data.europa.eu/esco/occupation/a377fafb-7e6e-4925-bc64-8099b58aafb8:http://data.europa.eu/esco/skill/564e86a6-0916-44e6-b3d6-d99bc0c1f194:essential,essential,3,,0.5,true,source_mapped,not_reviewed,,,,2026.1
CPX-OCC-ENG-010,CPX-SKL-AUTO-E470E871,esco,http://data.europa.eu/esco/occupation/a377fafb-7e6e-4925-bc64-8099b58aafb8:http://data.europa.eu/esco/skill/59ea80e1-463a-4dba-82c6-d0b6d577d532:essential,essential,3,,0.5,true,source_mapped,not_reviewed,,,,2026.1
CPX-OCC-ENG-010,CPX-SKL-AUTO-5F843E05,esco,http://data.europa.eu/esco/occupation/a377fafb-7e6e-4925-bc64-8099b58aafb8:http://data.europa.eu/esco/skill/5b8d63ff-a58b-4331-a53b-b1925acae4dc:optional,desirable,3,,0.5,true,source_mapped,not_reviewed,,,,2026.1
CPX-OCC-ENG-010,CPX-SKL-AUTO-D4C5566D,esco,http://data.europa.eu/esco/occupation/a377fafb-7e6e-4925-bc64-8099b58aafb8:http://data.europa.eu/esco/skill/68e66ed6-a171-4350-8ec1-2cfc4cae50e4:essential,essential,3,,0.5,true,source_mapped,not_reviewed,,,,2026.1
CPX-OCC-ENG-010,CPX-SKL-AUTO-98EAC897,esco,http://data.europa.eu/esco/occupation/a377fafb-7e6e-4925-bc64-8099b58aafb8:http://data.europa.eu/esco/skill/6b5d032a-b85a-44ea-9dad-5201048d2dd2:optional,desirable,3,,0.5,true,source_mapped,not_reviewed,,,,2026.1
CPX-OCC-ENG-010,CPX-SKL-AUTO-E6E2C0DD,esco,http://data.europa.eu/esco/occupation/a377fafb-7e6e-4925-bc64-8099b58aafb8:http://data.europa.eu/esco/skill/700ea222-8139-4c48-95cf-014855565530:optional,desirable,3,,0.5,true,source_mapped,not_reviewed,,,,2026.1
CPX-OCC-ENG-010,CPX-SKL-AUTO-40628FD9,esco,http://data.europa.eu/esco/occupation/a377fafb-7e6e-4925-bc64-8099b58aafb8:http://data.europa.eu/esco/skill/72a74f69-5cf1-43c5-99b9-62a444578919:essential,essential,3,,0.5,true,source_mapped,not_reviewed,,,,2026.1
CPX-OCC-ENG-010,CPX-SKL-AUTO-13772A32,esco,http://data.europa.eu/esco/occupation/a377fafb-7e6e-4925-bc64-8099b58aafb8:http://data.europa.eu/esco/skill/75f312e1-622b-4751-8d93-815b32feaf8d:optional,desirable,3,,0.5,true,source_mapped,not_reviewed,,,,2026.1
CPX-OCC-ENG-010,CPX-SKL-AUTO-073A34F6,esco,http://data.europa.eu/esco/occupation/a377fafb-7e6e-4925-bc64-8099b58aafb8:http://data.europa.eu/esco/skill/88547698-700d-41dc-b0c1-515adf63f9bf:optional,desirable,3,,0.5,true,source_mapped,not_reviewed,,,,2026.1
CPX-OCC-ENG-010,CPX-SKL-AUTO-4B8771DE,esco,http://data.europa.eu/esco/occupation/a377fafb-7e6e-4925-bc64-8099b58aafb8:http://data.europa.eu/esco/skill/8bdc520c-6293-4e99-bf6f-a44d5da3ebcb:optional,desirable,3,,0.5,true,source_mapped,not_reviewed,,,,2026.1
CPX-OCC-ENG-010,CPX-SKL-AUTO-309B0800,esco,http://data.europa.eu/esco/occupation/a377fafb-7e6e-4925-bc64-8099b58aafb8:http://data.europa.eu/esco/skill/981f770c-24f1-4711-afc0-13a6fa1a33ab:essential,essential,3,,0.5,true,source_mapped,not_reviewed,,,,2026.1
CPX-OCC-ENG-010,CPX-SKL-AUTO-BD75BC02,esco,http://data.europa.eu/esco/occupation/a377fafb-7e6e-4925-bc64-8099b58aafb8:http://data.europa.eu/esco/skill/9c5dbb72-563f-449d-ab89-56b8dfc271b6:essential,essential,3,,0.5,true,source_mapped,not_reviewed,,,,2026.1
CPX-OCC-ENG-010,CPX-SKL-AUTO-656B7CFF,esco,http://data.europa.eu/esco/occupation/a377fafb-7e6e-4925-bc64-8099b58aafb8:http://data.europa.eu/esco/skill/afc7c834-8190-4b65-acc6-5c158c851c85:essential,essential,3,,0.5,true,source_mapped,not_reviewed,,,,2026.1
CPX-OCC-ENG-010,CPX-SKL-AUTO-9751A58B,esco,http://data.europa.eu/esco/occupation/a377fafb-7e6e-4925-bc64-8099b58aafb8:http://data.europa.eu/esco/skill/b1b118c4-3291-484e-b64d-6d51fd5da8b3:optional,desirable,3,,0.5,true,source_mapped,not_reviewed,,,,2026.1
CPX-OCC-ENG-010,CPX-SKL-AUTO-0C99F9B8,esco,http://data.europa.eu/esco/occupation/a377fafb-7e6e-4925-bc64-8099b58aafb8:http://data.europa.eu/esco/skill/b25c3eb8-fd63-4d77-8308-7061dbd271c1:optional,desirable,3,,0.5,true,source_mapped,not_reviewed,,,,2026.1
CPX-OCC-ENG-010,CPX-SKL-AUTO-C4A41611,esco,http://data.europa.eu/esco/occupation/a377fafb-7e6e-4925-bc64-8099b58aafb8:http://data.europa.eu/esco/skill/b7729524-6d0e-45b6-87c8-79af1e955a5b:essential,essential,3,,0.5,true,source_mapped,not_reviewed,,,,2026.1
CPX-OCC-ENG-010,CPX-SKL-AUTO-BD469EC3,esco,http://data.europa.eu/esco/occupation/a377fafb-7e6e-4925-bc64-8099b58aafb8:http://data.europa.eu/esco/skill/b970e437-2f8b-42e3-ae49-6718a0cca44f:optional,desirable,3,,0.5,true,source_mapped,not_reviewed,,,,2026.1
CPX-OCC-ENG-010,CPX-SKL-AUTO-A89BD321,esco,http://data.europa.eu/esco/occupation/a377fafb-7e6e-4925-bc64-8099b58aafb8:http://data.europa.eu/esco/skill/bc946ebd-caa8-4e18-b5c5-5928768f45fa:essential,essential,3,,0.5,true,source_mapped,not_reviewed,,,,2026.1
CPX-OCC-ENG-010,CPX-SKL-AUTO-AE0F3FE2,esco,http://data.europa.eu/esco/occupation/a377fafb-7e6e-4925-bc64-8099b58aafb8:http://data.europa.eu/esco/skill/c1d7a6df-92e8-4b2f-9259-e04dd7242be3:essential,essential,3,,0.5,true,source_mapped,not_reviewed,,,,2026.1
CPX-OCC-ENG-010,CPX-SKL-AUTO-FC09EE69,esco,http://data.europa.eu/esco/occupation/a377fafb-7e6e-4925-bc64-8099b58aafb8:http://data.europa.eu/esco/skill/c3404999-faaa-4779-9cbf-e594b9c4d3b6:optional,desirable,3,,0.5,true,source_mapped,not_reviewed,,,,2026.1
CPX-OCC-ENG-010,CPX-SKL-AUTO-68FBBA12,esco,http://data.europa.eu/esco/occupation/a377fafb-7e6e-4925-bc64-8099b58aafb8:http://data.europa.eu/esco/skill/eb6b7a26-69ab-43f5-9ab4-d09f8904f8e0:optional,desirable,3,,0.5,true,source_mapped,not_reviewed,,,,2026.1
CPX-OCC-ENG-010,CPX-SKL-AUTO-D82A5A70,esco,http://data.europa.eu/esco/occupation/a377fafb-7e6e-4925-bc64-8099b58aafb8:http://data.europa.eu/esco/skill/f54c10e4-630d-4e50-95e9-4e9e268e8f12:essential,essential,3,,0.5,true,source_mapped,not_reviewed,,,,2026.1
CPX-OCC-ENG-005,CPX-SKL-AUTO-833F0AC8,esco,http://data.europa.eu/esco/occupation/aad7819e-d62e-41de-a594-9f2be186a6c2:http://data.europa.eu/esco/skill/11f364dd-0814-4398-b00e-10d1be8b27af:essential,essential,3,,0.5,true,source_mapped,not_reviewed,,,,2026.1
CPX-OCC-ENG-005,CPX-SKL-AUTO-0279C024,esco,http://data.europa.eu/esco/occupation/aad7819e-d62e-41de-a594-9f2be186a6c2:http://data.europa.eu/esco/skill/209a5498-3449-4689-8ed9-bd08cab4fd78:essential,essential,3,,0.5,true,source_mapped,not_reviewed,,,,2026.1
CPX-OCC-ENG-005,CPX-SKL-AUTO-AF38D05B,esco,http://data.europa.eu/esco/occupation/aad7819e-d62e-41de-a594-9f2be186a6c2:http://data.europa.eu/esco/skill/21c5790c-0930-4d74-b3b0-84caf5af12ea:essential,essential,3,,0.5,true,source_mapped,not_reviewed,,,,2026.1
CPX-OCC-ENG-005,CPX-SKL-AUTO-3A91AE7D,esco,http://data.europa.eu/esco/occupation/aad7819e-d62e-41de-a594-9f2be186a6c2:http://data.europa.eu/esco/skill/233be639-bdb5-4099-ab40-96d537d6c1f3:essential,essential,3,,0.5,true,source_mapped,not_reviewed,,,,2026.1
CPX-OCC-ENG-005,CPX-SKL-AUTO-E8CFE1E7,esco,http://data.europa.eu/esco/occupation/aad7819e-d62e-41de-a594-9f2be186a6c2:http://data.europa.eu/esco/skill/31c69100-b612-4a61-8db5-fd314318854c:essential,essential,3,,0.5,true,source_mapped,not_reviewed,,,,2026.1
CPX-OCC-ENG-005,CPX-SKL-AUTO-902FF101,esco,http://data.europa.eu/esco/occupation/aad7819e-d62e-41de-a594-9f2be186a6c2:http://data.europa.eu/esco/skill/34330a42-eeb0-44c3-a41e-670e9b20c7c7:optional,desirable,3,,0.5,true,source_mapped,not_reviewed,,,,2026.1
CPX-OCC-ENG-005,CPX-SKL-AUTO-C74C4BF1,esco,http://data.europa.eu/esco/occupation/aad7819e-d62e-41de-a594-9f2be186a6c2:http://data.europa.eu/esco/skill/39e71107-3aa9-41a0-809c-edea477c968f:optional,desirable,3,,0.5,true,source_mapped,not_reviewed,,,,2026.1
CPX-OCC-ENG-005,CPX-SKL-AUTO-6F647F1B,esco,http://data.europa.eu/esco/occupation/aad7819e-d62e-41de-a594-9f2be186a6c2:http://data.europa.eu/esco/skill/42b23922-1c40-4dbe-9e0c-7a568dfdf06b:essential,essential,3,,0.5,true,source_mapped,not_reviewed,,,,2026.1
CPX-OCC-ENG-005,CPX-SKL-AUTO-3951517D,esco,http://data.europa.eu/esco/occupation/aad7819e-d62e-41de-a594-9f2be186a6c2:http://data.europa.eu/esco/skill/4339176e-3acd-4f7f-a5d9-445bee3d23f2:essential,essential,3,,0.5,true,source_mapped,not_reviewed,,,,2026.1
CPX-OCC-ENG-005,CPX-SKL-AUTO-E900B26A,esco,http://data.europa.eu/esco/occupation/aad7819e-d62e-41de-a594-9f2be186a6c2:http://data.europa.eu/esco/skill/4c58528e-bdaa-43ad-8f5a-8ad0b8cd4bbb:essential,essential,3,,0.5,true,source_mapped,not_reviewed,,,,2026.1
CPX-OCC-ENG-005,CPX-SKL-AUTO-0384E53A,esco,http://data.europa.eu/esco/occupation/aad7819e-d62e-41de-a594-9f2be186a6c2:http://data.europa.eu/esco/skill/4d6a1837-93df-4a81-b424-74e1a8ed2f03:optional,desirable,3,,0.5,true,source_mapped,not_reviewed,,,,2026.1
CPX-OCC-ENG-005,CPX-SKL-AUTO-B7A8AF32,esco,http://data.europa.eu/esco/occupation/aad7819e-d62e-41de-a594-9f2be186a6c2:http://data.europa.eu/esco/skill/4fabca9a-7435-4f33-b1da-3cdb00340fdc:essential,essential,3,,0.5,true,source_mapped,not_reviewed,,,,2026.1
CPX-OCC-ENG-005,CPX-SKL-AUTO-AFC6ADF5,esco,http://data.europa.eu/esco/occupation/aad7819e-d62e-41de-a594-9f2be186a6c2:http://data.europa.eu/esco/skill/50f2d23c-b3fb-48a5-967b-14fd0a6dd205:optional,desirable,3,,0.5,true,source_mapped,not_reviewed,,,,2026.1
CPX-OCC-ENG-005,CPX-SKL-AUTO-0FBF48C0,esco,http://data.europa.eu/esco/occupation/aad7819e-d62e-41de-a594-9f2be186a6c2:http://data.europa.eu/esco/skill/541561bc-510c-4a99-881c-2d8bf5a85462:essential,essential,3,,0.5,true,source_mapped,not_reviewed,,,,2026.1
CPX-OCC-ENG-005,CPX-SKL-AUTO-E470E871,esco,http://data.europa.eu/esco/occupation/aad7819e-d62e-41de-a594-9f2be186a6c2:http://data.europa.eu/esco/skill/59ea80e1-463a-4dba-82c6-d0b6d577d532:essential,essential,3,,0.5,true,source_mapped,not_reviewed,,,,2026.1
CPX-OCC-ENG-005,CPX-SKL-AUTO-E32B64DB,esco,http://data.europa.eu/esco/occupation/aad7819e-d62e-41de-a594-9f2be186a6c2:http://data.europa.eu/esco/skill/6f993130-082b-4732-b62f-52cdf2096ad9:optional,desirable,3,,0.5,true,source_mapped,not_reviewed,,,,2026.1
CPX-OCC-ENG-005,CPX-SKL-AUTO-40628FD9,esco,http://data.europa.eu/esco/occupation/aad7819e-d62e-41de-a594-9f2be186a6c2:http://data.europa.eu/esco/skill/72a74f69-5cf1-43c5-99b9-62a444578919:essential,essential,3,,0.5,true,source_mapped,not_reviewed,,,,2026.1
CPX-OCC-ENG-005,CPX-SKL-AUTO-0157CCD9,esco,http://data.europa.eu/esco/occupation/aad7819e-d62e-41de-a594-9f2be186a6c2:http://data.europa.eu/esco/skill/73de691d-d112-444b-a99f-606888fa9414:essential,essential,3,,0.5,true,source_mapped,not_reviewed,,,,2026.1
CPX-OCC-ENG-005,CPX-SKL-AUTO-4562170B,esco,http://data.europa.eu/esco/occupation/aad7819e-d62e-41de-a594-9f2be186a6c2:http://data.europa.eu/esco/skill/75697ed4-c1a3-47dc-93e3-bb50f21aa2f6:optional,desirable,3,,0.5,true,source_mapped,not_reviewed,,,,2026.1
CPX-OCC-ENG-005,CPX-SKL-AUTO-599DD157,esco,http://data.europa.eu/esco/occupation/aad7819e-d62e-41de-a594-9f2be186a6c2:http://data.europa.eu/esco/skill/76654176-5cc8-4cb3-b307-4ef1b6c2543c:essential,essential,3,,0.5,true,source_mapped,not_reviewed,,,,2026.1
CPX-OCC-ENG-005,CPX-SKL-AUTO-E2348734,esco,http://data.europa.eu/esco/occupation/aad7819e-d62e-41de-a594-9f2be186a6c2:http://data.europa.eu/esco/skill/7f18039d-dfae-471b-9daa-507f6b2d2842:essential,essential,3,,0.5,true,source_mapped,not_reviewed,,,,2026.1
CPX-OCC-ENG-005,CPX-SKL-AUTO-DCA6C688,esco,http://data.europa.eu/esco/occupation/aad7819e-d62e-41de-a594-9f2be186a6c2:http://data.europa.eu/esco/skill/82394321-7f35-4a29-b2fa-4a58f66258f5:optional,desirable,3,,0.5,true,source_mapped,not_reviewed,,,,2026.1
CPX-OCC-ENG-005,CPX-SKL-AUTO-FDD48A42,esco,http://data.europa.eu/esco/occupation/aad7819e-d62e-41de-a594-9f2be186a6c2:http://data.europa.eu/esco/skill/82887396-e5bf-4306-af51-3fe8d82790b2:essential,essential,3,,0.5,true,source_mapped,not_reviewed,,,,2026.1
CPX-OCC-ENG-005,CPX-SKL-AUTO-B1EF8FE9,esco,http://data.europa.eu/esco/occupation/aad7819e-d62e-41de-a594-9f2be186a6c2:http://data.europa.eu/esco/skill/8b46636e-e201-4086-a8d5-049b65eaf40e:essential,essential,3,,0.5,true,source_mapped,not_reviewed,,,,2026.1
CPX-OCC-ENG-005,CPX-SKL-AUTO-238F79D4,esco,http://data.europa.eu/esco/occupation/aad7819e-d62e-41de-a594-9f2be186a6c2:http://data.europa.eu/esco/skill/95f4631e-fcde-467f-8277-01e824b40a06:optional,desirable,3,,0.5,true,source_mapped,not_reviewed,,,,2026.1
CPX-OCC-ENG-005,CPX-SKL-AUTO-BE9FAE55,esco,http://data.europa.eu/esco/occupation/aad7819e-d62e-41de-a594-9f2be186a6c2:http://data.europa.eu/esco/skill/969caeb0-cfc5-42aa-9c44-0ca3c09305fe:optional,desirable,3,,0.5,true,source_mapped,not_reviewed,,,,2026.1
CPX-OCC-ENG-005,CPX-SKL-AUTO-20E8399C,esco,http://data.europa.eu/esco/occupation/aad7819e-d62e-41de-a594-9f2be186a6c2:http://data.europa.eu/esco/skill/97902800-f9e0-4a73-8826-6cc42f874a18:optional,desirable,3,,0.5,true,source_mapped,not_reviewed,,,,2026.1
CPX-OCC-ENG-005,CPX-SKL-AUTO-88F5680B,esco,http://data.europa.eu/esco/occupation/aad7819e-d62e-41de-a594-9f2be186a6c2:http://data.europa.eu/esco/skill/99095ca0-1218-462d-9e95-79e334ba8b63:optional,desirable,3,,0.5,true,source_mapped,not_reviewed,,,,2026.1
CPX-OCC-ENG-005,CPX-SKL-AUTO-052B962E,esco,http://data.europa.eu/esco/occupation/aad7819e-d62e-41de-a594-9f2be186a6c2:http://data.europa.eu/esco/skill/b34e2ba1-9080-48c9-9b42-ee9192a4d3f1:optional,desirable,3,,0.5,true,source_mapped,not_reviewed,,,,2026.1
CPX-OCC-ENG-005,CPX-SKL-AUTO-9FA443C7,esco,http://data.europa.eu/esco/occupation/aad7819e-d62e-41de-a594-9f2be186a6c2:http://data.europa.eu/esco/skill/bc54eee1-a858-4f80-afdc-0442a617ef50:optional,desirable,3,,0.5,true,source_mapped,not_reviewed,,,,2026.1
CPX-OCC-ENG-005,CPX-SKL-AUTO-4C9EBF89,esco,http://data.europa.eu/esco/occupation/aad7819e-d62e-41de-a594-9f2be186a6c2:http://data.europa.eu/esco/skill/be727774-46d7-43d7-aee9-1a51b5cd8c71:essential,essential,3,,0.5,true,source_mapped,not_reviewed,,,,2026.1
CPX-OCC-ENG-005,CPX-SKL-AUTO-B40B55C3,esco,http://data.europa.eu/esco/occupation/aad7819e-d62e-41de-a594-9f2be186a6c2:http://data.europa.eu/esco/skill/cc173f61-3386-44c5-a048-3889e1ec9114:essential,essential,3,,0.5,true,source_mapped,not_reviewed,,,,2026.1
CPX-OCC-ENG-005,CPX-SKL-AUTO-AEBD6FC6,esco,http://data.europa.eu/esco/occupation/aad7819e-d62e-41de-a594-9f2be186a6c2:http://data.europa.eu/esco/skill/ce4990a4-bf69-4f5f-becb-e4fd96da3a74:essential,essential,3,,0.5,true,source_mapped,not_reviewed,,,,2026.1
CPX-OCC-ENG-005,CPX-SKL-AUTO-DA0A87CC,esco,http://data.europa.eu/esco/occupation/aad7819e-d62e-41de-a594-9f2be186a6c2:http://data.europa.eu/esco/skill/d74df140-eb69-43e2-bac9-1cafc824d702:optional,desirable,3,,0.5,true,source_mapped,not_reviewed,,,,2026.1
CPX-OCC-ENG-005,CPX-SKL-AUTO-F99C5CDA,esco,http://data.europa.eu/esco/occupation/aad7819e-d62e-41de-a594-9f2be186a6c2:http://data.europa.eu/esco/skill/d89f5cee-649a-44bd-9aa9-8e74bbdbd50d:optional,desirable,3,,0.5,true,source_mapped,not_reviewed,,,,2026.1
CPX-OCC-ENG-005,CPX-SKL-AUTO-61F7D83B,esco,http://data.europa.eu/esco/occupation/aad7819e-d62e-41de-a594-9f2be186a6c2:http://data.europa.eu/esco/skill/dda26251-7331-41fd-871f-1106ca468189:optional,desirable,3,,0.5,true,source_mapped,not_reviewed,,,,2026.1
CPX-OCC-ENG-005,CPX-SKL-AUTO-FD4864F4,esco,http://data.europa.eu/esco/occupation/aad7819e-d62e-41de-a594-9f2be186a6c2:http://data.europa.eu/esco/skill/ec410a76-f890-4012-8863-b82f2c75527c:essential,essential,3,,0.5,true,source_mapped,not_reviewed,,,,2026.1
CPX-OCC-ENG-005,CPX-SKL-AUTO-D82A5A70,esco,http://data.europa.eu/esco/occupation/aad7819e-d62e-41de-a594-9f2be186a6c2:http://data.europa.eu/esco/skill/f54c10e4-630d-4e50-95e9-4e9e268e8f12:essential,essential,3,,0.5,true,source_mapped,not_reviewed,,,,2026.1
CPX-OCC-ENG-005,CPX-SKL-AUTO-B2218D77,esco,http://data.europa.eu/esco/occupation/aad7819e-d62e-41de-a594-9f2be186a6c2:http://data.europa.eu/esco/skill/f672b7a0-698e-45f1-a102-51adeaf89200:optional,desirable,3,,0.5,true,source_mapped,not_reviewed,,,,2026.1
CPX-OCC-ENG-003,CPX-SKL-AUTO-0F91113D,esco,http://data.europa.eu/esco/occupation/b9296f1a-a68b-4ac7-9904-f2cf1374fbaf:http://data.europa.eu/esco/skill/1007aa13-9f18-4bcf-96f3-e108c40baf69:essential,essential,3,,0.5,true,source_mapped,not_reviewed,,,,2026.1
CPX-OCC-ENG-003,CPX-SKL-AUTO-5836997E,esco,http://data.europa.eu/esco/occupation/b9296f1a-a68b-4ac7-9904-f2cf1374fbaf:http://data.europa.eu/esco/skill/2964011e-f828-4c6c-b98b-51e984d66365:essential,essential,3,,0.5,true,source_mapped,not_reviewed,,,,2026.1
CPX-OCC-ENG-003,CPX-SKL-AUTO-7D6C44B8,esco,http://data.europa.eu/esco/occupation/b9296f1a-a68b-4ac7-9904-f2cf1374fbaf:http://data.europa.eu/esco/skill/2ee670aa-c687-4ff7-92eb-0abc9b57e5f2:optional,desirable,3,,0.5,true,source_mapped,not_reviewed,,,,2026.1
CPX-OCC-ENG-003,CPX-SKL-AUTO-E8CFE1E7,esco,http://data.europa.eu/esco/occupation/b9296f1a-a68b-4ac7-9904-f2cf1374fbaf:http://data.europa.eu/esco/skill/31c69100-b612-4a61-8db5-fd314318854c:essential,essential,3,,0.5,true,source_mapped,not_reviewed,,,,2026.1
CPX-OCC-ENG-003,CPX-SKL-AUTO-9918DFB6,esco,http://data.europa.eu/esco/occupation/b9296f1a-a68b-4ac7-9904-f2cf1374fbaf:http://data.europa.eu/esco/skill/3c6fe585-7d12-4315-b579-e30c042088ce:essential,essential,3,,0.5,true,source_mapped,not_reviewed,,,,2026.1
CPX-OCC-ENG-003,CPX-SKL-AUTO-2BE60248,esco,http://data.europa.eu/esco/occupation/b9296f1a-a68b-4ac7-9904-f2cf1374fbaf:http://data.europa.eu/esco/skill/3cb69f14-c297-474a-8950-5e7af4da0049:optional,desirable,3,,0.5,true,source_mapped,not_reviewed,,,,2026.1
CPX-OCC-ENG-003,CPX-SKL-AUTO-1D4E2E34,esco,http://data.europa.eu/esco/occupation/b9296f1a-a68b-4ac7-9904-f2cf1374fbaf:http://data.europa.eu/esco/skill/3e40c7d0-0e36-4b33-bc33-0aa87eda0561:optional,desirable,3,,0.5,true,source_mapped,not_reviewed,,,,2026.1
CPX-OCC-ENG-003,CPX-SKL-AUTO-3951517D,esco,http://data.europa.eu/esco/occupation/b9296f1a-a68b-4ac7-9904-f2cf1374fbaf:http://data.europa.eu/esco/skill/4339176e-3acd-4f7f-a5d9-445bee3d23f2:essential,essential,3,,0.5,true,source_mapped,not_reviewed,,,,2026.1
CPX-OCC-ENG-003,CPX-SKL-AUTO-3F931A3E,esco,http://data.europa.eu/esco/occupation/b9296f1a-a68b-4ac7-9904-f2cf1374fbaf:http://data.europa.eu/esco/skill/532bcdca-a889-4dea-8f7f-4e03d8cfd0d2:optional,desirable,3,,0.5,true,source_mapped,not_reviewed,,,,2026.1
CPX-OCC-ENG-003,CPX-SKL-AUTO-8308E008,esco,http://data.europa.eu/esco/occupation/b9296f1a-a68b-4ac7-9904-f2cf1374fbaf:http://data.europa.eu/esco/skill/53403f06-6c51-4a24-9491-d8a6200526ce:essential,essential,3,,0.5,true,source_mapped,not_reviewed,,,,2026.1
CPX-OCC-ENG-003,CPX-SKL-AUTO-1508EE9B,esco,http://data.europa.eu/esco/occupation/b9296f1a-a68b-4ac7-9904-f2cf1374fbaf:http://data.europa.eu/esco/skill/53b1dcbc-7c51-43cd-9e3a-9ca78afd2895:optional,desirable,3,,0.5,true,source_mapped,not_reviewed,,,,2026.1
CPX-OCC-ENG-003,CPX-SKL-AUTO-CD7335A8,esco,http://data.europa.eu/esco/occupation/b9296f1a-a68b-4ac7-9904-f2cf1374fbaf:http://data.europa.eu/esco/skill/632843be-2872-47b4-a92e-352629f9bd88:essential,essential,3,,0.5,true,source_mapped,not_reviewed,,,,2026.1
CPX-OCC-ENG-003,CPX-SKL-AUTO-AA73F5E5,esco,http://data.europa.eu/esco/occupation/b9296f1a-a68b-4ac7-9904-f2cf1374fbaf:http://data.europa.eu/esco/skill/658b6ea0-79f5-451d-a037-7593a4416c85:optional,desirable,3,,0.5,true,source_mapped,not_reviewed,,,,2026.1
CPX-OCC-ENG-003,CPX-SKL-AUTO-237DB4BB,esco,http://data.europa.eu/esco/occupation/b9296f1a-a68b-4ac7-9904-f2cf1374fbaf:http://data.europa.eu/esco/skill/692ace70-7f97-4214-92bd-88f7637d8a44:essential,essential,3,,0.5,true,source_mapped,not_reviewed,,,,2026.1
CPX-OCC-ENG-003,CPX-SKL-AUTO-1014C414,esco,http://data.europa.eu/esco/occupation/b9296f1a-a68b-4ac7-9904-f2cf1374fbaf:http://data.europa.eu/esco/skill/6ed67cf0-d8b9-4025-8b6e-a29a11e6b977:optional,desirable,3,,0.5,true,source_mapped,not_reviewed,,,,2026.1
CPX-OCC-ENG-003,CPX-SKL-AUTO-A0CC4688,esco,http://data.europa.eu/esco/occupation/b9296f1a-a68b-4ac7-9904-f2cf1374fbaf:http://data.europa.eu/esco/skill/7566f0b4-7f6e-455c-abb5-ec58e57f7e17:optional,desirable,3,,0.5,true,source_mapped,not_reviewed,,,,2026.1
CPX-OCC-ENG-003,CPX-SKL-AUTO-33D28B04,esco,http://data.europa.eu/esco/occupation/b9296f1a-a68b-4ac7-9904-f2cf1374fbaf:http://data.europa.eu/esco/skill/82313e12-9d39-47d1-b7c9-78bbd6bb50e2:essential,essential,3,,0.5,true,source_mapped,not_reviewed,,,,2026.1
CPX-OCC-ENG-003,CPX-SKL-AUTO-29111B5F,esco,http://data.europa.eu/esco/occupation/b9296f1a-a68b-4ac7-9904-f2cf1374fbaf:http://data.europa.eu/esco/skill/97965983-0da4-4902-9daf-d5cd2693ef73:essential,essential,3,,0.5,true,source_mapped,not_reviewed,,,,2026.1
CPX-OCC-ENG-003,CPX-SKL-AUTO-D5CBD41C,esco,http://data.europa.eu/esco/occupation/b9296f1a-a68b-4ac7-9904-f2cf1374fbaf:http://data.europa.eu/esco/skill/9c071f1d-eac3-449d-b004-c14775b5a3b9:essential,essential,3,,0.5,true,source_mapped,not_reviewed,,,,2026.1
CPX-OCC-ENG-003,CPX-SKL-AUTO-F7762CDA,esco,http://data.europa.eu/esco/occupation/b9296f1a-a68b-4ac7-9904-f2cf1374fbaf:http://data.europa.eu/esco/skill/9ce670ec-318c-4a91-9179-03437db728dc:essential,essential,3,,0.5,true,source_mapped,not_reviewed,,,,2026.1
CPX-OCC-ENG-003,CPX-SKL-AUTO-1B65795E,esco,http://data.europa.eu/esco/occupation/b9296f1a-a68b-4ac7-9904-f2cf1374fbaf:http://data.europa.eu/esco/skill/a59708e3-e654-4e37-8b8a-741c3b756eee:essential,essential,3,,0.5,true,source_mapped,not_reviewed,,,,2026.1
CPX-OCC-ENG-003,CPX-SKL-AUTO-871E6AB9,esco,http://data.europa.eu/esco/occupation/b9296f1a-a68b-4ac7-9904-f2cf1374fbaf:http://data.europa.eu/esco/skill/a933a46f-d4d8-4e96-a7f7-345725111bfa:essential,essential,3,,0.5,true,source_mapped,not_reviewed,,,,2026.1
CPX-OCC-ENG-003,CPX-SKL-AUTO-1083AFD4,esco,http://data.europa.eu/esco/occupation/b9296f1a-a68b-4ac7-9904-f2cf1374fbaf:http://data.europa.eu/esco/skill/af0bbc31-b54d-4e8d-82b1-2e91a1115523:optional,desirable,3,,0.5,true,source_mapped,not_reviewed,,,,2026.1
CPX-OCC-ENG-003,CPX-SKL-AUTO-45BD37E4,esco,http://data.europa.eu/esco/occupation/b9296f1a-a68b-4ac7-9904-f2cf1374fbaf:http://data.europa.eu/esco/skill/b07daddc-8625-4360-946e-ad2b0e56ebf6:essential,essential,3,,0.5,true,source_mapped,not_reviewed,,,,2026.1
CPX-OCC-ENG-003,CPX-SKL-AUTO-8C1CD5DD,esco,http://data.europa.eu/esco/occupation/b9296f1a-a68b-4ac7-9904-f2cf1374fbaf:http://data.europa.eu/esco/skill/c0fce59c-e227-4745-945f-95eb2f0bc03e:essential,essential,3,,0.5,true,source_mapped,not_reviewed,,,,2026.1
CPX-OCC-ENG-003,CPX-SKL-AUTO-6FB1597E,esco,http://data.europa.eu/esco/occupation/b9296f1a-a68b-4ac7-9904-f2cf1374fbaf:http://data.europa.eu/esco/skill/c544a9f3-5945-4b54-afed-de0697852817:optional,desirable,3,,0.5,true,source_mapped,not_reviewed,,,,2026.1
CPX-OCC-ENG-003,CPX-SKL-AUTO-AA405638,esco,http://data.europa.eu/esco/occupation/b9296f1a-a68b-4ac7-9904-f2cf1374fbaf:http://data.europa.eu/esco/skill/c5c51528-ccfc-4c53-b409-c200aaa44222:essential,essential,3,,0.5,true,source_mapped,not_reviewed,,,,2026.1
CPX-OCC-ENG-003,CPX-SKL-AUTO-B6796883,esco,http://data.europa.eu/esco/occupation/b9296f1a-a68b-4ac7-9904-f2cf1374fbaf:http://data.europa.eu/esco/skill/d0f2f8a7-d935-4a6d-8e54-dcc3e5e2cbeb:optional,desirable,3,,0.5,true,source_mapped,not_reviewed,,,,2026.1
CPX-OCC-ENG-003,CPX-SKL-AUTO-24CB2568,esco,http://data.europa.eu/esco/occupation/b9296f1a-a68b-4ac7-9904-f2cf1374fbaf:http://data.europa.eu/esco/skill/d6179c4b-ff5a-4bbb-a3c8-e0acf0de1f56:optional,desirable,3,,0.5,true,source_mapped,not_reviewed,,,,2026.1
CPX-OCC-ENG-003,CPX-SKL-AUTO-8A0127E7,esco,http://data.europa.eu/esco/occupation/b9296f1a-a68b-4ac7-9904-f2cf1374fbaf:http://data.europa.eu/esco/skill/e8171178-9a60-40a6-ad3b-510e10cfebad:optional,desirable,3,,0.5,true,source_mapped,not_reviewed,,,,2026.1
CPX-OCC-ENG-003,CPX-SKL-AUTO-0FE93BD2,esco,http://data.europa.eu/esco/occupation/b9296f1a-a68b-4ac7-9904-f2cf1374fbaf:http://data.europa.eu/esco/skill/ed3f3dba-3a35-4ed5-b113-67f4d10ef4c8:optional,desirable,3,,0.5,true,source_mapped,not_reviewed,,,,2026.1
CPX-OCC-ENG-003,CPX-SKL-AUTO-E7948D2D,esco,http://data.europa.eu/esco/occupation/b9296f1a-a68b-4ac7-9904-f2cf1374fbaf:http://data.europa.eu/esco/skill/efa141df-f382-418f-9121-bd88fd735669:essential,essential,3,,0.5,true,source_mapped,not_reviewed,,,,2026.1
CPX-OCC-ENG-004,CPX-SKL-AUTO-8A8352EA,esco,http://data.europa.eu/esco/occupation/efc75d4e-dfbf-4178-929c-0ae198801c36:http://data.europa.eu/esco/skill/01c03003-516d-43c6-8477-45c472413521:essential,essential,3,,0.5,true,source_mapped,not_reviewed,,,,2026.1
CPX-OCC-ENG-004,CPX-SKL-AUTO-0F91113D,esco,http://data.europa.eu/esco/occupation/efc75d4e-dfbf-4178-929c-0ae198801c36:http://data.europa.eu/esco/skill/1007aa13-9f18-4bcf-96f3-e108c40baf69:essential,essential,3,,0.5,true,source_mapped,not_reviewed,,,,2026.1
CPX-OCC-ENG-004,CPX-SKL-AUTO-C646A7C3,esco,http://data.europa.eu/esco/occupation/efc75d4e-dfbf-4178-929c-0ae198801c36:http://data.europa.eu/esco/skill/28eb4689-3ba4-47a1-96b0-34a60751ea17:essential,essential,3,,0.5,true,source_mapped,not_reviewed,,,,2026.1
CPX-OCC-ENG-004,CPX-SKL-AUTO-129F0440,esco,http://data.europa.eu/esco/occupation/efc75d4e-dfbf-4178-929c-0ae198801c36:http://data.europa.eu/esco/skill/35bca3d6-c1ae-48ff-9ae3-a11cea578c2c:essential,essential,3,,0.5,true,source_mapped,not_reviewed,,,,2026.1
CPX-OCC-ENG-004,CPX-SKL-AUTO-7D8312DA,esco,http://data.europa.eu/esco/occupation/efc75d4e-dfbf-4178-929c-0ae198801c36:http://data.europa.eu/esco/skill/50dd3681-081b-4349-97cf-1537ad332d20:optional,desirable,3,,0.5,true,source_mapped,not_reviewed,,,,2026.1
CPX-OCC-ENG-004,CPX-SKL-AUTO-4A94D3C2,esco,http://data.europa.eu/esco/occupation/efc75d4e-dfbf-4178-929c-0ae198801c36:http://data.europa.eu/esco/skill/89890187-7fa6-4e32-9444-73be4deb514b:essential,essential,3,,0.5,true,source_mapped,not_reviewed,,,,2026.1
CPX-OCC-ENG-004,CPX-SKL-AUTO-87CE8557,esco,http://data.europa.eu/esco/occupation/efc75d4e-dfbf-4178-929c-0ae198801c36:http://data.europa.eu/esco/skill/9601b2a8-68e4-4906-9306-a23679b8f0b0:essential,essential,3,,0.5,true,source_mapped,not_reviewed,,,,2026.1
CPX-OCC-ENG-004,CPX-SKL-AUTO-247ADC43,esco,http://data.europa.eu/esco/occupation/efc75d4e-dfbf-4178-929c-0ae198801c36:http://data.europa.eu/esco/skill/99fc129e-360c-4174-9553-5c666a64a395:essential,essential,3,,0.5,true,source_mapped,not_reviewed,,,,2026.1
CPX-OCC-ENG-004,CPX-SKL-AUTO-520A0747,esco,http://data.europa.eu/esco/occupation/efc75d4e-dfbf-4178-929c-0ae198801c36:http://data.europa.eu/esco/skill/9e4dc918-cc74-432e-9b39-53b1b606748a:optional,desirable,3,,0.5,true,source_mapped,not_reviewed,,,,2026.1
CPX-OCC-ENG-004,CPX-SKL-AUTO-1C66B8B9,esco,http://data.europa.eu/esco/occupation/efc75d4e-dfbf-4178-929c-0ae198801c36:http://data.europa.eu/esco/skill/a3d2c72d-1029-47fb-9d0d-4c4a57a044d9:optional,desirable,3,,0.5,true,source_mapped,not_reviewed,,,,2026.1
CPX-OCC-ENG-004,CPX-SKL-AUTO-9732E449,esco,http://data.europa.eu/esco/occupation/efc75d4e-dfbf-4178-929c-0ae198801c36:http://data.europa.eu/esco/skill/a4ec696c-ac73-4bd5-8a3c-09a783cf3944:essential,essential,3,,0.5,true,source_mapped,not_reviewed,,,,2026.1
CPX-OCC-ENG-004,CPX-SKL-AUTO-54DD00B8,esco,http://data.europa.eu/esco/occupation/efc75d4e-dfbf-4178-929c-0ae198801c36:http://data.europa.eu/esco/skill/b9f16465-56a9-426b-a047-0f9f1f95ec92:essential,essential,3,,0.5,true,source_mapped,not_reviewed,,,,2026.1
CPX-OCC-ENG-004,CPX-SKL-AUTO-BD907184,esco,http://data.europa.eu/esco/occupation/efc75d4e-dfbf-4178-929c-0ae198801c36:http://data.europa.eu/esco/skill/cfbe1cdb-1738-45a1-b442-75cbda1fff06:optional,desirable,3,,0.5,true,source_mapped,not_reviewed,,,,2026.1
CPX-OCC-ENG-004,CPX-SKL-AUTO-D191EDF5,esco,http://data.europa.eu/esco/occupation/efc75d4e-dfbf-4178-929c-0ae198801c36:http://data.europa.eu/esco/skill/db9f6f5d-2177-4c49-bf97-8eb462536665:optional,desirable,3,,0.5,true,source_mapped,not_reviewed,,,,2026.1
CPX-OCC-ENG-004,CPX-SKL-AUTO-5F80F43B,esco,http://data.europa.eu/esco/occupation/efc75d4e-dfbf-4178-929c-0ae198801c36:http://data.europa.eu/esco/skill/e9b99d6e-c7ec-4f87-b7b4-b5322733c998:optional,desirable,3,,0.5,true,source_mapped,not_reviewed,,,,2026.1
CPX-OCC-ENG-004,CPX-SKL-AUTO-6DD71513,esco,http://data.europa.eu/esco/occupation/efc75d4e-dfbf-4178-929c-0ae198801c36:http://data.europa.eu/esco/skill/ed1d2fed-92c4-47d6-9d6d-34d501c55572:essential,essential,3,,0.5,true,source_mapped,not_reviewed,,,,2026.1
CPX-OCC-ENG-004,CPX-SKL-AUTO-C49D1C12,esco,http://data.europa.eu/esco/occupation/efc75d4e-dfbf-4178-929c-0ae198801c36:http://data.europa.eu/esco/skill/f21c2b32-83e0-46b2-99b1-c277e3d27f2f:essential,essential,3,,0.5,true,source_mapped,not_reviewed,,,,2026.1
CPX-OCC-ENG-003,CPX-SKL-AUTO-2C71D659,esco,http://data.europa.eu/esco/occupation/fbceeac6-798b-4307-a825-626707a753ad:http://data.europa.eu/esco/skill/0b917c3e-e49f-40d9-8f95-3bc8e9c06fd2:optional,desirable,3,,0.5,true,source_mapped,not_reviewed,,,,2026.1
CPX-OCC-ENG-003,CPX-SKL-AUTO-0CE30C7C,esco,http://data.europa.eu/esco/occupation/fbceeac6-798b-4307-a825-626707a753ad:http://data.europa.eu/esco/skill/12c7b323-d870-4f5b-9d7d-d9f525206d77:optional,desirable,3,,0.5,true,source_mapped,not_reviewed,,,,2026.1
CPX-OCC-ENG-003,CPX-SKL-AUTO-C30B841B,esco,http://data.europa.eu/esco/occupation/fbceeac6-798b-4307-a825-626707a753ad:http://data.europa.eu/esco/skill/142f3f7f-f15f-412e-a5fe-f75755b5dbe0:optional,desirable,3,,0.5,true,source_mapped,not_reviewed,,,,2026.1
CPX-OCC-ENG-003,CPX-SKL-AUTO-0319B6D4,esco,http://data.europa.eu/esco/occupation/fbceeac6-798b-4307-a825-626707a753ad:http://data.europa.eu/esco/skill/1a3660c2-011c-4e96-9b1d-529afc305428:essential,essential,3,,0.5,true,source_mapped,not_reviewed,,,,2026.1
CPX-OCC-ENG-003,CPX-SKL-AUTO-6D09C357,esco,http://data.europa.eu/esco/occupation/fbceeac6-798b-4307-a825-626707a753ad:http://data.europa.eu/esco/skill/1aba7c4a-4e13-4fa1-905b-7ed26952fbd5:essential,essential,3,,0.5,true,source_mapped,not_reviewed,,,,2026.1
CPX-OCC-ENG-003,CPX-SKL-AUTO-D78D6565,esco,http://data.europa.eu/esco/occupation/fbceeac6-798b-4307-a825-626707a753ad:http://data.europa.eu/esco/skill/42c25baf-ccb3-47d9-a872-bb2ceb615538:essential,essential,3,,0.5,true,source_mapped,not_reviewed,,,,2026.1
CPX-OCC-ENG-003,CPX-SKL-AUTO-2F66ED38,esco,http://data.europa.eu/esco/occupation/fbceeac6-798b-4307-a825-626707a753ad:http://data.europa.eu/esco/skill/4707da90-9cfc-46ca-8de0-38a0b7bfb137:optional,desirable,3,,0.5,true,source_mapped,not_reviewed,,,,2026.1
CPX-OCC-ENG-003,CPX-SKL-AUTO-90F2D09A,esco,http://data.europa.eu/esco/occupation/fbceeac6-798b-4307-a825-626707a753ad:http://data.europa.eu/esco/skill/53e5fa5a-b619-42d9-9993-b005e4291a7a:essential,essential,3,,0.5,true,source_mapped,not_reviewed,,,,2026.1
CPX-OCC-ENG-003,CPX-SKL-AUTO-FB03F0F4,esco,http://data.europa.eu/esco/occupation/fbceeac6-798b-4307-a825-626707a753ad:http://data.europa.eu/esco/skill/6a899482-8bcf-40ca-ae67-579a1cc467ab:optional,desirable,3,,0.5,true,source_mapped,not_reviewed,,,,2026.1
CPX-OCC-ENG-003,CPX-SKL-AUTO-AA25BFD8,esco,http://data.europa.eu/esco/occupation/fbceeac6-798b-4307-a825-626707a753ad:http://data.europa.eu/esco/skill/7111b95d-0ce3-441a-9d92-4c75d05c4388:optional,desirable,3,,0.5,true,source_mapped,not_reviewed,,,,2026.1
CPX-OCC-ENG-003,CPX-SKL-AUTO-4562170B,esco,http://data.europa.eu/esco/occupation/fbceeac6-798b-4307-a825-626707a753ad:http://data.europa.eu/esco/skill/75697ed4-c1a3-47dc-93e3-bb50f21aa2f6:optional,desirable,3,,0.5,true,source_mapped,not_reviewed,,,,2026.1
CPX-OCC-ENG-003,CPX-SKL-AUTO-550464DF,esco,http://data.europa.eu/esco/occupation/fbceeac6-798b-4307-a825-626707a753ad:http://data.europa.eu/esco/skill/81a2db2c-7e55-44d0-9cd9-74c25147d7cd:optional,desirable,3,,0.5,true,source_mapped,not_reviewed,,,,2026.1
CPX-OCC-ENG-003,CPX-SKL-AUTO-20684240,esco,http://data.europa.eu/esco/occupation/fbceeac6-798b-4307-a825-626707a753ad:http://data.europa.eu/esco/skill/82b6b024-6369-4d84-ba68-c665b9df53f8:essential,essential,3,,0.5,true,source_mapped,not_reviewed,,,,2026.1
CPX-OCC-ENG-003,CPX-SKL-AUTO-8695F01D,esco,http://data.europa.eu/esco/occupation/fbceeac6-798b-4307-a825-626707a753ad:http://data.europa.eu/esco/skill/8d4271ca-c9fd-40b3-875f-15f78332a49e:optional,desirable,3,,0.5,true,source_mapped,not_reviewed,,,,2026.1
CPX-OCC-ENG-003,CPX-SKL-AUTO-11564E33,esco,http://data.europa.eu/esco/occupation/fbceeac6-798b-4307-a825-626707a753ad:http://data.europa.eu/esco/skill/8d6a9e62-1e89-49df-8147-680081ce5315:optional,desirable,3,,0.5,true,source_mapped,not_reviewed,,,,2026.1
CPX-OCC-ENG-003,CPX-SKL-AUTO-80041166,esco,http://data.europa.eu/esco/occupation/fbceeac6-798b-4307-a825-626707a753ad:http://data.europa.eu/esco/skill/941364b9-1375-4add-9889-d67bae99bc8c:optional,desirable,3,,0.5,true,source_mapped,not_reviewed,,,,2026.1
CPX-OCC-ENG-003,CPX-SKL-AUTO-A0B5EAE5,esco,http://data.europa.eu/esco/occupation/fbceeac6-798b-4307-a825-626707a753ad:http://data.europa.eu/esco/skill/a432ffcd-b58d-4417-836c-ea3282b626ca:essential,essential,3,,0.5,true,source_mapped,not_reviewed,,,,2026.1
CPX-OCC-ENG-003,CPX-SKL-AUTO-06DC0CB9,esco,http://data.europa.eu/esco/occupation/fbceeac6-798b-4307-a825-626707a753ad:http://data.europa.eu/esco/skill/b7a03115-41c9-4167-a0b6-7e40cf0fd607:optional,desirable,3,,0.5,true,source_mapped,not_reviewed,,,,2026.1
CPX-OCC-ENG-003,CPX-SKL-AUTO-CDD70154,esco,http://data.europa.eu/esco/occupation/fbceeac6-798b-4307-a825-626707a753ad:http://data.europa.eu/esco/skill/f0f93b8b-0ee4-4452-945e-4a2272c0d8dd:essential,essential,3,,0.5,true,source_mapped,not_reviewed,,,,2026.1
CPX-OCC-ENG-003,CPX-SKL-AUTO-8018132A,esco,http://data.europa.eu/esco/occupation/fbceeac6-798b-4307-a825-626707a753ad:http://data.europa.eu/esco/skill/f10142ce-d522-49c3-9fd1-054fb63529d4:optional,desirable,3,,0.5,true,source_mapped,not_reviewed,,,,2026.1
CPX-OCC-ENG-009,CPX-SKL-AUTO-D2DA541D,esco,http://data.europa.eu/esco/occupation/fcf9024e-277c-43c7-8ec8-8903e5c9c576:http://data.europa.eu/esco/skill/065ec709-e0f4-407f-91fe-9feab66942be:optional,desirable,3,,0.5,true,source_mapped,not_reviewed,,,,2026.1
CPX-OCC-ENG-009,CPX-SKL-AUTO-578BB98A,esco,http://data.europa.eu/esco/occupation/fcf9024e-277c-43c7-8ec8-8903e5c9c576:http://data.europa.eu/esco/skill/07ec6866-d283-46a6-991c-e8ce0c6fc159:essential,essential,3,,0.5,true,source_mapped,not_reviewed,,,,2026.1
CPX-OCC-ENG-009,CPX-SKL-AUTO-1F9A12CD,esco,http://data.europa.eu/esco/occupation/fcf9024e-277c-43c7-8ec8-8903e5c9c576:http://data.europa.eu/esco/skill/089ee650-297e-4716-87d1-440743b70a0d:essential,essential,3,,0.5,true,source_mapped,not_reviewed,,,,2026.1
CPX-OCC-ENG-009,CPX-SKL-AUTO-A7B0C059,esco,http://data.europa.eu/esco/occupation/fcf9024e-277c-43c7-8ec8-8903e5c9c576:http://data.europa.eu/esco/skill/0f4cc60e-820e-439d-8810-31a2cc27ada6:optional,desirable,3,,0.5,true,source_mapped,not_reviewed,,,,2026.1
CPX-OCC-ENG-009,CPX-SKL-AUTO-38A054F6,esco,http://data.europa.eu/esco/occupation/fcf9024e-277c-43c7-8ec8-8903e5c9c576:http://data.europa.eu/esco/skill/10ac5282-3288-4383-8f69-9864d8564ea9:optional,desirable,3,,0.5,true,source_mapped,not_reviewed,,,,2026.1
CPX-OCC-ENG-009,CPX-SKL-AUTO-AEDDE0A3,esco,http://data.europa.eu/esco/occupation/fcf9024e-277c-43c7-8ec8-8903e5c9c576:http://data.europa.eu/esco/skill/11bebcd3-ad55-42b9-b9af-4c7cd7953e3f:optional,desirable,3,,0.5,true,source_mapped,not_reviewed,,,,2026.1
CPX-OCC-ENG-009,CPX-SKL-AUTO-35D4A014,esco,http://data.europa.eu/esco/occupation/fcf9024e-277c-43c7-8ec8-8903e5c9c576:http://data.europa.eu/esco/skill/1697d506-a82b-45aa-9a2f-2b71d71e1789:optional,desirable,3,,0.5,true,source_mapped,not_reviewed,,,,2026.1
CPX-OCC-ENG-009,CPX-SKL-AUTO-5B0E2959,esco,http://data.europa.eu/esco/occupation/fcf9024e-277c-43c7-8ec8-8903e5c9c576:http://data.europa.eu/esco/skill/189777b9-6e95-4f76-b8db-f8e0f0477bc6:optional,desirable,3,,0.5,true,source_mapped,not_reviewed,,,,2026.1
CPX-OCC-ENG-009,CPX-SKL-AUTO-A304DE4D,esco,http://data.europa.eu/esco/occupation/fcf9024e-277c-43c7-8ec8-8903e5c9c576:http://data.europa.eu/esco/skill/1aae38c8-f75a-4009-8aa0-c5fa94b06e6b:optional,desirable,3,,0.5,true,source_mapped,not_reviewed,,,,2026.1
CPX-OCC-ENG-009,CPX-SKL-AUTO-00CA60A1,esco,http://data.europa.eu/esco/occupation/fcf9024e-277c-43c7-8ec8-8903e5c9c576:http://data.europa.eu/esco/skill/200a8387-d67c-43e4-9cdc-44ab592c299e:optional,desirable,3,,0.5,true,source_mapped,not_reviewed,,,,2026.1
CPX-OCC-ENG-009,CPX-SKL-AUTO-0279C024,esco,http://data.europa.eu/esco/occupation/fcf9024e-277c-43c7-8ec8-8903e5c9c576:http://data.europa.eu/esco/skill/209a5498-3449-4689-8ed9-bd08cab4fd78:essential,essential,3,,0.5,true,source_mapped,not_reviewed,,,,2026.1
CPX-OCC-ENG-009,CPX-SKL-AUTO-3A91AE7D,esco,http://data.europa.eu/esco/occupation/fcf9024e-277c-43c7-8ec8-8903e5c9c576:http://data.europa.eu/esco/skill/233be639-bdb5-4099-ab40-96d537d6c1f3:essential,essential,3,,0.5,true,source_mapped,not_reviewed,,,,2026.1
CPX-OCC-ENG-009,CPX-SKL-AUTO-2134CEF7,esco,http://data.europa.eu/esco/occupation/fcf9024e-277c-43c7-8ec8-8903e5c9c576:http://data.europa.eu/esco/skill/25b973c6-68ea-4ff7-bd26-aa76bd08b62a:essential,essential,3,,0.5,true,source_mapped,not_reviewed,,,,2026.1
CPX-OCC-ENG-009,CPX-SKL-AUTO-CA0ABA50,esco,http://data.europa.eu/esco/occupation/fcf9024e-277c-43c7-8ec8-8903e5c9c576:http://data.europa.eu/esco/skill/2a2e85d7-75cc-40b4-8a34-82277d72eb84:optional,desirable,3,,0.5,true,source_mapped,not_reviewed,,,,2026.1
CPX-OCC-ENG-009,CPX-SKL-AUTO-53393FDE,esco,http://data.europa.eu/esco/occupation/fcf9024e-277c-43c7-8ec8-8903e5c9c576:http://data.europa.eu/esco/skill/2f05d09d-7e91-423c-9210-19da0b0e34c6:optional,desirable,3,,0.5,true,source_mapped,not_reviewed,,,,2026.1
CPX-OCC-ENG-009,CPX-SKL-AUTO-0FF256A5,esco,http://data.europa.eu/esco/occupation/fcf9024e-277c-43c7-8ec8-8903e5c9c576:http://data.europa.eu/esco/skill/2f48c606-a936-46a4-9058-dd925973efd6:optional,desirable,3,,0.5,true,source_mapped,not_reviewed,,,,2026.1
CPX-OCC-ENG-009,CPX-SKL-AUTO-E2BF03CB,esco,http://data.europa.eu/esco/occupation/fcf9024e-277c-43c7-8ec8-8903e5c9c576:http://data.europa.eu/esco/skill/397412dc-47c4-4580-82d0-15a9f9a86ea2:optional,desirable,3,,0.5,true,source_mapped,not_reviewed,,,,2026.1
CPX-OCC-ENG-009,CPX-SKL-AUTO-3FE65072,esco,http://data.europa.eu/esco/occupation/fcf9024e-277c-43c7-8ec8-8903e5c9c576:http://data.europa.eu/esco/skill/3e25fd3e-2bcd-4320-9587-0aadf7fb93b1:optional,desirable,3,,0.5,true,source_mapped,not_reviewed,,,,2026.1
CPX-OCC-ENG-009,CPX-SKL-AUTO-8859E9D2,esco,http://data.europa.eu/esco/occupation/fcf9024e-277c-43c7-8ec8-8903e5c9c576:http://data.europa.eu/esco/skill/414bfea8-a6bd-44e1-8820-80b1238a39cc:essential,essential,3,,0.5,true,source_mapped,not_reviewed,,,,2026.1
CPX-OCC-ENG-009,CPX-SKL-AUTO-6F647F1B,esco,http://data.europa.eu/esco/occupation/fcf9024e-277c-43c7-8ec8-8903e5c9c576:http://data.europa.eu/esco/skill/42b23922-1c40-4dbe-9e0c-7a568dfdf06b:essential,essential,3,,0.5,true,source_mapped,not_reviewed,,,,2026.1
CPX-OCC-ENG-009,CPX-SKL-AUTO-925BE284,esco,http://data.europa.eu/esco/occupation/fcf9024e-277c-43c7-8ec8-8903e5c9c576:http://data.europa.eu/esco/skill/4d032f82-6279-48e6-9892-116440a071e3:optional,desirable,3,,0.5,true,source_mapped,not_reviewed,,,,2026.1
CPX-OCC-ENG-009,CPX-SKL-AUTO-519712A0,esco,http://data.europa.eu/esco/occupation/fcf9024e-277c-43c7-8ec8-8903e5c9c576:http://data.europa.eu/esco/skill/4ee4ed1d-dc38-48e0-a9e6-a6b64f316ea6:essential,essential,3,,0.5,true,source_mapped,not_reviewed,,,,2026.1
CPX-OCC-ENG-009,CPX-SKL-AUTO-B7A8AF32,esco,http://data.europa.eu/esco/occupation/fcf9024e-277c-43c7-8ec8-8903e5c9c576:http://data.europa.eu/esco/skill/4fabca9a-7435-4f33-b1da-3cdb00340fdc:essential,essential,3,,0.5,true,source_mapped,not_reviewed,,,,2026.1
CPX-OCC-ENG-009,CPX-SKL-AUTO-0FBF48C0,esco,http://data.europa.eu/esco/occupation/fcf9024e-277c-43c7-8ec8-8903e5c9c576:http://data.europa.eu/esco/skill/541561bc-510c-4a99-881c-2d8bf5a85462:essential,essential,3,,0.5,true,source_mapped,not_reviewed,,,,2026.1
CPX-OCC-ENG-009,CPX-SKL-AUTO-B6D8D6C0,esco,http://data.europa.eu/esco/occupation/fcf9024e-277c-43c7-8ec8-8903e5c9c576:http://data.europa.eu/esco/skill/564e86a6-0916-44e6-b3d6-d99bc0c1f194:optional,desirable,3,,0.5,true,source_mapped,not_reviewed,,,,2026.1
CPX-OCC-ENG-009,CPX-SKL-AUTO-E470E871,esco,http://data.europa.eu/esco/occupation/fcf9024e-277c-43c7-8ec8-8903e5c9c576:http://data.europa.eu/esco/skill/59ea80e1-463a-4dba-82c6-d0b6d577d532:essential,essential,3,,0.5,true,source_mapped,not_reviewed,,,,2026.1
CPX-OCC-ENG-009,CPX-SKL-AUTO-5F843E05,esco,http://data.europa.eu/esco/occupation/fcf9024e-277c-43c7-8ec8-8903e5c9c576:http://data.europa.eu/esco/skill/5b8d63ff-a58b-4331-a53b-b1925acae4dc:essential,essential,3,,0.5,true,source_mapped,not_reviewed,,,,2026.1
CPX-OCC-ENG-009,CPX-SKL-AUTO-B0843D34,esco,http://data.europa.eu/esco/occupation/fcf9024e-277c-43c7-8ec8-8903e5c9c576:http://data.europa.eu/esco/skill/6039fb0d-cf20-49e9-9fd4-5b561e85c77a:optional,desirable,3,,0.5,true,source_mapped,not_reviewed,,,,2026.1
CPX-OCC-ENG-009,CPX-SKL-AUTO-C432DB20,esco,http://data.europa.eu/esco/occupation/fcf9024e-277c-43c7-8ec8-8903e5c9c576:http://data.europa.eu/esco/skill/6055a4be-3f41-47e3-acd1-0535fa17e04c:essential,essential,3,,0.5,true,source_mapped,not_reviewed,,,,2026.1
CPX-OCC-ENG-009,CPX-SKL-AUTO-1E5F4600,esco,http://data.europa.eu/esco/occupation/fcf9024e-277c-43c7-8ec8-8903e5c9c576:http://data.europa.eu/esco/skill/687c2470-c2bb-4891-a643-6bcee71a0ac5:optional,desirable,3,,0.5,true,source_mapped,not_reviewed,,,,2026.1
CPX-OCC-ENG-009,CPX-SKL-AUTO-8FAF5FF8,esco,http://data.europa.eu/esco/occupation/fcf9024e-277c-43c7-8ec8-8903e5c9c576:http://data.europa.eu/esco/skill/68d5d7e2-1e9e-4b2b-bce9-ff6c687e4f45:optional,desirable,3,,0.5,true,source_mapped,not_reviewed,,,,2026.1
CPX-OCC-ENG-009,CPX-SKL-AUTO-D4C5566D,esco,http://data.europa.eu/esco/occupation/fcf9024e-277c-43c7-8ec8-8903e5c9c576:http://data.europa.eu/esco/skill/68e66ed6-a171-4350-8ec1-2cfc4cae50e4:essential,essential,3,,0.5,true,source_mapped,not_reviewed,,,,2026.1
CPX-OCC-ENG-009,CPX-SKL-AUTO-E9272939,esco,http://data.europa.eu/esco/occupation/fcf9024e-277c-43c7-8ec8-8903e5c9c576:http://data.europa.eu/esco/skill/6af000e5-a451-4f78-9feb-723971f2ad05:optional,desirable,3,,0.5,true,source_mapped,not_reviewed,,,,2026.1
CPX-OCC-ENG-009,CPX-SKL-AUTO-98EAC897,esco,http://data.europa.eu/esco/occupation/fcf9024e-277c-43c7-8ec8-8903e5c9c576:http://data.europa.eu/esco/skill/6b5d032a-b85a-44ea-9dad-5201048d2dd2:essential,essential,3,,0.5,true,source_mapped,not_reviewed,,,,2026.1
CPX-OCC-ENG-009,CPX-SKL-AUTO-E6E2C0DD,esco,http://data.europa.eu/esco/occupation/fcf9024e-277c-43c7-8ec8-8903e5c9c576:http://data.europa.eu/esco/skill/700ea222-8139-4c48-95cf-014855565530:optional,desirable,3,,0.5,true,source_mapped,not_reviewed,,,,2026.1
CPX-OCC-ENG-009,CPX-SKL-AUTO-40628FD9,esco,http://data.europa.eu/esco/occupation/fcf9024e-277c-43c7-8ec8-8903e5c9c576:http://data.europa.eu/esco/skill/72a74f69-5cf1-43c5-99b9-62a444578919:essential,essential,3,,0.5,true,source_mapped,not_reviewed,,,,2026.1
CPX-OCC-ENG-009,CPX-SKL-AUTO-13772A32,esco,http://data.europa.eu/esco/occupation/fcf9024e-277c-43c7-8ec8-8903e5c9c576:http://data.europa.eu/esco/skill/75f312e1-622b-4751-8d93-815b32feaf8d:optional,desirable,3,,0.5,true,source_mapped,not_reviewed,,,,2026.1
CPX-OCC-ENG-009,CPX-SKL-AUTO-073A34F6,esco,http://data.europa.eu/esco/occupation/fcf9024e-277c-43c7-8ec8-8903e5c9c576:http://data.europa.eu/esco/skill/88547698-700d-41dc-b0c1-515adf63f9bf:optional,desirable,3,,0.5,true,source_mapped,not_reviewed,,,,2026.1
CPX-OCC-ENG-009,CPX-SKL-AUTO-0D42E145,esco,http://data.europa.eu/esco/occupation/fcf9024e-277c-43c7-8ec8-8903e5c9c576:http://data.europa.eu/esco/skill/8bcf4ef0-edda-4f6a-a1ce-7defb1d324d6:optional,desirable,3,,0.5,true,source_mapped,not_reviewed,,,,2026.1
CPX-OCC-ENG-009,CPX-SKL-AUTO-4B8771DE,esco,http://data.europa.eu/esco/occupation/fcf9024e-277c-43c7-8ec8-8903e5c9c576:http://data.europa.eu/esco/skill/8bdc520c-6293-4e99-bf6f-a44d5da3ebcb:optional,desirable,3,,0.5,true,source_mapped,not_reviewed,,,,2026.1
CPX-OCC-ENG-009,CPX-SKL-AUTO-8A07032B,esco,http://data.europa.eu/esco/occupation/fcf9024e-277c-43c7-8ec8-8903e5c9c576:http://data.europa.eu/esco/skill/8e35a47d-49b3-4937-aeb1-3629be14c3d5:optional,desirable,3,,0.5,true,source_mapped,not_reviewed,,,,2026.1
CPX-OCC-ENG-009,CPX-SKL-AUTO-CD397929,esco,http://data.europa.eu/esco/occupation/fcf9024e-277c-43c7-8ec8-8903e5c9c576:http://data.europa.eu/esco/skill/977ea26a-3721-4f5e-9a99-b6676ff6ba7d:optional,desirable,3,,0.5,true,source_mapped,not_reviewed,,,,2026.1
CPX-OCC-ENG-009,CPX-SKL-AUTO-309B0800,esco,http://data.europa.eu/esco/occupation/fcf9024e-277c-43c7-8ec8-8903e5c9c576:http://data.europa.eu/esco/skill/981f770c-24f1-4711-afc0-13a6fa1a33ab:essential,essential,3,,0.5,true,source_mapped,not_reviewed,,,,2026.1
CPX-OCC-ENG-009,CPX-SKL-AUTO-51EE5619,esco,http://data.europa.eu/esco/occupation/fcf9024e-277c-43c7-8ec8-8903e5c9c576:http://data.europa.eu/esco/skill/991efbde-9d52-40f7-8d4a-dc40d13913a7:essential,essential,3,,0.5,true,source_mapped,not_reviewed,,,,2026.1
CPX-OCC-ENG-009,CPX-SKL-AUTO-BD75BC02,esco,http://data.europa.eu/esco/occupation/fcf9024e-277c-43c7-8ec8-8903e5c9c576:http://data.europa.eu/esco/skill/9c5dbb72-563f-449d-ab89-56b8dfc271b6:essential,essential,3,,0.5,true,source_mapped,not_reviewed,,,,2026.1
CPX-OCC-ENG-009,CPX-SKL-AUTO-E2AD0CCE,esco,http://data.europa.eu/esco/occupation/fcf9024e-277c-43c7-8ec8-8903e5c9c576:http://data.europa.eu/esco/skill/a46b6220-7313-4b3b-9bdb-cca897aff546:optional,desirable,3,,0.5,true,source_mapped,not_reviewed,,,,2026.1
CPX-OCC-ENG-009,CPX-SKL-AUTO-656B7CFF,esco,http://data.europa.eu/esco/occupation/fcf9024e-277c-43c7-8ec8-8903e5c9c576:http://data.europa.eu/esco/skill/afc7c834-8190-4b65-acc6-5c158c851c85:optional,desirable,3,,0.5,true,source_mapped,not_reviewed,,,,2026.1
CPX-OCC-ENG-009,CPX-SKL-AUTO-9751A58B,esco,http://data.europa.eu/esco/occupation/fcf9024e-277c-43c7-8ec8-8903e5c9c576:http://data.europa.eu/esco/skill/b1b118c4-3291-484e-b64d-6d51fd5da8b3:optional,desirable,3,,0.5,true,source_mapped,not_reviewed,,,,2026.1
CPX-OCC-ENG-009,CPX-SKL-AUTO-0C99F9B8,esco,http://data.europa.eu/esco/occupation/fcf9024e-277c-43c7-8ec8-8903e5c9c576:http://data.europa.eu/esco/skill/b25c3eb8-fd63-4d77-8308-7061dbd271c1:optional,desirable,3,,0.5,true,source_mapped,not_reviewed,,,,2026.1
CPX-OCC-ENG-009,CPX-SKL-AUTO-0128A4B5,esco,http://data.europa.eu/esco/occupation/fcf9024e-277c-43c7-8ec8-8903e5c9c576:http://data.europa.eu/esco/skill/b422efe7-b151-4120-86ae-db11a48dd0fa:optional,desirable,3,,0.5,true,source_mapped,not_reviewed,,,,2026.1
CPX-OCC-ENG-009,CPX-SKL-AUTO-C4A41611,esco,http://data.europa.eu/esco/occupation/fcf9024e-277c-43c7-8ec8-8903e5c9c576:http://data.europa.eu/esco/skill/b7729524-6d0e-45b6-87c8-79af1e955a5b:optional,desirable,3,,0.5,true,source_mapped,not_reviewed,,,,2026.1
CPX-OCC-ENG-009,CPX-SKL-AUTO-BD469EC3,esco,http://data.europa.eu/esco/occupation/fcf9024e-277c-43c7-8ec8-8903e5c9c576:http://data.europa.eu/esco/skill/b970e437-2f8b-42e3-ae49-6718a0cca44f:essential,essential,3,,0.5,true,source_mapped,not_reviewed,,,,2026.1
CPX-OCC-ENG-009,CPX-SKL-AUTO-A89BD321,esco,http://data.europa.eu/esco/occupation/fcf9024e-277c-43c7-8ec8-8903e5c9c576:http://data.europa.eu/esco/skill/bc946ebd-caa8-4e18-b5c5-5928768f45fa:optional,desirable,3,,0.5,true,source_mapped,not_reviewed,,,,2026.1
CPX-OCC-ENG-009,CPX-SKL-AUTO-AE0F3FE2,esco,http://data.europa.eu/esco/occupation/fcf9024e-277c-43c7-8ec8-8903e5c9c576:http://data.europa.eu/esco/skill/c1d7a6df-92e8-4b2f-9259-e04dd7242be3:essential,essential,3,,0.5,true,source_mapped,not_reviewed,,,,2026.1
CPX-OCC-ENG-009,CPX-SKL-AUTO-FC09EE69,esco,http://data.europa.eu/esco/occupation/fcf9024e-277c-43c7-8ec8-8903e5c9c576:http://data.europa.eu/esco/skill/c3404999-faaa-4779-9cbf-e594b9c4d3b6:optional,desirable,3,,0.5,true,source_mapped,not_reviewed,,,,2026.1
CPX-OCC-ENG-009,CPX-SKL-AUTO-3439D026,esco,http://data.europa.eu/esco/occupation/fcf9024e-277c-43c7-8ec8-8903e5c9c576:http://data.europa.eu/esco/skill/c927ec6e-9082-4b22-afd3-0c4e219eaf73:optional,desirable,3,,0.5,true,source_mapped,not_reviewed,,,,2026.1
CPX-OCC-ENG-009,CPX-SKL-AUTO-BA385187,esco,http://data.europa.eu/esco/occupation/fcf9024e-277c-43c7-8ec8-8903e5c9c576:http://data.europa.eu/esco/skill/d1a47422-bcf0-4f81-864c-984d08f7cf64:optional,desirable,3,,0.5,true,source_mapped,not_reviewed,,,,2026.1
CPX-OCC-ENG-009,CPX-SKL-AUTO-CAD1E350,esco,http://data.europa.eu/esco/occupation/fcf9024e-277c-43c7-8ec8-8903e5c9c576:http://data.europa.eu/esco/skill/d589970b-933d-4656-bcb6-a43b3cc67888:optional,desirable,3,,0.5,true,source_mapped,not_reviewed,,,,2026.1
CPX-OCC-ENG-009,CPX-SKL-AUTO-7CF19E65,esco,http://data.europa.eu/esco/occupation/fcf9024e-277c-43c7-8ec8-8903e5c9c576:http://data.europa.eu/esco/skill/d6af2e83-6f95-4882-9774-af91ed59d4a6:optional,desirable,3,,0.5,true,source_mapped,not_reviewed,,,,2026.1
CPX-OCC-ENG-009,CPX-SKL-AUTO-44474693,esco,http://data.europa.eu/esco/occupation/fcf9024e-277c-43c7-8ec8-8903e5c9c576:http://data.europa.eu/esco/skill/dc580b44-5099-4327-aabe-8e59b6d1ab90:optional,desirable,3,,0.5,true,source_mapped,not_reviewed,,,,2026.1
CPX-OCC-ENG-009,CPX-SKL-AUTO-32338136,esco,http://data.europa.eu/esco/occupation/fcf9024e-277c-43c7-8ec8-8903e5c9c576:http://data.europa.eu/esco/skill/ddbf25f1-b91a-4083-9ef1-cc113a46e4c0:optional,desirable,3,,0.5,true,source_mapped,not_reviewed,,,,2026.1
CPX-OCC-ENG-009,CPX-SKL-AUTO-C1FE13A0,esco,http://data.europa.eu/esco/occupation/fcf9024e-277c-43c7-8ec8-8903e5c9c576:http://data.europa.eu/esco/skill/e08d5950-f694-450e-90ae-088001dad5e9:optional,desirable,3,,0.5,true,source_mapped,not_reviewed,,,,2026.1
CPX-OCC-ENG-009,CPX-SKL-AUTO-B9A2341F,esco,http://data.europa.eu/esco/occupation/fcf9024e-277c-43c7-8ec8-8903e5c9c576:http://data.europa.eu/esco/skill/e4ff825c-7376-4135-93cd-3892fd67b7c1:optional,desirable,3,,0.5,true,source_mapped,not_reviewed,,,,2026.1
CPX-OCC-ENG-009,CPX-SKL-AUTO-FD7A082E,esco,http://data.europa.eu/esco/occupation/fcf9024e-277c-43c7-8ec8-8903e5c9c576:http://data.europa.eu/esco/skill/e7329772-d1bc-4a73-837b-d729290d7af2:optional,desirable,3,,0.5,true,source_mapped,not_reviewed,,,,2026.1
CPX-OCC-ENG-009,CPX-SKL-AUTO-6D555B1E,esco,http://data.europa.eu/esco/occupation/fcf9024e-277c-43c7-8ec8-8903e5c9c576:http://data.europa.eu/esco/skill/e80f9e50-71ff-4bb7-8b7d-eb232685d17f:optional,desirable,3,,0.5,true,source_mapped,not_reviewed,,,,2026.1
CPX-OCC-ENG-009,CPX-SKL-AUTO-8B69B6C3,esco,http://data.europa.eu/esco/occupation/fcf9024e-277c-43c7-8ec8-8903e5c9c576:http://data.europa.eu/esco/skill/eaef3371-cb14-4d21-90a4-e54dc7c6391c:optional,desirable,3,,0.5,true,source_mapped,not_reviewed,,,,2026.1
CPX-OCC-ENG-009,CPX-SKL-AUTO-68FBBA12,esco,http://data.europa.eu/esco/occupation/fcf9024e-277c-43c7-8ec8-8903e5c9c576:http://data.europa.eu/esco/skill/eb6b7a26-69ab-43f5-9ab4-d09f8904f8e0:optional,desirable,3,,0.5,true,source_mapped,not_reviewed,,,,2026.1
CPX-OCC-ENG-009,CPX-SKL-AUTO-B02F484F,esco,http://data.europa.eu/esco/occupation/fcf9024e-277c-43c7-8ec8-8903e5c9c576:http://data.europa.eu/esco/skill/ebab1997-4e08-4c9a-a3be-3a32fe3b5aa1:optional,desirable,3,,0.5,true,source_mapped,not_reviewed,,,,2026.1
CPX-OCC-ENG-009,CPX-SKL-AUTO-D82A5A70,esco,http://data.europa.eu/esco/occupation/fcf9024e-277c-43c7-8ec8-8903e5c9c576:http://data.europa.eu/esco/skill/f54c10e4-630d-4e50-95e9-4e9e268e8f12:essential,essential,3,,0.5,true,source_mapped,not_reviewed,,,,2026.1
CPX-OCC-ENG-009,CPX-SKL-AUTO-3182B7BD,esco,http://data.europa.eu/esco/occupation/fcf9024e-277c-43c7-8ec8-8903e5c9c576:http://data.europa.eu/esco/skill/f874149a-1d76-43ba-a3b9-338c6d83da30:optional,desirable,3,,0.5,true,source_mapped,not_reviewed,,,,2026.1
CPX-OCC-ENG-009,CPX-SKL-AUTO-7894BD02,esco,http://data.europa.eu/esco/occupation/fcf9024e-277c-43c7-8ec8-8903e5c9c576:http://data.europa.eu/esco/skill/fbe6232a-e2b2-4830-a5e6-ed6415f01e85:essential,essential,3,,0.5,true,source_mapped,not_reviewed,,,,2026.1
CPX-OCC-ENG-009,CPX-SKL-AUTO-6D8C4162,esco,http://data.europa.eu/esco/occupation/fcf9024e-277c-43c7-8ec8-8903e5c9c576:http://data.europa.eu/esco/skill/fcc29203-1f8d-4c54-90ee-78cb18467695:optional,desirable,3,,0.5,true,source_mapped,not_reviewed,,,,2026.1
CPX-OCC-ENG-009,CPX-SKL-AUTO-352E63D5,esco,http://data.europa.eu/esco/occupation/fcf9024e-277c-43c7-8ec8-8903e5c9c576:http://data.europa.eu/esco/skill/fd2930ce-cd21-4eb2-87f7-115c3d197e24:essential,essential,3,,0.5,true,source_mapped,not_reviewed,,,,2026.1
